{
  "authorDailyContributionsMap": {
    "michelleykw": [
      {
        "insertions": 204,
        "deletions": 49,
        "date": "2019-08-22",
        "commitResults": [
          {
            "hash": "40740462aa77ad25da1e52e91a6e491fa2450395",
            "messageTitle": "Level-1",
            "messageBody": "",
            "insertions": 20,
            "deletions": 6
          },
          {
            "hash": "4588bcd2401e832e550c9b4b587b3f158d31d950",
            "messageTitle": "Level-2",
            "messageBody": "",
            "insertions": 12,
            "deletions": 5
          },
          {
            "hash": "0be3ef20d2761b584a0e8d47988ace47b1e33a97",
            "messageTitle": "Level-3",
            "messageBody": "",
            "insertions": 37,
            "deletions": 6
          },
          {
            "hash": "f0a7230194255f3672ac23a53eb105ed7cec4f80",
            "messageTitle": "Level-4",
            "messageBody": "",
            "insertions": 68,
            "deletions": 8
          },
          {
            "hash": "e607c366a7ea6e83cb0ae7ab5ac4244e2f36330f",
            "messageTitle": "Level-5",
            "messageBody": "",
            "insertions": 47,
            "deletions": 20
          },
          {
            "hash": "f44f0ca0e7537cfad971dd8313525425a1646c9c",
            "messageTitle": "Level-6",
            "messageBody": "",
            "insertions": 20,
            "deletions": 4
          }
        ]
      },
      {
        "insertions": 256,
        "deletions": 56,
        "date": "2019-08-30",
        "commitResults": [
          {
            "hash": "5884fbc79583e3469c470079f7269ee5c2532355",
            "messageTitle": "Level-7",
            "messageBody": "",
            "insertions": 125,
            "deletions": 31
          },
          {
            "hash": "729db89845b6a9470e13a23a5105b154fd9da5b3",
            "messageTitle": "Level-7",
            "messageBody": "",
            "insertions": 131,
            "deletions": 25
          }
        ]
      },
      {
        "insertions": 569,
        "deletions": 264,
        "date": "2019-09-04",
        "commitResults": [
          {
            "hash": "6cb536e5cd72cc859ec096b53c24a9d33d768b21",
            "messageTitle": "Level-8",
            "messageBody": "",
            "insertions": 31,
            "deletions": 11
          },
          {
            "hash": "5986ac7a04172b35b726f2e9de4845a10c0e3741",
            "messageTitle": "Level 8",
            "messageBody": "",
            "insertions": 1,
            "deletions": 11
          },
          {
            "hash": "6d86d9b0d9c66848643c9c324ee68822a73b39c7",
            "messageTitle": "Level-8",
            "messageBody": "",
            "insertions": 5,
            "deletions": 91
          },
          {
            "hash": "0aaed61ed9591d8d875d47e7f1366533ab5ecbf4",
            "messageTitle": "MoreOOP",
            "messageBody": "",
            "insertions": 532,
            "deletions": 151
          }
        ]
      },
      {
        "insertions": 47,
        "deletions": 212,
        "date": "2019-09-05",
        "commitResults": [
          {
            "hash": "c30c72f2b3aee545aa2960c5c1ce687f2cf86e3d",
            "messageTitle": "Package",
            "messageBody": "",
            "insertions": 33,
            "deletions": 205
          },
          {
            "hash": "812d64ea339a168fff299f0c301d8817ecb5d62e",
            "messageTitle": "Edit error",
            "messageBody": "",
            "insertions": 13,
            "deletions": 5
          },
          {
            "hash": "99e99a94543bb669575e9b82cf4f3e1d073d5e31",
            "messageTitle": "Edit error",
            "messageBody": "",
            "insertions": 1,
            "deletions": 2
          }
        ]
      },
      {
        "insertions": 82,
        "deletions": 44,
        "date": "2019-09-11",
        "commitResults": [
          {
            "hash": "f728eee702adf1db049381340a4a71bceccbf95b",
            "messageTitle": "update",
            "messageBody": "",
            "insertions": 0,
            "deletions": 9
          },
          {
            "hash": "ed97e4d1649624d6c954ea34d3929d94f0d9db88",
            "messageTitle": "update",
            "messageBody": "",
            "insertions": 7,
            "deletions": 19
          },
          {
            "hash": "1e4e53ee5552dc6f75d71e6214f4ea4d0986942f",
            "messageTitle": "JUnit Testing",
            "messageBody": "",
            "insertions": 75,
            "deletions": 16
          }
        ]
      },
      {
        "insertions": 420,
        "deletions": 103,
        "date": "2019-09-12",
        "commitResults": [
          {
            "hash": "97c988762d42da33325e8cb076de538eca4c6031",
            "messageTitle": "A-JavaDoc",
            "messageBody": "",
            "insertions": 260,
            "deletions": 32
          },
          {
            "hash": "c73651f49db55c0e8ca601a76c5ce1306247ccab",
            "messageTitle": "A-CodingStandard",
            "messageBody": "",
            "insertions": 113,
            "deletions": 69
          },
          {
            "hash": "fc51ab76dd26619eb42172624d6184e8a861c701",
            "messageTitle": "Level-9",
            "messageBody": "",
            "insertions": 45,
            "deletions": 0
          },
          {
            "hash": "2bb59e28c027ec43b4a77ea3c1eb332fe682fe46",
            "messageTitle": "A-Gradle",
            "messageBody": "",
            "insertions": 2,
            "deletions": 2
          }
        ]
      },
      {
        "insertions": 331,
        "deletions": 3,
        "date": "2019-09-13",
        "commitResults": [
          {
            "hash": "8c6da61d9ad94a203f9166239921208c303393f1",
            "messageTitle": "Level-10",
            "messageBody": "",
            "insertions": 331,
            "deletions": 3
          }
        ]
      },
      {
        "insertions": 21,
        "deletions": 22,
        "date": "2019-09-15",
        "commitResults": [
          {
            "hash": "cbedc7a3d49dd59b2ea4835cf46ec9c7f01048f7",
            "messageTitle": "Level-10",
            "messageBody": "",
            "insertions": 21,
            "deletions": 22
          }
        ]
      },
      {
        "insertions": 385,
        "deletions": 186,
        "date": "2019-09-17",
        "commitResults": [
          {
            "hash": "e8b73ea801decb2f059631cdce4e9ff44a50ce17",
            "messageTitle": "Level-10 ver 2.0",
            "messageBody": "",
            "insertions": 385,
            "deletions": 186
          }
        ]
      },
      {
        "insertions": 466,
        "deletions": 448,
        "date": "2019-09-19",
        "commitResults": [
          {
            "hash": "1c55341a187f37a8c7b83f77f700e3e715d055fe",
            "messageTitle": "A-Assertions",
            "messageBody": "",
            "insertions": 341,
            "deletions": 343
          },
          {
            "hash": "f4e03636f447a1d3a19b84fcf6432ba53b64639b",
            "messageTitle": "A-CodeQuality",
            "messageBody": "",
            "insertions": 125,
            "deletions": 105
          }
        ]
      }
    ]
  },
  "authorFinalContributionMap": {
    "michelleykw": 1401
  },
  "authorFileTypeContributionMap": {
    "michelleykw": {
      "java": 1330,
      "md": 0,
      "fxml": 36,
      "sh": 0,
      "bat": 0,
      "gradle": 29,
      "txt": 6
    }
  },
  "authorContributionVariance": {
    "michelleykw": 56863.45
  },
  "authorDisplayNameMap": {
    "michelleykw": "CS2103T-F13-4 MICHE ... I WEN"
  }
}
