{
  "authorDailyContributionsMap": {
    "Lee Liak Ghee": [
      {
        "insertions": 30,
        "deletions": 1,
        "date": "2019-08-16",
        "commitResults": [
          {
            "hash": "6d5c9ed9331ce6cd45b63d7973b05173ed801808",
            "messageTitle": "Created duke project, added greeting + command echoing + exit command.",
            "messageBody": "",
            "insertions": 30,
            "deletions": 1
          }
        ]
      },
      {
        "insertions": 111,
        "deletions": 17,
        "date": "2019-08-17",
        "commitResults": [
          {
            "hash": "3c7701f5a9acbc216afc6f4758412f459b626341",
            "messageTitle": "Added level 2 functionality, now able to add and list items",
            "messageBody": "",
            "insertions": 14,
            "deletions": 1
          },
          {
            "hash": "f367638f0c2074e3c40a7b3d636f7e6e8bb396fa",
            "messageTitle": "Created Task class to represent tasks",
            "messageBody": "",
            "insertions": 21,
            "deletions": 7
          },
          {
            "hash": "bf5176775000c25bef402549a1940fab5697371b",
            "messageTitle": "fixed Task printing",
            "messageBody": "",
            "insertions": 5,
            "deletions": 0
          },
          {
            "hash": "df41de48908bab349695dc814b784c045c3f68e8",
            "messageTitle": "Completed level 3, mark as done functionality added",
            "messageBody": "",
            "insertions": 13,
            "deletions": 5
          },
          {
            "hash": "4ebd490f79a3201109f128af1a290096b09127fc",
            "messageTitle": "Level 4 completed, added 3 task types (todo, event, deadline)",
            "messageBody": "",
            "insertions": 58,
            "deletions": 4
          }
        ]
      },
      {
        "insertions": 118,
        "deletions": 43,
        "date": "2019-08-18",
        "commitResults": [
          {
            "hash": "6d55799c2f12029a090de194b2b91a71ba7dc443",
            "messageTitle": "Level 5 completed, added exceptions to handle invalid arguments for todo, deadline, event, done",
            "messageBody": "",
            "insertions": 107,
            "deletions": 39
          },
          {
            "hash": "302a922a0f40d202fa9d68dfcd8114bcb588119a",
            "messageTitle": "Level 6 completed, added delete with exception handling",
            "messageBody": "",
            "insertions": 11,
            "deletions": 4
          }
        ]
      }
    ],
    "Jeffry Lum": []
  },
  "authorFinalContributionMap": {
    "Lee Liak Ghee": 198,
    "Jeffry Lum": 1
  },
  "authorFileTypeContributionMap": {
    "Lee Liak Ghee": {
      "java": 198,
      "md": 0,
      "fxml": 0,
      "sh": 0,
      "bat": 0,
      "gradle": 0,
      "txt": 0
    },
    "Jeffry Lum": {
      "java": 1,
      "md": 0,
      "fxml": 0,
      "sh": 0,
      "bat": 0,
      "gradle": 0,
      "txt": 0
    }
  },
  "authorContributionVariance": {
    "Lee Liak Ghee": 3044.2224,
    "Jeffry Lum": 0.0
  },
  "authorDisplayNameMap": {
    "Lee Liak Ghee": "Lee Liak Ghee",
    "Jeffry Lum": "Jeffry Lum"
  }
}
