{
  "authorDailyContributionsMap": {
    "Lee Ee Jian": [
      {
        "insertions": 122,
        "deletions": 23,
        "date": "2019-08-20",
        "commitResults": [
          {
            "hash": "c54f4cc3764585bfed6c4d324f08ef3ff4bdf43e",
            "messageTitle": "Level 1",
            "messageBody": "",
            "insertions": 0,
            "deletions": 0
          },
          {
            "hash": "8e2857b5b627b36a51356df99257ac5dc46aa2da",
            "messageTitle": "Level-1 Staged Files",
            "messageBody": "",
            "insertions": 57,
            "deletions": 1
          },
          {
            "hash": "a56749a2439ffefb9f57a020d9f6c67e5838fadb",
            "messageTitle": "Level-2. Added Task class",
            "messageBody": "",
            "insertions": 41,
            "deletions": 7
          },
          {
            "hash": "b7f80edb254151eefd7ac9aa9194e616d41a8946",
            "messageTitle": "Level-3",
            "messageBody": "",
            "insertions": 24,
            "deletions": 15
          }
        ]
      },
      {
        "insertions": 142,
        "deletions": 39,
        "date": "2019-08-21",
        "commitResults": [
          {
            "hash": "08f3d9df98f2204705dc7250e06db6de69131153",
            "messageTitle": "Level 4, added subclassses of Task (Event, Deadline, Todo)",
            "messageBody": "",
            "insertions": 116,
            "deletions": 32
          },
          {
            "hash": "5e4aaff0113dce1a21367f6c9ff6692c1a9284b4",
            "messageTitle": "Level 5, added try catch blocks to identify InputMismatchException",
            "messageBody": "",
            "insertions": 23,
            "deletions": 7
          },
          {
            "hash": "86aec5375fba19a9bcea3032b4ba7d8e31b40044",
            "messageTitle": "Level 6, added remove functionality",
            "messageBody": "",
            "insertions": 3,
            "deletions": 0
          }
        ]
      }
    ],
    "Jeffry Lum": [
      {
        "insertions": 2,
        "deletions": 2,
        "date": "2019-08-16",
        "commitResults": [
          {
            "hash": "5df56a8908679dfc9efc6fcca655b1f9de85d51e",
            "messageTitle": "Remove references to DukeStub",
            "messageBody": "",
            "insertions": 2,
            "deletions": 2
          }
        ]
      }
    ]
  },
  "authorFinalContributionMap": {
    "Lee Ee Jian": 208,
    "Jeffry Lum": 107
  },
  "authorFileTypeContributionMap": {
    "Lee Ee Jian": {
      "java": 183,
      "md": 0,
      "fxml": 0,
      "sh": 0,
      "bat": 0,
      "gradle": 25,
      "txt": 0
    },
    "Jeffry Lum": {
      "java": 4,
      "md": 2,
      "fxml": 0,
      "sh": 0,
      "bat": 84,
      "gradle": 17,
      "txt": 0
    }
  },
  "authorContributionVariance": {
    "Lee Ee Jian": 6012.2227,
    "Jeffry Lum": 2.2222223
  },
  "authorDisplayNameMap": {
    "Lee Ee Jian": "Lee Ee Jian",
    "Jeffry Lum": "Jeffry Lum"
  }
}
