{
  "authorDailyContributionsMap": {
    "eejian97": [
      {
        "insertions": 122,
        "deletions": 23,
        "date": "2019-08-20",
        "commitResults": [
          {
            "hash": "c54f4cc3764585bfed6c4d324f08ef3ff4bdf43e",
            "messageTitle": "Level 1",
            "messageBody": "",
            "insertions": 0,
            "deletions": 0
          },
          {
            "hash": "8e2857b5b627b36a51356df99257ac5dc46aa2da",
            "messageTitle": "Level-1 Staged Files",
            "messageBody": "",
            "insertions": 57,
            "deletions": 1
          },
          {
            "hash": "a56749a2439ffefb9f57a020d9f6c67e5838fadb",
            "messageTitle": "Level-2. Added Task class",
            "messageBody": "",
            "insertions": 41,
            "deletions": 7
          },
          {
            "hash": "b7f80edb254151eefd7ac9aa9194e616d41a8946",
            "messageTitle": "Level-3",
            "messageBody": "",
            "insertions": 24,
            "deletions": 15
          }
        ]
      },
      {
        "insertions": 142,
        "deletions": 39,
        "date": "2019-08-21",
        "commitResults": [
          {
            "hash": "08f3d9df98f2204705dc7250e06db6de69131153",
            "messageTitle": "Level 4, added subclassses of Task (Event, Deadline, Todo)",
            "messageBody": "",
            "insertions": 116,
            "deletions": 32
          },
          {
            "hash": "5e4aaff0113dce1a21367f6c9ff6692c1a9284b4",
            "messageTitle": "Level 5, added try catch blocks to identify InputMismatchException",
            "messageBody": "",
            "insertions": 23,
            "deletions": 7
          },
          {
            "hash": "86aec5375fba19a9bcea3032b4ba7d8e31b40044",
            "messageTitle": "Level 6, added remove functionality",
            "messageBody": "",
            "insertions": 3,
            "deletions": 0
          }
        ]
      },
      {
        "insertions": 76,
        "deletions": 21,
        "date": "2019-08-22",
        "commitResults": [
          {
            "hash": "7f02d1ff9a37b42905105836239bdaa474c2c245",
            "messageTitle": "adding in test case files. removed \u0027seedu.duke\u0027 package from files.",
            "messageBody": "",
            "insertions": 39,
            "deletions": 12
          },
          {
            "hash": "a9861eb25e4d4015f1a7296d0e081c3b3319f4ca",
            "messageTitle": "added in test files. Passed test cases",
            "messageBody": "",
            "insertions": 37,
            "deletions": 9
          }
        ]
      },
      {
        "insertions": 258,
        "deletions": 75,
        "date": "2019-08-27",
        "commitResults": [
          {
            "hash": "3ff12db95950601275943ab81baa9df812cd2e8a",
            "messageTitle": "Level-7, added in save and load features to and from ./data/duke.txt file.",
            "messageBody": "",
            "insertions": 156,
            "deletions": 18
          },
          {
            "hash": "40163e2a97d83aafb9addf94835ba95834d3e060",
            "messageTitle": "Level-8, added in DateTime object instead of simply string",
            "messageBody": "",
            "insertions": 64,
            "deletions": 13
          },
          {
            "hash": "742dfe9dd4b76eac56d6d0f88c3d5effd2f1909e",
            "messageTitle": "fixed loadData bug",
            "messageBody": "",
            "insertions": 8,
            "deletions": 9
          },
          {
            "hash": "2e3ea3fd7af27760116936bad9a7665ea7868701",
            "messageTitle": "refactored code inside Duke",
            "messageBody": "",
            "insertions": 30,
            "deletions": 35
          }
        ]
      },
      {
        "insertions": 625,
        "deletions": 263,
        "date": "2019-08-28",
        "commitResults": [
          {
            "hash": "918aee4380775f16e74fbc45618e3314b086f7b5",
            "messageTitle": "A-MoreOOP, added in more classes: Ui, Storage, Parser, TaskList, and all Command classes.",
            "messageBody": "",
            "insertions": 452,
            "deletions": 210
          },
          {
            "hash": "b764e529debd093c1c0151c834682c811142b0f6",
            "messageTitle": "A-Junit, successfully added test methods for Parser and Deadline class",
            "messageBody": "",
            "insertions": 51,
            "deletions": 0
          },
          {
            "hash": "efdc82244a74426ed1b48dca6ebb6a325c124c24",
            "messageTitle": "Level-9, added in FindCommand functionality",
            "messageBody": "",
            "insertions": 44,
            "deletions": 5
          },
          {
            "hash": "c310b9c71c8a961e214d014145c4961d24f8a114",
            "messageTitle": "Revert \"Level-9, added in FindCommand functionality\"",
            "messageBody": "This reverts commit efdc82244a74426ed1b48dca6ebb6a325c124c24.\n",
            "insertions": 5,
            "deletions": 44
          },
          {
            "hash": "fbf09729f0d0f32e5132c6a768a017f76487af3a",
            "messageTitle": "Added Javadoc comments to code",
            "messageBody": "",
            "insertions": 42,
            "deletions": 1
          },
          {
            "hash": "8f2c2648ab9c01b93321c30950d7ead80298579a",
            "messageTitle": "A-CodingStandard",
            "messageBody": "",
            "insertions": 2,
            "deletions": 1
          },
          {
            "hash": "a5bfabbe7e2138f5f2fe359eb4f0021937eba696",
            "messageTitle": "Level-9, added in Find Feature",
            "messageBody": "",
            "insertions": 29,
            "deletions": 2
          }
        ]
      },
      {
        "insertions": 24,
        "deletions": 14,
        "date": "2019-08-29",
        "commitResults": [
          {
            "hash": "a8142db50b499031396249298f03aad504c7c825",
            "messageTitle": "Level-9, halfway through Find feature",
            "messageBody": "",
            "insertions": 3,
            "deletions": 2
          },
          {
            "hash": "bf1f6ad27e7dcb40b35baa445d39ac63b4d6e272",
            "messageTitle": "Level-9, added full Find Feature",
            "messageBody": "",
            "insertions": 11,
            "deletions": 0
          },
          {
            "hash": "d4eab6bd8c4ecba887e531935a92ce4a89aa0cca",
            "messageTitle": "fixed Codingstyle issues",
            "messageBody": "",
            "insertions": 7,
            "deletions": 7
          },
          {
            "hash": "501404c0cbffa2788f82441f411f8f7d912b82bf",
            "messageTitle": "resolved merge conflict, fixed CodingStyle issues",
            "messageBody": "",
            "insertions": 3,
            "deletions": 5
          }
        ]
      },
      {
        "insertions": 181,
        "deletions": 98,
        "date": "2019-09-04",
        "commitResults": [
          {
            "hash": "6c82ac16e26e16e0193d65e521297deec910a4bd",
            "messageTitle": "Added in DukeException classes, refactored code by adding in factory method for each Task subclass",
            "messageBody": "",
            "insertions": 181,
            "deletions": 98
          }
        ]
      },
      {
        "insertions": 543,
        "deletions": 160,
        "date": "2019-09-14",
        "commitResults": [
          {
            "hash": "dbb47d87ef5b87ad3f401ea31cb3b7d0024dc357",
            "messageTitle": "Refactored code, editted the javadocs of the classes, added in Level 10 - GUI",
            "messageBody": "",
            "insertions": 515,
            "deletions": 133
          },
          {
            "hash": "4388537260b22c2b17ace06fe6571fdf0c9f83e7",
            "messageTitle": "Added assertions into project",
            "messageBody": "",
            "insertions": 10,
            "deletions": 4
          },
          {
            "hash": "c183f7bc4be2bffd409dd3af7a3b433e8f29eb60",
            "messageTitle": "removed if-else statements and used switch statements.",
            "messageBody": "",
            "insertions": 18,
            "deletions": 23
          }
        ]
      },
      {
        "insertions": 73,
        "deletions": 1,
        "date": "2019-09-15",
        "commitResults": [
          {
            "hash": "aa3a12b1b8b337ab488cfd368c4806fdaf5c1e5c",
            "messageTitle": "Added in Update functionality",
            "messageBody": "",
            "insertions": 73,
            "deletions": 1
          }
        ]
      },
      {
        "insertions": 119,
        "deletions": 24,
        "date": "2019-09-20",
        "commitResults": [
          {
            "hash": "51d66fe88b0f4d8a92b75651c99b5f78003d9fb9",
            "messageTitle": "Updated README.md, added Ui.png for UserGuide",
            "messageBody": "",
            "insertions": 97,
            "deletions": 14
          },
          {
            "hash": "b92374208dc31bb80d2aa06c378f76f4c47e12e8",
            "messageTitle": "added Ui.png markdown",
            "messageBody": "",
            "insertions": 5,
            "deletions": 1
          },
          {
            "hash": "a81fd82d424fd2f0ffdd5485292d9b6371970ac9",
            "messageTitle": "added title to MainWindow",
            "messageBody": "",
            "insertions": 1,
            "deletions": 1
          },
          {
            "hash": "45ea64f1ffdfd1fe571e169c007bccb8848fb668",
            "messageTitle": "fixed minor bug in README.md",
            "messageBody": "",
            "insertions": 1,
            "deletions": 0
          },
          {
            "hash": "3aad9e063625bdd0724379f5d3137da22978f245",
            "messageTitle": "fixed minor bug in README.md",
            "messageBody": "",
            "insertions": 2,
            "deletions": 1
          },
          {
            "hash": "28dc1dfa5e615e67b221258c42f3c1cca32da576",
            "messageTitle": "fixed minor bugs, ensured cross platform compatibility",
            "messageBody": "",
            "insertions": 13,
            "deletions": 7
          }
        ]
      },
      {
        "insertions": 6,
        "deletions": 4,
        "date": "2019-09-30",
        "commitResults": [
          {
            "hash": "8c46447c257b18dee5d4d47e0a3a0a5f581e1a69",
            "messageTitle": "formatted Ui.png in READme correctly",
            "messageBody": "",
            "insertions": 1,
            "deletions": 1
          },
          {
            "hash": "111b333aa366159cb21c2262c9e0e33a009b561a",
            "messageTitle": "fixed minor bugs in Ui class",
            "messageBody": "",
            "insertions": 5,
            "deletions": 3
          }
        ]
      }
    ]
  },
  "authorFinalContributionMap": {
    "eejian97": 1470
  },
  "authorFileTypeContributionMap": {
    "eejian97": {
      "java": 1214,
      "md": 85,
      "fxml": 35,
      "sh": 34,
      "bat": 0,
      "gradle": 44,
      "txt": 58
    }
  },
  "authorContributionVariance": {
    "eejian97": 30009.883
  },
  "authorDisplayNameMap": {
    "eejian97": "CS2103T-F11-3 LEE E ...  JIAN"
  }
}
