{
  "authorDailyContributionsMap": {
    "abhinav": [
      {
        "insertions": 137,
        "deletions": 9,
        "date": "2019-08-19",
        "commitResults": [
          {
            "hash": "4309f6d127523440a90586774457b8de972e588d",
            "messageTitle": "gradle config",
            "messageBody": "",
            "insertions": 14,
            "deletions": 0
          },
          {
            "hash": "26d1a0a7be9f06f9e1022766f2d0f621677c6461",
            "messageTitle": "Level-1",
            "messageBody": "",
            "insertions": 40,
            "deletions": 0
          },
          {
            "hash": "01885b4c46f2b87493617479c41c5b81dd41487e",
            "messageTitle": "Level-2",
            "messageBody": "",
            "insertions": 30,
            "deletions": 3
          },
          {
            "hash": "cf432f8cfc2b7a9e8b94d96b96c19ec1ac53d5c4",
            "messageTitle": "Level-3",
            "messageBody": "",
            "insertions": 53,
            "deletions": 6
          }
        ]
      },
      {
        "insertions": 375,
        "deletions": 117,
        "date": "2019-08-20",
        "commitResults": [
          {
            "hash": "9915b6d1e781f42c8b1c9b1c56215025977f6c09",
            "messageTitle": "Level-4: added event task",
            "messageBody": "",
            "insertions": 40,
            "deletions": 7
          },
          {
            "hash": "848fabd516822162723430876b47fc1194836ff3",
            "messageTitle": "Level-4",
            "messageBody": "",
            "insertions": 104,
            "deletions": 50
          },
          {
            "hash": "bcc9d19a2de847268372963b8811912efa3d5e92",
            "messageTitle": "ui testing #1",
            "messageBody": "",
            "insertions": 118,
            "deletions": 0
          },
          {
            "hash": "cbd2781c325897ec1f567a7e8fa472f6f4084bdf",
            "messageTitle": "Level-5",
            "messageBody": "",
            "insertions": 74,
            "deletions": 45
          },
          {
            "hash": "fbdfab007259850ccd7e69287ad0895bb4bee2cc",
            "messageTitle": "Level-6",
            "messageBody": "",
            "insertions": 39,
            "deletions": 15
          }
        ]
      }
    ],
    "Jeffry Lum": []
  },
  "authorFinalContributionMap": {
    "abhinav": 389,
    "Jeffry Lum": 103
  },
  "authorFileTypeContributionMap": {
    "abhinav": {
      "java": 257,
      "md": 0,
      "fxml": 0,
      "sh": 34,
      "bat": 0,
      "gradle": 14,
      "txt": 84
    },
    "Jeffry Lum": {
      "java": 2,
      "md": 0,
      "fxml": 0,
      "sh": 0,
      "bat": 84,
      "gradle": 17,
      "txt": 0
    }
  },
  "authorContributionVariance": {
    "abhinav": 36394.24,
    "Jeffry Lum": 0.0
  },
  "authorDisplayNameMap": {
    "abhinav": "abhinav",
    "Jeffry Lum": "Jeffry Lum"
  }
}
