{
  "authorDailyContributionsMap": {
    "Yoshi275": [
      {
        "insertions": 219,
        "deletions": 86,
        "date": "2019-08-22",
        "commitResults": [
          {
            "hash": "502717385907403d379ae2461ee8e4049c7662a5",
            "messageTitle": "Add greeting, echo, exit",
            "messageBody": "",
            "insertions": 14,
            "deletions": 0
          },
          {
            "hash": "9decbfec3038e011e249e3187b95952a646dba1e",
            "messageTitle": "Add indentation and horizontal line",
            "messageBody": "",
            "insertions": 14,
            "deletions": 12
          },
          {
            "hash": "caeedc925540c6a07be653850c94c86a68fc09b6",
            "messageTitle": "Create and add to list",
            "messageBody": "",
            "insertions": 14,
            "deletions": 2
          },
          {
            "hash": "5c1840532b3ebed32cd511b1db355e6f394e23b1",
            "messageTitle": "Fix indentation of list",
            "messageBody": "",
            "insertions": 3,
            "deletions": 0
          },
          {
            "hash": "af0b7c3e4df54e763d14231542302519d4e16655",
            "messageTitle": "Add ability to mark tasks as done",
            "messageBody": "",
            "insertions": 45,
            "deletions": 7
          },
          {
            "hash": "3c5e490433493c466643cccf2032938f25ee6d33",
            "messageTitle": "Fomat task add message",
            "messageBody": "",
            "insertions": 2,
            "deletions": 1
          },
          {
            "hash": "672ef283beab2f86db9d421c45ee17f937636a9c",
            "messageTitle": "Support adding todos",
            "messageBody": "",
            "insertions": 44,
            "deletions": 9
          },
          {
            "hash": "970d83bfca03d2bc22efff12aa8224c9d0169d63",
            "messageTitle": "Add support for deadlines and events",
            "messageBody": "",
            "insertions": 24,
            "deletions": 9
          },
          {
            "hash": "d8adffbc0c9e1cc75bff7ef87f0028f096855775",
            "messageTitle": "Add error handling",
            "messageBody": "",
            "insertions": 30,
            "deletions": 11
          },
          {
            "hash": "e10a4bd3efda803e91bf154acdbcdce04f15eb6a",
            "messageTitle": "Change from array to ArrayList",
            "messageBody": "",
            "insertions": 13,
            "deletions": 11
          },
          {
            "hash": "53d6c0ec3cbebe6fdf56f0f12222aafbd23e1b11",
            "messageTitle": "Remove debugging code",
            "messageBody": "",
            "insertions": 0,
            "deletions": 1
          },
          {
            "hash": "81c1e74d60a379357d6b7cf1ac5a800b68efdaac",
            "messageTitle": "Remove int listIndex from Task class",
            "messageBody": "",
            "insertions": 6,
            "deletions": 19
          },
          {
            "hash": "80397ec45a758dad6a0109c1b9070045e4ca19c0",
            "messageTitle": "Add support for deleting tasks",
            "messageBody": "",
            "insertions": 10,
            "deletions": 4
          }
        ]
      },
      {
        "insertions": 1,
        "deletions": 1,
        "date": "2019-08-28",
        "commitResults": [
          {
            "hash": "8e0b9a45889301cd33361f549b8622fb61605dc9",
            "messageTitle": "Bug fix for printing deleted task",
            "messageBody": "",
            "insertions": 1,
            "deletions": 1
          }
        ]
      }
    ]
  },
  "authorFinalContributionMap": {
    "Yoshi275": 139
  },
  "authorFileTypeContributionMap": {
    "Yoshi275": {
      "java": 139,
      "md": 0,
      "fxml": 0,
      "sh": 0,
      "bat": 0,
      "gradle": 0,
      "txt": 0
    }
  },
  "authorContributionVariance": {
    "Yoshi275": 6598.391
  },
  "authorDisplayNameMap": {
    "Yoshi275": "NG Q .. ERYL"
  }
}
