{
  "authorDailyContributionsMap": {
    "irene-lly": [
      {
        "insertions": 231,
        "deletions": 56,
        "date": "2019-08-20",
        "commitResults": [
          {
            "hash": "56337b9276bbdc0beb23f71d389afc7b5bbaa1bd",
            "messageTitle": "level 1",
            "messageBody": "",
            "insertions": 11,
            "deletions": 0
          },
          {
            "hash": "4a893cabea1c3224a8ee03d142f2eeefd8b9daa7",
            "messageTitle": "level 2",
            "messageBody": "",
            "insertions": 30,
            "deletions": 1
          },
          {
            "hash": "7e1c6f3198736b62933aa8a8c86b742e70622f93",
            "messageTitle": "Added Task, modified Duke and ListOfInput",
            "messageBody": "",
            "insertions": 52,
            "deletions": 10
          },
          {
            "hash": "a1c96e0906ef41c0906c4d665deea5cde65bd51e",
            "messageTitle": "Added in Deadline, Event and Todo. Modified Task and ListOfInput",
            "messageBody": "",
            "insertions": 70,
            "deletions": 5
          },
          {
            "hash": "b35f8610139642e36c44de083047b63a9ceb94a8",
            "messageTitle": "Added DukeException, modified Duke and ListOfInput",
            "messageBody": "",
            "insertions": 55,
            "deletions": 37
          },
          {
            "hash": "1792baa3202c94a5e731d42982a5de9bc8bf790c",
            "messageTitle": "Modified Duke and ListOfInput",
            "messageBody": "",
            "insertions": 13,
            "deletions": 3
          }
        ]
      },
      {
        "insertions": 34,
        "deletions": 34,
        "date": "2019-08-22",
        "commitResults": [
          {
            "hash": "3cef13c5a561bb96263727f14a2f85b9dbf523a9",
            "messageTitle": "Minor modifications to folllow java coding standard and deal with one more error",
            "messageBody": "",
            "insertions": 34,
            "deletions": 34
          }
        ]
      },
      {
        "insertions": 74,
        "deletions": 6,
        "date": "2019-08-25",
        "commitResults": [
          {
            "hash": "4e8d80b19267b3b4f8784b3ac7397449e3f8e8d5",
            "messageTitle": "Added 2 methods - loadTasks and saveTasks to enable saving tasks in harddisk",
            "messageBody": "",
            "insertions": 74,
            "deletions": 6
          }
        ]
      },
      {
        "insertions": 11,
        "deletions": 2,
        "date": "2019-08-26",
        "commitResults": [
          {
            "hash": "573a47902df91d447b35f149df34d60221cfc125",
            "messageTitle": "Duke stores dates and times instead of strings.",
            "messageBody": "",
            "insertions": 11,
            "deletions": 2
          }
        ]
      },
      {
        "insertions": 388,
        "deletions": 129,
        "date": "2019-08-27",
        "commitResults": [
          {
            "hash": "6262fe58b8f127077447fb90035168716c1f3cd5",
            "messageTitle": "Added classes Ui, Storage, Parser, modified Duke and TaskList to follow OOP standard.",
            "messageBody": "",
            "insertions": 388,
            "deletions": 129
          }
        ]
      },
      {
        "insertions": 282,
        "deletions": 135,
        "date": "2019-08-28",
        "commitResults": [
          {
            "hash": "e40e214571ca23865c95a8707587df1aca826abd",
            "messageTitle": "Added Junit tests for some classes, modified Duke, Parser, Storage, TaskList and Ui to adhere to better OOP standards.",
            "messageBody": "",
            "insertions": 282,
            "deletions": 135
          }
        ]
      },
      {
        "insertions": 272,
        "deletions": 8,
        "date": "2019-08-29",
        "commitResults": [
          {
            "hash": "0435f24cce6988d6cfe293ba83361041bd9e2e0d",
            "messageTitle": "Added javadoc comments for all classes.",
            "messageBody": "",
            "insertions": 193,
            "deletions": 0
          },
          {
            "hash": "9e53e1f09b6d0975b762a591bdada61031f5df5b",
            "messageTitle": "Packaged all classes, tweaked code to comply with coding standard.",
            "messageBody": "",
            "insertions": 54,
            "deletions": 8
          },
          {
            "hash": "3cb87ca5d4c6cad569308d515ae27d1e1f8d1808",
            "messageTitle": "Implemented find function to search for a task using a keyword.",
            "messageBody": "",
            "insertions": 25,
            "deletions": 0
          }
        ]
      },
      {
        "insertions": 57,
        "deletions": 192,
        "date": "2019-09-02",
        "commitResults": [
          {
            "hash": "d66672bd5a5b1033ba0b668db91a0c3cb1973707",
            "messageTitle": "Set up gradle to run unit tests",
            "messageBody": "",
            "insertions": 51,
            "deletions": 190
          },
          {
            "hash": "619dce376ea48d85a25da119b70ff4ff453e9989",
            "messageTitle": "Added checkStyle",
            "messageBody": "",
            "insertions": 6,
            "deletions": 2
          }
        ]
      },
      {
        "insertions": 289,
        "deletions": 61,
        "date": "2019-09-04",
        "commitResults": [
          {
            "hash": "a353d96474af101b1c778a600818bea6028942bd",
            "messageTitle": "Added GUI to Duke",
            "messageBody": "",
            "insertions": 289,
            "deletions": 61
          }
        ]
      },
      {
        "insertions": 41,
        "deletions": 74,
        "date": "2019-09-05",
        "commitResults": [
          {
            "hash": "b2dc8abe947651fcc6eff64e4bf89e361d3ae13f",
            "messageTitle": "Improved GUI, edited javadocs",
            "messageBody": "",
            "insertions": 41,
            "deletions": 74
          }
        ]
      },
      {
        "insertions": 13,
        "deletions": 12,
        "date": "2019-09-09",
        "commitResults": [
          {
            "hash": "e2ffd2e7914f77266084969e235cc7e9ad5b3dbd",
            "messageTitle": "Added assertions (#4)",
            "messageBody": "",
            "insertions": 13,
            "deletions": 12
          }
        ]
      },
      {
        "insertions": 68,
        "deletions": 53,
        "date": "2019-09-10",
        "commitResults": [
          {
            "hash": "ea660b33150695a208ee08114dbc23c96468d9a3",
            "messageTitle": "Refactored to improve code quality",
            "messageBody": "",
            "insertions": 68,
            "deletions": 53
          }
        ]
      },
      {
        "insertions": 96,
        "deletions": 34,
        "date": "2019-09-11",
        "commitResults": [
          {
            "hash": "79e66dc2e535157c2d4dd833f933578c791146a1",
            "messageTitle": "Added C-Priority",
            "messageBody": "",
            "insertions": 96,
            "deletions": 34
          }
        ]
      },
      {
        "insertions": 324,
        "deletions": 100,
        "date": "2019-09-17",
        "commitResults": [
          {
            "hash": "a3c767dd069c6a3d45d881fe856cd281149fa3f9",
            "messageTitle": "Modified priority related methods and test cases.",
            "messageBody": "",
            "insertions": 100,
            "deletions": 59
          },
          {
            "hash": "8e4535f8009e0f336b65bc03318e6bfed83377d6",
            "messageTitle": "Added user guide, modified code to close program on input",
            "messageBody": "",
            "insertions": 176,
            "deletions": 11
          },
          {
            "hash": "7e8eb8ff9bbb806d45bddf754b591336463e6f39",
            "messageTitle": "Edited user guide",
            "messageBody": "",
            "insertions": 48,
            "deletions": 30
          }
        ]
      },
      {
        "insertions": 35,
        "deletions": 29,
        "date": "2019-09-18",
        "commitResults": [
          {
            "hash": "4eae283fb380d436010f6649714e47629fd34db0",
            "messageTitle": "Edited user guide",
            "messageBody": "",
            "insertions": 1,
            "deletions": 2
          },
          {
            "hash": "5c1af8692cab4a461c40a798529920c810732070",
            "messageTitle": "Edited java docs, modified tests",
            "messageBody": "",
            "insertions": 34,
            "deletions": 27
          }
        ]
      },
      {
        "insertions": 13,
        "deletions": 16,
        "date": "2019-09-19",
        "commitResults": [
          {
            "hash": "3e97dba964e1f063fe9ab4d715c5bdb081ff8fbe",
            "messageTitle": "Modified GUI",
            "messageBody": "",
            "insertions": 13,
            "deletions": 16
          }
        ]
      },
      {
        "insertions": 2,
        "deletions": 2,
        "date": "2019-09-20",
        "commitResults": [
          {
            "hash": "598d9a583c0944caa975c8131813b2e11cd687b8",
            "messageTitle": "Change java version in fxml files",
            "messageBody": "",
            "insertions": 2,
            "deletions": 2
          }
        ]
      }
    ]
  },
  "authorFinalContributionMap": {
    "irene-lly": 1301
  },
  "authorFileTypeContributionMap": {
    "irene-lly": {
      "java": 1041,
      "md": 166,
      "fxml": 41,
      "sh": 0,
      "bat": 0,
      "gradle": 41,
      "txt": 12
    }
  },
  "authorContributionVariance": {
    "irene-lly": 20780.45
  },
  "authorDisplayNameMap": {
    "irene-lly": "CS2103T-F11-4 LEE L ... IRENE"
  }
}
