[
  {
    "path": "build.gradle",
    "fileType": "gradle",
    "lines": [
      {
        "lineNumber": 1,
        "author": {
          "gitId": "Jeffry Lum"
        },
        "content": "plugins {"
      },
      {
        "lineNumber": 2,
        "author": {
          "gitId": "Jeffry Lum"
        },
        "content": "    id \u0027java\u0027"
      },
      {
        "lineNumber": 3,
        "author": {
          "gitId": "Jeffry Lum"
        },
        "content": "    id \u0027application\u0027"
      },
      {
        "lineNumber": 4,
        "author": {
          "gitId": "Leow Wen Bin"
        },
        "content": "    id \u0027checkstyle\u0027"
      },
      {
        "lineNumber": 5,
        "author": {
          "gitId": "Leow Wen Bin"
        },
        "content": "    id \u0027com.github.johnrengelman.shadow\u0027 version \u00275.1.0\u0027"
      },
      {
        "lineNumber": 6,
        "author": {
          "gitId": "Leow Wen Bin"
        },
        "content": "}"
      },
      {
        "lineNumber": 7,
        "author": {
          "gitId": "Leow Wen Bin"
        },
        "content": ""
      },
      {
        "lineNumber": 8,
        "author": {
          "gitId": "Leow Wen Bin"
        },
        "content": "checkstyle {"
      },
      {
        "lineNumber": 9,
        "author": {
          "gitId": "Leow Wen Bin"
        },
        "content": "    toolVersion \u003d \u00278.23\u0027"
      },
      {
        "lineNumber": 10,
        "author": {
          "gitId": "Jeffry Lum"
        },
        "content": "}"
      },
      {
        "lineNumber": 11,
        "author": {
          "gitId": "Jeffry Lum"
        },
        "content": ""
      },
      {
        "lineNumber": 12,
        "author": {
          "gitId": "Leow Wen Bin"
        },
        "content": "shadowJar {"
      },
      {
        "lineNumber": 13,
        "author": {
          "gitId": "Leow Wen Bin"
        },
        "content": "    archiveBaseName \u003d \"duke\""
      },
      {
        "lineNumber": 14,
        "author": {
          "gitId": "Leow Wen Bin"
        },
        "content": "    archiveVersion \u003d \"0.1.3\""
      },
      {
        "lineNumber": 15,
        "author": {
          "gitId": "Leow Wen Bin"
        },
        "content": "    archiveClassifier \u003d null"
      },
      {
        "lineNumber": 16,
        "author": {
          "gitId": "Leow Wen Bin"
        },
        "content": "    archiveAppendix \u003d null"
      },
      {
        "lineNumber": 17,
        "author": {
          "gitId": "Leow Wen Bin"
        },
        "content": "}"
      },
      {
        "lineNumber": 18,
        "author": {
          "gitId": "Leow Wen Bin"
        },
        "content": ""
      },
      {
        "lineNumber": 19,
        "author": {
          "gitId": "Leow Wen Bin"
        },
        "content": "dependencies {"
      },
      {
        "lineNumber": 20,
        "author": {
          "gitId": "Leow Wen Bin"
        },
        "content": "    testImplementation \u0027org.junit.jupiter:junit-jupiter:5.5.0\u0027"
      },
      {
        "lineNumber": 21,
        "author": {
          "gitId": "Leow Wen Bin"
        },
        "content": "}"
      },
      {
        "lineNumber": 22,
        "author": {
          "gitId": "Leow Wen Bin"
        },
        "content": ""
      },
      {
        "lineNumber": 23,
        "author": {
          "gitId": "Leow Wen Bin"
        },
        "content": "test {"
      },
      {
        "lineNumber": 24,
        "author": {
          "gitId": "Leow Wen Bin"
        },
        "content": "    useJUnitPlatform()"
      },
      {
        "lineNumber": 25,
        "author": {
          "gitId": "Leow Wen Bin"
        },
        "content": "}"
      },
      {
        "lineNumber": 26,
        "author": {
          "gitId": "Leow Wen Bin"
        },
        "content": ""
      },
      {
        "lineNumber": 27,
        "author": {
          "gitId": "Leow Wen Bin"
        },
        "content": "run{"
      },
      {
        "lineNumber": 28,
        "author": {
          "gitId": "Leow Wen Bin"
        },
        "content": "    standardInput \u003d System.in"
      },
      {
        "lineNumber": 29,
        "author": {
          "gitId": "Leow Wen Bin"
        },
        "content": "}"
      },
      {
        "lineNumber": 30,
        "author": {
          "gitId": "Leow Wen Bin"
        },
        "content": ""
      },
      {
        "lineNumber": 31,
        "author": {
          "gitId": "Jeffry Lum"
        },
        "content": "group \u0027seedu.duke\u0027"
      },
      {
        "lineNumber": 32,
        "author": {
          "gitId": "Jeffry Lum"
        },
        "content": "version \u00270.1.0\u0027"
      },
      {
        "lineNumber": 33,
        "author": {
          "gitId": "Jeffry Lum"
        },
        "content": ""
      },
      {
        "lineNumber": 34,
        "author": {
          "gitId": "Jeffry Lum"
        },
        "content": "repositories {"
      },
      {
        "lineNumber": 35,
        "author": {
          "gitId": "Jeffry Lum"
        },
        "content": "    mavenCentral()"
      },
      {
        "lineNumber": 36,
        "author": {
          "gitId": "Jeffry Lum"
        },
        "content": "}"
      },
      {
        "lineNumber": 37,
        "author": {
          "gitId": "Jeffry Lum"
        },
        "content": ""
      },
      {
        "lineNumber": 38,
        "author": {
          "gitId": "Jeffry Lum"
        },
        "content": "application {"
      },
      {
        "lineNumber": 39,
        "author": {
          "gitId": "Jeffry Lum"
        },
        "content": "    // Change this to your main class."
      },
      {
        "lineNumber": 40,
        "author": {
          "gitId": "Leow Wen Bin"
        },
        "content": "    mainClassName \u003d \"Duke\""
      },
      {
        "lineNumber": 41,
        "author": {
          "gitId": "Jeffry Lum"
        },
        "content": "}"
      }
    ],
    "authorContributionMap": {
      "Jeffry Lum": 15,
      "Leow Wen Bin": 26
    }
  },
  {
    "path": "gradlew.bat",
    "fileType": "bat",
    "lines": [
      {
        "lineNumber": 1,
        "author": {
          "gitId": "Jeffry Lum"
        },
        "content": "@if \"%DEBUG%\" \u003d\u003d \"\" @echo off"
      },
      {
        "lineNumber": 2,
        "author": {
          "gitId": "Jeffry Lum"
        },
        "content": "@rem ##########################################################################"
      },
      {
        "lineNumber": 3,
        "author": {
          "gitId": "Jeffry Lum"
        },
        "content": "@rem"
      },
      {
        "lineNumber": 4,
        "author": {
          "gitId": "Jeffry Lum"
        },
        "content": "@rem  Gradle startup script for Windows"
      },
      {
        "lineNumber": 5,
        "author": {
          "gitId": "Jeffry Lum"
        },
        "content": "@rem"
      },
      {
        "lineNumber": 6,
        "author": {
          "gitId": "Jeffry Lum"
        },
        "content": "@rem ##########################################################################"
      },
      {
        "lineNumber": 7,
        "author": {
          "gitId": "Jeffry Lum"
        },
        "content": ""
      },
      {
        "lineNumber": 8,
        "author": {
          "gitId": "Jeffry Lum"
        },
        "content": "@rem Set local scope for the variables with windows NT shell"
      },
      {
        "lineNumber": 9,
        "author": {
          "gitId": "Jeffry Lum"
        },
        "content": "if \"%OS%\"\u003d\u003d\"Windows_NT\" setlocal"
      },
      {
        "lineNumber": 10,
        "author": {
          "gitId": "Jeffry Lum"
        },
        "content": ""
      },
      {
        "lineNumber": 11,
        "author": {
          "gitId": "Jeffry Lum"
        },
        "content": "set DIRNAME\u003d%~dp0"
      },
      {
        "lineNumber": 12,
        "author": {
          "gitId": "Jeffry Lum"
        },
        "content": "if \"%DIRNAME%\" \u003d\u003d \"\" set DIRNAME\u003d."
      },
      {
        "lineNumber": 13,
        "author": {
          "gitId": "Jeffry Lum"
        },
        "content": "set APP_BASE_NAME\u003d%~n0"
      },
      {
        "lineNumber": 14,
        "author": {
          "gitId": "Jeffry Lum"
        },
        "content": "set APP_HOME\u003d%DIRNAME%"
      },
      {
        "lineNumber": 15,
        "author": {
          "gitId": "Jeffry Lum"
        },
        "content": ""
      },
      {
        "lineNumber": 16,
        "author": {
          "gitId": "Jeffry Lum"
        },
        "content": "@rem Add default JVM options here. You can also use JAVA_OPTS and GRADLE_OPTS to pass JVM options to this script."
      },
      {
        "lineNumber": 17,
        "author": {
          "gitId": "Jeffry Lum"
        },
        "content": "set DEFAULT_JVM_OPTS\u003d\"-Xmx64m\""
      },
      {
        "lineNumber": 18,
        "author": {
          "gitId": "Jeffry Lum"
        },
        "content": ""
      },
      {
        "lineNumber": 19,
        "author": {
          "gitId": "Jeffry Lum"
        },
        "content": "@rem Find java.exe"
      },
      {
        "lineNumber": 20,
        "author": {
          "gitId": "Jeffry Lum"
        },
        "content": "if defined JAVA_HOME goto findJavaFromJavaHome"
      },
      {
        "lineNumber": 21,
        "author": {
          "gitId": "Jeffry Lum"
        },
        "content": ""
      },
      {
        "lineNumber": 22,
        "author": {
          "gitId": "Jeffry Lum"
        },
        "content": "set JAVA_EXE\u003djava.exe"
      },
      {
        "lineNumber": 23,
        "author": {
          "gitId": "Jeffry Lum"
        },
        "content": "%JAVA_EXE% -version \u003eNUL 2\u003e\u00261"
      },
      {
        "lineNumber": 24,
        "author": {
          "gitId": "Jeffry Lum"
        },
        "content": "if \"%ERRORLEVEL%\" \u003d\u003d \"0\" goto init"
      },
      {
        "lineNumber": 25,
        "author": {
          "gitId": "Jeffry Lum"
        },
        "content": ""
      },
      {
        "lineNumber": 26,
        "author": {
          "gitId": "Jeffry Lum"
        },
        "content": "echo."
      },
      {
        "lineNumber": 27,
        "author": {
          "gitId": "Jeffry Lum"
        },
        "content": "echo ERROR: JAVA_HOME is not set and no \u0027java\u0027 command could be found in your PATH."
      },
      {
        "lineNumber": 28,
        "author": {
          "gitId": "Jeffry Lum"
        },
        "content": "echo."
      },
      {
        "lineNumber": 29,
        "author": {
          "gitId": "Jeffry Lum"
        },
        "content": "echo Please set the JAVA_HOME variable in your environment to match the"
      },
      {
        "lineNumber": 30,
        "author": {
          "gitId": "Jeffry Lum"
        },
        "content": "echo location of your Java installation."
      },
      {
        "lineNumber": 31,
        "author": {
          "gitId": "Jeffry Lum"
        },
        "content": ""
      },
      {
        "lineNumber": 32,
        "author": {
          "gitId": "Jeffry Lum"
        },
        "content": "goto fail"
      },
      {
        "lineNumber": 33,
        "author": {
          "gitId": "Jeffry Lum"
        },
        "content": ""
      },
      {
        "lineNumber": 34,
        "author": {
          "gitId": "Jeffry Lum"
        },
        "content": ":findJavaFromJavaHome"
      },
      {
        "lineNumber": 35,
        "author": {
          "gitId": "Jeffry Lum"
        },
        "content": "set JAVA_HOME\u003d%JAVA_HOME:\"\u003d%"
      },
      {
        "lineNumber": 36,
        "author": {
          "gitId": "Jeffry Lum"
        },
        "content": "set JAVA_EXE\u003d%JAVA_HOME%/bin/java.exe"
      },
      {
        "lineNumber": 37,
        "author": {
          "gitId": "Jeffry Lum"
        },
        "content": ""
      },
      {
        "lineNumber": 38,
        "author": {
          "gitId": "Jeffry Lum"
        },
        "content": "if exist \"%JAVA_EXE%\" goto init"
      },
      {
        "lineNumber": 39,
        "author": {
          "gitId": "Jeffry Lum"
        },
        "content": ""
      },
      {
        "lineNumber": 40,
        "author": {
          "gitId": "Jeffry Lum"
        },
        "content": "echo."
      },
      {
        "lineNumber": 41,
        "author": {
          "gitId": "Jeffry Lum"
        },
        "content": "echo ERROR: JAVA_HOME is set to an invalid directory: %JAVA_HOME%"
      },
      {
        "lineNumber": 42,
        "author": {
          "gitId": "Jeffry Lum"
        },
        "content": "echo."
      },
      {
        "lineNumber": 43,
        "author": {
          "gitId": "Jeffry Lum"
        },
        "content": "echo Please set the JAVA_HOME variable in your environment to match the"
      },
      {
        "lineNumber": 44,
        "author": {
          "gitId": "Jeffry Lum"
        },
        "content": "echo location of your Java installation."
      },
      {
        "lineNumber": 45,
        "author": {
          "gitId": "Jeffry Lum"
        },
        "content": ""
      },
      {
        "lineNumber": 46,
        "author": {
          "gitId": "Jeffry Lum"
        },
        "content": "goto fail"
      },
      {
        "lineNumber": 47,
        "author": {
          "gitId": "Jeffry Lum"
        },
        "content": ""
      },
      {
        "lineNumber": 48,
        "author": {
          "gitId": "Jeffry Lum"
        },
        "content": ":init"
      },
      {
        "lineNumber": 49,
        "author": {
          "gitId": "Jeffry Lum"
        },
        "content": "@rem Get command-line arguments, handling Windows variants"
      },
      {
        "lineNumber": 50,
        "author": {
          "gitId": "Jeffry Lum"
        },
        "content": ""
      },
      {
        "lineNumber": 51,
        "author": {
          "gitId": "Jeffry Lum"
        },
        "content": "if not \"%OS%\" \u003d\u003d \"Windows_NT\" goto win9xME_args"
      },
      {
        "lineNumber": 52,
        "author": {
          "gitId": "Jeffry Lum"
        },
        "content": ""
      },
      {
        "lineNumber": 53,
        "author": {
          "gitId": "Jeffry Lum"
        },
        "content": ":win9xME_args"
      },
      {
        "lineNumber": 54,
        "author": {
          "gitId": "Jeffry Lum"
        },
        "content": "@rem Slurp the command line arguments."
      },
      {
        "lineNumber": 55,
        "author": {
          "gitId": "Jeffry Lum"
        },
        "content": "set CMD_LINE_ARGS\u003d"
      },
      {
        "lineNumber": 56,
        "author": {
          "gitId": "Jeffry Lum"
        },
        "content": "set _SKIP\u003d2"
      },
      {
        "lineNumber": 57,
        "author": {
          "gitId": "Jeffry Lum"
        },
        "content": ""
      },
      {
        "lineNumber": 58,
        "author": {
          "gitId": "Jeffry Lum"
        },
        "content": ":win9xME_args_slurp"
      },
      {
        "lineNumber": 59,
        "author": {
          "gitId": "Jeffry Lum"
        },
        "content": "if \"x%~1\" \u003d\u003d \"x\" goto execute"
      },
      {
        "lineNumber": 60,
        "author": {
          "gitId": "Jeffry Lum"
        },
        "content": ""
      },
      {
        "lineNumber": 61,
        "author": {
          "gitId": "Jeffry Lum"
        },
        "content": "set CMD_LINE_ARGS\u003d%*"
      },
      {
        "lineNumber": 62,
        "author": {
          "gitId": "Jeffry Lum"
        },
        "content": ""
      },
      {
        "lineNumber": 63,
        "author": {
          "gitId": "Jeffry Lum"
        },
        "content": ":execute"
      },
      {
        "lineNumber": 64,
        "author": {
          "gitId": "Jeffry Lum"
        },
        "content": "@rem Setup the command line"
      },
      {
        "lineNumber": 65,
        "author": {
          "gitId": "Jeffry Lum"
        },
        "content": ""
      },
      {
        "lineNumber": 66,
        "author": {
          "gitId": "Jeffry Lum"
        },
        "content": "set CLASSPATH\u003d%APP_HOME%\\gradle\\wrapper\\gradle-wrapper.jar"
      },
      {
        "lineNumber": 67,
        "author": {
          "gitId": "Jeffry Lum"
        },
        "content": ""
      },
      {
        "lineNumber": 68,
        "author": {
          "gitId": "Jeffry Lum"
        },
        "content": "@rem Execute Gradle"
      },
      {
        "lineNumber": 69,
        "author": {
          "gitId": "Jeffry Lum"
        },
        "content": "\"%JAVA_EXE%\" %DEFAULT_JVM_OPTS% %JAVA_OPTS% %GRADLE_OPTS% \"-Dorg.gradle.appname\u003d%APP_BASE_NAME%\" -classpath \"%CLASSPATH%\" org.gradle.wrapper.GradleWrapperMain %CMD_LINE_ARGS%"
      },
      {
        "lineNumber": 70,
        "author": {
          "gitId": "Jeffry Lum"
        },
        "content": ""
      },
      {
        "lineNumber": 71,
        "author": {
          "gitId": "Jeffry Lum"
        },
        "content": ":end"
      },
      {
        "lineNumber": 72,
        "author": {
          "gitId": "Jeffry Lum"
        },
        "content": "@rem End local scope for the variables with windows NT shell"
      },
      {
        "lineNumber": 73,
        "author": {
          "gitId": "Jeffry Lum"
        },
        "content": "if \"%ERRORLEVEL%\"\u003d\u003d\"0\" goto mainEnd"
      },
      {
        "lineNumber": 74,
        "author": {
          "gitId": "Jeffry Lum"
        },
        "content": ""
      },
      {
        "lineNumber": 75,
        "author": {
          "gitId": "Jeffry Lum"
        },
        "content": ":fail"
      },
      {
        "lineNumber": 76,
        "author": {
          "gitId": "Jeffry Lum"
        },
        "content": "rem Set variable GRADLE_EXIT_CONSOLE if you need the _script_ return code instead of"
      },
      {
        "lineNumber": 77,
        "author": {
          "gitId": "Jeffry Lum"
        },
        "content": "rem the _cmd.exe /c_ return code!"
      },
      {
        "lineNumber": 78,
        "author": {
          "gitId": "Jeffry Lum"
        },
        "content": "if  not \"\" \u003d\u003d \"%GRADLE_EXIT_CONSOLE%\" exit 1"
      },
      {
        "lineNumber": 79,
        "author": {
          "gitId": "Jeffry Lum"
        },
        "content": "exit /b 1"
      },
      {
        "lineNumber": 80,
        "author": {
          "gitId": "Jeffry Lum"
        },
        "content": ""
      },
      {
        "lineNumber": 81,
        "author": {
          "gitId": "Jeffry Lum"
        },
        "content": ":mainEnd"
      },
      {
        "lineNumber": 82,
        "author": {
          "gitId": "Jeffry Lum"
        },
        "content": "if \"%OS%\"\u003d\u003d\"Windows_NT\" endlocal"
      },
      {
        "lineNumber": 83,
        "author": {
          "gitId": "Jeffry Lum"
        },
        "content": ""
      },
      {
        "lineNumber": 84,
        "author": {
          "gitId": "Jeffry Lum"
        },
        "content": ":omega"
      }
    ],
    "authorContributionMap": {
      "Jeffry Lum": 84
    }
  },
  {
    "path": "settings.gradle",
    "fileType": "gradle",
    "lines": [
      {
        "lineNumber": 1,
        "author": {
          "gitId": "Jeffry Lum"
        },
        "content": "rootProject.name \u003d \u0027duke\u0027"
      }
    ],
    "authorContributionMap": {
      "Jeffry Lum": 1
    }
  },
  {
    "path": "src/main/java/Deadline.java",
    "fileType": "java",
    "lines": [
      {
        "lineNumber": 1,
        "author": {
          "gitId": "-"
        },
        "content": "// @@author CS2103/T Software Engineering AY1920S1"
      },
      {
        "lineNumber": 2,
        "author": {
          "gitId": "Leow Wen Bin"
        },
        "content": "// Referenced from https://nus-cs2103-ay1920s1.github.io/website/schedule/week2/project.html"
      },
      {
        "lineNumber": 3,
        "author": {
          "gitId": "Leow Wen Bin"
        },
        "content": "// with minor modifications "
      },
      {
        "lineNumber": 4,
        "author": {
          "gitId": "Leow Wen Bin"
        },
        "content": ""
      },
      {
        "lineNumber": 5,
        "author": {
          "gitId": "Leow Wen Bin"
        },
        "content": "public class Deadline extends Task {"
      },
      {
        "lineNumber": 6,
        "author": {
          "gitId": "Leow Wen Bin"
        },
        "content": "    protected String by;"
      },
      {
        "lineNumber": 7,
        "author": {
          "gitId": "Leow Wen Bin"
        },
        "content": ""
      },
      {
        "lineNumber": 8,
        "author": {
          "gitId": "Leow Wen Bin"
        },
        "content": "    public Deadline(String description, String by) {"
      },
      {
        "lineNumber": 9,
        "author": {
          "gitId": "Leow Wen Bin"
        },
        "content": "        super(description);"
      },
      {
        "lineNumber": 10,
        "author": {
          "gitId": "Leow Wen Bin"
        },
        "content": "        this.by \u003d by;"
      },
      {
        "lineNumber": 11,
        "author": {
          "gitId": "Leow Wen Bin"
        },
        "content": "    }"
      },
      {
        "lineNumber": 12,
        "author": {
          "gitId": "Leow Wen Bin"
        },
        "content": ""
      },
      {
        "lineNumber": 13,
        "author": {
          "gitId": "Leow Wen Bin"
        },
        "content": "    @Override"
      },
      {
        "lineNumber": 14,
        "author": {
          "gitId": "Leow Wen Bin"
        },
        "content": "    public String toString() {"
      },
      {
        "lineNumber": 15,
        "author": {
          "gitId": "Leow Wen Bin"
        },
        "content": "        return \"[D]\" + super.toString() + \" (by: \" + by + \")\";"
      },
      {
        "lineNumber": 16,
        "author": {
          "gitId": "Leow Wen Bin"
        },
        "content": "    }"
      },
      {
        "lineNumber": 17,
        "author": {
          "gitId": "Leow Wen Bin"
        },
        "content": "}"
      }
    ],
    "authorContributionMap": {
      "-": 1,
      "Leow Wen Bin": 16
    }
  },
  {
    "path": "src/main/java/Duke.java",
    "fileType": "java",
    "lines": [
      {
        "lineNumber": 1,
        "author": {
          "gitId": "Leow Wen Bin"
        },
        "content": "import java.util.ArrayList;"
      },
      {
        "lineNumber": 2,
        "author": {
          "gitId": "Leow Wen Bin"
        },
        "content": "import java.util.Scanner;"
      },
      {
        "lineNumber": 3,
        "author": {
          "gitId": "Leow Wen Bin"
        },
        "content": ""
      },
      {
        "lineNumber": 4,
        "author": {
          "gitId": "Leow Wen Bin"
        },
        "content": "enum Command {"
      },
      {
        "lineNumber": 5,
        "author": {
          "gitId": "Leow Wen Bin"
        },
        "content": "    BYE     (\"bye\"),"
      },
      {
        "lineNumber": 6,
        "author": {
          "gitId": "Leow Wen Bin"
        },
        "content": "    DONE    (\"done\"),"
      },
      {
        "lineNumber": 7,
        "author": {
          "gitId": "Leow Wen Bin"
        },
        "content": "    LIST    (\"list\"),"
      },
      {
        "lineNumber": 8,
        "author": {
          "gitId": "Leow Wen Bin"
        },
        "content": "    TODO    (\"todo\"),"
      },
      {
        "lineNumber": 9,
        "author": {
          "gitId": "Leow Wen Bin"
        },
        "content": "    EVENT   (\"event\"),"
      },
      {
        "lineNumber": 10,
        "author": {
          "gitId": "Leow Wen Bin"
        },
        "content": "    DEADLINE(\"deadline\"),"
      },
      {
        "lineNumber": 11,
        "author": {
          "gitId": "Leow Wen Bin"
        },
        "content": "    DELETE  (\"delete\");"
      },
      {
        "lineNumber": 12,
        "author": {
          "gitId": "Leow Wen Bin"
        },
        "content": ""
      },
      {
        "lineNumber": 13,
        "author": {
          "gitId": "Leow Wen Bin"
        },
        "content": "    private String commandText;"
      },
      {
        "lineNumber": 14,
        "author": {
          "gitId": "Leow Wen Bin"
        },
        "content": ""
      },
      {
        "lineNumber": 15,
        "author": {
          "gitId": "Leow Wen Bin"
        },
        "content": "    Command (String commandText) {"
      },
      {
        "lineNumber": 16,
        "author": {
          "gitId": "Leow Wen Bin"
        },
        "content": "        this.commandText \u003d commandText;"
      },
      {
        "lineNumber": 17,
        "author": {
          "gitId": "Leow Wen Bin"
        },
        "content": "    }"
      },
      {
        "lineNumber": 18,
        "author": {
          "gitId": "Leow Wen Bin"
        },
        "content": ""
      },
      {
        "lineNumber": 19,
        "author": {
          "gitId": "Leow Wen Bin"
        },
        "content": "    public String toString() {"
      },
      {
        "lineNumber": 20,
        "author": {
          "gitId": "Leow Wen Bin"
        },
        "content": "        return commandText;"
      },
      {
        "lineNumber": 21,
        "author": {
          "gitId": "Leow Wen Bin"
        },
        "content": "    }"
      },
      {
        "lineNumber": 22,
        "author": {
          "gitId": "Leow Wen Bin"
        },
        "content": ""
      },
      {
        "lineNumber": 23,
        "author": {
          "gitId": "Leow Wen Bin"
        },
        "content": "    public static Command getFromString(String commandText) throws InvalidCommandException {"
      },
      {
        "lineNumber": 24,
        "author": {
          "gitId": "Leow Wen Bin"
        },
        "content": "        Command[] allCommands \u003d Command.values();"
      },
      {
        "lineNumber": 25,
        "author": {
          "gitId": "Leow Wen Bin"
        },
        "content": ""
      },
      {
        "lineNumber": 26,
        "author": {
          "gitId": "Leow Wen Bin"
        },
        "content": "        for (Command cmd : allCommands) {"
      },
      {
        "lineNumber": 27,
        "author": {
          "gitId": "Leow Wen Bin"
        },
        "content": "            if (commandText.equals(cmd.toString())) {"
      },
      {
        "lineNumber": 28,
        "author": {
          "gitId": "Leow Wen Bin"
        },
        "content": "                return cmd;"
      },
      {
        "lineNumber": 29,
        "author": {
          "gitId": "Leow Wen Bin"
        },
        "content": "            }"
      },
      {
        "lineNumber": 30,
        "author": {
          "gitId": "Leow Wen Bin"
        },
        "content": "        }"
      },
      {
        "lineNumber": 31,
        "author": {
          "gitId": "Leow Wen Bin"
        },
        "content": ""
      },
      {
        "lineNumber": 32,
        "author": {
          "gitId": "Leow Wen Bin"
        },
        "content": "        throw new InvalidCommandException(Duke.OOPS_STR + Duke.INVALID_COMMAND_STR);"
      },
      {
        "lineNumber": 33,
        "author": {
          "gitId": "Leow Wen Bin"
        },
        "content": "    }"
      },
      {
        "lineNumber": 34,
        "author": {
          "gitId": "Leow Wen Bin"
        },
        "content": "}"
      },
      {
        "lineNumber": 35,
        "author": {
          "gitId": "Leow Wen Bin"
        },
        "content": ""
      },
      {
        "lineNumber": 36,
        "author": {
          "gitId": "-"
        },
        "content": "public class Duke {"
      },
      {
        "lineNumber": 37,
        "author": {
          "gitId": "Leow Wen Bin"
        },
        "content": ""
      },
      {
        "lineNumber": 38,
        "author": {
          "gitId": "Leow Wen Bin"
        },
        "content": "    public static final int MAX_TASKS \u003d 100;"
      },
      {
        "lineNumber": 39,
        "author": {
          "gitId": "Leow Wen Bin"
        },
        "content": ""
      },
      {
        "lineNumber": 40,
        "author": {
          "gitId": "Leow Wen Bin"
        },
        "content": "    // Strings that Duke will output"
      },
      {
        "lineNumber": 41,
        "author": {
          "gitId": "Leow Wen Bin"
        },
        "content": "    public static final String LONG_LINE \u003d \"____________________________________________________________\";"
      },
      {
        "lineNumber": 42,
        "author": {
          "gitId": "Leow Wen Bin"
        },
        "content": "    public static final String GREETING \u003d \"Hello! I\u0027m Duke\\nWhat can I do for you?\";"
      },
      {
        "lineNumber": 43,
        "author": {
          "gitId": "Leow Wen Bin"
        },
        "content": "    public static final String BYE_STR \u003d \"Bye. Hope to see you again soon!\";"
      },
      {
        "lineNumber": 44,
        "author": {
          "gitId": "Leow Wen Bin"
        },
        "content": "    public static final String LIST_STR \u003d \"Here are the tasks in your list:\";"
      },
      {
        "lineNumber": 45,
        "author": {
          "gitId": "Leow Wen Bin"
        },
        "content": "    public static final String DONE_STR \u003d \"Nice! I\u0027ve marked this task as done:\";"
      },
      {
        "lineNumber": 46,
        "author": {
          "gitId": "Leow Wen Bin"
        },
        "content": "    public static final String OOPS_STR \u003d \"☹ OOPS!!! \";"
      },
      {
        "lineNumber": 47,
        "author": {
          "gitId": "Leow Wen Bin"
        },
        "content": "    public static final String INVALID_COMMAND_STR \u003d \"I\u0027m sorry, but I don\u0027t know what that means :-(\";"
      },
      {
        "lineNumber": 48,
        "author": {
          "gitId": "Leow Wen Bin"
        },
        "content": "    public static final String EMPTY_DESCRIPTION_STR_1 \u003d \"The description of a \";"
      },
      {
        "lineNumber": 49,
        "author": {
          "gitId": "Leow Wen Bin"
        },
        "content": "    public static final String EMPTY_DESCRIPTION_STR_2 \u003d \" cannot be empty.\";"
      },
      {
        "lineNumber": 50,
        "author": {
          "gitId": "Leow Wen Bin"
        },
        "content": ""
      },
      {
        "lineNumber": 51,
        "author": {
          "gitId": "Leow Wen Bin"
        },
        "content": "    // Delimiters"
      },
      {
        "lineNumber": 52,
        "author": {
          "gitId": "Leow Wen Bin"
        },
        "content": "    public static final String BY_DELIM \u003d \"/by\";"
      },
      {
        "lineNumber": 53,
        "author": {
          "gitId": "Leow Wen Bin"
        },
        "content": "    public static final String AT_DELIM \u003d \"/at\";"
      },
      {
        "lineNumber": 54,
        "author": {
          "gitId": "Leow Wen Bin"
        },
        "content": ""
      },
      {
        "lineNumber": 55,
        "author": {
          "gitId": "Leow Wen Bin"
        },
        "content": "    private static ArrayList\u003cTask\u003e taskList \u003d new ArrayList\u003cTask\u003e(MAX_TASKS);"
      },
      {
        "lineNumber": 56,
        "author": {
          "gitId": "Leow Wen Bin"
        },
        "content": ""
      },
      {
        "lineNumber": 57,
        "author": {
          "gitId": "-"
        },
        "content": "    public static void main(String[] args) {"
      },
      {
        "lineNumber": 58,
        "author": {
          "gitId": "Leow Wen Bin"
        },
        "content": ""
      },
      {
        "lineNumber": 59,
        "author": {
          "gitId": "Leow Wen Bin"
        },
        "content": "        printGreeting();"
      },
      {
        "lineNumber": 60,
        "author": {
          "gitId": "Leow Wen Bin"
        },
        "content": ""
      },
      {
        "lineNumber": 61,
        "author": {
          "gitId": "Leow Wen Bin"
        },
        "content": "        Scanner input \u003d new Scanner(System.in);"
      },
      {
        "lineNumber": 62,
        "author": {
          "gitId": "Leow Wen Bin"
        },
        "content": "        String line \u003d input.nextLine();"
      },
      {
        "lineNumber": 63,
        "author": {
          "gitId": "Leow Wen Bin"
        },
        "content": ""
      },
      {
        "lineNumber": 64,
        "author": {
          "gitId": "Leow Wen Bin"
        },
        "content": "        // Keep reading input until the bye command is received."
      },
      {
        "lineNumber": 65,
        "author": {
          "gitId": "Leow Wen Bin"
        },
        "content": "        while (!line.equals(Command.BYE.toString())) {"
      },
      {
        "lineNumber": 66,
        "author": {
          "gitId": "Leow Wen Bin"
        },
        "content": ""
      },
      {
        "lineNumber": 67,
        "author": {
          "gitId": "Leow Wen Bin"
        },
        "content": "            try {"
      },
      {
        "lineNumber": 68,
        "author": {
          "gitId": "Leow Wen Bin"
        },
        "content": "                processInputLine(line);"
      },
      {
        "lineNumber": 69,
        "author": {
          "gitId": "Leow Wen Bin"
        },
        "content": "            }"
      },
      {
        "lineNumber": 70,
        "author": {
          "gitId": "Leow Wen Bin"
        },
        "content": "            catch (DukeException e) {"
      },
      {
        "lineNumber": 71,
        "author": {
          "gitId": "Leow Wen Bin"
        },
        "content": "                printWithLongLines(e.getMessage());"
      },
      {
        "lineNumber": 72,
        "author": {
          "gitId": "Leow Wen Bin"
        },
        "content": "            }"
      },
      {
        "lineNumber": 73,
        "author": {
          "gitId": "Leow Wen Bin"
        },
        "content": ""
      },
      {
        "lineNumber": 74,
        "author": {
          "gitId": "Leow Wen Bin"
        },
        "content": "            line \u003d input.nextLine();"
      },
      {
        "lineNumber": 75,
        "author": {
          "gitId": "Leow Wen Bin"
        },
        "content": "        }"
      },
      {
        "lineNumber": 76,
        "author": {
          "gitId": "Leow Wen Bin"
        },
        "content": ""
      },
      {
        "lineNumber": 77,
        "author": {
          "gitId": "Leow Wen Bin"
        },
        "content": "        input.close();"
      },
      {
        "lineNumber": 78,
        "author": {
          "gitId": "Leow Wen Bin"
        },
        "content": "        printGoodbye();"
      },
      {
        "lineNumber": 79,
        "author": {
          "gitId": "Leow Wen Bin"
        },
        "content": "    }"
      },
      {
        "lineNumber": 80,
        "author": {
          "gitId": "Leow Wen Bin"
        },
        "content": ""
      },
      {
        "lineNumber": 81,
        "author": {
          "gitId": "Leow Wen Bin"
        },
        "content": "    // Processes a single line of input by identifying the command that was given, then delegating it"
      },
      {
        "lineNumber": 82,
        "author": {
          "gitId": "Leow Wen Bin"
        },
        "content": "    // to a subfunction to handle the command call."
      },
      {
        "lineNumber": 83,
        "author": {
          "gitId": "Leow Wen Bin"
        },
        "content": "    public static void processInputLine(String line) throws DukeException {"
      },
      {
        "lineNumber": 84,
        "author": {
          "gitId": "Leow Wen Bin"
        },
        "content": ""
      },
      {
        "lineNumber": 85,
        "author": {
          "gitId": "Leow Wen Bin"
        },
        "content": "        Command command \u003d Command.getFromString(line.split(\" \")[0]);"
      },
      {
        "lineNumber": 86,
        "author": {
          "gitId": "Leow Wen Bin"
        },
        "content": ""
      },
      {
        "lineNumber": 87,
        "author": {
          "gitId": "Leow Wen Bin"
        },
        "content": "        switch (command) {"
      },
      {
        "lineNumber": 88,
        "author": {
          "gitId": "Leow Wen Bin"
        },
        "content": "        case LIST:"
      },
      {
        "lineNumber": 89,
        "author": {
          "gitId": "Leow Wen Bin"
        },
        "content": "            printList();"
      },
      {
        "lineNumber": 90,
        "author": {
          "gitId": "Leow Wen Bin"
        },
        "content": "            break;"
      },
      {
        "lineNumber": 91,
        "author": {
          "gitId": "Leow Wen Bin"
        },
        "content": "        case DONE:"
      },
      {
        "lineNumber": 92,
        "author": {
          "gitId": "Leow Wen Bin"
        },
        "content": "            markTaskAsDone(line);"
      },
      {
        "lineNumber": 93,
        "author": {
          "gitId": "Leow Wen Bin"
        },
        "content": "            break;"
      },
      {
        "lineNumber": 94,
        "author": {
          "gitId": "Leow Wen Bin"
        },
        "content": "        case DEADLINE:"
      },
      {
        "lineNumber": 95,
        "author": {
          "gitId": "Leow Wen Bin"
        },
        "content": "            addDeadline(line);"
      },
      {
        "lineNumber": 96,
        "author": {
          "gitId": "Leow Wen Bin"
        },
        "content": "            break;"
      },
      {
        "lineNumber": 97,
        "author": {
          "gitId": "Leow Wen Bin"
        },
        "content": "        case EVENT:"
      },
      {
        "lineNumber": 98,
        "author": {
          "gitId": "Leow Wen Bin"
        },
        "content": "            addEvent(line);"
      },
      {
        "lineNumber": 99,
        "author": {
          "gitId": "Leow Wen Bin"
        },
        "content": "            break;"
      },
      {
        "lineNumber": 100,
        "author": {
          "gitId": "Leow Wen Bin"
        },
        "content": "        case TODO:"
      },
      {
        "lineNumber": 101,
        "author": {
          "gitId": "Leow Wen Bin"
        },
        "content": "            addTodo(line);"
      },
      {
        "lineNumber": 102,
        "author": {
          "gitId": "Leow Wen Bin"
        },
        "content": "            break;"
      },
      {
        "lineNumber": 103,
        "author": {
          "gitId": "Leow Wen Bin"
        },
        "content": "        case DELETE:"
      },
      {
        "lineNumber": 104,
        "author": {
          "gitId": "Leow Wen Bin"
        },
        "content": "            deleteTask(line);"
      },
      {
        "lineNumber": 105,
        "author": {
          "gitId": "Leow Wen Bin"
        },
        "content": "            break;"
      },
      {
        "lineNumber": 106,
        "author": {
          "gitId": "Leow Wen Bin"
        },
        "content": "        default:"
      },
      {
        "lineNumber": 107,
        "author": {
          "gitId": "Leow Wen Bin"
        },
        "content": "            throw new InvalidCommandException(OOPS_STR + INVALID_COMMAND_STR);"
      },
      {
        "lineNumber": 108,
        "author": {
          "gitId": "Leow Wen Bin"
        },
        "content": "        }"
      },
      {
        "lineNumber": 109,
        "author": {
          "gitId": "Leow Wen Bin"
        },
        "content": "    }"
      },
      {
        "lineNumber": 110,
        "author": {
          "gitId": "Leow Wen Bin"
        },
        "content": ""
      },
      {
        "lineNumber": 111,
        "author": {
          "gitId": "Leow Wen Bin"
        },
        "content": "    public static void deleteTask(String line) {"
      },
      {
        "lineNumber": 112,
        "author": {
          "gitId": "Leow Wen Bin"
        },
        "content": ""
      },
      {
        "lineNumber": 113,
        "author": {
          "gitId": "Leow Wen Bin"
        },
        "content": "        int index \u003d Integer.parseInt(line.split(\" \")[1]) - 1;"
      },
      {
        "lineNumber": 114,
        "author": {
          "gitId": "Leow Wen Bin"
        },
        "content": "        Task taskToDelete \u003d taskList.get(index); "
      },
      {
        "lineNumber": 115,
        "author": {
          "gitId": "Leow Wen Bin"
        },
        "content": "        taskList.remove(taskToDelete);"
      },
      {
        "lineNumber": 116,
        "author": {
          "gitId": "Leow Wen Bin"
        },
        "content": ""
      },
      {
        "lineNumber": 117,
        "author": {
          "gitId": "Leow Wen Bin"
        },
        "content": "        printWithLongLines("
      },
      {
        "lineNumber": 118,
        "author": {
          "gitId": "Leow Wen Bin"
        },
        "content": "            \"Noted. I\u0027ve removed this task:\\n\""
      },
      {
        "lineNumber": 119,
        "author": {
          "gitId": "Leow Wen Bin"
        },
        "content": "            + taskToDelete"
      },
      {
        "lineNumber": 120,
        "author": {
          "gitId": "Leow Wen Bin"
        },
        "content": "            + \"\\nNow you have \" "
      },
      {
        "lineNumber": 121,
        "author": {
          "gitId": "Leow Wen Bin"
        },
        "content": "            + taskList.size()"
      },
      {
        "lineNumber": 122,
        "author": {
          "gitId": "Leow Wen Bin"
        },
        "content": "            + \" tasks in the list.\""
      },
      {
        "lineNumber": 123,
        "author": {
          "gitId": "Leow Wen Bin"
        },
        "content": "        );"
      },
      {
        "lineNumber": 124,
        "author": {
          "gitId": "Leow Wen Bin"
        },
        "content": "    }"
      },
      {
        "lineNumber": 125,
        "author": {
          "gitId": "Leow Wen Bin"
        },
        "content": ""
      },
      {
        "lineNumber": 126,
        "author": {
          "gitId": "Leow Wen Bin"
        },
        "content": "    public static void addDeadline(String line) throws EmptyDescriptionException {"
      },
      {
        "lineNumber": 127,
        "author": {
          "gitId": "Leow Wen Bin"
        },
        "content": "        "
      },
      {
        "lineNumber": 128,
        "author": {
          "gitId": "Leow Wen Bin"
        },
        "content": "        if (verifyArgsNotEmpty(line)) {"
      },
      {
        "lineNumber": 129,
        "author": {
          "gitId": "Leow Wen Bin"
        },
        "content": "            String[] deadlineArgs \u003d line.split(Command.DEADLINE.toString())[1].split(BY_DELIM);"
      },
      {
        "lineNumber": 130,
        "author": {
          "gitId": "Leow Wen Bin"
        },
        "content": "            Task newDeadline \u003d new Deadline(deadlineArgs[0].trim(), deadlineArgs[1].trim());"
      },
      {
        "lineNumber": 131,
        "author": {
          "gitId": "Leow Wen Bin"
        },
        "content": "            addTask(newDeadline);"
      },
      {
        "lineNumber": 132,
        "author": {
          "gitId": "Leow Wen Bin"
        },
        "content": "        }"
      },
      {
        "lineNumber": 133,
        "author": {
          "gitId": "Leow Wen Bin"
        },
        "content": "        else {"
      },
      {
        "lineNumber": 134,
        "author": {
          "gitId": "Leow Wen Bin"
        },
        "content": "            throw new EmptyDescriptionException("
      },
      {
        "lineNumber": 135,
        "author": {
          "gitId": "Leow Wen Bin"
        },
        "content": "                OOPS_STR"
      },
      {
        "lineNumber": 136,
        "author": {
          "gitId": "Leow Wen Bin"
        },
        "content": "                + EMPTY_DESCRIPTION_STR_1"
      },
      {
        "lineNumber": 137,
        "author": {
          "gitId": "Leow Wen Bin"
        },
        "content": "                + Command.DEADLINE.toString()"
      },
      {
        "lineNumber": 138,
        "author": {
          "gitId": "Leow Wen Bin"
        },
        "content": "                + EMPTY_DESCRIPTION_STR_2"
      },
      {
        "lineNumber": 139,
        "author": {
          "gitId": "Leow Wen Bin"
        },
        "content": "            );"
      },
      {
        "lineNumber": 140,
        "author": {
          "gitId": "Leow Wen Bin"
        },
        "content": "        }"
      },
      {
        "lineNumber": 141,
        "author": {
          "gitId": "Leow Wen Bin"
        },
        "content": "    }"
      },
      {
        "lineNumber": 142,
        "author": {
          "gitId": "Leow Wen Bin"
        },
        "content": ""
      },
      {
        "lineNumber": 143,
        "author": {
          "gitId": "Leow Wen Bin"
        },
        "content": "    public static void addEvent(String line) throws EmptyDescriptionException {"
      },
      {
        "lineNumber": 144,
        "author": {
          "gitId": "Leow Wen Bin"
        },
        "content": ""
      },
      {
        "lineNumber": 145,
        "author": {
          "gitId": "Leow Wen Bin"
        },
        "content": "        if (verifyArgsNotEmpty(line)) {"
      },
      {
        "lineNumber": 146,
        "author": {
          "gitId": "Leow Wen Bin"
        },
        "content": "            String[] eventArgs \u003d line.split(Command.EVENT.toString())[1].split(AT_DELIM);"
      },
      {
        "lineNumber": 147,
        "author": {
          "gitId": "Leow Wen Bin"
        },
        "content": "            Task newEvent \u003d new Event(eventArgs[0].trim(), eventArgs[1].trim());"
      },
      {
        "lineNumber": 148,
        "author": {
          "gitId": "Leow Wen Bin"
        },
        "content": "            addTask(newEvent);"
      },
      {
        "lineNumber": 149,
        "author": {
          "gitId": "Leow Wen Bin"
        },
        "content": "        }"
      },
      {
        "lineNumber": 150,
        "author": {
          "gitId": "Leow Wen Bin"
        },
        "content": "        else {"
      },
      {
        "lineNumber": 151,
        "author": {
          "gitId": "Leow Wen Bin"
        },
        "content": "            throw new EmptyDescriptionException("
      },
      {
        "lineNumber": 152,
        "author": {
          "gitId": "Leow Wen Bin"
        },
        "content": "                OOPS_STR"
      },
      {
        "lineNumber": 153,
        "author": {
          "gitId": "Leow Wen Bin"
        },
        "content": "                + EMPTY_DESCRIPTION_STR_1"
      },
      {
        "lineNumber": 154,
        "author": {
          "gitId": "Leow Wen Bin"
        },
        "content": "                + Command.EVENT.toString()"
      },
      {
        "lineNumber": 155,
        "author": {
          "gitId": "Leow Wen Bin"
        },
        "content": "                + EMPTY_DESCRIPTION_STR_2"
      },
      {
        "lineNumber": 156,
        "author": {
          "gitId": "Leow Wen Bin"
        },
        "content": "            );"
      },
      {
        "lineNumber": 157,
        "author": {
          "gitId": "Leow Wen Bin"
        },
        "content": "        }"
      },
      {
        "lineNumber": 158,
        "author": {
          "gitId": "Leow Wen Bin"
        },
        "content": "    }"
      },
      {
        "lineNumber": 159,
        "author": {
          "gitId": "Leow Wen Bin"
        },
        "content": "    public static void addTodo(String line) throws EmptyDescriptionException {"
      },
      {
        "lineNumber": 160,
        "author": {
          "gitId": "Leow Wen Bin"
        },
        "content": ""
      },
      {
        "lineNumber": 161,
        "author": {
          "gitId": "Leow Wen Bin"
        },
        "content": "        if (verifyArgsNotEmpty(line)) {"
      },
      {
        "lineNumber": 162,
        "author": {
          "gitId": "Leow Wen Bin"
        },
        "content": "            String todoArg \u003d line.split(Command.TODO.toString())[1];"
      },
      {
        "lineNumber": 163,
        "author": {
          "gitId": "Leow Wen Bin"
        },
        "content": "            Task newTodo \u003d new Todo(todoArg); "
      },
      {
        "lineNumber": 164,
        "author": {
          "gitId": "Leow Wen Bin"
        },
        "content": "            addTask(newTodo);"
      },
      {
        "lineNumber": 165,
        "author": {
          "gitId": "Leow Wen Bin"
        },
        "content": "        }"
      },
      {
        "lineNumber": 166,
        "author": {
          "gitId": "Leow Wen Bin"
        },
        "content": "        else {"
      },
      {
        "lineNumber": 167,
        "author": {
          "gitId": "Leow Wen Bin"
        },
        "content": "            throw new EmptyDescriptionException("
      },
      {
        "lineNumber": 168,
        "author": {
          "gitId": "Leow Wen Bin"
        },
        "content": "                OOPS_STR "
      },
      {
        "lineNumber": 169,
        "author": {
          "gitId": "Leow Wen Bin"
        },
        "content": "                + EMPTY_DESCRIPTION_STR_1"
      },
      {
        "lineNumber": 170,
        "author": {
          "gitId": "Leow Wen Bin"
        },
        "content": "                + Command.TODO.toString()"
      },
      {
        "lineNumber": 171,
        "author": {
          "gitId": "Leow Wen Bin"
        },
        "content": "                + EMPTY_DESCRIPTION_STR_2"
      },
      {
        "lineNumber": 172,
        "author": {
          "gitId": "Leow Wen Bin"
        },
        "content": "            );"
      },
      {
        "lineNumber": 173,
        "author": {
          "gitId": "Leow Wen Bin"
        },
        "content": "        }"
      },
      {
        "lineNumber": 174,
        "author": {
          "gitId": "Leow Wen Bin"
        },
        "content": "    }"
      },
      {
        "lineNumber": 175,
        "author": {
          "gitId": "Leow Wen Bin"
        },
        "content": ""
      },
      {
        "lineNumber": 176,
        "author": {
          "gitId": "Leow Wen Bin"
        },
        "content": "    public static boolean verifyArgsNotEmpty(String args) {"
      },
      {
        "lineNumber": 177,
        "author": {
          "gitId": "Leow Wen Bin"
        },
        "content": "        return args.trim().split(\" \").length \u003e 1;"
      },
      {
        "lineNumber": 178,
        "author": {
          "gitId": "Leow Wen Bin"
        },
        "content": "    }"
      },
      {
        "lineNumber": 179,
        "author": {
          "gitId": "Leow Wen Bin"
        },
        "content": ""
      },
      {
        "lineNumber": 180,
        "author": {
          "gitId": "Leow Wen Bin"
        },
        "content": "    public static void markTaskAsDone(String line) {"
      },
      {
        "lineNumber": 181,
        "author": {
          "gitId": "Leow Wen Bin"
        },
        "content": ""
      },
      {
        "lineNumber": 182,
        "author": {
          "gitId": "Leow Wen Bin"
        },
        "content": "        int index \u003d Integer.parseInt(line.split(\" \")[1]) - 1;"
      },
      {
        "lineNumber": 183,
        "author": {
          "gitId": "Leow Wen Bin"
        },
        "content": "        Task doneTask \u003d taskList.get(index);"
      },
      {
        "lineNumber": 184,
        "author": {
          "gitId": "Leow Wen Bin"
        },
        "content": "        doneTask.markAsDone();"
      },
      {
        "lineNumber": 185,
        "author": {
          "gitId": "Leow Wen Bin"
        },
        "content": ""
      },
      {
        "lineNumber": 186,
        "author": {
          "gitId": "Leow Wen Bin"
        },
        "content": "        printWithLongLines("
      },
      {
        "lineNumber": 187,
        "author": {
          "gitId": "Leow Wen Bin"
        },
        "content": "            DONE_STR"
      },
      {
        "lineNumber": 188,
        "author": {
          "gitId": "Leow Wen Bin"
        },
        "content": "            + \"\\n\""
      },
      {
        "lineNumber": 189,
        "author": {
          "gitId": "Leow Wen Bin"
        },
        "content": "            + doneTask"
      },
      {
        "lineNumber": 190,
        "author": {
          "gitId": "Leow Wen Bin"
        },
        "content": "        );"
      },
      {
        "lineNumber": 191,
        "author": {
          "gitId": "Leow Wen Bin"
        },
        "content": "    }"
      },
      {
        "lineNumber": 192,
        "author": {
          "gitId": "Leow Wen Bin"
        },
        "content": ""
      },
      {
        "lineNumber": 193,
        "author": {
          "gitId": "Leow Wen Bin"
        },
        "content": "    public static void printList() {"
      },
      {
        "lineNumber": 194,
        "author": {
          "gitId": "Leow Wen Bin"
        },
        "content": "        String wholeList \u003d LIST_STR + \"\\n\";"
      },
      {
        "lineNumber": 195,
        "author": {
          "gitId": "Leow Wen Bin"
        },
        "content": "        "
      },
      {
        "lineNumber": 196,
        "author": {
          "gitId": "Leow Wen Bin"
        },
        "content": "        for (int i \u003d 0; i \u003c taskList.size(); i++) {"
      },
      {
        "lineNumber": 197,
        "author": {
          "gitId": "Leow Wen Bin"
        },
        "content": "            wholeList +\u003d String.valueOf(i + 1)"
      },
      {
        "lineNumber": 198,
        "author": {
          "gitId": "Leow Wen Bin"
        },
        "content": "                + \".\""
      },
      {
        "lineNumber": 199,
        "author": {
          "gitId": "Leow Wen Bin"
        },
        "content": "                + taskList.get(i);"
      },
      {
        "lineNumber": 200,
        "author": {
          "gitId": "Leow Wen Bin"
        },
        "content": "            "
      },
      {
        "lineNumber": 201,
        "author": {
          "gitId": "Leow Wen Bin"
        },
        "content": "            if (i \u003c taskList.size() - 1) {"
      },
      {
        "lineNumber": 202,
        "author": {
          "gitId": "Leow Wen Bin"
        },
        "content": "                wholeList +\u003d \"\\n\";"
      },
      {
        "lineNumber": 203,
        "author": {
          "gitId": "Leow Wen Bin"
        },
        "content": "            }"
      },
      {
        "lineNumber": 204,
        "author": {
          "gitId": "Leow Wen Bin"
        },
        "content": "        }"
      },
      {
        "lineNumber": 205,
        "author": {
          "gitId": "Leow Wen Bin"
        },
        "content": ""
      },
      {
        "lineNumber": 206,
        "author": {
          "gitId": "Leow Wen Bin"
        },
        "content": "        printWithLongLines(wholeList);"
      },
      {
        "lineNumber": 207,
        "author": {
          "gitId": "Leow Wen Bin"
        },
        "content": "    }"
      },
      {
        "lineNumber": 208,
        "author": {
          "gitId": "Leow Wen Bin"
        },
        "content": ""
      },
      {
        "lineNumber": 209,
        "author": {
          "gitId": "Leow Wen Bin"
        },
        "content": "    public static void addTask(Task newTask) {"
      },
      {
        "lineNumber": 210,
        "author": {
          "gitId": "Leow Wen Bin"
        },
        "content": "        taskList.add(newTask);"
      },
      {
        "lineNumber": 211,
        "author": {
          "gitId": "Leow Wen Bin"
        },
        "content": "        "
      },
      {
        "lineNumber": 212,
        "author": {
          "gitId": "Leow Wen Bin"
        },
        "content": "        printWithLongLines("
      },
      {
        "lineNumber": 213,
        "author": {
          "gitId": "Leow Wen Bin"
        },
        "content": "            \"Got it. I\u0027ve added this task:\\n\""
      },
      {
        "lineNumber": 214,
        "author": {
          "gitId": "Leow Wen Bin"
        },
        "content": "            + newTask"
      },
      {
        "lineNumber": 215,
        "author": {
          "gitId": "Leow Wen Bin"
        },
        "content": "            + \"\\nNow you have \" "
      },
      {
        "lineNumber": 216,
        "author": {
          "gitId": "Leow Wen Bin"
        },
        "content": "            + taskList.size()"
      },
      {
        "lineNumber": 217,
        "author": {
          "gitId": "Leow Wen Bin"
        },
        "content": "            + \" tasks in the list.\""
      },
      {
        "lineNumber": 218,
        "author": {
          "gitId": "Leow Wen Bin"
        },
        "content": "        );"
      },
      {
        "lineNumber": 219,
        "author": {
          "gitId": "Leow Wen Bin"
        },
        "content": "    }"
      },
      {
        "lineNumber": 220,
        "author": {
          "gitId": "Leow Wen Bin"
        },
        "content": ""
      },
      {
        "lineNumber": 221,
        "author": {
          "gitId": "Leow Wen Bin"
        },
        "content": "    public static void printGoodbye() {"
      },
      {
        "lineNumber": 222,
        "author": {
          "gitId": "Leow Wen Bin"
        },
        "content": "        printWithLongLines(BYE_STR);"
      },
      {
        "lineNumber": 223,
        "author": {
          "gitId": "Leow Wen Bin"
        },
        "content": "    }"
      },
      {
        "lineNumber": 224,
        "author": {
          "gitId": "Leow Wen Bin"
        },
        "content": ""
      },
      {
        "lineNumber": 225,
        "author": {
          "gitId": "Leow Wen Bin"
        },
        "content": "    public static void printGreeting() {"
      },
      {
        "lineNumber": 226,
        "author": {
          "gitId": "Leow Wen Bin"
        },
        "content": "        printWithLongLines(GREETING);"
      },
      {
        "lineNumber": 227,
        "author": {
          "gitId": "Leow Wen Bin"
        },
        "content": "    }"
      },
      {
        "lineNumber": 228,
        "author": {
          "gitId": "Leow Wen Bin"
        },
        "content": ""
      },
      {
        "lineNumber": 229,
        "author": {
          "gitId": "Leow Wen Bin"
        },
        "content": "    public static void printWithLongLines(String stringToPrint) {"
      },
      {
        "lineNumber": 230,
        "author": {
          "gitId": "Leow Wen Bin"
        },
        "content": "        System.out.println("
      },
      {
        "lineNumber": 231,
        "author": {
          "gitId": "Leow Wen Bin"
        },
        "content": "            LONG_LINE"
      },
      {
        "lineNumber": 232,
        "author": {
          "gitId": "Leow Wen Bin"
        },
        "content": "            + \"\\n\""
      },
      {
        "lineNumber": 233,
        "author": {
          "gitId": "Leow Wen Bin"
        },
        "content": "            + stringToPrint"
      },
      {
        "lineNumber": 234,
        "author": {
          "gitId": "Leow Wen Bin"
        },
        "content": "            + \"\\n\""
      },
      {
        "lineNumber": 235,
        "author": {
          "gitId": "Leow Wen Bin"
        },
        "content": "            + LONG_LINE"
      },
      {
        "lineNumber": 236,
        "author": {
          "gitId": "Leow Wen Bin"
        },
        "content": "            + \"\\n\""
      },
      {
        "lineNumber": 237,
        "author": {
          "gitId": "Leow Wen Bin"
        },
        "content": "        );"
      },
      {
        "lineNumber": 238,
        "author": {
          "gitId": "-"
        },
        "content": "    }"
      },
      {
        "lineNumber": 239,
        "author": {
          "gitId": "-"
        },
        "content": "}"
      }
    ],
    "authorContributionMap": {
      "-": 4,
      "Leow Wen Bin": 235
    }
  },
  {
    "path": "src/main/java/DukeException.java",
    "fileType": "java",
    "lines": [
      {
        "lineNumber": 1,
        "author": {
          "gitId": "Leow Wen Bin"
        },
        "content": "public class DukeException extends Exception {"
      },
      {
        "lineNumber": 2,
        "author": {
          "gitId": "Leow Wen Bin"
        },
        "content": "    public DukeException(String message) {"
      },
      {
        "lineNumber": 3,
        "author": {
          "gitId": "Leow Wen Bin"
        },
        "content": "        super(message);"
      },
      {
        "lineNumber": 4,
        "author": {
          "gitId": "Leow Wen Bin"
        },
        "content": "    }"
      },
      {
        "lineNumber": 5,
        "author": {
          "gitId": "Leow Wen Bin"
        },
        "content": "}"
      }
    ],
    "authorContributionMap": {
      "Leow Wen Bin": 5
    }
  },
  {
    "path": "src/main/java/EmptyDescriptionException.java",
    "fileType": "java",
    "lines": [
      {
        "lineNumber": 1,
        "author": {
          "gitId": "Leow Wen Bin"
        },
        "content": "public class EmptyDescriptionException extends DukeException {"
      },
      {
        "lineNumber": 2,
        "author": {
          "gitId": "Leow Wen Bin"
        },
        "content": "    public EmptyDescriptionException(String message) {"
      },
      {
        "lineNumber": 3,
        "author": {
          "gitId": "Leow Wen Bin"
        },
        "content": "        super(message);"
      },
      {
        "lineNumber": 4,
        "author": {
          "gitId": "Leow Wen Bin"
        },
        "content": "    }"
      },
      {
        "lineNumber": 5,
        "author": {
          "gitId": "Leow Wen Bin"
        },
        "content": "}"
      }
    ],
    "authorContributionMap": {
      "Leow Wen Bin": 5
    }
  },
  {
    "path": "src/main/java/Event.java",
    "fileType": "java",
    "lines": [
      {
        "lineNumber": 1,
        "author": {
          "gitId": "Leow Wen Bin"
        },
        "content": "// Adapted from https://nus-cs2103-ay1920s1.github.io/website/schedule/week2/project.html "
      },
      {
        "lineNumber": 2,
        "author": {
          "gitId": "Leow Wen Bin"
        },
        "content": ""
      },
      {
        "lineNumber": 3,
        "author": {
          "gitId": "Leow Wen Bin"
        },
        "content": "public class Event extends Task {\t"
      },
      {
        "lineNumber": 4,
        "author": {
          "gitId": "Leow Wen Bin"
        },
        "content": "    protected String at;"
      },
      {
        "lineNumber": 5,
        "author": {
          "gitId": "Leow Wen Bin"
        },
        "content": ""
      },
      {
        "lineNumber": 6,
        "author": {
          "gitId": "Leow Wen Bin"
        },
        "content": "    public Event(String description, String at) {"
      },
      {
        "lineNumber": 7,
        "author": {
          "gitId": "Leow Wen Bin"
        },
        "content": "        super(description);"
      },
      {
        "lineNumber": 8,
        "author": {
          "gitId": "Leow Wen Bin"
        },
        "content": "        this.at \u003d at;"
      },
      {
        "lineNumber": 9,
        "author": {
          "gitId": "Leow Wen Bin"
        },
        "content": "    }"
      },
      {
        "lineNumber": 10,
        "author": {
          "gitId": "Leow Wen Bin"
        },
        "content": ""
      },
      {
        "lineNumber": 11,
        "author": {
          "gitId": "Leow Wen Bin"
        },
        "content": "    @Override"
      },
      {
        "lineNumber": 12,
        "author": {
          "gitId": "Leow Wen Bin"
        },
        "content": "    public String toString() {"
      },
      {
        "lineNumber": 13,
        "author": {
          "gitId": "Leow Wen Bin"
        },
        "content": "        return \"[E]\" + super.toString() + \" (at: \" + at + \")\";"
      },
      {
        "lineNumber": 14,
        "author": {
          "gitId": "Leow Wen Bin"
        },
        "content": "    }"
      },
      {
        "lineNumber": 15,
        "author": {
          "gitId": "Leow Wen Bin"
        },
        "content": "}"
      }
    ],
    "authorContributionMap": {
      "Leow Wen Bin": 15
    }
  },
  {
    "path": "src/main/java/InvalidCommandException.java",
    "fileType": "java",
    "lines": [
      {
        "lineNumber": 1,
        "author": {
          "gitId": "Leow Wen Bin"
        },
        "content": "public class InvalidCommandException extends DukeException {"
      },
      {
        "lineNumber": 2,
        "author": {
          "gitId": "Leow Wen Bin"
        },
        "content": "    public InvalidCommandException(String message) {"
      },
      {
        "lineNumber": 3,
        "author": {
          "gitId": "Leow Wen Bin"
        },
        "content": "        super(message);"
      },
      {
        "lineNumber": 4,
        "author": {
          "gitId": "Leow Wen Bin"
        },
        "content": "    }"
      },
      {
        "lineNumber": 5,
        "author": {
          "gitId": "Leow Wen Bin"
        },
        "content": "}"
      }
    ],
    "authorContributionMap": {
      "Leow Wen Bin": 5
    }
  },
  {
    "path": "src/main/java/Task.java",
    "fileType": "java",
    "lines": [
      {
        "lineNumber": 1,
        "author": {
          "gitId": "-"
        },
        "content": "// @@author CS2103/T Software Engineering AY1920S1"
      },
      {
        "lineNumber": 2,
        "author": {
          "gitId": "Leow Wen Bin"
        },
        "content": "// Referenced from https://nus-cs2103-ay1920s1.github.io/website/schedule/week2/project.html"
      },
      {
        "lineNumber": 3,
        "author": {
          "gitId": "Leow Wen Bin"
        },
        "content": "// with minor modifications "
      },
      {
        "lineNumber": 4,
        "author": {
          "gitId": "Leow Wen Bin"
        },
        "content": ""
      },
      {
        "lineNumber": 5,
        "author": {
          "gitId": "Leow Wen Bin"
        },
        "content": "public class Task {"
      },
      {
        "lineNumber": 6,
        "author": {
          "gitId": "Leow Wen Bin"
        },
        "content": "    protected String description;"
      },
      {
        "lineNumber": 7,
        "author": {
          "gitId": "Leow Wen Bin"
        },
        "content": "    protected boolean isDone;"
      },
      {
        "lineNumber": 8,
        "author": {
          "gitId": "Leow Wen Bin"
        },
        "content": ""
      },
      {
        "lineNumber": 9,
        "author": {
          "gitId": "Leow Wen Bin"
        },
        "content": "    public Task(String description) {"
      },
      {
        "lineNumber": 10,
        "author": {
          "gitId": "Leow Wen Bin"
        },
        "content": "        this.description \u003d description;"
      },
      {
        "lineNumber": 11,
        "author": {
          "gitId": "Leow Wen Bin"
        },
        "content": "        this.isDone \u003d false;"
      },
      {
        "lineNumber": 12,
        "author": {
          "gitId": "Leow Wen Bin"
        },
        "content": "    }"
      },
      {
        "lineNumber": 13,
        "author": {
          "gitId": "Leow Wen Bin"
        },
        "content": ""
      },
      {
        "lineNumber": 14,
        "author": {
          "gitId": "Leow Wen Bin"
        },
        "content": "    public String getStatusIcon() {"
      },
      {
        "lineNumber": 15,
        "author": {
          "gitId": "Leow Wen Bin"
        },
        "content": "        return (isDone ? \"\\u2713\" : \"\\u2718\"); //return tick or X symbols"
      },
      {
        "lineNumber": 16,
        "author": {
          "gitId": "Leow Wen Bin"
        },
        "content": "    }"
      },
      {
        "lineNumber": 17,
        "author": {
          "gitId": "Leow Wen Bin"
        },
        "content": ""
      },
      {
        "lineNumber": 18,
        "author": {
          "gitId": "Leow Wen Bin"
        },
        "content": "    public void markAsDone() {"
      },
      {
        "lineNumber": 19,
        "author": {
          "gitId": "Leow Wen Bin"
        },
        "content": "        this.isDone \u003d true;"
      },
      {
        "lineNumber": 20,
        "author": {
          "gitId": "Leow Wen Bin"
        },
        "content": "    }"
      },
      {
        "lineNumber": 21,
        "author": {
          "gitId": "Leow Wen Bin"
        },
        "content": ""
      },
      {
        "lineNumber": 22,
        "author": {
          "gitId": "Leow Wen Bin"
        },
        "content": "    public String toString() {"
      },
      {
        "lineNumber": 23,
        "author": {
          "gitId": "Leow Wen Bin"
        },
        "content": "        return \"[\""
      },
      {
        "lineNumber": 24,
        "author": {
          "gitId": "Leow Wen Bin"
        },
        "content": "            + getStatusIcon()"
      },
      {
        "lineNumber": 25,
        "author": {
          "gitId": "Leow Wen Bin"
        },
        "content": "            + \"] \""
      },
      {
        "lineNumber": 26,
        "author": {
          "gitId": "Leow Wen Bin"
        },
        "content": "            + description;"
      },
      {
        "lineNumber": 27,
        "author": {
          "gitId": "Leow Wen Bin"
        },
        "content": "    }"
      },
      {
        "lineNumber": 28,
        "author": {
          "gitId": "Leow Wen Bin"
        },
        "content": "    "
      },
      {
        "lineNumber": 29,
        "author": {
          "gitId": "Leow Wen Bin"
        },
        "content": "    public String getDescription() {"
      },
      {
        "lineNumber": 30,
        "author": {
          "gitId": "Leow Wen Bin"
        },
        "content": "        return this.description;"
      },
      {
        "lineNumber": 31,
        "author": {
          "gitId": "Leow Wen Bin"
        },
        "content": "    }"
      },
      {
        "lineNumber": 32,
        "author": {
          "gitId": "Leow Wen Bin"
        },
        "content": "}"
      }
    ],
    "authorContributionMap": {
      "-": 1,
      "Leow Wen Bin": 31
    }
  },
  {
    "path": "src/main/java/Todo.java",
    "fileType": "java",
    "lines": [
      {
        "lineNumber": 1,
        "author": {
          "gitId": "Leow Wen Bin"
        },
        "content": "// Adapted from https://nus-cs2103-ay1920s1.github.io/website/schedule/week2/project.html "
      },
      {
        "lineNumber": 2,
        "author": {
          "gitId": "Leow Wen Bin"
        },
        "content": ""
      },
      {
        "lineNumber": 3,
        "author": {
          "gitId": "Leow Wen Bin"
        },
        "content": "public class Todo extends Task {\t"
      },
      {
        "lineNumber": 4,
        "author": {
          "gitId": "Leow Wen Bin"
        },
        "content": "\tpublic Todo(String description) {"
      },
      {
        "lineNumber": 5,
        "author": {
          "gitId": "Leow Wen Bin"
        },
        "content": "\t\tsuper(description);"
      },
      {
        "lineNumber": 6,
        "author": {
          "gitId": "Leow Wen Bin"
        },
        "content": "\t}"
      },
      {
        "lineNumber": 7,
        "author": {
          "gitId": "Leow Wen Bin"
        },
        "content": ""
      },
      {
        "lineNumber": 8,
        "author": {
          "gitId": "Leow Wen Bin"
        },
        "content": "\t@Override"
      },
      {
        "lineNumber": 9,
        "author": {
          "gitId": "Leow Wen Bin"
        },
        "content": "\tpublic String toString() {"
      },
      {
        "lineNumber": 10,
        "author": {
          "gitId": "Leow Wen Bin"
        },
        "content": "\t\treturn \"[T]\" + super.toString();"
      },
      {
        "lineNumber": 11,
        "author": {
          "gitId": "Leow Wen Bin"
        },
        "content": "\t}"
      },
      {
        "lineNumber": 12,
        "author": {
          "gitId": "Leow Wen Bin"
        },
        "content": "}"
      }
    ],
    "authorContributionMap": {
      "Leow Wen Bin": 12
    }
  },
  {
    "path": "text-ui-test/input.txt",
    "fileType": "txt",
    "lines": [
      {
        "lineNumber": 1,
        "author": {
          "gitId": "Leow Wen Bin"
        },
        "content": "todo borrow book"
      },
      {
        "lineNumber": 2,
        "author": {
          "gitId": "Leow Wen Bin"
        },
        "content": "event project meeting /at tomorrow 2-4pm"
      },
      {
        "lineNumber": 3,
        "author": {
          "gitId": "Leow Wen Bin"
        },
        "content": "deadline return book /by sunday"
      },
      {
        "lineNumber": 4,
        "author": {
          "gitId": "Leow Wen Bin"
        },
        "content": "list"
      },
      {
        "lineNumber": 5,
        "author": {
          "gitId": "Leow Wen Bin"
        },
        "content": "done 2"
      },
      {
        "lineNumber": 6,
        "author": {
          "gitId": "Leow Wen Bin"
        },
        "content": "list"
      },
      {
        "lineNumber": 7,
        "author": {
          "gitId": "Leow Wen Bin"
        },
        "content": "bye"
      },
      {
        "lineNumber": 8,
        "author": {
          "gitId": "Leow Wen Bin"
        },
        "content": ""
      }
    ],
    "authorContributionMap": {
      "Leow Wen Bin": 8
    }
  },
  {
    "path": "text-ui-test/runtest.bat",
    "fileType": "bat",
    "lines": [
      {
        "lineNumber": 1,
        "author": {
          "gitId": "Leow Wen Bin"
        },
        "content": "@ECHO OFF"
      },
      {
        "lineNumber": 2,
        "author": {
          "gitId": "Leow Wen Bin"
        },
        "content": ""
      },
      {
        "lineNumber": 3,
        "author": {
          "gitId": "Leow Wen Bin"
        },
        "content": "REM create bin directory if it doesn\u0027t exist"
      },
      {
        "lineNumber": 4,
        "author": {
          "gitId": "Leow Wen Bin"
        },
        "content": "if not exist ..\\bin mkdir ..\\bin"
      },
      {
        "lineNumber": 5,
        "author": {
          "gitId": "Leow Wen Bin"
        },
        "content": ""
      },
      {
        "lineNumber": 6,
        "author": {
          "gitId": "Leow Wen Bin"
        },
        "content": "    REM delete output from previous run"
      },
      {
        "lineNumber": 7,
        "author": {
          "gitId": "Leow Wen Bin"
        },
        "content": "    del ACTUAL.TXT"
      },
      {
        "lineNumber": 8,
        "author": {
          "gitId": "Leow Wen Bin"
        },
        "content": ""
      },
      {
        "lineNumber": 9,
        "author": {
          "gitId": "Leow Wen Bin"
        },
        "content": "    REM compile the code into the bin folder"
      },
      {
        "lineNumber": 10,
        "author": {
          "gitId": "Leow Wen Bin"
        },
        "content": "    javac  -cp ..\\src -Xlint:none -d ..\\bin ..\\src\\main\\java\\*.java"
      },
      {
        "lineNumber": 11,
        "author": {
          "gitId": "Leow Wen Bin"
        },
        "content": "    IF ERRORLEVEL 1 ("
      },
      {
        "lineNumber": 12,
        "author": {
          "gitId": "Leow Wen Bin"
        },
        "content": "        echo ********** BUILD FAILURE **********"
      },
      {
        "lineNumber": 13,
        "author": {
          "gitId": "Leow Wen Bin"
        },
        "content": "            exit /b 1"
      },
      {
        "lineNumber": 14,
        "author": {
          "gitId": "Leow Wen Bin"
        },
        "content": "            )"
      },
      {
        "lineNumber": 15,
        "author": {
          "gitId": "Leow Wen Bin"
        },
        "content": "    REM no error here, errorlevel \u003d\u003d 0"
      },
      {
        "lineNumber": 16,
        "author": {
          "gitId": "Leow Wen Bin"
        },
        "content": ""
      },
      {
        "lineNumber": 17,
        "author": {
          "gitId": "Leow Wen Bin"
        },
        "content": "    REM run the program, feed commands from input.txt file and redirect the output to the ACTUAL.TXT"
      },
      {
        "lineNumber": 18,
        "author": {
          "gitId": "Leow Wen Bin"
        },
        "content": "    java -classpath ..\\bin Duke \u003c input.txt \u003e ACTUAL.TXT"
      },
      {
        "lineNumber": 19,
        "author": {
          "gitId": "Leow Wen Bin"
        },
        "content": ""
      },
      {
        "lineNumber": 20,
        "author": {
          "gitId": "Leow Wen Bin"
        },
        "content": "    REM compare the output to the expected output"
      },
      {
        "lineNumber": 21,
        "author": {
          "gitId": "Leow Wen Bin"
        },
        "content": "    FC ACTUAL.TXT EXPECTED.TXT"
      },
      {
        "lineNumber": 22,
        "author": {
          "gitId": "Leow Wen Bin"
        },
        "content": ""
      }
    ],
    "authorContributionMap": {
      "Leow Wen Bin": 22
    }
  }
]
