{
  "authorDailyContributionsMap": {
    "limerencee": [
      {
        "insertions": 28,
        "deletions": 1,
        "date": "2019-08-16",
        "commitResults": [
          {
            "hash": "8a868c5508ce18c35984faeead2a2c007e7bea16",
            "messageTitle": "A-Gradle Tutorial Complete",
            "messageBody": "",
            "insertions": 28,
            "deletions": 1
          }
        ]
      },
      {
        "insertions": 471,
        "deletions": 92,
        "date": "2019-08-18",
        "commitResults": [
          {
            "hash": "756dcf34fec9c257ea8f08cf6329dec6894eaac3",
            "messageTitle": "Level-1 Completed",
            "messageBody": "",
            "insertions": 4,
            "deletions": 0
          },
          {
            "hash": "0f1232e60fedc00033fa7c82677099fd4805396b",
            "messageTitle": "Level-1 Completed (Fixed)",
            "messageBody": "",
            "insertions": 99,
            "deletions": 7
          },
          {
            "hash": "3a7f4e8fffc7f3d64e115ebe984e733054cc6e5a",
            "messageTitle": "Level-2 Complete",
            "messageBody": "",
            "insertions": 57,
            "deletions": 15
          },
          {
            "hash": "781bd01495307be95c37cb96b4d2d83c8d8fa689",
            "messageTitle": "Level-3 Complete",
            "messageBody": "",
            "insertions": 70,
            "deletions": 14
          },
          {
            "hash": "80e50de28a0c7590d718327c302fca5e46d0970a",
            "messageTitle": "Level-4 and Level-5 Complete",
            "messageBody": "Also morphed code to satisfy both A-Inheritance and A-Enums.\n",
            "insertions": 190,
            "deletions": 38
          },
          {
            "hash": "6fb32c2b68dc4a5de82be0678e6bfb4cf2046ce1",
            "messageTitle": "Mini-cleanup",
            "messageBody": "Removed unused final variables as well as reworded comments.\n",
            "insertions": 4,
            "deletions": 6
          },
          {
            "hash": "31539b75f8b4465bc3c3bf77485335ca0576fd5e",
            "messageTitle": "Level-6 Complete",
            "messageBody": "",
            "insertions": 47,
            "deletions": 12
          }
        ]
      },
      {
        "insertions": 276,
        "deletions": 7,
        "date": "2019-08-19",
        "commitResults": [
          {
            "hash": "0ab9cc158166f82db1f4f0c317795dab46526d78",
            "messageTitle": "A-TextUiTesting",
            "messageBody": "",
            "insertions": 58,
            "deletions": 0
          },
          {
            "hash": "f1b279a0670496cdc62e3fc379bfc8a4a9c39bf8",
            "messageTitle": "Level-7",
            "messageBody": "",
            "insertions": 218,
            "deletions": 7
          }
        ]
      },
      {
        "insertions": 792,
        "deletions": 463,
        "date": "2019-08-21",
        "commitResults": [
          {
            "hash": "607e8f5a47650dbe69d3f6aa1ccc61eb05a16e6c",
            "messageTitle": "Level-8 Complete",
            "messageBody": "",
            "insertions": 58,
            "deletions": 9
          },
          {
            "hash": "3ceae05caacb9e3329685daa69d7db85122e7a7e",
            "messageTitle": "A-MoreOOP Complete",
            "messageBody": "",
            "insertions": 626,
            "deletions": 415
          },
          {
            "hash": "1d9a6ddb148082f91282b4131c745bf2be66415f",
            "messageTitle": "A-Packages Complete",
            "messageBody": "",
            "insertions": 108,
            "deletions": 39
          }
        ]
      },
      {
        "insertions": 776,
        "deletions": 228,
        "date": "2019-08-23",
        "commitResults": [
          {
            "hash": "8d7d8b4f9ac353b86ae6a271c9acc7caa6654403",
            "messageTitle": "A-JUnit",
            "messageBody": "Added JUnit tests to test for DukeTask, DukeCommand, DukeUtil. Also included a new JUnit module: SystemOutRule to make unit tests easier.\n",
            "insertions": 216,
            "deletions": 16
          },
          {
            "hash": "ad2d95fe5aab269b4baef3d9ad7479779d895063",
            "messageTitle": "A-Jar",
            "messageBody": "Project can be exported into a single JAR file with shadowJar add-on. Simply run \u0027gradlew shadowJar\u0027 and check \u0027./build/libs/\u0027 for the JAR file. The required data file used for storing tasks will be created if it does not exist.\n",
            "insertions": 8,
            "deletions": 3
          },
          {
            "hash": "a0a8afe72b9bcd648ae1d801ba3ada0a88fe1f95",
            "messageTitle": "A-JavaDoc Complete",
            "messageBody": "",
            "insertions": 99,
            "deletions": 4
          },
          {
            "hash": "f6a1e1532eea8f5107a9685fda94db6ee1f32c38",
            "messageTitle": "A-CodingStandard Complete",
            "messageBody": "Reviewed code to match the coding standard using Gradle Checkstyle plugin, as well as CS2103T\u0027s standard.\n",
            "insertions": 114,
            "deletions": 92
          },
          {
            "hash": "a40211679e1e853ade11b6c54fa2f161b8e9009c",
            "messageTitle": "Level-9 Complete",
            "messageBody": "With further OOP done.\n",
            "insertions": 339,
            "deletions": 113
          }
        ]
      }
    ]
  },
  "authorFinalContributionMap": {
    "limerencee": 1561
  },
  "authorFileTypeContributionMap": {
    "limerencee": {
      "java": 1466,
      "md": 0,
      "fxml": 0,
      "sh": 0,
      "bat": 21,
      "gradle": 27,
      "txt": 47
    }
  },
  "authorContributionVariance": {
    "limerencee": 219149.44
  },
  "authorDisplayNameMap": {
    "limerencee": "POH  ..  HAO"
  }
}
