[
  {
    "path": "build.gradle",
    "fileType": "gradle",
    "lines": [
      {
        "lineNumber": 1,
        "author": {
          "gitId": "Jeffry Lum"
        },
        "content": "plugins {"
      },
      {
        "lineNumber": 2,
        "author": {
          "gitId": "Jeffry Lum"
        },
        "content": "    id \u0027java\u0027"
      },
      {
        "lineNumber": 3,
        "author": {
          "gitId": "Jeffry Lum"
        },
        "content": "    id \u0027application\u0027"
      },
      {
        "lineNumber": 4,
        "author": {
          "gitId": "Jeffry Lum"
        },
        "content": "}"
      },
      {
        "lineNumber": 5,
        "author": {
          "gitId": "Jeffry Lum"
        },
        "content": ""
      },
      {
        "lineNumber": 6,
        "author": {
          "gitId": "Jeffry Lum"
        },
        "content": "group \u0027seedu.duke\u0027"
      },
      {
        "lineNumber": 7,
        "author": {
          "gitId": "Jeffry Lum"
        },
        "content": "version \u00270.1.0\u0027"
      },
      {
        "lineNumber": 8,
        "author": {
          "gitId": "Jeffry Lum"
        },
        "content": ""
      },
      {
        "lineNumber": 9,
        "author": {
          "gitId": "Jeffry Lum"
        },
        "content": "repositories {"
      },
      {
        "lineNumber": 10,
        "author": {
          "gitId": "Jeffry Lum"
        },
        "content": "    mavenCentral()"
      },
      {
        "lineNumber": 11,
        "author": {
          "gitId": "Jeffry Lum"
        },
        "content": "}"
      },
      {
        "lineNumber": 12,
        "author": {
          "gitId": "Jeffry Lum"
        },
        "content": ""
      },
      {
        "lineNumber": 13,
        "author": {
          "gitId": "Jeffry Lum"
        },
        "content": "application {"
      },
      {
        "lineNumber": 14,
        "author": {
          "gitId": "Jeffry Lum"
        },
        "content": "    // Change this to your main class."
      },
      {
        "lineNumber": 15,
        "author": {
          "gitId": "arjavibahety"
        },
        "content": "    mainClassName \u003d \"Duke\""
      },
      {
        "lineNumber": 16,
        "author": {
          "gitId": "Jeffry Lum"
        },
        "content": "}"
      }
    ],
    "authorContributionMap": {
      "arjavibahety": 1,
      "Jeffry Lum": 15
    }
  },
  {
    "path": "gradlew.bat",
    "fileType": "bat",
    "lines": [
      {
        "lineNumber": 1,
        "author": {
          "gitId": "Jeffry Lum"
        },
        "content": "@if \"%DEBUG%\" \u003d\u003d \"\" @echo off"
      },
      {
        "lineNumber": 2,
        "author": {
          "gitId": "Jeffry Lum"
        },
        "content": "@rem ##########################################################################"
      },
      {
        "lineNumber": 3,
        "author": {
          "gitId": "Jeffry Lum"
        },
        "content": "@rem"
      },
      {
        "lineNumber": 4,
        "author": {
          "gitId": "Jeffry Lum"
        },
        "content": "@rem  Gradle startup script for Windows"
      },
      {
        "lineNumber": 5,
        "author": {
          "gitId": "Jeffry Lum"
        },
        "content": "@rem"
      },
      {
        "lineNumber": 6,
        "author": {
          "gitId": "Jeffry Lum"
        },
        "content": "@rem ##########################################################################"
      },
      {
        "lineNumber": 7,
        "author": {
          "gitId": "Jeffry Lum"
        },
        "content": ""
      },
      {
        "lineNumber": 8,
        "author": {
          "gitId": "Jeffry Lum"
        },
        "content": "@rem Set local scope for the variables with windows NT shell"
      },
      {
        "lineNumber": 9,
        "author": {
          "gitId": "Jeffry Lum"
        },
        "content": "if \"%OS%\"\u003d\u003d\"Windows_NT\" setlocal"
      },
      {
        "lineNumber": 10,
        "author": {
          "gitId": "Jeffry Lum"
        },
        "content": ""
      },
      {
        "lineNumber": 11,
        "author": {
          "gitId": "Jeffry Lum"
        },
        "content": "set DIRNAME\u003d%~dp0"
      },
      {
        "lineNumber": 12,
        "author": {
          "gitId": "Jeffry Lum"
        },
        "content": "if \"%DIRNAME%\" \u003d\u003d \"\" set DIRNAME\u003d."
      },
      {
        "lineNumber": 13,
        "author": {
          "gitId": "Jeffry Lum"
        },
        "content": "set APP_BASE_NAME\u003d%~n0"
      },
      {
        "lineNumber": 14,
        "author": {
          "gitId": "Jeffry Lum"
        },
        "content": "set APP_HOME\u003d%DIRNAME%"
      },
      {
        "lineNumber": 15,
        "author": {
          "gitId": "Jeffry Lum"
        },
        "content": ""
      },
      {
        "lineNumber": 16,
        "author": {
          "gitId": "Jeffry Lum"
        },
        "content": "@rem Add default JVM options here. You can also use JAVA_OPTS and GRADLE_OPTS to pass JVM options to this script."
      },
      {
        "lineNumber": 17,
        "author": {
          "gitId": "Jeffry Lum"
        },
        "content": "set DEFAULT_JVM_OPTS\u003d\"-Xmx64m\""
      },
      {
        "lineNumber": 18,
        "author": {
          "gitId": "Jeffry Lum"
        },
        "content": ""
      },
      {
        "lineNumber": 19,
        "author": {
          "gitId": "Jeffry Lum"
        },
        "content": "@rem Find java.exe"
      },
      {
        "lineNumber": 20,
        "author": {
          "gitId": "Jeffry Lum"
        },
        "content": "if defined JAVA_HOME goto findJavaFromJavaHome"
      },
      {
        "lineNumber": 21,
        "author": {
          "gitId": "Jeffry Lum"
        },
        "content": ""
      },
      {
        "lineNumber": 22,
        "author": {
          "gitId": "Jeffry Lum"
        },
        "content": "set JAVA_EXE\u003djava.exe"
      },
      {
        "lineNumber": 23,
        "author": {
          "gitId": "Jeffry Lum"
        },
        "content": "%JAVA_EXE% -version \u003eNUL 2\u003e\u00261"
      },
      {
        "lineNumber": 24,
        "author": {
          "gitId": "Jeffry Lum"
        },
        "content": "if \"%ERRORLEVEL%\" \u003d\u003d \"0\" goto init"
      },
      {
        "lineNumber": 25,
        "author": {
          "gitId": "Jeffry Lum"
        },
        "content": ""
      },
      {
        "lineNumber": 26,
        "author": {
          "gitId": "Jeffry Lum"
        },
        "content": "echo."
      },
      {
        "lineNumber": 27,
        "author": {
          "gitId": "Jeffry Lum"
        },
        "content": "echo ERROR: JAVA_HOME is not set and no \u0027java\u0027 command could be found in your PATH."
      },
      {
        "lineNumber": 28,
        "author": {
          "gitId": "Jeffry Lum"
        },
        "content": "echo."
      },
      {
        "lineNumber": 29,
        "author": {
          "gitId": "Jeffry Lum"
        },
        "content": "echo Please set the JAVA_HOME variable in your environment to match the"
      },
      {
        "lineNumber": 30,
        "author": {
          "gitId": "Jeffry Lum"
        },
        "content": "echo location of your Java installation."
      },
      {
        "lineNumber": 31,
        "author": {
          "gitId": "Jeffry Lum"
        },
        "content": ""
      },
      {
        "lineNumber": 32,
        "author": {
          "gitId": "Jeffry Lum"
        },
        "content": "goto fail"
      },
      {
        "lineNumber": 33,
        "author": {
          "gitId": "Jeffry Lum"
        },
        "content": ""
      },
      {
        "lineNumber": 34,
        "author": {
          "gitId": "Jeffry Lum"
        },
        "content": ":findJavaFromJavaHome"
      },
      {
        "lineNumber": 35,
        "author": {
          "gitId": "Jeffry Lum"
        },
        "content": "set JAVA_HOME\u003d%JAVA_HOME:\"\u003d%"
      },
      {
        "lineNumber": 36,
        "author": {
          "gitId": "Jeffry Lum"
        },
        "content": "set JAVA_EXE\u003d%JAVA_HOME%/bin/java.exe"
      },
      {
        "lineNumber": 37,
        "author": {
          "gitId": "Jeffry Lum"
        },
        "content": ""
      },
      {
        "lineNumber": 38,
        "author": {
          "gitId": "Jeffry Lum"
        },
        "content": "if exist \"%JAVA_EXE%\" goto init"
      },
      {
        "lineNumber": 39,
        "author": {
          "gitId": "Jeffry Lum"
        },
        "content": ""
      },
      {
        "lineNumber": 40,
        "author": {
          "gitId": "Jeffry Lum"
        },
        "content": "echo."
      },
      {
        "lineNumber": 41,
        "author": {
          "gitId": "Jeffry Lum"
        },
        "content": "echo ERROR: JAVA_HOME is set to an invalid directory: %JAVA_HOME%"
      },
      {
        "lineNumber": 42,
        "author": {
          "gitId": "Jeffry Lum"
        },
        "content": "echo."
      },
      {
        "lineNumber": 43,
        "author": {
          "gitId": "Jeffry Lum"
        },
        "content": "echo Please set the JAVA_HOME variable in your environment to match the"
      },
      {
        "lineNumber": 44,
        "author": {
          "gitId": "Jeffry Lum"
        },
        "content": "echo location of your Java installation."
      },
      {
        "lineNumber": 45,
        "author": {
          "gitId": "Jeffry Lum"
        },
        "content": ""
      },
      {
        "lineNumber": 46,
        "author": {
          "gitId": "Jeffry Lum"
        },
        "content": "goto fail"
      },
      {
        "lineNumber": 47,
        "author": {
          "gitId": "Jeffry Lum"
        },
        "content": ""
      },
      {
        "lineNumber": 48,
        "author": {
          "gitId": "Jeffry Lum"
        },
        "content": ":init"
      },
      {
        "lineNumber": 49,
        "author": {
          "gitId": "Jeffry Lum"
        },
        "content": "@rem Get command-line arguments, handling Windows variants"
      },
      {
        "lineNumber": 50,
        "author": {
          "gitId": "Jeffry Lum"
        },
        "content": ""
      },
      {
        "lineNumber": 51,
        "author": {
          "gitId": "Jeffry Lum"
        },
        "content": "if not \"%OS%\" \u003d\u003d \"Windows_NT\" goto win9xME_args"
      },
      {
        "lineNumber": 52,
        "author": {
          "gitId": "Jeffry Lum"
        },
        "content": ""
      },
      {
        "lineNumber": 53,
        "author": {
          "gitId": "Jeffry Lum"
        },
        "content": ":win9xME_args"
      },
      {
        "lineNumber": 54,
        "author": {
          "gitId": "Jeffry Lum"
        },
        "content": "@rem Slurp the command line arguments."
      },
      {
        "lineNumber": 55,
        "author": {
          "gitId": "Jeffry Lum"
        },
        "content": "set CMD_LINE_ARGS\u003d"
      },
      {
        "lineNumber": 56,
        "author": {
          "gitId": "Jeffry Lum"
        },
        "content": "set _SKIP\u003d2"
      },
      {
        "lineNumber": 57,
        "author": {
          "gitId": "Jeffry Lum"
        },
        "content": ""
      },
      {
        "lineNumber": 58,
        "author": {
          "gitId": "Jeffry Lum"
        },
        "content": ":win9xME_args_slurp"
      },
      {
        "lineNumber": 59,
        "author": {
          "gitId": "Jeffry Lum"
        },
        "content": "if \"x%~1\" \u003d\u003d \"x\" goto execute"
      },
      {
        "lineNumber": 60,
        "author": {
          "gitId": "Jeffry Lum"
        },
        "content": ""
      },
      {
        "lineNumber": 61,
        "author": {
          "gitId": "Jeffry Lum"
        },
        "content": "set CMD_LINE_ARGS\u003d%*"
      },
      {
        "lineNumber": 62,
        "author": {
          "gitId": "Jeffry Lum"
        },
        "content": ""
      },
      {
        "lineNumber": 63,
        "author": {
          "gitId": "Jeffry Lum"
        },
        "content": ":execute"
      },
      {
        "lineNumber": 64,
        "author": {
          "gitId": "Jeffry Lum"
        },
        "content": "@rem Setup the command line"
      },
      {
        "lineNumber": 65,
        "author": {
          "gitId": "Jeffry Lum"
        },
        "content": ""
      },
      {
        "lineNumber": 66,
        "author": {
          "gitId": "Jeffry Lum"
        },
        "content": "set CLASSPATH\u003d%APP_HOME%\\gradle\\wrapper\\gradle-wrapper.jar"
      },
      {
        "lineNumber": 67,
        "author": {
          "gitId": "Jeffry Lum"
        },
        "content": ""
      },
      {
        "lineNumber": 68,
        "author": {
          "gitId": "Jeffry Lum"
        },
        "content": "@rem Execute Gradle"
      },
      {
        "lineNumber": 69,
        "author": {
          "gitId": "Jeffry Lum"
        },
        "content": "\"%JAVA_EXE%\" %DEFAULT_JVM_OPTS% %JAVA_OPTS% %GRADLE_OPTS% \"-Dorg.gradle.appname\u003d%APP_BASE_NAME%\" -classpath \"%CLASSPATH%\" org.gradle.wrapper.GradleWrapperMain %CMD_LINE_ARGS%"
      },
      {
        "lineNumber": 70,
        "author": {
          "gitId": "Jeffry Lum"
        },
        "content": ""
      },
      {
        "lineNumber": 71,
        "author": {
          "gitId": "Jeffry Lum"
        },
        "content": ":end"
      },
      {
        "lineNumber": 72,
        "author": {
          "gitId": "Jeffry Lum"
        },
        "content": "@rem End local scope for the variables with windows NT shell"
      },
      {
        "lineNumber": 73,
        "author": {
          "gitId": "Jeffry Lum"
        },
        "content": "if \"%ERRORLEVEL%\"\u003d\u003d\"0\" goto mainEnd"
      },
      {
        "lineNumber": 74,
        "author": {
          "gitId": "Jeffry Lum"
        },
        "content": ""
      },
      {
        "lineNumber": 75,
        "author": {
          "gitId": "Jeffry Lum"
        },
        "content": ":fail"
      },
      {
        "lineNumber": 76,
        "author": {
          "gitId": "Jeffry Lum"
        },
        "content": "rem Set variable GRADLE_EXIT_CONSOLE if you need the _script_ return code instead of"
      },
      {
        "lineNumber": 77,
        "author": {
          "gitId": "Jeffry Lum"
        },
        "content": "rem the _cmd.exe /c_ return code!"
      },
      {
        "lineNumber": 78,
        "author": {
          "gitId": "Jeffry Lum"
        },
        "content": "if  not \"\" \u003d\u003d \"%GRADLE_EXIT_CONSOLE%\" exit 1"
      },
      {
        "lineNumber": 79,
        "author": {
          "gitId": "Jeffry Lum"
        },
        "content": "exit /b 1"
      },
      {
        "lineNumber": 80,
        "author": {
          "gitId": "Jeffry Lum"
        },
        "content": ""
      },
      {
        "lineNumber": 81,
        "author": {
          "gitId": "Jeffry Lum"
        },
        "content": ":mainEnd"
      },
      {
        "lineNumber": 82,
        "author": {
          "gitId": "Jeffry Lum"
        },
        "content": "if \"%OS%\"\u003d\u003d\"Windows_NT\" endlocal"
      },
      {
        "lineNumber": 83,
        "author": {
          "gitId": "Jeffry Lum"
        },
        "content": ""
      },
      {
        "lineNumber": 84,
        "author": {
          "gitId": "Jeffry Lum"
        },
        "content": ":omega"
      }
    ],
    "authorContributionMap": {
      "Jeffry Lum": 84
    }
  },
  {
    "path": "settings.gradle",
    "fileType": "gradle",
    "lines": [
      {
        "lineNumber": 1,
        "author": {
          "gitId": "Jeffry Lum"
        },
        "content": "rootProject.name \u003d \u0027duke\u0027"
      }
    ],
    "authorContributionMap": {
      "Jeffry Lum": 1
    }
  },
  {
    "path": "src/main/java/Deadline.java",
    "fileType": "java",
    "lines": [
      {
        "lineNumber": 1,
        "author": {
          "gitId": "arjavibahety"
        },
        "content": "public class Deadline extends Task {"
      },
      {
        "lineNumber": 2,
        "author": {
          "gitId": "arjavibahety"
        },
        "content": ""
      },
      {
        "lineNumber": 3,
        "author": {
          "gitId": "arjavibahety"
        },
        "content": "    protected String by;"
      },
      {
        "lineNumber": 4,
        "author": {
          "gitId": "arjavibahety"
        },
        "content": ""
      },
      {
        "lineNumber": 5,
        "author": {
          "gitId": "arjavibahety"
        },
        "content": "    public Deadline(String description, String by) {"
      },
      {
        "lineNumber": 6,
        "author": {
          "gitId": "arjavibahety"
        },
        "content": "        super(description);"
      },
      {
        "lineNumber": 7,
        "author": {
          "gitId": "arjavibahety"
        },
        "content": "        this.by \u003d by;"
      },
      {
        "lineNumber": 8,
        "author": {
          "gitId": "arjavibahety"
        },
        "content": "    }"
      },
      {
        "lineNumber": 9,
        "author": {
          "gitId": "arjavibahety"
        },
        "content": ""
      },
      {
        "lineNumber": 10,
        "author": {
          "gitId": "arjavibahety"
        },
        "content": "    @Override"
      },
      {
        "lineNumber": 11,
        "author": {
          "gitId": "arjavibahety"
        },
        "content": "    public String toString() {"
      },
      {
        "lineNumber": 12,
        "author": {
          "gitId": "arjavibahety"
        },
        "content": "        return \"[D]\" + super.toString() + \" (by: \" + by + \")\";"
      },
      {
        "lineNumber": 13,
        "author": {
          "gitId": "arjavibahety"
        },
        "content": "    }"
      },
      {
        "lineNumber": 14,
        "author": {
          "gitId": "arjavibahety"
        },
        "content": "}"
      }
    ],
    "authorContributionMap": {
      "arjavibahety": 14
    }
  },
  {
    "path": "src/main/java/Duke.java",
    "fileType": "java",
    "lines": [
      {
        "lineNumber": 1,
        "author": {
          "gitId": "arjavibahety"
        },
        "content": "import java.util.Scanner;"
      },
      {
        "lineNumber": 2,
        "author": {
          "gitId": "arjavibahety"
        },
        "content": ""
      },
      {
        "lineNumber": 3,
        "author": {
          "gitId": "-"
        },
        "content": "public class Duke {"
      },
      {
        "lineNumber": 4,
        "author": {
          "gitId": "arjavibahety"
        },
        "content": "    /**"
      },
      {
        "lineNumber": 5,
        "author": {
          "gitId": "arjavibahety"
        },
        "content": "     * The duke project."
      },
      {
        "lineNumber": 6,
        "author": {
          "gitId": "arjavibahety"
        },
        "content": "     */"
      },
      {
        "lineNumber": 7,
        "author": {
          "gitId": "arjavibahety"
        },
        "content": ""
      },
      {
        "lineNumber": 8,
        "author": {
          "gitId": "-"
        },
        "content": "    public static void main(String[] args) {"
      },
      {
        "lineNumber": 9,
        "author": {
          "gitId": "-"
        },
        "content": "        String logo \u003d \" ____        _        \\n\""
      },
      {
        "lineNumber": 10,
        "author": {
          "gitId": "-"
        },
        "content": "                + \"|  _ \\\\ _   _| | _____ \\n\""
      },
      {
        "lineNumber": 11,
        "author": {
          "gitId": "-"
        },
        "content": "                + \"| | | | | | | |/ / _ \\\\\\n\""
      },
      {
        "lineNumber": 12,
        "author": {
          "gitId": "-"
        },
        "content": "                + \"| |_| | |_| |   \u003c  __/\\n\""
      },
      {
        "lineNumber": 13,
        "author": {
          "gitId": "-"
        },
        "content": "                + \"|____/ \\\\__,_|_|\\\\_\\\\___|\\n\";"
      },
      {
        "lineNumber": 14,
        "author": {
          "gitId": "arjavibahety"
        },
        "content": ""
      },
      {
        "lineNumber": 15,
        "author": {
          "gitId": "arjavibahety"
        },
        "content": "        String line \u003d \"    __________________________________\";"
      },
      {
        "lineNumber": 16,
        "author": {
          "gitId": "arjavibahety"
        },
        "content": ""
      },
      {
        "lineNumber": 17,
        "author": {
          "gitId": "arjavibahety"
        },
        "content": "        System.out.println(line);"
      },
      {
        "lineNumber": 18,
        "author": {
          "gitId": "arjavibahety"
        },
        "content": "        System.out.println(\"    Hello! I\u0027m Duke\");"
      },
      {
        "lineNumber": 19,
        "author": {
          "gitId": "arjavibahety"
        },
        "content": "        System.out.println(\"    What can I do for you?\");"
      },
      {
        "lineNumber": 20,
        "author": {
          "gitId": "arjavibahety"
        },
        "content": "        System.out.println(line);"
      },
      {
        "lineNumber": 21,
        "author": {
          "gitId": "arjavibahety"
        },
        "content": ""
      },
      {
        "lineNumber": 22,
        "author": {
          "gitId": "arjavibahety"
        },
        "content": "        Scanner sc \u003d new Scanner(System.in);"
      },
      {
        "lineNumber": 23,
        "author": {
          "gitId": "arjavibahety"
        },
        "content": "        String echo \u003d \"\";"
      },
      {
        "lineNumber": 24,
        "author": {
          "gitId": "arjavibahety"
        },
        "content": "        int counter \u003d 0;"
      },
      {
        "lineNumber": 25,
        "author": {
          "gitId": "arjavibahety"
        },
        "content": "        Task[] list \u003d new Task[100];"
      },
      {
        "lineNumber": 26,
        "author": {
          "gitId": "arjavibahety"
        },
        "content": ""
      },
      {
        "lineNumber": 27,
        "author": {
          "gitId": "arjavibahety"
        },
        "content": "        if (sc.hasNextLine()) {"
      },
      {
        "lineNumber": 28,
        "author": {
          "gitId": "arjavibahety"
        },
        "content": "            echo \u003d sc.nextLine();"
      },
      {
        "lineNumber": 29,
        "author": {
          "gitId": "arjavibahety"
        },
        "content": "            while (!echo.equals(\"bye\")) {"
      },
      {
        "lineNumber": 30,
        "author": {
          "gitId": "arjavibahety"
        },
        "content": "                String[] echoArr \u003d echo.split(\" \");"
      },
      {
        "lineNumber": 31,
        "author": {
          "gitId": "arjavibahety"
        },
        "content": "                System.out.println(line);"
      },
      {
        "lineNumber": 32,
        "author": {
          "gitId": "arjavibahety"
        },
        "content": "                if(echo.equals(\"list\")) {"
      },
      {
        "lineNumber": 33,
        "author": {
          "gitId": "arjavibahety"
        },
        "content": "                    System.out.println(\"    Here are the tasks in your list:\");"
      },
      {
        "lineNumber": 34,
        "author": {
          "gitId": "arjavibahety"
        },
        "content": "                    for(int i \u003d 0; i \u003c counter; i++) {"
      },
      {
        "lineNumber": 35,
        "author": {
          "gitId": "arjavibahety"
        },
        "content": "                        System.out.println(\"    \" + (i + 1) + \". \" + list[i]);"
      },
      {
        "lineNumber": 36,
        "author": {
          "gitId": "arjavibahety"
        },
        "content": "                    }"
      },
      {
        "lineNumber": 37,
        "author": {
          "gitId": "arjavibahety"
        },
        "content": "                } else if(echoArr[0].equals(\"done\")) {"
      },
      {
        "lineNumber": 38,
        "author": {
          "gitId": "arjavibahety"
        },
        "content": "                    list[Integer.parseInt(echoArr[1]) - 1].markAsDone();"
      },
      {
        "lineNumber": 39,
        "author": {
          "gitId": "arjavibahety"
        },
        "content": "                    System.out.println(\"    Nice! I\u0027ve marked this task as done: \");"
      },
      {
        "lineNumber": 40,
        "author": {
          "gitId": "arjavibahety"
        },
        "content": "                    System.out.println(\"     \" + list[Integer.parseInt(echoArr[1]) - 1]);"
      },
      {
        "lineNumber": 41,
        "author": {
          "gitId": "arjavibahety"
        },
        "content": "                } else {"
      },
      {
        "lineNumber": 42,
        "author": {
          "gitId": "arjavibahety"
        },
        "content": "                    if(echoArr[0].equals(\"deadline\")) {"
      },
      {
        "lineNumber": 43,
        "author": {
          "gitId": "arjavibahety"
        },
        "content": "                        list[counter] \u003d new Deadline(echo.substring(echo.indexOf(\" \") + 1, echo.indexOf(\"/\") - 1),"
      },
      {
        "lineNumber": 44,
        "author": {
          "gitId": "arjavibahety"
        },
        "content": "                                                     echo.substring(echo.indexOf(\"/by\") + 4));"
      },
      {
        "lineNumber": 45,
        "author": {
          "gitId": "arjavibahety"
        },
        "content": "                    } else if(echoArr[0].equals(\"todo\")) {"
      },
      {
        "lineNumber": 46,
        "author": {
          "gitId": "arjavibahety"
        },
        "content": "                        list[counter] \u003d new Todo(echo.substring(echo.indexOf(\" \") + 1));"
      },
      {
        "lineNumber": 47,
        "author": {
          "gitId": "arjavibahety"
        },
        "content": "                    } else if(echoArr[0].equals(\"event\")) {"
      },
      {
        "lineNumber": 48,
        "author": {
          "gitId": "arjavibahety"
        },
        "content": "                        list[counter] \u003d new Event(echo.substring(echo.indexOf(\" \") + 1, echo.indexOf(\"/\") - 1),"
      },
      {
        "lineNumber": 49,
        "author": {
          "gitId": "arjavibahety"
        },
        "content": "                                echo.substring(echo.indexOf(\"/at\") + 4));"
      },
      {
        "lineNumber": 50,
        "author": {
          "gitId": "arjavibahety"
        },
        "content": "                    }"
      },
      {
        "lineNumber": 51,
        "author": {
          "gitId": "arjavibahety"
        },
        "content": "                    System.out.println(\"    Got it. I\u0027ve added this task:\");"
      },
      {
        "lineNumber": 52,
        "author": {
          "gitId": "arjavibahety"
        },
        "content": "                    System.out.println(\"     \" + list[counter]);"
      },
      {
        "lineNumber": 53,
        "author": {
          "gitId": "arjavibahety"
        },
        "content": "                    counter++;"
      },
      {
        "lineNumber": 54,
        "author": {
          "gitId": "arjavibahety"
        },
        "content": "                    System.out.println(\"    Now you have \" + counter + \" in the list.\");"
      },
      {
        "lineNumber": 55,
        "author": {
          "gitId": "arjavibahety"
        },
        "content": "                }"
      },
      {
        "lineNumber": 56,
        "author": {
          "gitId": "arjavibahety"
        },
        "content": "                System.out.println(line);"
      },
      {
        "lineNumber": 57,
        "author": {
          "gitId": "arjavibahety"
        },
        "content": "                echo \u003d sc.nextLine();"
      },
      {
        "lineNumber": 58,
        "author": {
          "gitId": "arjavibahety"
        },
        "content": "            }"
      },
      {
        "lineNumber": 59,
        "author": {
          "gitId": "arjavibahety"
        },
        "content": ""
      },
      {
        "lineNumber": 60,
        "author": {
          "gitId": "arjavibahety"
        },
        "content": "            if (echo.equals(\"bye\")) {"
      },
      {
        "lineNumber": 61,
        "author": {
          "gitId": "arjavibahety"
        },
        "content": "                System.out.println(line);"
      },
      {
        "lineNumber": 62,
        "author": {
          "gitId": "arjavibahety"
        },
        "content": "                System.out.println(\"    Bye. Hope to see you again soon!\");"
      },
      {
        "lineNumber": 63,
        "author": {
          "gitId": "arjavibahety"
        },
        "content": "                System.out.println(line);"
      },
      {
        "lineNumber": 64,
        "author": {
          "gitId": "arjavibahety"
        },
        "content": "            }"
      },
      {
        "lineNumber": 65,
        "author": {
          "gitId": "arjavibahety"
        },
        "content": "        }"
      },
      {
        "lineNumber": 66,
        "author": {
          "gitId": "arjavibahety"
        },
        "content": ""
      },
      {
        "lineNumber": 67,
        "author": {
          "gitId": "-"
        },
        "content": "    }"
      },
      {
        "lineNumber": 68,
        "author": {
          "gitId": "-"
        },
        "content": "}"
      }
    ],
    "authorContributionMap": {
      "arjavibahety": 59,
      "-": 9
    }
  },
  {
    "path": "src/main/java/Event.java",
    "fileType": "java",
    "lines": [
      {
        "lineNumber": 1,
        "author": {
          "gitId": "arjavibahety"
        },
        "content": "public class Event extends Task {"
      },
      {
        "lineNumber": 2,
        "author": {
          "gitId": "arjavibahety"
        },
        "content": ""
      },
      {
        "lineNumber": 3,
        "author": {
          "gitId": "arjavibahety"
        },
        "content": "    protected String at;"
      },
      {
        "lineNumber": 4,
        "author": {
          "gitId": "arjavibahety"
        },
        "content": ""
      },
      {
        "lineNumber": 5,
        "author": {
          "gitId": "arjavibahety"
        },
        "content": "    public Event(String description, String at) {"
      },
      {
        "lineNumber": 6,
        "author": {
          "gitId": "arjavibahety"
        },
        "content": "        super(description);"
      },
      {
        "lineNumber": 7,
        "author": {
          "gitId": "arjavibahety"
        },
        "content": "        this.at \u003d at;"
      },
      {
        "lineNumber": 8,
        "author": {
          "gitId": "arjavibahety"
        },
        "content": "    }"
      },
      {
        "lineNumber": 9,
        "author": {
          "gitId": "arjavibahety"
        },
        "content": ""
      },
      {
        "lineNumber": 10,
        "author": {
          "gitId": "arjavibahety"
        },
        "content": "    @Override"
      },
      {
        "lineNumber": 11,
        "author": {
          "gitId": "arjavibahety"
        },
        "content": "    public String toString() {"
      },
      {
        "lineNumber": 12,
        "author": {
          "gitId": "arjavibahety"
        },
        "content": "        return \"[D]\" + super.toString() + \" (at: \" + at + \")\";"
      },
      {
        "lineNumber": 13,
        "author": {
          "gitId": "arjavibahety"
        },
        "content": "    }"
      },
      {
        "lineNumber": 14,
        "author": {
          "gitId": "arjavibahety"
        },
        "content": "}"
      }
    ],
    "authorContributionMap": {
      "arjavibahety": 14
    }
  },
  {
    "path": "src/main/java/Task.java",
    "fileType": "java",
    "lines": [
      {
        "lineNumber": 1,
        "author": {
          "gitId": "arjavibahety"
        },
        "content": "public class Task {"
      },
      {
        "lineNumber": 2,
        "author": {
          "gitId": "arjavibahety"
        },
        "content": "    protected String description;"
      },
      {
        "lineNumber": 3,
        "author": {
          "gitId": "arjavibahety"
        },
        "content": "    protected boolean isDone;"
      },
      {
        "lineNumber": 4,
        "author": {
          "gitId": "arjavibahety"
        },
        "content": ""
      },
      {
        "lineNumber": 5,
        "author": {
          "gitId": "arjavibahety"
        },
        "content": "    public Task(String description) {"
      },
      {
        "lineNumber": 6,
        "author": {
          "gitId": "arjavibahety"
        },
        "content": "        this.description \u003d description;"
      },
      {
        "lineNumber": 7,
        "author": {
          "gitId": "arjavibahety"
        },
        "content": "        this.isDone \u003d false;"
      },
      {
        "lineNumber": 8,
        "author": {
          "gitId": "arjavibahety"
        },
        "content": "    }"
      },
      {
        "lineNumber": 9,
        "author": {
          "gitId": "arjavibahety"
        },
        "content": ""
      },
      {
        "lineNumber": 10,
        "author": {
          "gitId": "arjavibahety"
        },
        "content": "    public String getStatusIcon() {"
      },
      {
        "lineNumber": 11,
        "author": {
          "gitId": "arjavibahety"
        },
        "content": "        return (isDone ? \"\\u2713\" : \"\\u2718\"); //return tick or X symbols"
      },
      {
        "lineNumber": 12,
        "author": {
          "gitId": "arjavibahety"
        },
        "content": "    }"
      },
      {
        "lineNumber": 13,
        "author": {
          "gitId": "arjavibahety"
        },
        "content": ""
      },
      {
        "lineNumber": 14,
        "author": {
          "gitId": "arjavibahety"
        },
        "content": "    public void markAsDone() {"
      },
      {
        "lineNumber": 15,
        "author": {
          "gitId": "arjavibahety"
        },
        "content": "        isDone \u003d true;"
      },
      {
        "lineNumber": 16,
        "author": {
          "gitId": "arjavibahety"
        },
        "content": "    }"
      },
      {
        "lineNumber": 17,
        "author": {
          "gitId": "arjavibahety"
        },
        "content": ""
      },
      {
        "lineNumber": 18,
        "author": {
          "gitId": "arjavibahety"
        },
        "content": "    public String toString() {"
      },
      {
        "lineNumber": 19,
        "author": {
          "gitId": "arjavibahety"
        },
        "content": "        return \"[\" + getStatusIcon() + \"] \" + description;"
      },
      {
        "lineNumber": 20,
        "author": {
          "gitId": "arjavibahety"
        },
        "content": "    }"
      },
      {
        "lineNumber": 21,
        "author": {
          "gitId": "arjavibahety"
        },
        "content": ""
      },
      {
        "lineNumber": 22,
        "author": {
          "gitId": "arjavibahety"
        },
        "content": "}"
      }
    ],
    "authorContributionMap": {
      "arjavibahety": 22
    }
  },
  {
    "path": "src/main/java/Todo.java",
    "fileType": "java",
    "lines": [
      {
        "lineNumber": 1,
        "author": {
          "gitId": "arjavibahety"
        },
        "content": "public class Todo extends Task {"
      },
      {
        "lineNumber": 2,
        "author": {
          "gitId": "arjavibahety"
        },
        "content": ""
      },
      {
        "lineNumber": 3,
        "author": {
          "gitId": "arjavibahety"
        },
        "content": "    public Todo(String description) {"
      },
      {
        "lineNumber": 4,
        "author": {
          "gitId": "arjavibahety"
        },
        "content": "        super(description);"
      },
      {
        "lineNumber": 5,
        "author": {
          "gitId": "arjavibahety"
        },
        "content": "    }"
      },
      {
        "lineNumber": 6,
        "author": {
          "gitId": "arjavibahety"
        },
        "content": ""
      },
      {
        "lineNumber": 7,
        "author": {
          "gitId": "arjavibahety"
        },
        "content": "    @Override"
      },
      {
        "lineNumber": 8,
        "author": {
          "gitId": "arjavibahety"
        },
        "content": "    public String toString() {"
      },
      {
        "lineNumber": 9,
        "author": {
          "gitId": "arjavibahety"
        },
        "content": "        return \"[T]\" + super.toString();"
      },
      {
        "lineNumber": 10,
        "author": {
          "gitId": "arjavibahety"
        },
        "content": "    }"
      },
      {
        "lineNumber": 11,
        "author": {
          "gitId": "arjavibahety"
        },
        "content": "}"
      }
    ],
    "authorContributionMap": {
      "arjavibahety": 11
    }
  },
  {
    "path": "src/test/java/DukeTest.java",
    "fileType": "java",
    "lines": [
      {
        "lineNumber": 1,
        "author": {
          "gitId": "arjavibahety"
        },
        "content": "package PACKAGE_NAME;"
      },
      {
        "lineNumber": 2,
        "author": {
          "gitId": "arjavibahety"
        },
        "content": ""
      },
      {
        "lineNumber": 3,
        "author": {
          "gitId": "arjavibahety"
        },
        "content": "public class DukeTest {"
      },
      {
        "lineNumber": 4,
        "author": {
          "gitId": "arjavibahety"
        },
        "content": "}"
      }
    ],
    "authorContributionMap": {
      "arjavibahety": 4
    }
  }
]
