{
  "authorDailyContributionsMap": {
    "arjavibahety": [
      {
        "insertions": 190,
        "deletions": 27,
        "date": "2019-08-21",
        "commitResults": [
          {
            "hash": "1e9d6e85c49085b4c70cb8fb9edf6840df69b9e8",
            "messageTitle": "completed level 1",
            "messageBody": "",
            "insertions": 27,
            "deletions": 1
          },
          {
            "hash": "48d6062f7bb22a9157ceb2c468fe45505f771631",
            "messageTitle": "check if there is next line",
            "messageBody": "",
            "insertions": 16,
            "deletions": 14
          },
          {
            "hash": "ca12ae5ee5645db69adefd0574ee9cbf69fe8f43",
            "messageTitle": "fixed gradlew bugs in code",
            "messageBody": "",
            "insertions": 13,
            "deletions": 5
          },
          {
            "hash": "87f98437c6ffcc13f23aa2578a7da6bde25a3134",
            "messageTitle": "code for level 2",
            "messageBody": "",
            "insertions": 12,
            "deletions": 1
          },
          {
            "hash": "84145e3b27007ef95ed5a882e3ee79abfa1e2f87",
            "messageTitle": "completed level 3",
            "messageBody": "",
            "insertions": 30,
            "deletions": 3
          },
          {
            "hash": "d0647b5cd5cbc7c3b43e91fa00f51b00a3ebb4b9",
            "messageTitle": "completed level 4",
            "messageBody": "",
            "insertions": 51,
            "deletions": 2
          },
          {
            "hash": "8e96a7d1c615b729d78332d944d7fab6fad4f462",
            "messageTitle": "added text ui testing",
            "messageBody": "",
            "insertions": 41,
            "deletions": 1
          }
        ]
      },
      {
        "insertions": 122,
        "deletions": 50,
        "date": "2019-08-22",
        "commitResults": [
          {
            "hash": "9adebc1d703ceb1bdfa8bd5b42ab3adb537a83be",
            "messageTitle": "edited Task class",
            "messageBody": "",
            "insertions": 4,
            "deletions": 1
          },
          {
            "hash": "65ff40834ab811ef01481f199167a2d9fd830265",
            "messageTitle": "inheritance for task",
            "messageBody": "",
            "insertions": 1,
            "deletions": 3
          },
          {
            "hash": "6e79f49c8b95ac6ce7264b6165749317c39ab0bc",
            "messageTitle": "added excpetion handling class",
            "messageBody": "",
            "insertions": 5,
            "deletions": 2
          },
          {
            "hash": "b808e56ecbd6c6601a412b644a1c4544dc88d3f0",
            "messageTitle": "added exception handling to Duke class",
            "messageBody": "",
            "insertions": 69,
            "deletions": 30
          },
          {
            "hash": "07524cd15839f4ef68dfcfd571041a92d7be5e0c",
            "messageTitle": "using arraylist collection",
            "messageBody": "",
            "insertions": 12,
            "deletions": 11
          },
          {
            "hash": "cb3b528e67c31bb505d1a3fdbb7761319c17c1d4",
            "messageTitle": "completed level 6",
            "messageBody": "",
            "insertions": 31,
            "deletions": 3
          }
        ]
      }
    ],
    "Jeffry Lum": []
  },
  "authorFinalContributionMap": {
    "arjavibahety": 238,
    "Jeffry Lum": 100
  },
  "authorFileTypeContributionMap": {
    "arjavibahety": {
      "java": 202,
      "md": 0,
      "fxml": 0,
      "sh": 34,
      "bat": 0,
      "gradle": 1,
      "txt": 1
    },
    "Jeffry Lum": {
      "java": 0,
      "md": 0,
      "fxml": 0,
      "sh": 0,
      "bat": 84,
      "gradle": 16,
      "txt": 0
    }
  },
  "authorContributionVariance": {
    "arjavibahety": 7865.102,
    "Jeffry Lum": 0.0
  },
  "authorDisplayNameMap": {
    "arjavibahety": "arjavibahety",
    "Jeffry Lum": "Jeffry Lum"
  }
}
