{
  "authorDailyContributionsMap": {
    "arjavibahety": [
      {
        "insertions": 149,
        "deletions": 26,
        "date": "2019-08-21",
        "commitResults": [
          {
            "hash": "1e9d6e85c49085b4c70cb8fb9edf6840df69b9e8",
            "messageTitle": "completed level 1",
            "messageBody": "",
            "insertions": 27,
            "deletions": 1
          },
          {
            "hash": "48d6062f7bb22a9157ceb2c468fe45505f771631",
            "messageTitle": "check if there is next line",
            "messageBody": "",
            "insertions": 16,
            "deletions": 14
          },
          {
            "hash": "ca12ae5ee5645db69adefd0574ee9cbf69fe8f43",
            "messageTitle": "fixed gradlew bugs in code",
            "messageBody": "",
            "insertions": 13,
            "deletions": 5
          },
          {
            "hash": "87f98437c6ffcc13f23aa2578a7da6bde25a3134",
            "messageTitle": "code for level 2",
            "messageBody": "",
            "insertions": 12,
            "deletions": 1
          },
          {
            "hash": "84145e3b27007ef95ed5a882e3ee79abfa1e2f87",
            "messageTitle": "completed level 3",
            "messageBody": "",
            "insertions": 30,
            "deletions": 3
          },
          {
            "hash": "d0647b5cd5cbc7c3b43e91fa00f51b00a3ebb4b9",
            "messageTitle": "completed level 4",
            "messageBody": "",
            "insertions": 51,
            "deletions": 2
          }
        ]
      }
    ],
    "Jeffry Lum": []
  },
  "authorFinalContributionMap": {
    "arjavibahety": 125,
    "Jeffry Lum": 100
  },
  "authorFileTypeContributionMap": {
    "arjavibahety": {
      "java": 124,
      "md": 0,
      "fxml": 0,
      "sh": 0,
      "bat": 0,
      "gradle": 1,
      "txt": 0
    },
    "Jeffry Lum": {
      "java": 0,
      "md": 0,
      "fxml": 0,
      "sh": 0,
      "bat": 84,
      "gradle": 16,
      "txt": 0
    }
  },
  "authorContributionVariance": {
    "arjavibahety": 4253.472,
    "Jeffry Lum": 0.0
  },
  "authorDisplayNameMap": {
    "arjavibahety": "arjavibahety",
    "Jeffry Lum": "Jeffry Lum"
  }
}
