{
  "authorDailyContributionsMap": {
    "blimyj": [
      {
        "insertions": 305,
        "deletions": 43,
        "date": "2019-08-21",
        "commitResults": [
          {
            "hash": "77ea7863eb152ea8b90340fe675503dfba1179d2",
            "messageTitle": "Completed level 1 w/o proper formatting",
            "messageBody": "",
            "insertions": 33,
            "deletions": 6
          },
          {
            "hash": "d0007782c381580d3154a63fddf1bf519235a191",
            "messageTitle": "Edited dividerLine to use \\u2501 instead of \\u2500",
            "messageBody": "",
            "insertions": 1,
            "deletions": 1
          },
          {
            "hash": "02401beae4ec3a66d334fbcc28900801cfe3f80b",
            "messageTitle": "Completed Level 2",
            "messageBody": "",
            "insertions": 33,
            "deletions": 7
          },
          {
            "hash": "e1530cfe4cd85df8fd348ee8653709de3e7c1324",
            "messageTitle": "Use Task class to represent Task",
            "messageBody": "",
            "insertions": 0,
            "deletions": 0
          },
          {
            "hash": "855dd1deb0301a8c81a3f1dc4c453eeb234e36f9",
            "messageTitle": "Completed Level 3",
            "messageBody": "",
            "insertions": 59,
            "deletions": 6
          },
          {
            "hash": "8d55c94c579ff08f6b224294b00662bfa7d62377",
            "messageTitle": "Overwrote toString method of Task",
            "messageBody": "",
            "insertions": 10,
            "deletions": 8
          },
          {
            "hash": "744d8d2133a9d10ae5aacd4d6d46417b1d70eae3",
            "messageTitle": "Almost completed Level 4 and Inheritance addon",
            "messageBody": "",
            "insertions": 112,
            "deletions": 12
          },
          {
            "hash": "fa95c037af130fa232ddc7e345166568572d6980",
            "messageTitle": "Completed Level 4 and Inheritance addon",
            "messageBody": "",
            "insertions": 12,
            "deletions": 0
          },
          {
            "hash": "f2d79df22e8f9bc2a64a34fd74ea255495f305bb",
            "messageTitle": "Completed TextUiTesting addon",
            "messageBody": "",
            "insertions": 45,
            "deletions": 3
          }
        ]
      },
      {
        "insertions": 125,
        "deletions": 82,
        "date": "2019-08-22",
        "commitResults": [
          {
            "hash": "6ae5cd7431e013f5192be6a8f6debc2ae3c31bb3",
            "messageTitle": "Added Exceptions and completed minimal for Level 5",
            "messageBody": "",
            "insertions": 107,
            "deletions": 82
          },
          {
            "hash": "a6cb6025ac1d1b6fa7125c9ba299ee15ea6b747a",
            "messageTitle": "Completed Level 6 and Collections apparently used from the start",
            "messageBody": "",
            "insertions": 18,
            "deletions": 0
          }
        ]
      },
      {
        "insertions": 558,
        "deletions": 227,
        "date": "2019-08-28",
        "commitResults": [
          {
            "hash": "071bf668012653a8283b295b201b6c74ace6f50a",
            "messageTitle": "Add Saving Capabilities",
            "messageBody": "",
            "insertions": 103,
            "deletions": 8
          },
          {
            "hash": "f771d5fb86bececc14f8567814ce657fcd7123b8",
            "messageTitle": "Add Loading Capabilities",
            "messageBody": "",
            "insertions": 62,
            "deletions": 2
          },
          {
            "hash": "f2b1aba4025192966eb98be6ff33ed96313ad3bb",
            "messageTitle": "Add DateTime interpretation",
            "messageBody": "",
            "insertions": 45,
            "deletions": 14
          },
          {
            "hash": "85be079d3019aa860ac17ca60e25cd9cb2f3ff15",
            "messageTitle": "Refactor into more classes",
            "messageBody": "",
            "insertions": 241,
            "deletions": 192
          },
          {
            "hash": "1cab805c984b91a6a21af43912250d9c61c924a7",
            "messageTitle": "Integrate Gradle",
            "messageBody": "",
            "insertions": 23,
            "deletions": 10
          },
          {
            "hash": "abda31d7dbf16bbbe8372adf2ba98c86f48c0e81",
            "messageTitle": "Add 2 JUnit tests",
            "messageBody": "",
            "insertions": 37,
            "deletions": 0
          },
          {
            "hash": "3b3b814d019c9a5e27923a4bd456f08ca3b4096a",
            "messageTitle": "Add 1 more JUnit test",
            "messageBody": "",
            "insertions": 39,
            "deletions": 1
          },
          {
            "hash": "c6c680e2febaa01cc3a53dd2f89b5916fc900f6e",
            "messageTitle": "Package app as executable JAR",
            "messageBody": "",
            "insertions": 8,
            "deletions": 0
          }
        ]
      }
    ]
  },
  "authorFinalContributionMap": {
    "blimyj": 643
  },
  "authorFileTypeContributionMap": {
    "blimyj": {
      "java": 573,
      "md": 0,
      "fxml": 0,
      "sh": 34,
      "bat": 0,
      "gradle": 28,
      "txt": 8
    }
  },
  "authorContributionVariance": {
    "blimyj": 49388.836
  },
  "authorDisplayNameMap": {
    "blimyj": "BRYAN ... N JIE"
  }
}
