{
  "authorDailyContributionsMap": {
    "zhangxuan97": [
      {
        "insertions": 427,
        "deletions": 132,
        "date": "2019-08-21",
        "commitResults": [
          {
            "hash": "1e97788bb7d13a73cc483978a78531c8c4174861",
            "messageTitle": "Duke: add Level-1",
            "messageBody": "",
            "insertions": 19,
            "deletions": 6
          },
          {
            "hash": "1cc1566631e8f6916405dcb043ee504268fdeef9",
            "messageTitle": "Duke: add Level-2",
            "messageBody": "",
            "insertions": 17,
            "deletions": 5
          },
          {
            "hash": "0cbd5901884b74d17b34f0060ce925e97607e270",
            "messageTitle": "Duke: add Level-3",
            "messageBody": "",
            "insertions": 33,
            "deletions": 5
          },
          {
            "hash": "3c4d0de128b2a963fc870291f0a61348528be112",
            "messageTitle": "Duke: add Todo, Deadline, Event classes",
            "messageBody": "",
            "insertions": 52,
            "deletions": 7
          },
          {
            "hash": "fcfb810effeaffb96b216429403f2ad495edd7d5",
            "messageTitle": "Duke: add Level-4",
            "messageBody": "",
            "insertions": 57,
            "deletions": 20
          },
          {
            "hash": "fd435895462735bbda4824e8784c7ea9d685a5fc",
            "messageTitle": "add TextUiTesting",
            "messageBody": "",
            "insertions": 104,
            "deletions": 1
          },
          {
            "hash": "a3105c47b87c6d9c3b0b257b1613995b21190316",
            "messageTitle": "Add separate Java files for each class",
            "messageBody": "",
            "insertions": 46,
            "deletions": 50
          },
          {
            "hash": "32e58ba4761712a09330de7555cd9370c6f0ca24",
            "messageTitle": "Duke: added some Exceptions",
            "messageBody": "",
            "insertions": 96,
            "deletions": 32
          },
          {
            "hash": "a5e557cd64bf82edf0e885dfbba4e9a7ec4d85b9",
            "messageTitle": "Duke: add Level-5",
            "messageBody": "",
            "insertions": 3,
            "deletions": 6
          }
        ]
      },
      {
        "insertions": 47,
        "deletions": 15,
        "date": "2019-08-22",
        "commitResults": [
          {
            "hash": "50a818959390b1f061171d698929606ba8bf3387",
            "messageTitle": "Duke: add Level-6",
            "messageBody": "",
            "insertions": 47,
            "deletions": 15
          }
        ]
      },
      {
        "insertions": 79,
        "deletions": 61,
        "date": "2019-08-26",
        "commitResults": [
          {
            "hash": "33d2e3e2464baf02afad3e9d7aed17b645c9a518",
            "messageTitle": "Minimal modifications to follow coding standard, added some Javadoc comments",
            "messageBody": "",
            "insertions": 79,
            "deletions": 61
          }
        ]
      },
      {
        "insertions": 144,
        "deletions": 25,
        "date": "2019-08-27",
        "commitResults": [
          {
            "hash": "a4c6099f712264d3da59393a87550dcaf1be9664",
            "messageTitle": "Update deadline, event, task, todo",
            "messageBody": "",
            "insertions": 47,
            "deletions": 12
          },
          {
            "hash": "3b93b73f254d0c1e3d3fc63ed793301f47acf733",
            "messageTitle": "Add level-7 to branch-level-7",
            "messageBody": "",
            "insertions": 24,
            "deletions": 2
          },
          {
            "hash": "d47a810404a7ee33b908f91a0158bb81a1a7ec6f",
            "messageTitle": "Add level-8 to branch-level-8",
            "messageBody": "",
            "insertions": 70,
            "deletions": 11
          },
          {
            "hash": "031973f5adc4790bdfe6cbd0c0b90cf74b572bc8",
            "messageTitle": "Add duke/data/duke.txt",
            "messageBody": "",
            "insertions": 3,
            "deletions": 0
          }
        ]
      }
    ]
  },
  "authorFinalContributionMap": {
    "zhangxuan97": 470
  },
  "authorFileTypeContributionMap": {
    "zhangxuan97": {
      "java": 364,
      "md": 0,
      "fxml": 0,
      "sh": 34,
      "bat": 0,
      "gradle": 0,
      "txt": 72
    }
  },
  "authorContributionVariance": {
    "zhangxuan97": 24367.584
  },
  "authorDisplayNameMap": {
    "zhangxuan97": "ZHAN .. XUAN"
  }
}
