{
  "authorDailyContributionsMap": {
    "zhangxuan97": [
      {
        "insertions": 427,
        "deletions": 132,
        "date": "2019-08-21",
        "commitResults": [
          {
            "hash": "1e97788bb7d13a73cc483978a78531c8c4174861",
            "messageTitle": "Duke: add Level-1",
            "messageBody": "",
            "insertions": 19,
            "deletions": 6
          },
          {
            "hash": "1cc1566631e8f6916405dcb043ee504268fdeef9",
            "messageTitle": "Duke: add Level-2",
            "messageBody": "",
            "insertions": 17,
            "deletions": 5
          },
          {
            "hash": "0cbd5901884b74d17b34f0060ce925e97607e270",
            "messageTitle": "Duke: add Level-3",
            "messageBody": "",
            "insertions": 33,
            "deletions": 5
          },
          {
            "hash": "3c4d0de128b2a963fc870291f0a61348528be112",
            "messageTitle": "Duke: add Todo, Deadline, Event classes",
            "messageBody": "",
            "insertions": 52,
            "deletions": 7
          },
          {
            "hash": "fcfb810effeaffb96b216429403f2ad495edd7d5",
            "messageTitle": "Duke: add Level-4",
            "messageBody": "",
            "insertions": 57,
            "deletions": 20
          },
          {
            "hash": "fd435895462735bbda4824e8784c7ea9d685a5fc",
            "messageTitle": "add TextUiTesting",
            "messageBody": "",
            "insertions": 104,
            "deletions": 1
          },
          {
            "hash": "a3105c47b87c6d9c3b0b257b1613995b21190316",
            "messageTitle": "Add separate Java files for each class",
            "messageBody": "",
            "insertions": 46,
            "deletions": 50
          },
          {
            "hash": "32e58ba4761712a09330de7555cd9370c6f0ca24",
            "messageTitle": "Duke: added some Exceptions",
            "messageBody": "",
            "insertions": 96,
            "deletions": 32
          },
          {
            "hash": "a5e557cd64bf82edf0e885dfbba4e9a7ec4d85b9",
            "messageTitle": "Duke: add Level-5",
            "messageBody": "",
            "insertions": 3,
            "deletions": 6
          }
        ]
      },
      {
        "insertions": 47,
        "deletions": 15,
        "date": "2019-08-22",
        "commitResults": [
          {
            "hash": "50a818959390b1f061171d698929606ba8bf3387",
            "messageTitle": "Duke: add Level-6",
            "messageBody": "",
            "insertions": 47,
            "deletions": 15
          }
        ]
      },
      {
        "insertions": 79,
        "deletions": 61,
        "date": "2019-08-26",
        "commitResults": [
          {
            "hash": "33d2e3e2464baf02afad3e9d7aed17b645c9a518",
            "messageTitle": "Minimal modifications to follow coding standard, added some Javadoc comments",
            "messageBody": "",
            "insertions": 79,
            "deletions": 61
          }
        ]
      },
      {
        "insertions": 144,
        "deletions": 25,
        "date": "2019-08-27",
        "commitResults": [
          {
            "hash": "a4c6099f712264d3da59393a87550dcaf1be9664",
            "messageTitle": "Update deadline, event, task, todo",
            "messageBody": "",
            "insertions": 47,
            "deletions": 12
          },
          {
            "hash": "3b93b73f254d0c1e3d3fc63ed793301f47acf733",
            "messageTitle": "Add level-7 to branch-level-7",
            "messageBody": "",
            "insertions": 24,
            "deletions": 2
          },
          {
            "hash": "d47a810404a7ee33b908f91a0158bb81a1a7ec6f",
            "messageTitle": "Add level-8 to branch-level-8",
            "messageBody": "",
            "insertions": 70,
            "deletions": 11
          },
          {
            "hash": "031973f5adc4790bdfe6cbd0c0b90cf74b572bc8",
            "messageTitle": "Add duke/data/duke.txt",
            "messageBody": "",
            "insertions": 3,
            "deletions": 0
          }
        ]
      },
      {
        "insertions": 1188,
        "deletions": 282,
        "date": "2019-08-29",
        "commitResults": [
          {
            "hash": "2dc78b82c34ce55deec1abfca92941d86a15bac9",
            "messageTitle": "Add more OOP",
            "messageBody": "",
            "insertions": 492,
            "deletions": 213
          },
          {
            "hash": "e8ecfdbc3d7238fc3ef780a985d6a69831460586",
            "messageTitle": "Refactor into packages",
            "messageBody": "",
            "insertions": 127,
            "deletions": 35
          },
          {
            "hash": "6a954797a31312de82cd3d81493de87642e92cf6",
            "messageTitle": "Add J-Unit Testing",
            "messageBody": "",
            "insertions": 81,
            "deletions": 1
          },
          {
            "hash": "6c59abe16f31d9468f4194c1ed414a1a089e9f6b",
            "messageTitle": "Removed debug message",
            "messageBody": "",
            "insertions": 4,
            "deletions": 3
          },
          {
            "hash": "c90388b0466792e20b461a1b5e84844e162e3a8d",
            "messageTitle": "Javadoc for main and command packages",
            "messageBody": "",
            "insertions": 239,
            "deletions": 14
          },
          {
            "hash": "dff29d1b4d822ca43af03eef0b147cca75c35fae",
            "messageTitle": "Javadoc for task package",
            "messageBody": "",
            "insertions": 70,
            "deletions": 2
          },
          {
            "hash": "8967c2474777133a2ba44a068dca42ad4e9a40ba",
            "messageTitle": "Update to abide by coding standards",
            "messageBody": "",
            "insertions": 8,
            "deletions": 8
          },
          {
            "hash": "7b4505a0051ac00fa7e1a39f8085fca6783625ba",
            "messageTitle": "Add find by keyword function",
            "messageBody": "",
            "insertions": 84,
            "deletions": 1
          },
          {
            "hash": "f57e1262833a12c410335dd3b856179a74e16e79",
            "messageTitle": "Modified javadoc to include line between method description and params, removed hard coding for file path",
            "messageBody": "",
            "insertions": 83,
            "deletions": 5
          }
        ]
      },
      {
        "insertions": 347,
        "deletions": 116,
        "date": "2019-09-02",
        "commitResults": [
          {
            "hash": "c87e5496d23a7826f010d31b9eeea94ef543c545",
            "messageTitle": "Update Duke: close Scanner",
            "messageBody": "",
            "insertions": 1,
            "deletions": 0
          },
          {
            "hash": "3102248e9c092b8597fef2941258088e37fdba1a",
            "messageTitle": "Update build.gradle: admit input from system.in",
            "messageBody": "",
            "insertions": 7,
            "deletions": 2
          },
          {
            "hash": "04785a8e3f5d65c70245e0cf37a9f58497670427",
            "messageTitle": "Complete checkstyle",
            "messageBody": "",
            "insertions": 125,
            "deletions": 85
          },
          {
            "hash": "89ea411e992355ad76ce57cf0220ab1b3968c636",
            "messageTitle": "Complete tutorial 1 of java FX",
            "messageBody": "",
            "insertions": 38,
            "deletions": 8
          },
          {
            "hash": "3ed0fe13400fa1ad2e686ebc00888daa3ff6c3a3",
            "messageTitle": "Complete tutorial 2 of java FX",
            "messageBody": "",
            "insertions": 67,
            "deletions": 10
          },
          {
            "hash": "54437f2f3fbfaad654bf0c42f9d8c2b076a0ee6f",
            "messageTitle": "Java FX Tutorial 3: Iteration 1",
            "messageBody": "",
            "insertions": 27,
            "deletions": 0
          },
          {
            "hash": "4bc9247e7eae43411bd8f66723c37b8195df7d5f",
            "messageTitle": "Java FX Tutorial 3: Iteration 2",
            "messageBody": "",
            "insertions": 55,
            "deletions": 9
          },
          {
            "hash": "24fb9720c41f8f6aaecfe0918bb39e1f822212a4",
            "messageTitle": "Java FX Tutorial 3: Iteration 3",
            "messageBody": "",
            "insertions": 27,
            "deletions": 2
          }
        ]
      },
      {
        "insertions": 116,
        "deletions": 70,
        "date": "2019-09-05",
        "commitResults": [
          {
            "hash": "eeca5e7d3f5592c2c2e6648b2024946a72bc8b9a",
            "messageTitle": "Incorporate GUI",
            "messageBody": "",
            "insertions": 116,
            "deletions": 70
          }
        ]
      },
      {
        "insertions": 7,
        "deletions": 3,
        "date": "2019-09-09",
        "commitResults": [
          {
            "hash": "d0fee6c3d24354023d0e08f47d32770c8925411b",
            "messageTitle": "Small changes",
            "messageBody": "",
            "insertions": 7,
            "deletions": 3
          }
        ]
      },
      {
        "insertions": 860,
        "deletions": 399,
        "date": "2019-09-10",
        "commitResults": [
          {
            "hash": "a10d1213e09b330391956d461a401eac180c869f",
            "messageTitle": "Update to include fxml support",
            "messageBody": "",
            "insertions": 201,
            "deletions": 184
          },
          {
            "hash": "d1f6fc6e27fc1a46e219eff218af0abcda48a441",
            "messageTitle": "Add shadowjar",
            "messageBody": "",
            "insertions": 11,
            "deletions": 2
          },
          {
            "hash": "e5afe5f7c7734389abb7e8267cada493223c7f8e",
            "messageTitle": "remove filepath hardcoding",
            "messageBody": "",
            "insertions": 56,
            "deletions": 2
          },
          {
            "hash": "15f1f11b24c93c23f3fed2f71b36b19f20c52cc3",
            "messageTitle": "Add assertions",
            "messageBody": "",
            "insertions": 8,
            "deletions": 5
          },
          {
            "hash": "a6332a330f5718cbaea2460aa7357cef38f28982",
            "messageTitle": "coding quality updates",
            "messageBody": "",
            "insertions": 0,
            "deletions": 26
          },
          {
            "hash": "8af7e09494caed14dbc1f769dda56e9c52ebeeb0",
            "messageTitle": "More SLAP, removed unused methods",
            "messageBody": "",
            "insertions": 31,
            "deletions": 32
          },
          {
            "hash": "8376aa763d8e9341a30eb44cfc9830c436af3b91",
            "messageTitle": "Add C-archive",
            "messageBody": "",
            "insertions": 368,
            "deletions": 110
          },
          {
            "hash": "cf23e398c7bd16d0930f20cb3ca5487f5c67e0cc",
            "messageTitle": "Fixed incorrect naming in C-archive",
            "messageBody": "",
            "insertions": 15,
            "deletions": 7
          },
          {
            "hash": "1ef08558cac47b5f149f7750a5b05555b744545d",
            "messageTitle": "small changes",
            "messageBody": "",
            "insertions": 3,
            "deletions": 2
          },
          {
            "hash": "85e9a3320d8b6950e888bb1ceb45e58ec05472cc",
            "messageTitle": "Improved helper class",
            "messageBody": "",
            "insertions": 105,
            "deletions": 7
          },
          {
            "hash": "2e1b6ca51c26cca26f2a4d83d8e27070160c21ea",
            "messageTitle": "Add CSS styling and fixed issue where height of dialog box is limited.",
            "messageBody": "",
            "insertions": 62,
            "deletions": 22
          }
        ]
      },
      {
        "insertions": 6,
        "deletions": 5,
        "date": "2019-09-11",
        "commitResults": [
          {
            "hash": "2e4b2cae6eb23955ddda47ddcab74388c7c19941",
            "messageTitle": "File path specification hard coding is completely removed. User should no longer have any issues in loading and writing to task files, an empty one would be created if it does not exist, along with the respective directory.",
            "messageBody": "",
            "insertions": 6,
            "deletions": 5
          }
        ]
      },
      {
        "insertions": 356,
        "deletions": 115,
        "date": "2019-09-17",
        "commitResults": [
          {
            "hash": "160bf745a0fadd3662692c199e08d535e374d2b2",
            "messageTitle": "Add a representative screenshot",
            "messageBody": "",
            "insertions": 8,
            "deletions": 17
          },
          {
            "hash": "b75bbbb2040b6b20faf17183a71652138af14dac",
            "messageTitle": "Update README",
            "messageBody": "",
            "insertions": 158,
            "deletions": 13
          },
          {
            "hash": "b6f193cedba3c9be07c03927411d5dff5d522766",
            "messageTitle": "Fix archive out of bounds error",
            "messageBody": "",
            "insertions": 5,
            "deletions": 0
          },
          {
            "hash": "060a6e36a706715f663c335ddb0b7d615fd4af81",
            "messageTitle": "Fix filepath issue",
            "messageBody": "",
            "insertions": 134,
            "deletions": 14
          },
          {
            "hash": "ca637abdd2d77749f81bb8044d51e79d6bffa8ad",
            "messageTitle": "Cross Platform",
            "messageBody": "",
            "insertions": 22,
            "deletions": 6
          },
          {
            "hash": "f9170769cd78527071c9ff8df4db1a78f15736c1",
            "messageTitle": "Update readme: Fix link to release",
            "messageBody": "",
            "insertions": 1,
            "deletions": 1
          },
          {
            "hash": "fc3c68189ce530cede4fc7711ac4e786d6ea3f98",
            "messageTitle": "Update README: Add section on where external text files are saved",
            "messageBody": "",
            "insertions": 28,
            "deletions": 64
          }
        ]
      },
      {
        "insertions": 2,
        "deletions": 1,
        "date": "2019-09-19",
        "commitResults": [
          {
            "hash": "57f693a0d56ae26930d10aaba0b472c21733fbce",
            "messageTitle": "Fix error where Helvetica Neue font causes cutoff in dialog box.",
            "messageBody": "",
            "insertions": 2,
            "deletions": 1
          }
        ]
      }
    ]
  },
  "authorFinalContributionMap": {
    "zhangxuan97": 2376
  },
  "authorFileTypeContributionMap": {
    "zhangxuan97": {
      "java": 1980,
      "md": 183,
      "fxml": 39,
      "sh": 34,
      "bat": 0,
      "gradle": 47,
      "txt": 93
    }
  },
  "authorContributionVariance": {
    "zhangxuan97": 112068.44
  },
  "authorDisplayNameMap": {
    "zhangxuan97": "CS2103-F10-2 ZHANG ...  XUAN"
  }
}
