{
  "authorDailyContributionsMap": {
    "febee99": [
      {
        "insertions": 97,
        "deletions": 41,
        "date": "2019-08-19",
        "commitResults": [
          {
            "hash": "339af15466ed7dc8501508726aad555ec5886b5a",
            "messageTitle": "Added lines between text, Added a scanner to read input, Echoed commands",
            "messageBody": "",
            "insertions": 12,
            "deletions": 1
          },
          {
            "hash": "49f8d4c902e25cecf076759893cead9b75ea7a4e",
            "messageTitle": "Minor fixes, changed next to nextLine",
            "messageBody": "",
            "insertions": 24,
            "deletions": 4
          },
          {
            "hash": "b4e006bf7de874aa83f67cded76e4ebafaf6e3d8",
            "messageTitle": "Deleted Example.java",
            "messageBody": "",
            "insertions": 0,
            "deletions": 16
          },
          {
            "hash": "4daa9d8c96bfc1daa35b81787a986077877f07b7",
            "messageTitle": "Added linkedlist. Added the ability to store whatever text entered by the user and display them back to the user when requested.",
            "messageBody": "",
            "insertions": 13,
            "deletions": 3
          },
          {
            "hash": "34c343f1ac3acfc3f3d87a7983ea5ed3ac4791ba",
            "messageTitle": "Reads each input as a task, Added Task class, Added ability to check for done command",
            "messageBody": "",
            "insertions": 38,
            "deletions": 11
          },
          {
            "hash": "105c1cb7fc0cf822597f20d6bcb2e0686372aab5",
            "messageTitle": "Completed functionality to mark the correct tasks as done",
            "messageBody": "",
            "insertions": 10,
            "deletions": 6
          }
        ]
      },
      {
        "insertions": 155,
        "deletions": 53,
        "date": "2019-08-20",
        "commitResults": [
          {
            "hash": "9e43bc2671f8d9e25f181cdbbd0e090b86632fb1",
            "messageTitle": "Minor edits to format",
            "messageBody": "",
            "insertions": 4,
            "deletions": 6
          },
          {
            "hash": "bd9d40c67854ecb269efdfb42f19c8f0bb0bcc04",
            "messageTitle": "Added deadline, event, todo classes",
            "messageBody": "",
            "insertions": 39,
            "deletions": 0
          },
          {
            "hash": "14fe7f9530908d9ccbb69b3349e82fea91464308",
            "messageTitle": "Added deadline, event, todo functionalities, edited task markasdone function slightly",
            "messageBody": "",
            "insertions": 35,
            "deletions": 9
          },
          {
            "hash": "6ce9f6774eaa3a4bd967589a1891932ef25ddd94",
            "messageTitle": "Added DukeException Class, Added try-catch blocks * throw exception \"cannot be empty\" when inputs are in the incorrect format * throw exception \"don\u0027t know what that means\" when input is not event/todo/deadline/list/done/bye",
            "messageBody": "",
            "insertions": 58,
            "deletions": 33
          },
          {
            "hash": "6521aa564773f81d1aed825afe81cad56c63e7a8",
            "messageTitle": "Added delete task functionality * deleteTask()",
            "messageBody": "",
            "insertions": 19,
            "deletions": 5
          }
        ]
      },
      {
        "insertions": 119,
        "deletions": 2,
        "date": "2019-08-25",
        "commitResults": [
          {
            "hash": "c7c8c4eb04d58b6034382cff4e099a7707e450da",
            "messageTitle": "Added read File functionality * read \"duke.txt\" and init LinkedList * create \"duke.txt\" if it does not exist",
            "messageBody": "",
            "insertions": 46,
            "deletions": 1
          },
          {
            "hash": "fafa91d12fe5b8a8b238700e68f4609c80250e1e",
            "messageTitle": "Added write to file functionality * append to \"duke.txt\" * delete line from \"duke.txt\" * update by deleting and appending * toStore(): formats Tasks for storage",
            "messageBody": "",
            "insertions": 73,
            "deletions": 1
          }
        ]
      },
      {
        "insertions": 846,
        "deletions": 336,
        "date": "2019-08-26",
        "commitResults": [
          {
            "hash": "05ff901873d1694da9b4559e14240d3ab96f91f0",
            "messageTitle": "Added the ability to parse strings * with format 2/12/2019 1800 into Mon, 2 Dec 2019, 06:00PM * else return the original string",
            "messageBody": "",
            "insertions": 68,
            "deletions": 1
          },
          {
            "hash": "5afa2607aa6d692c9d912befb61896db8351118d",
            "messageTitle": "Reorganised current code into different classes. * Command: ExitCommand, ListCommand, DoneCommand, AddCommand, DeleteCommand * Parser * Storage * TaskList * Ui",
            "messageBody": "Added ability to throw \u0026 catch new DukeExceptions\n* empty descriptions (deadline, event)\n* incorrect formats (deadline, event)\n* incorrect commands\n",
            "insertions": 350,
            "deletions": 195
          },
          {
            "hash": "73f232cfaff4e2ce379feab67fbf37db522e4123",
            "messageTitle": "Added new DukeExceptions * empty descriptions (todo) * incorrect formats (todo, delete, done)",
            "messageBody": "Completed minor edits\n",
            "insertions": 49,
            "deletions": 36
          },
          {
            "hash": "b2bc5d88044f7449acd35ca0b262daa5a8e208e6",
            "messageTitle": "Completed minor edits, Added javadoc comments",
            "messageBody": "",
            "insertions": 295,
            "deletions": 53
          },
          {
            "hash": "f77b282b5621bee96437cb05d2c954d963ce5aba",
            "messageTitle": "Divided classes into packages * command * exception * parser * storage * tasks * ui",
            "messageBody": "",
            "insertions": 84,
            "deletions": 51
          }
        ]
      },
      {
        "insertions": 241,
        "deletions": 88,
        "date": "2019-08-27",
        "commitResults": [
          {
            "hash": "a41a8fbb45c52dea08d63eaeab03c12920f2cb6e",
            "messageTitle": "Added JUnitTesting * AddCommandTest (AddCommand) * DeadlineTest (Deadline) * ToDo (ToDo)",
            "messageBody": "",
            "insertions": 181,
            "deletions": 36
          },
          {
            "hash": "851be0bc129fca2125a4d3c2ac9df91999318720",
            "messageTitle": "Reformatted code, Edited javadoc comments. * Changed code style for switch statements * Added line after javadoc descriptions",
            "messageBody": "",
            "insertions": 60,
            "deletions": 52
          }
        ]
      }
    ]
  },
  "authorFinalContributionMap": {
    "febee99": 932
  },
  "authorFileTypeContributionMap": {
    "febee99": {
      "java": 932,
      "md": 0,
      "fxml": 0,
      "sh": 0,
      "bat": 0,
      "gradle": 0,
      "txt": 0
    }
  },
  "authorContributionVariance": {
    "febee99": 104689.48
  },
  "authorDisplayNameMap": {
    "febee99": "PHOE ..  HUI"
  }
}
