{
  "authorDailyContributionsMap": {
    "junhuplim": [
      {
        "insertions": 32,
        "deletions": 9,
        "date": "2019-08-19",
        "commitResults": [
          {
            "hash": "3469c339a16af2b2bbbcbbedc76d8088d19ca983",
            "messageTitle": "Level-1",
            "messageBody": "",
            "insertions": 20,
            "deletions": 6
          },
          {
            "hash": "d5706cfd7c5929d5cfc41b94408ee158d86a3031",
            "messageTitle": "Level-2",
            "messageBody": "",
            "insertions": 12,
            "deletions": 3
          }
        ]
      },
      {
        "insertions": 34,
        "deletions": 13,
        "date": "2019-08-20",
        "commitResults": [
          {
            "hash": "f42000d9d2bec09ce3aeb6ebeb8224ef392d1d17",
            "messageTitle": "Level- 3",
            "messageBody": "",
            "insertions": 34,
            "deletions": 13
          }
        ]
      },
      {
        "insertions": 239,
        "deletions": 81,
        "date": "2019-08-22",
        "commitResults": [
          {
            "hash": "bd34993cb7169aec48e618aac57411c4da7220f0",
            "messageTitle": "Level-4",
            "messageBody": "",
            "insertions": 10,
            "deletions": 0
          },
          {
            "hash": "689b8a3041b7f92c89c272387ad3c88b67ba8519",
            "messageTitle": "Level-4",
            "messageBody": "",
            "insertions": 100,
            "deletions": 47
          },
          {
            "hash": "2e632848506dd3316952e20d8714f8b9a361497d",
            "messageTitle": "Level-4 Change variable name in Task.java",
            "messageBody": "",
            "insertions": 4,
            "deletions": 4
          },
          {
            "hash": "1364ec904bab6e2068c978daffdc620d5290e456",
            "messageTitle": "Level-5. Handle Errors",
            "messageBody": "",
            "insertions": 105,
            "deletions": 25
          },
          {
            "hash": "f7ca6fb158658b30a220ac639411af4a9da43b6a",
            "messageTitle": "Level-6 Add Delete",
            "messageBody": "",
            "insertions": 20,
            "deletions": 5
          }
        ]
      }
    ]
  },
  "authorFinalContributionMap": {
    "junhuplim": 207
  },
  "authorFileTypeContributionMap": {
    "junhuplim": {
      "java": 207,
      "md": 0,
      "fxml": 0,
      "sh": 0,
      "bat": 0,
      "gradle": 0,
      "txt": 0
    }
  },
  "authorContributionVariance": {
    "junhuplim": 11787.062
  },
  "authorDisplayNameMap": {
    "junhuplim": "LIM  ..  HUP"
  }
}
