{
  "authorDailyContributionsMap": {
    "wongchuankai": [
      {
        "insertions": 220,
        "deletions": 37,
        "date": "2019-08-21",
        "commitResults": [
          {
            "hash": "e43a047c24a7e605d4433757ec3ed1d5268ebe8d",
            "messageTitle": "Level 1. Greet, Echo, Exit",
            "messageBody": "",
            "insertions": 24,
            "deletions": 0
          },
          {
            "hash": "c6865ae370b5b862dcb459cb5da2e2f254f04576",
            "messageTitle": "Level 2. Add, List",
            "messageBody": "",
            "insertions": 15,
            "deletions": 1
          },
          {
            "hash": "f80e38b52673e8ea8897a91a8e988fac552bab81",
            "messageTitle": "Level 3. Mark as Done",
            "messageBody": "",
            "insertions": 35,
            "deletions": 10
          },
          {
            "hash": "f26284d29bff50928f15f28a900a14e8876eb0ff",
            "messageTitle": "Level-3 added markasdone function in task class",
            "messageBody": "",
            "insertions": 5,
            "deletions": 1
          },
          {
            "hash": "6165df5a6e212fb66f74ff6fc07e13e4fd98e12b",
            "messageTitle": "added",
            "messageBody": "",
            "insertions": 39,
            "deletions": 0
          },
          {
            "hash": "5f9eefbc177bbbaf17a90c1dc33515f35f0d9c2b",
            "messageTitle": "Level 4. ToDos, Events, Deadlines",
            "messageBody": "",
            "insertions": 62,
            "deletions": 23
          },
          {
            "hash": "674109544dbb517feb00adf9f95364d91d01a956",
            "messageTitle": "Level 4",
            "messageBody": "",
            "insertions": 40,
            "deletions": 2
          }
        ]
      },
      {
        "insertions": 112,
        "deletions": 54,
        "date": "2019-08-22",
        "commitResults": [
          {
            "hash": "8509f5d2a57c2cfac00f08ed99dbcb6b92738794",
            "messageTitle": "Level 5. Handle Errors",
            "messageBody": "",
            "insertions": 85,
            "deletions": 48
          },
          {
            "hash": "b7063222759161b8c97440eaa652463fc59b87c3",
            "messageTitle": "Level 6. Delete",
            "messageBody": "",
            "insertions": 17,
            "deletions": 0
          },
          {
            "hash": "98a954a5ed21fd23fbc921cf00e62b63e422ed55",
            "messageTitle": "Level-6",
            "messageBody": "",
            "insertions": 1,
            "deletions": 1
          },
          {
            "hash": "c22b23834511bdfb1d68bf8cc8f6bc4a1f4c31db",
            "messageTitle": "updated handle error",
            "messageBody": "",
            "insertions": 9,
            "deletions": 5
          }
        ]
      },
      {
        "insertions": 555,
        "deletions": 381,
        "date": "2019-08-26",
        "commitResults": [
          {
            "hash": "133a42df805ec3d7aceeee9cb10de103ed6ac407",
            "messageTitle": "Level 7. Save",
            "messageBody": "",
            "insertions": 235,
            "deletions": 69
          },
          {
            "hash": "0ec56d22a1317f00f35d709fd289ca054b3bc4e9",
            "messageTitle": "level -7",
            "messageBody": "",
            "insertions": 0,
            "deletions": 312
          },
          {
            "hash": "c994310b5307e5cf31776871968e5cd6aeed636c",
            "messageTitle": "level - 7",
            "messageBody": "",
            "insertions": 320,
            "deletions": 0
          }
        ]
      },
      {
        "insertions": 100,
        "deletions": 6,
        "date": "2019-08-27",
        "commitResults": [
          {
            "hash": "b1d8af610d916bc67a6c7d9b943cfa1efa81bfca",
            "messageTitle": "Level 8. Dates and Times",
            "messageBody": "",
            "insertions": 96,
            "deletions": 1
          },
          {
            "hash": "a05d7cf36cff7b5516b778f3b9ec7a9ecb3efeb1",
            "messageTitle": "debug an error  - arraylist",
            "messageBody": "",
            "insertions": 4,
            "deletions": 5
          }
        ]
      }
    ]
  },
  "authorFinalContributionMap": {
    "wongchuankai": 511
  },
  "authorFileTypeContributionMap": {
    "wongchuankai": {
      "java": 470,
      "md": 0,
      "fxml": 0,
      "sh": 0,
      "bat": 21,
      "gradle": 0,
      "txt": 20
    }
  },
  "authorContributionVariance": {
    "wongchuankai": 66840.414
  },
  "authorDisplayNameMap": {
    "wongchuankai": "WONG ..  KAI"
  }
}
