{
  "authorDailyContributionsMap": {
    "teoha": [
      {
        "insertions": 24,
        "deletions": 8,
        "date": "2019-08-17",
        "commitResults": [
          {
            "hash": "a9f325bac25ed90917f1b5134eca7a7f2be31983",
            "messageTitle": "Level-1",
            "messageBody": "",
            "insertions": 14,
            "deletions": 6
          },
          {
            "hash": "ee71d43e7964a0937794972b63ac3a5bfec69110",
            "messageTitle": "Level-2",
            "messageBody": "",
            "insertions": 10,
            "deletions": 2
          }
        ]
      },
      {
        "insertions": 279,
        "deletions": 91,
        "date": "2019-08-18",
        "commitResults": [
          {
            "hash": "52266e330e77027ff98d236529f45b8c839a085a",
            "messageTitle": "Edited switch to include breaks",
            "messageBody": "",
            "insertions": 1,
            "deletions": 0
          },
          {
            "hash": "5dfa4c9eac32f4ba3c426a449e094a6bf607d612",
            "messageTitle": "Level-3",
            "messageBody": "",
            "insertions": 41,
            "deletions": 3
          },
          {
            "hash": "f3f144dfd4827d4f5f88cf3935eac230e0cd00ad",
            "messageTitle": "Added prompts to Level-3",
            "messageBody": "",
            "insertions": 2,
            "deletions": 0
          },
          {
            "hash": "35f637737b1c5a9f0c5ab30eec9878c56aac3252",
            "messageTitle": "Level-4",
            "messageBody": "",
            "insertions": 111,
            "deletions": 4
          },
          {
            "hash": "0e902d1efe34db854fd7b01f2bb91a5d7e048692",
            "messageTitle": "Level-5",
            "messageBody": "",
            "insertions": 91,
            "deletions": 75
          },
          {
            "hash": "043f84846e354e381d424515048b2db00588a1b3",
            "messageTitle": "Removed method TasksDeleted",
            "messageBody": "",
            "insertions": 0,
            "deletions": 9
          },
          {
            "hash": "49fb1e8b0d38dafaf7240c34cd1695837e22d551",
            "messageTitle": "Level-6",
            "messageBody": "",
            "insertions": 6,
            "deletions": 0
          },
          {
            "hash": "691e3c4c5985ade8dae719e1cfeaa069ebd957d1",
            "messageTitle": "Added UI testing",
            "messageBody": "",
            "insertions": 27,
            "deletions": 0
          }
        ]
      },
      {
        "insertions": 75,
        "deletions": 11,
        "date": "2019-08-24",
        "commitResults": [
          {
            "hash": "dc136d592c410c406aed1fd05c4b2001645cdccd",
            "messageTitle": "Level-7",
            "messageBody": "",
            "insertions": 53,
            "deletions": 2
          },
          {
            "hash": "f8ba2f2e9f7ea0d64e7775a91743a2fe469d5d54",
            "messageTitle": "Level-8",
            "messageBody": "",
            "insertions": 22,
            "deletions": 9
          }
        ]
      },
      {
        "insertions": 552,
        "deletions": 180,
        "date": "2019-08-25",
        "commitResults": [
          {
            "hash": "a41d3c31ab1909c9a89d921ff2f50781e36351d7",
            "messageTitle": "Fixed typo in format specifier",
            "messageBody": "",
            "insertions": 2,
            "deletions": 2
          },
          {
            "hash": "57b142e622417afbff2601588026b7dc607928ec",
            "messageTitle": "A-MoreOOP",
            "messageBody": "",
            "insertions": 417,
            "deletions": 161
          },
          {
            "hash": "20fa8f887dd09c7a2288247414428a31e525cdc6",
            "messageTitle": "A-Packages",
            "messageBody": "",
            "insertions": 105,
            "deletions": 13
          },
          {
            "hash": "5c9ae5e7fc4fbc30fbc9b9b566fe30c58fff8e63",
            "messageTitle": "Fixed error in day to date",
            "messageBody": "",
            "insertions": 3,
            "deletions": 3
          },
          {
            "hash": "998ec411240e1764e1727e4cc02ee1c8f92f6f08",
            "messageTitle": "A-JUnit",
            "messageBody": "",
            "insertions": 25,
            "deletions": 1
          }
        ]
      },
      {
        "insertions": 795,
        "deletions": 404,
        "date": "2019-08-26",
        "commitResults": [
          {
            "hash": "ad5ffcf57c5709d88c71f22655428e01ec9ff097",
            "messageTitle": "A-JavaDoc",
            "messageBody": "",
            "insertions": 315,
            "deletions": 4
          },
          {
            "hash": "8c7c05676d2d080476a287fe55044e03a1e70316",
            "messageTitle": "A-CodingStandard",
            "messageBody": "",
            "insertions": 434,
            "deletions": 399
          },
          {
            "hash": "6bd6b39668cc854c0dca95b51893adc2b61f005b",
            "messageTitle": "Level-9",
            "messageBody": "",
            "insertions": 45,
            "deletions": 0
          },
          {
            "hash": "5eda36a497ed1fb9882958a6dc65b3eb290a7d44",
            "messageTitle": "Fixed typo in javadoc \"IOException\"",
            "messageBody": "",
            "insertions": 1,
            "deletions": 1
          }
        ]
      }
    ]
  },
  "authorFinalContributionMap": {
    "teoha": 1028
  },
  "authorFileTypeContributionMap": {
    "teoha": {
      "java": 976,
      "md": 0,
      "fxml": 0,
      "sh": 0,
      "bat": 21,
      "gradle": 15,
      "txt": 16
    }
  },
  "authorContributionVariance": {
    "teoha": 144253.19
  },
  "authorDisplayNameMap": {
    "teoha": "DERRI ...  YING"
  }
}
