{
  "authorDailyContributionsMap": {
    "xiaoyu-nus": [
      {
        "insertions": 159,
        "deletions": 53,
        "date": "2019-08-21",
        "commitResults": [
          {
            "hash": "b7d67635c06b1f5d221eaf88b8a46a824c1064ba",
            "messageTitle": "Level 1 commit 1",
            "messageBody": "",
            "insertions": 32,
            "deletions": 0
          },
          {
            "hash": "e0c8ca01ce01fa781b8adce879af50173389393c",
            "messageTitle": "level 2 commit 1",
            "messageBody": "",
            "insertions": 8,
            "deletions": 0
          },
          {
            "hash": "8c05f7230aea777f0fa18c4b08aaa8b1d5cfeb11",
            "messageTitle": "level 2 commit 2",
            "messageBody": "",
            "insertions": 37,
            "deletions": 14
          },
          {
            "hash": "9e4a122e5098b6e2f1cb8e834249e20802618257",
            "messageTitle": "level 3 commit 1",
            "messageBody": "",
            "insertions": 24,
            "deletions": 19
          },
          {
            "hash": "43f0ae76afef20e575cef62f452482e08b61a717",
            "messageTitle": "level 3 commit 2",
            "messageBody": "",
            "insertions": 58,
            "deletions": 20
          }
        ]
      },
      {
        "insertions": 279,
        "deletions": 50,
        "date": "2019-08-22",
        "commitResults": [
          {
            "hash": "35b720e8f716730b3e618983aa8e057fd2210c43",
            "messageTitle": "level 4 commit 1",
            "messageBody": "",
            "insertions": 73,
            "deletions": 7
          },
          {
            "hash": "892d6edb2ccebd333f2b07f141ada626656437e0",
            "messageTitle": "Level 4 commit 2",
            "messageBody": "",
            "insertions": 43,
            "deletions": 14
          },
          {
            "hash": "ba81c5f32aae1cafd11d8de7b313f75aab137e83",
            "messageTitle": "level 5 commit 1",
            "messageBody": "",
            "insertions": 141,
            "deletions": 24
          },
          {
            "hash": "ab67b2ede8ebf617d9e0e76e00fb78c2f1f318da",
            "messageTitle": "level 5 commit 2",
            "messageBody": "",
            "insertions": 9,
            "deletions": 5
          },
          {
            "hash": "a254ffefa221167574323e223b8c552c92ec46bb",
            "messageTitle": "level 6 commit 1",
            "messageBody": "",
            "insertions": 13,
            "deletions": 0
          }
        ]
      },
      {
        "insertions": 200,
        "deletions": 115,
        "date": "2019-08-28",
        "commitResults": [
          {
            "hash": "da69fc9a729796b05e1c69cf5c14799b6c98acec",
            "messageTitle": "level 6 commit 2",
            "messageBody": "",
            "insertions": 11,
            "deletions": 10
          },
          {
            "hash": "b93e0b130e96f63336caf2946845453ac76e376b",
            "messageTitle": "level 7 commit 1",
            "messageBody": "",
            "insertions": 3,
            "deletions": 0
          },
          {
            "hash": "7f60c5673a8bdac8d7826c148d748f648255976b",
            "messageTitle": "level 7 commit 2",
            "messageBody": "",
            "insertions": 186,
            "deletions": 105
          }
        ]
      },
      {
        "insertions": 853,
        "deletions": 251,
        "date": "2019-08-29",
        "commitResults": [
          {
            "hash": "de0a936019c4e785dbeb33ca86d2b3a900d0ee72",
            "messageTitle": "level 8 commit 1",
            "messageBody": "",
            "insertions": 122,
            "deletions": 26
          },
          {
            "hash": "69020e8f30831a0c3db82c947720bb706d3da2a3",
            "messageTitle": "A-MoreOOP commit 1",
            "messageBody": "",
            "insertions": 220,
            "deletions": 148
          },
          {
            "hash": "8135893c654d995b38470178be80a0b6f4af9384",
            "messageTitle": "A-MoreOOP commit 2",
            "messageBody": "",
            "insertions": 11,
            "deletions": 3
          },
          {
            "hash": "7717d7a9c31547f9737100778c2dcf162acb8a05",
            "messageTitle": "A-JUnit commit 1",
            "messageBody": "",
            "insertions": 57,
            "deletions": 0
          },
          {
            "hash": "e0adae061c019b33ca3047ab194b0362d99297f1",
            "messageTitle": "Some  modifications",
            "messageBody": "",
            "insertions": 50,
            "deletions": 48
          },
          {
            "hash": "f31d27da8d14c57d8fa4d8eddbab6ed15d25e543",
            "messageTitle": "A-JavaDoc",
            "messageBody": "",
            "insertions": 348,
            "deletions": 18
          },
          {
            "hash": "80c75bfa7dbb3e1dbb098546d046e04afcabf764",
            "messageTitle": "A-CodingStandard commit 1",
            "messageBody": "",
            "insertions": 6,
            "deletions": 7
          },
          {
            "hash": "1b7fc8a1e399f03c0b843135f32fdc41f984eb7f",
            "messageTitle": "level 9 commit 1",
            "messageBody": "",
            "insertions": 39,
            "deletions": 1
          }
        ]
      },
      {
        "insertions": 379,
        "deletions": 257,
        "date": "2019-09-03",
        "commitResults": [
          {
            "hash": "434f57d4965927932d6424d21c8188ced892332f",
            "messageTitle": "Add Command class",
            "messageBody": "",
            "insertions": 379,
            "deletions": 257
          }
        ]
      },
      {
        "insertions": 327,
        "deletions": 112,
        "date": "2019-09-04",
        "commitResults": [
          {
            "hash": "6e34dbf5385ed6b0c2329058c3834daf764554fc",
            "messageTitle": "Fix bugs",
            "messageBody": "",
            "insertions": 253,
            "deletions": 60
          },
          {
            "hash": "c3bd42810aaa46f05f09fbd1935a1d00bd7b8603",
            "messageTitle": "Fix typos",
            "messageBody": "",
            "insertions": 3,
            "deletions": 3
          },
          {
            "hash": "05d53684270b8e425c6eaedb7807719a40e6f09d",
            "messageTitle": "A-Gradle",
            "messageBody": "",
            "insertions": 57,
            "deletions": 42
          },
          {
            "hash": "41367dd36c6ce51f328ecb433df626bb9176e594",
            "messageTitle": "A-Checkstyle",
            "messageBody": "",
            "insertions": 14,
            "deletions": 7
          }
        ]
      },
      {
        "insertions": 321,
        "deletions": 149,
        "date": "2019-09-05",
        "commitResults": [
          {
            "hash": "7869764ca1c594c9b5ab8ad74b5802827cf016f4",
            "messageTitle": "Add GUI",
            "messageBody": "",
            "insertions": 246,
            "deletions": 70
          },
          {
            "hash": "18243037831726e9f3ccfe0603fbea78e0c15770",
            "messageTitle": "Level-10 commit 2",
            "messageBody": "",
            "insertions": 44,
            "deletions": 54
          },
          {
            "hash": "078834e67cdd09bf69be6038baaf68239d90e0d7",
            "messageTitle": "Level-10 commit 3",
            "messageBody": "",
            "insertions": 31,
            "deletions": 25
          }
        ]
      },
      {
        "insertions": 246,
        "deletions": 69,
        "date": "2019-09-11",
        "commitResults": [
          {
            "hash": "dcf13ce9b8dcaf49be159d4bfdeb7298bd04c6a0",
            "messageTitle": "Add package",
            "messageBody": "",
            "insertions": 198,
            "deletions": 43
          },
          {
            "hash": "e56970609dfe2d63dbc68cc0c995a4fba572eaf6",
            "messageTitle": "Refactor class Sheet",
            "messageBody": "",
            "insertions": 39,
            "deletions": 19
          },
          {
            "hash": "7831d19a855621b6d572c59f92a68a56c0b26e3a",
            "messageTitle": "Add assertions",
            "messageBody": "",
            "insertions": 7,
            "deletions": 0
          },
          {
            "hash": "4b81c031c1482bcb812afeac90db20d10c5c5b97",
            "messageTitle": "Refactor Ui class",
            "messageBody": "",
            "insertions": 2,
            "deletions": 7
          }
        ]
      },
      {
        "insertions": 276,
        "deletions": 99,
        "date": "2019-09-12",
        "commitResults": [
          {
            "hash": "6a3f82cd32a97a3b152ae926af980348a0f8daa2",
            "messageTitle": "Change yml location",
            "messageBody": "",
            "insertions": 1,
            "deletions": 1
          },
          {
            "hash": "a28ef3fb97237d1d1cdd39a8ab326d652cd90d94",
            "messageTitle": "Fix checkstyle",
            "messageBody": "",
            "insertions": 0,
            "deletions": 0
          },
          {
            "hash": "97e3de84fc4f94cec35364318746a7cf1ddf08f2",
            "messageTitle": "Fix checkstyle",
            "messageBody": "",
            "insertions": 70,
            "deletions": 36
          },
          {
            "hash": "2c823b73d8ba53bd46de2dd8ccb612925a72ea76",
            "messageTitle": "Fix checkstyle for test",
            "messageBody": "",
            "insertions": 8,
            "deletions": 2
          },
          {
            "hash": "cbf4124d846d04f89afc93bed8559692ad34d220",
            "messageTitle": "Add CompareTo() method for Task class",
            "messageBody": "",
            "insertions": 44,
            "deletions": 2
          },
          {
            "hash": "b205948c2d4bc2fae034736546669a05ca17fde1",
            "messageTitle": "Add Reminder",
            "messageBody": "",
            "insertions": 99,
            "deletions": 9
          },
          {
            "hash": "d54bcfc6584884e2cf2c4c0f42e0ef11054ce00a",
            "messageTitle": "Fix checkstyle",
            "messageBody": "",
            "insertions": 4,
            "deletions": 1
          },
          {
            "hash": "377f2464af014109a7e7ee55802e9b131c0e0773",
            "messageTitle": "Add more javadoc",
            "messageBody": "",
            "insertions": 5,
            "deletions": 0
          },
          {
            "hash": "8c732704e39710d912f3eeb1806a683946872e85",
            "messageTitle": "Add Assertions",
            "messageBody": "",
            "insertions": 11,
            "deletions": 16
          },
          {
            "hash": "bcce3f9cd897cdee086dc572c94b8096a9dbc6d3",
            "messageTitle": "Refine JavaDoc",
            "messageBody": "",
            "insertions": 12,
            "deletions": 11
          },
          {
            "hash": "b57bd6cf8204eda82d77174118ba50e1edce2365",
            "messageTitle": "Format files",
            "messageBody": "",
            "insertions": 6,
            "deletions": 4
          },
          {
            "hash": "427347817c635c6b66db310c42a753592ccb819d",
            "messageTitle": "Add A-CodeQuality",
            "messageBody": "",
            "insertions": 16,
            "deletions": 17
          }
        ]
      }
    ]
  },
  "authorFinalContributionMap": {
    "xiaoyu-nus": 1940
  },
  "authorFileTypeContributionMap": {
    "xiaoyu-nus": {
      "java": 1834,
      "md": 16,
      "fxml": 45,
      "sh": 0,
      "bat": 21,
      "gradle": 24,
      "txt": 0
    }
  },
  "authorContributionVariance": {
    "xiaoyu-nus": 67881.875
  },
  "authorDisplayNameMap": {
    "xiaoyu-nus": "CS2103T-F11-2 LIU X ... IAOYU"
  }
}
