[
  {
    "path": "src/main/java/Deadline.java",
    "fileType": "java",
    "lines": [
      {
        "lineNumber": 1,
        "author": {
          "gitId": "chowyiyin"
        },
        "content": "public class Deadline extends Task {"
      },
      {
        "lineNumber": 2,
        "author": {
          "gitId": "chowyiyin"
        },
        "content": ""
      },
      {
        "lineNumber": 3,
        "author": {
          "gitId": "chowyiyin"
        },
        "content": "    protected String by;"
      },
      {
        "lineNumber": 4,
        "author": {
          "gitId": "chowyiyin"
        },
        "content": ""
      },
      {
        "lineNumber": 5,
        "author": {
          "gitId": "chowyiyin"
        },
        "content": "    public Deadline(String description, String by) {"
      },
      {
        "lineNumber": 6,
        "author": {
          "gitId": "chowyiyin"
        },
        "content": "        super(description);"
      },
      {
        "lineNumber": 7,
        "author": {
          "gitId": "chowyiyin"
        },
        "content": "        this.by \u003d by;"
      },
      {
        "lineNumber": 8,
        "author": {
          "gitId": "chowyiyin"
        },
        "content": "    }"
      },
      {
        "lineNumber": 9,
        "author": {
          "gitId": "chowyiyin"
        },
        "content": ""
      },
      {
        "lineNumber": 10,
        "author": {
          "gitId": "chowyiyin"
        },
        "content": "    @Override"
      },
      {
        "lineNumber": 11,
        "author": {
          "gitId": "chowyiyin"
        },
        "content": "    public String toString() {"
      },
      {
        "lineNumber": 12,
        "author": {
          "gitId": "chowyiyin"
        },
        "content": "        return \"[D]\" + super.toString() + \" (by: \" + by + \")\";"
      },
      {
        "lineNumber": 13,
        "author": {
          "gitId": "chowyiyin"
        },
        "content": "    }"
      },
      {
        "lineNumber": 14,
        "author": {
          "gitId": "chowyiyin"
        },
        "content": "}"
      }
    ],
    "authorContributionMap": {
      "chowyiyin": 14
    }
  },
  {
    "path": "src/main/java/Duke.java",
    "fileType": "java",
    "lines": [
      {
        "lineNumber": 1,
        "author": {
          "gitId": "chowyiyin"
        },
        "content": "import java.util.Scanner;"
      },
      {
        "lineNumber": 2,
        "author": {
          "gitId": "chowyiyin"
        },
        "content": "import java.util.ArrayList;"
      },
      {
        "lineNumber": 3,
        "author": {
          "gitId": "chowyiyin"
        },
        "content": ""
      },
      {
        "lineNumber": 4,
        "author": {
          "gitId": "-"
        },
        "content": "public class Duke {"
      },
      {
        "lineNumber": 5,
        "author": {
          "gitId": "chowyiyin"
        },
        "content": "    public static ArrayList\u003cTask\u003e actions \u003d new ArrayList\u003c\u003e();"
      },
      {
        "lineNumber": 6,
        "author": {
          "gitId": "-"
        },
        "content": "    public static void main(String[] args) {"
      },
      {
        "lineNumber": 7,
        "author": {
          "gitId": "-"
        },
        "content": "        String logo \u003d \" ____        _        \\n\""
      },
      {
        "lineNumber": 8,
        "author": {
          "gitId": "-"
        },
        "content": "                + \"|  _ \\\\ _   _| | _____ \\n\""
      },
      {
        "lineNumber": 9,
        "author": {
          "gitId": "-"
        },
        "content": "                + \"| | | | | | | |/ / _ \\\\\\n\""
      },
      {
        "lineNumber": 10,
        "author": {
          "gitId": "-"
        },
        "content": "                + \"| |_| | |_| |   \u003c  __/\\n\""
      },
      {
        "lineNumber": 11,
        "author": {
          "gitId": "-"
        },
        "content": "                + \"|____/ \\\\__,_|_|\\\\_\\\\___|\\n\";"
      },
      {
        "lineNumber": 12,
        "author": {
          "gitId": "-"
        },
        "content": "        System.out.println(\"Hello from\\n\" + logo);"
      },
      {
        "lineNumber": 13,
        "author": {
          "gitId": "chowyiyin"
        },
        "content": "        drawLine();"
      },
      {
        "lineNumber": 14,
        "author": {
          "gitId": "chowyiyin"
        },
        "content": "        greetUser();"
      },
      {
        "lineNumber": 15,
        "author": {
          "gitId": "chowyiyin"
        },
        "content": "        drawLine();"
      },
      {
        "lineNumber": 16,
        "author": {
          "gitId": "chowyiyin"
        },
        "content": "        Scanner input \u003d new Scanner(System.in);"
      },
      {
        "lineNumber": 17,
        "author": {
          "gitId": "chowyiyin"
        },
        "content": "        readInputs(input);"
      },
      {
        "lineNumber": 18,
        "author": {
          "gitId": "chowyiyin"
        },
        "content": "    }"
      },
      {
        "lineNumber": 19,
        "author": {
          "gitId": "chowyiyin"
        },
        "content": ""
      },
      {
        "lineNumber": 20,
        "author": {
          "gitId": "chowyiyin"
        },
        "content": "    public static void readInputs(Scanner input) {"
      },
      {
        "lineNumber": 21,
        "author": {
          "gitId": "chowyiyin"
        },
        "content": "        while (input.hasNext()) {"
      },
      {
        "lineNumber": 22,
        "author": {
          "gitId": "chowyiyin"
        },
        "content": "            try {"
      },
      {
        "lineNumber": 23,
        "author": {
          "gitId": "chowyiyin"
        },
        "content": "                String userInput \u003d input.nextLine().replaceAll(\"\\\\s+\", \" \");"
      },
      {
        "lineNumber": 24,
        "author": {
          "gitId": "chowyiyin"
        },
        "content": "                if (userInput.equals(\"bye\")) {"
      },
      {
        "lineNumber": 25,
        "author": {
          "gitId": "chowyiyin"
        },
        "content": "                    sayBye();"
      },
      {
        "lineNumber": 26,
        "author": {
          "gitId": "chowyiyin"
        },
        "content": "                    input.close();"
      },
      {
        "lineNumber": 27,
        "author": {
          "gitId": "chowyiyin"
        },
        "content": "                    break;"
      },
      {
        "lineNumber": 28,
        "author": {
          "gitId": "chowyiyin"
        },
        "content": "                } else if (userInput.equals(\"list\")) {"
      },
      {
        "lineNumber": 29,
        "author": {
          "gitId": "chowyiyin"
        },
        "content": "                    printList();"
      },
      {
        "lineNumber": 30,
        "author": {
          "gitId": "chowyiyin"
        },
        "content": "                } else if (userInput.startsWith(\"todo\")) {"
      },
      {
        "lineNumber": 31,
        "author": {
          "gitId": "chowyiyin"
        },
        "content": "                    String details \u003d userInput.replaceFirst(\"todo\", \"\");"
      },
      {
        "lineNumber": 32,
        "author": {
          "gitId": "chowyiyin"
        },
        "content": "                    addToDo(details);"
      },
      {
        "lineNumber": 33,
        "author": {
          "gitId": "chowyiyin"
        },
        "content": "                } else if (userInput.startsWith(\"deadline\")) {"
      },
      {
        "lineNumber": 34,
        "author": {
          "gitId": "chowyiyin"
        },
        "content": "                    String details \u003d userInput.replaceFirst(\"deadline\", \"\");"
      },
      {
        "lineNumber": 35,
        "author": {
          "gitId": "chowyiyin"
        },
        "content": "                    addDeadline(details);"
      },
      {
        "lineNumber": 36,
        "author": {
          "gitId": "chowyiyin"
        },
        "content": "                } else if (userInput.startsWith(\"event\")) {"
      },
      {
        "lineNumber": 37,
        "author": {
          "gitId": "chowyiyin"
        },
        "content": "                    String details \u003d userInput.replaceFirst(\"event\", \"\");"
      },
      {
        "lineNumber": 38,
        "author": {
          "gitId": "chowyiyin"
        },
        "content": "                    addEvent(details);"
      },
      {
        "lineNumber": 39,
        "author": {
          "gitId": "chowyiyin"
        },
        "content": "                } else if (userInput.contains(\"done\")) {"
      },
      {
        "lineNumber": 40,
        "author": {
          "gitId": "chowyiyin"
        },
        "content": "                    String[] doneDetails \u003d userInput.split(\" \");"
      },
      {
        "lineNumber": 41,
        "author": {
          "gitId": "chowyiyin"
        },
        "content": "                    if (doneDetails.length \u003c 2) {"
      },
      {
        "lineNumber": 42,
        "author": {
          "gitId": "chowyiyin"
        },
        "content": "                        throw new DukeException(\"\\u2639 OOPS!!! The description of done cannot be empty.\");"
      },
      {
        "lineNumber": 43,
        "author": {
          "gitId": "chowyiyin"
        },
        "content": "                    }"
      },
      {
        "lineNumber": 44,
        "author": {
          "gitId": "chowyiyin"
        },
        "content": "                    String listActionIndex \u003d doneDetails[1];"
      },
      {
        "lineNumber": 45,
        "author": {
          "gitId": "chowyiyin"
        },
        "content": "                    if (Integer.parseInt(listActionIndex) \u003e actions.size()) {"
      },
      {
        "lineNumber": 46,
        "author": {
          "gitId": "chowyiyin"
        },
        "content": "                        throw new DukeException(\"\\u2639 OOPS!!! This item does not exist.\");"
      },
      {
        "lineNumber": 47,
        "author": {
          "gitId": "chowyiyin"
        },
        "content": "                    }"
      },
      {
        "lineNumber": 48,
        "author": {
          "gitId": "chowyiyin"
        },
        "content": "                    int arrayActionIndex \u003d Integer.parseInt(listActionIndex) - 1;"
      },
      {
        "lineNumber": 49,
        "author": {
          "gitId": "chowyiyin"
        },
        "content": "                    markAsDone(arrayActionIndex);"
      },
      {
        "lineNumber": 50,
        "author": {
          "gitId": "chowyiyin"
        },
        "content": "                } else if (userInput.contains(\"delete\")) {"
      },
      {
        "lineNumber": 51,
        "author": {
          "gitId": "chowyiyin"
        },
        "content": "                    String[] deleteDetails \u003d userInput.split(\" \");"
      },
      {
        "lineNumber": 52,
        "author": {
          "gitId": "chowyiyin"
        },
        "content": "                    if (deleteDetails.length \u003c 2) {"
      },
      {
        "lineNumber": 53,
        "author": {
          "gitId": "chowyiyin"
        },
        "content": "                        throw new DukeException(\"\\u2639 OOPS!!! The description of delete cannot be empty.\");"
      },
      {
        "lineNumber": 54,
        "author": {
          "gitId": "chowyiyin"
        },
        "content": "                    }"
      },
      {
        "lineNumber": 55,
        "author": {
          "gitId": "chowyiyin"
        },
        "content": "                    String listActionIndex \u003d deleteDetails[1];"
      },
      {
        "lineNumber": 56,
        "author": {
          "gitId": "chowyiyin"
        },
        "content": "                    if (Integer.parseInt(listActionIndex) \u003e actions.size()) {"
      },
      {
        "lineNumber": 57,
        "author": {
          "gitId": "chowyiyin"
        },
        "content": "                        throw new DukeException(\"\\u2639 OOPS!!! This item does not exist.\");"
      },
      {
        "lineNumber": 58,
        "author": {
          "gitId": "chowyiyin"
        },
        "content": "                    }"
      },
      {
        "lineNumber": 59,
        "author": {
          "gitId": "chowyiyin"
        },
        "content": "                    int arrayActionIndex \u003d Integer.parseInt(listActionIndex) - 1;"
      },
      {
        "lineNumber": 60,
        "author": {
          "gitId": "chowyiyin"
        },
        "content": "                    deleteFromList(arrayActionIndex);"
      },
      {
        "lineNumber": 61,
        "author": {
          "gitId": "chowyiyin"
        },
        "content": "                }else {"
      },
      {
        "lineNumber": 62,
        "author": {
          "gitId": "chowyiyin"
        },
        "content": "                    throw new DukeException(\"\\u2639 OOPS!!! I\u0027m sorry, but I don\u0027t know what that means :-(\");"
      },
      {
        "lineNumber": 63,
        "author": {
          "gitId": "chowyiyin"
        },
        "content": "                }"
      },
      {
        "lineNumber": 64,
        "author": {
          "gitId": "chowyiyin"
        },
        "content": "            }"
      },
      {
        "lineNumber": 65,
        "author": {
          "gitId": "chowyiyin"
        },
        "content": "            catch (DukeException exception) {"
      },
      {
        "lineNumber": 66,
        "author": {
          "gitId": "chowyiyin"
        },
        "content": "                printError(exception);"
      },
      {
        "lineNumber": 67,
        "author": {
          "gitId": "chowyiyin"
        },
        "content": "            }"
      },
      {
        "lineNumber": 68,
        "author": {
          "gitId": "chowyiyin"
        },
        "content": "        }"
      },
      {
        "lineNumber": 69,
        "author": {
          "gitId": "chowyiyin"
        },
        "content": "    }"
      },
      {
        "lineNumber": 70,
        "author": {
          "gitId": "chowyiyin"
        },
        "content": ""
      },
      {
        "lineNumber": 71,
        "author": {
          "gitId": "chowyiyin"
        },
        "content": "    public static void printError(DukeException exception) {"
      },
      {
        "lineNumber": 72,
        "author": {
          "gitId": "chowyiyin"
        },
        "content": "        String message \u003d exception.getMessage();"
      },
      {
        "lineNumber": 73,
        "author": {
          "gitId": "chowyiyin"
        },
        "content": "        drawLine();"
      },
      {
        "lineNumber": 74,
        "author": {
          "gitId": "chowyiyin"
        },
        "content": "        System.out.println(\"\\t \" + message);"
      },
      {
        "lineNumber": 75,
        "author": {
          "gitId": "chowyiyin"
        },
        "content": "        drawLine();"
      },
      {
        "lineNumber": 76,
        "author": {
          "gitId": "chowyiyin"
        },
        "content": "    }"
      },
      {
        "lineNumber": 77,
        "author": {
          "gitId": "chowyiyin"
        },
        "content": ""
      },
      {
        "lineNumber": 78,
        "author": {
          "gitId": "chowyiyin"
        },
        "content": "    public static void deleteFromList(int index) {"
      },
      {
        "lineNumber": 79,
        "author": {
          "gitId": "chowyiyin"
        },
        "content": "        Task action \u003d actions.remove(index);"
      },
      {
        "lineNumber": 80,
        "author": {
          "gitId": "chowyiyin"
        },
        "content": "        drawLine();"
      },
      {
        "lineNumber": 81,
        "author": {
          "gitId": "chowyiyin"
        },
        "content": "        System.out.println(\"\\t Noted. I\u0027ve removed this task: \");"
      },
      {
        "lineNumber": 82,
        "author": {
          "gitId": "chowyiyin"
        },
        "content": "        System.out.println(\"\\t\\t \" + action);"
      },
      {
        "lineNumber": 83,
        "author": {
          "gitId": "chowyiyin"
        },
        "content": "        int numberOfTasks \u003d actions.size();"
      },
      {
        "lineNumber": 84,
        "author": {
          "gitId": "chowyiyin"
        },
        "content": "        System.out.println(\"\\t Now you have \" + numberOfTasks + (numberOfTasks \u003d\u003d 1 ? \" task\": \" tasks\") + \" in the list.\");"
      },
      {
        "lineNumber": 85,
        "author": {
          "gitId": "chowyiyin"
        },
        "content": "        drawLine();"
      },
      {
        "lineNumber": 86,
        "author": {
          "gitId": "chowyiyin"
        },
        "content": "    }"
      },
      {
        "lineNumber": 87,
        "author": {
          "gitId": "chowyiyin"
        },
        "content": ""
      },
      {
        "lineNumber": 88,
        "author": {
          "gitId": "chowyiyin"
        },
        "content": "    public static void printAddedTask(Task task) {"
      },
      {
        "lineNumber": 89,
        "author": {
          "gitId": "chowyiyin"
        },
        "content": "        drawLine();"
      },
      {
        "lineNumber": 90,
        "author": {
          "gitId": "chowyiyin"
        },
        "content": "        System.out.println(\"\\t Got it. I\u0027ve added this task: \");"
      },
      {
        "lineNumber": 91,
        "author": {
          "gitId": "chowyiyin"
        },
        "content": "        System.out.println(\"\\t\\t \" + task);"
      },
      {
        "lineNumber": 92,
        "author": {
          "gitId": "chowyiyin"
        },
        "content": "        int numberOfTasks \u003d actions.size();"
      },
      {
        "lineNumber": 93,
        "author": {
          "gitId": "chowyiyin"
        },
        "content": "        System.out.println(\"\\t Now you have \" + numberOfTasks + (numberOfTasks \u003d\u003d 1 ? \" task\": \" tasks\") + \" in the list.\");"
      },
      {
        "lineNumber": 94,
        "author": {
          "gitId": "chowyiyin"
        },
        "content": "        drawLine();"
      },
      {
        "lineNumber": 95,
        "author": {
          "gitId": "chowyiyin"
        },
        "content": "    }"
      },
      {
        "lineNumber": 96,
        "author": {
          "gitId": "chowyiyin"
        },
        "content": ""
      },
      {
        "lineNumber": 97,
        "author": {
          "gitId": "chowyiyin"
        },
        "content": "    public static void addToDo(String details) throws DukeException{"
      },
      {
        "lineNumber": 98,
        "author": {
          "gitId": "chowyiyin"
        },
        "content": "        if (details.trim().length() \u003d\u003d 0) {"
      },
      {
        "lineNumber": 99,
        "author": {
          "gitId": "chowyiyin"
        },
        "content": "            throw new DukeException(\"\\u2639 OOPS!!! The description of a todo cannot be empty.\");"
      },
      {
        "lineNumber": 100,
        "author": {
          "gitId": "chowyiyin"
        },
        "content": "        }"
      },
      {
        "lineNumber": 101,
        "author": {
          "gitId": "chowyiyin"
        },
        "content": "        Task todo \u003d new Todo(details.trim());"
      },
      {
        "lineNumber": 102,
        "author": {
          "gitId": "chowyiyin"
        },
        "content": "        actions.add(todo);"
      },
      {
        "lineNumber": 103,
        "author": {
          "gitId": "chowyiyin"
        },
        "content": "        printAddedTask(todo);"
      },
      {
        "lineNumber": 104,
        "author": {
          "gitId": "chowyiyin"
        },
        "content": "    }"
      },
      {
        "lineNumber": 105,
        "author": {
          "gitId": "chowyiyin"
        },
        "content": ""
      },
      {
        "lineNumber": 106,
        "author": {
          "gitId": "chowyiyin"
        },
        "content": "    public static void addDeadline(String details) throws DukeException {"
      },
      {
        "lineNumber": 107,
        "author": {
          "gitId": "chowyiyin"
        },
        "content": "        String[] detailsSplit \u003d details.split(\"/by\");"
      },
      {
        "lineNumber": 108,
        "author": {
          "gitId": "chowyiyin"
        },
        "content": "        if (detailsSplit.length \u003d\u003d 0 || detailsSplit[0].trim().length() \u003d\u003d 0) {"
      },
      {
        "lineNumber": 109,
        "author": {
          "gitId": "chowyiyin"
        },
        "content": "            throw new DukeException(\"\\u2639 OOPS!!! The description of a deadline cannot be empty.\");"
      },
      {
        "lineNumber": 110,
        "author": {
          "gitId": "chowyiyin"
        },
        "content": "        }"
      },
      {
        "lineNumber": 111,
        "author": {
          "gitId": "chowyiyin"
        },
        "content": "        if (detailsSplit.length \u003c 2 || detailsSplit[1].trim().length() \u003d\u003d 0) {"
      },
      {
        "lineNumber": 112,
        "author": {
          "gitId": "chowyiyin"
        },
        "content": "            throw new DukeException(\"\\u2639 OOPS!!! The description of a deadline requires a task and/or a due date\");"
      },
      {
        "lineNumber": 113,
        "author": {
          "gitId": "chowyiyin"
        },
        "content": "        }"
      },
      {
        "lineNumber": 114,
        "author": {
          "gitId": "chowyiyin"
        },
        "content": "        String action \u003d detailsSplit[0].trim();"
      },
      {
        "lineNumber": 115,
        "author": {
          "gitId": "chowyiyin"
        },
        "content": "        String deadline \u003d detailsSplit[1].trim();"
      },
      {
        "lineNumber": 116,
        "author": {
          "gitId": "chowyiyin"
        },
        "content": "        Task taskDeadline \u003d new Deadline(action, deadline);"
      },
      {
        "lineNumber": 117,
        "author": {
          "gitId": "chowyiyin"
        },
        "content": "        actions.add(taskDeadline);"
      },
      {
        "lineNumber": 118,
        "author": {
          "gitId": "chowyiyin"
        },
        "content": "        printAddedTask(taskDeadline);"
      },
      {
        "lineNumber": 119,
        "author": {
          "gitId": "chowyiyin"
        },
        "content": "    }"
      },
      {
        "lineNumber": 120,
        "author": {
          "gitId": "chowyiyin"
        },
        "content": ""
      },
      {
        "lineNumber": 121,
        "author": {
          "gitId": "chowyiyin"
        },
        "content": "    public static void addEvent(String details) throws DukeException{"
      },
      {
        "lineNumber": 122,
        "author": {
          "gitId": "chowyiyin"
        },
        "content": "        String[] detailsSplit \u003d details.split( \"/at\");"
      },
      {
        "lineNumber": 123,
        "author": {
          "gitId": "chowyiyin"
        },
        "content": "        if (detailsSplit.length \u003d\u003d 0 || detailsSplit[0].trim().length() \u003d\u003d 0) {"
      },
      {
        "lineNumber": 124,
        "author": {
          "gitId": "chowyiyin"
        },
        "content": "            throw new DukeException(\"\\u2639 OOPS!!! The description of an event cannot be empty.\");"
      },
      {
        "lineNumber": 125,
        "author": {
          "gitId": "chowyiyin"
        },
        "content": "        }"
      },
      {
        "lineNumber": 126,
        "author": {
          "gitId": "chowyiyin"
        },
        "content": "        if (detailsSplit.length \u003c 2 || detailsSplit[1].trim().length() \u003d\u003d 0) {"
      },
      {
        "lineNumber": 127,
        "author": {
          "gitId": "chowyiyin"
        },
        "content": "            throw new DukeException(\"\\u2639 OOPS!!! The description of an event requires a task and/or a scheduled time\");"
      },
      {
        "lineNumber": 128,
        "author": {
          "gitId": "chowyiyin"
        },
        "content": "        }"
      },
      {
        "lineNumber": 129,
        "author": {
          "gitId": "chowyiyin"
        },
        "content": "        String event \u003d detailsSplit[0].trim();"
      },
      {
        "lineNumber": 130,
        "author": {
          "gitId": "chowyiyin"
        },
        "content": "        String timing \u003d detailsSplit[1].trim();"
      },
      {
        "lineNumber": 131,
        "author": {
          "gitId": "chowyiyin"
        },
        "content": "        Task taskEvent \u003d new Event(event, timing);"
      },
      {
        "lineNumber": 132,
        "author": {
          "gitId": "chowyiyin"
        },
        "content": "        actions.add(taskEvent);"
      },
      {
        "lineNumber": 133,
        "author": {
          "gitId": "chowyiyin"
        },
        "content": "        printAddedTask(taskEvent);"
      },
      {
        "lineNumber": 134,
        "author": {
          "gitId": "chowyiyin"
        },
        "content": "    }"
      },
      {
        "lineNumber": 135,
        "author": {
          "gitId": "chowyiyin"
        },
        "content": ""
      },
      {
        "lineNumber": 136,
        "author": {
          "gitId": "chowyiyin"
        },
        "content": "    public static void markAsDone(int index) {"
      },
      {
        "lineNumber": 137,
        "author": {
          "gitId": "chowyiyin"
        },
        "content": "        Task action \u003d actions.get(index);"
      },
      {
        "lineNumber": 138,
        "author": {
          "gitId": "chowyiyin"
        },
        "content": "        action.setDone();"
      },
      {
        "lineNumber": 139,
        "author": {
          "gitId": "chowyiyin"
        },
        "content": "        drawLine();"
      },
      {
        "lineNumber": 140,
        "author": {
          "gitId": "chowyiyin"
        },
        "content": "        System.out.println(\"\\t Nice! I\u0027ve marked this task as done: \");"
      },
      {
        "lineNumber": 141,
        "author": {
          "gitId": "chowyiyin"
        },
        "content": "        System.out.println(\"\\t\\t \" + action);"
      },
      {
        "lineNumber": 142,
        "author": {
          "gitId": "chowyiyin"
        },
        "content": "        drawLine();"
      },
      {
        "lineNumber": 143,
        "author": {
          "gitId": "chowyiyin"
        },
        "content": "    }"
      },
      {
        "lineNumber": 144,
        "author": {
          "gitId": "chowyiyin"
        },
        "content": "    public static void sayBye() {"
      },
      {
        "lineNumber": 145,
        "author": {
          "gitId": "chowyiyin"
        },
        "content": "        drawLine();"
      },
      {
        "lineNumber": 146,
        "author": {
          "gitId": "chowyiyin"
        },
        "content": "        System.out.println(\"\\t Bye. Hope to see you again soon!\");"
      },
      {
        "lineNumber": 147,
        "author": {
          "gitId": "chowyiyin"
        },
        "content": "        drawLine();"
      },
      {
        "lineNumber": 148,
        "author": {
          "gitId": "chowyiyin"
        },
        "content": "    }"
      },
      {
        "lineNumber": 149,
        "author": {
          "gitId": "chowyiyin"
        },
        "content": ""
      },
      {
        "lineNumber": 150,
        "author": {
          "gitId": "chowyiyin"
        },
        "content": "    public static void printList() {"
      },
      {
        "lineNumber": 151,
        "author": {
          "gitId": "chowyiyin"
        },
        "content": "        drawLine();"
      },
      {
        "lineNumber": 152,
        "author": {
          "gitId": "chowyiyin"
        },
        "content": "        System.out.println(\"\\t Here are the tasks in your list: \");"
      },
      {
        "lineNumber": 153,
        "author": {
          "gitId": "chowyiyin"
        },
        "content": "        for (int i \u003d 0; i \u003c actions.size(); i++) {"
      },
      {
        "lineNumber": 154,
        "author": {
          "gitId": "chowyiyin"
        },
        "content": "            System.out.println(\"\\t \" + (i + 1) + \". \" + actions.get(i));"
      },
      {
        "lineNumber": 155,
        "author": {
          "gitId": "chowyiyin"
        },
        "content": "        }"
      },
      {
        "lineNumber": 156,
        "author": {
          "gitId": "chowyiyin"
        },
        "content": "        drawLine();"
      },
      {
        "lineNumber": 157,
        "author": {
          "gitId": "chowyiyin"
        },
        "content": "    }"
      },
      {
        "lineNumber": 158,
        "author": {
          "gitId": "chowyiyin"
        },
        "content": ""
      },
      {
        "lineNumber": 159,
        "author": {
          "gitId": "chowyiyin"
        },
        "content": "    public static void drawLine() {"
      },
      {
        "lineNumber": 160,
        "author": {
          "gitId": "chowyiyin"
        },
        "content": "        System.out.println(\"\\t-----------------------------------------------------------------------------\");"
      },
      {
        "lineNumber": 161,
        "author": {
          "gitId": "chowyiyin"
        },
        "content": "    }"
      },
      {
        "lineNumber": 162,
        "author": {
          "gitId": "chowyiyin"
        },
        "content": ""
      },
      {
        "lineNumber": 163,
        "author": {
          "gitId": "chowyiyin"
        },
        "content": "    public static void greetUser() {"
      },
      {
        "lineNumber": 164,
        "author": {
          "gitId": "chowyiyin"
        },
        "content": "        System.out.println(\"\\tHello! I\u0027m Duke\\n\\tWhat can I do for you?\");"
      },
      {
        "lineNumber": 165,
        "author": {
          "gitId": "-"
        },
        "content": "    }"
      },
      {
        "lineNumber": 166,
        "author": {
          "gitId": "-"
        },
        "content": "}"
      }
    ],
    "authorContributionMap": {
      "chowyiyin": 156,
      "-": 10
    }
  },
  {
    "path": "src/main/java/DukeException.java",
    "fileType": "java",
    "lines": [
      {
        "lineNumber": 1,
        "author": {
          "gitId": "chowyiyin"
        },
        "content": "public class DukeException extends Exception {"
      },
      {
        "lineNumber": 2,
        "author": {
          "gitId": "chowyiyin"
        },
        "content": ""
      },
      {
        "lineNumber": 3,
        "author": {
          "gitId": "chowyiyin"
        },
        "content": "    protected String message;"
      },
      {
        "lineNumber": 4,
        "author": {
          "gitId": "chowyiyin"
        },
        "content": ""
      },
      {
        "lineNumber": 5,
        "author": {
          "gitId": "chowyiyin"
        },
        "content": "    public DukeException(String message) {"
      },
      {
        "lineNumber": 6,
        "author": {
          "gitId": "chowyiyin"
        },
        "content": "        this.message \u003d message;"
      },
      {
        "lineNumber": 7,
        "author": {
          "gitId": "chowyiyin"
        },
        "content": "    }"
      },
      {
        "lineNumber": 8,
        "author": {
          "gitId": "chowyiyin"
        },
        "content": ""
      },
      {
        "lineNumber": 9,
        "author": {
          "gitId": "chowyiyin"
        },
        "content": "    public String getMessage() {"
      },
      {
        "lineNumber": 10,
        "author": {
          "gitId": "chowyiyin"
        },
        "content": "        return message;"
      },
      {
        "lineNumber": 11,
        "author": {
          "gitId": "chowyiyin"
        },
        "content": "    }"
      },
      {
        "lineNumber": 12,
        "author": {
          "gitId": "chowyiyin"
        },
        "content": "}"
      }
    ],
    "authorContributionMap": {
      "chowyiyin": 12
    }
  },
  {
    "path": "src/main/java/Event.java",
    "fileType": "java",
    "lines": [
      {
        "lineNumber": 1,
        "author": {
          "gitId": "chowyiyin"
        },
        "content": "public class Event extends Task {"
      },
      {
        "lineNumber": 2,
        "author": {
          "gitId": "chowyiyin"
        },
        "content": ""
      },
      {
        "lineNumber": 3,
        "author": {
          "gitId": "chowyiyin"
        },
        "content": "    protected String timing;"
      },
      {
        "lineNumber": 4,
        "author": {
          "gitId": "chowyiyin"
        },
        "content": ""
      },
      {
        "lineNumber": 5,
        "author": {
          "gitId": "chowyiyin"
        },
        "content": "    public Event(String description, String timing) {"
      },
      {
        "lineNumber": 6,
        "author": {
          "gitId": "chowyiyin"
        },
        "content": "        super(description);"
      },
      {
        "lineNumber": 7,
        "author": {
          "gitId": "chowyiyin"
        },
        "content": "        this.timing \u003d timing;"
      },
      {
        "lineNumber": 8,
        "author": {
          "gitId": "chowyiyin"
        },
        "content": "    }"
      },
      {
        "lineNumber": 9,
        "author": {
          "gitId": "chowyiyin"
        },
        "content": ""
      },
      {
        "lineNumber": 10,
        "author": {
          "gitId": "chowyiyin"
        },
        "content": "    @Override"
      },
      {
        "lineNumber": 11,
        "author": {
          "gitId": "chowyiyin"
        },
        "content": "    public String toString() {"
      },
      {
        "lineNumber": 12,
        "author": {
          "gitId": "chowyiyin"
        },
        "content": "        return \"[E]\" + super.toString() + \"(at: \" + timing + \")\";"
      },
      {
        "lineNumber": 13,
        "author": {
          "gitId": "chowyiyin"
        },
        "content": "    }"
      },
      {
        "lineNumber": 14,
        "author": {
          "gitId": "chowyiyin"
        },
        "content": "}"
      }
    ],
    "authorContributionMap": {
      "chowyiyin": 14
    }
  },
  {
    "path": "src/main/java/Task.java",
    "fileType": "java",
    "lines": [
      {
        "lineNumber": 1,
        "author": {
          "gitId": "chowyiyin"
        },
        "content": "public class Task {"
      },
      {
        "lineNumber": 2,
        "author": {
          "gitId": "chowyiyin"
        },
        "content": "    protected String description;"
      },
      {
        "lineNumber": 3,
        "author": {
          "gitId": "chowyiyin"
        },
        "content": "    protected boolean isDone;"
      },
      {
        "lineNumber": 4,
        "author": {
          "gitId": "chowyiyin"
        },
        "content": ""
      },
      {
        "lineNumber": 5,
        "author": {
          "gitId": "chowyiyin"
        },
        "content": "    public Task(String description) {"
      },
      {
        "lineNumber": 6,
        "author": {
          "gitId": "chowyiyin"
        },
        "content": "        this.description \u003d description;"
      },
      {
        "lineNumber": 7,
        "author": {
          "gitId": "chowyiyin"
        },
        "content": "        this.isDone \u003d false;"
      },
      {
        "lineNumber": 8,
        "author": {
          "gitId": "chowyiyin"
        },
        "content": "    }"
      },
      {
        "lineNumber": 9,
        "author": {
          "gitId": "chowyiyin"
        },
        "content": ""
      },
      {
        "lineNumber": 10,
        "author": {
          "gitId": "chowyiyin"
        },
        "content": "    public String getStatusIcon() {"
      },
      {
        "lineNumber": 11,
        "author": {
          "gitId": "chowyiyin"
        },
        "content": "        return (isDone ? \"\\u2713\" : \"\\u2718\");"
      },
      {
        "lineNumber": 12,
        "author": {
          "gitId": "chowyiyin"
        },
        "content": "    }"
      },
      {
        "lineNumber": 13,
        "author": {
          "gitId": "chowyiyin"
        },
        "content": ""
      },
      {
        "lineNumber": 14,
        "author": {
          "gitId": "chowyiyin"
        },
        "content": "    public void setDone() {"
      },
      {
        "lineNumber": 15,
        "author": {
          "gitId": "chowyiyin"
        },
        "content": "        this.isDone \u003d true;"
      },
      {
        "lineNumber": 16,
        "author": {
          "gitId": "chowyiyin"
        },
        "content": "    }"
      },
      {
        "lineNumber": 17,
        "author": {
          "gitId": "chowyiyin"
        },
        "content": ""
      },
      {
        "lineNumber": 18,
        "author": {
          "gitId": "chowyiyin"
        },
        "content": "    @Override"
      },
      {
        "lineNumber": 19,
        "author": {
          "gitId": "chowyiyin"
        },
        "content": "    public String toString() {"
      },
      {
        "lineNumber": 20,
        "author": {
          "gitId": "chowyiyin"
        },
        "content": "        return \"[\" + this.getStatusIcon() + \"] \" + this.description;"
      },
      {
        "lineNumber": 21,
        "author": {
          "gitId": "chowyiyin"
        },
        "content": "    }"
      },
      {
        "lineNumber": 22,
        "author": {
          "gitId": "chowyiyin"
        },
        "content": "}"
      }
    ],
    "authorContributionMap": {
      "chowyiyin": 22
    }
  },
  {
    "path": "src/main/java/Todo.java",
    "fileType": "java",
    "lines": [
      {
        "lineNumber": 1,
        "author": {
          "gitId": "chowyiyin"
        },
        "content": "public class Todo extends Task {"
      },
      {
        "lineNumber": 2,
        "author": {
          "gitId": "chowyiyin"
        },
        "content": ""
      },
      {
        "lineNumber": 3,
        "author": {
          "gitId": "chowyiyin"
        },
        "content": "    public Todo(String description) {"
      },
      {
        "lineNumber": 4,
        "author": {
          "gitId": "chowyiyin"
        },
        "content": "        super(description);"
      },
      {
        "lineNumber": 5,
        "author": {
          "gitId": "chowyiyin"
        },
        "content": "    }"
      },
      {
        "lineNumber": 6,
        "author": {
          "gitId": "chowyiyin"
        },
        "content": ""
      },
      {
        "lineNumber": 7,
        "author": {
          "gitId": "chowyiyin"
        },
        "content": "    @Override"
      },
      {
        "lineNumber": 8,
        "author": {
          "gitId": "chowyiyin"
        },
        "content": "    public String toString() {"
      },
      {
        "lineNumber": 9,
        "author": {
          "gitId": "chowyiyin"
        },
        "content": "        return \"[T]\" + super.toString();"
      },
      {
        "lineNumber": 10,
        "author": {
          "gitId": "chowyiyin"
        },
        "content": "    }"
      },
      {
        "lineNumber": 11,
        "author": {
          "gitId": "chowyiyin"
        },
        "content": "}"
      }
    ],
    "authorContributionMap": {
      "chowyiyin": 11
    }
  }
]
