[
  {
    "path": "src/main/java/Deadline.java",
    "fileType": "java",
    "lines": [
      {
        "lineNumber": 1,
        "author": {
          "gitId": "chensu2436"
        },
        "content": "import java.text.DateFormat;"
      },
      {
        "lineNumber": 2,
        "author": {
          "gitId": "chensu2436"
        },
        "content": "import java.text.ParseException;"
      },
      {
        "lineNumber": 3,
        "author": {
          "gitId": "chensu2436"
        },
        "content": "import java.text.SimpleDateFormat;"
      },
      {
        "lineNumber": 4,
        "author": {
          "gitId": "chensu2436"
        },
        "content": "import java.util.Date;"
      },
      {
        "lineNumber": 5,
        "author": {
          "gitId": "chensu2436"
        },
        "content": ""
      },
      {
        "lineNumber": 6,
        "author": {
          "gitId": "chensu2436"
        },
        "content": "public class Deadline extends Task {"
      },
      {
        "lineNumber": 7,
        "author": {
          "gitId": "chensu2436"
        },
        "content": ""
      },
      {
        "lineNumber": 8,
        "author": {
          "gitId": "chensu2436"
        },
        "content": "    private String deadline;"
      },
      {
        "lineNumber": 9,
        "author": {
          "gitId": "chensu2436"
        },
        "content": ""
      },
      {
        "lineNumber": 10,
        "author": {
          "gitId": "chensu2436"
        },
        "content": "    public Deadline(String taskName, boolean done, String deadline) {"
      },
      {
        "lineNumber": 11,
        "author": {
          "gitId": "chensu2436"
        },
        "content": "        super(taskName, done);"
      },
      {
        "lineNumber": 12,
        "author": {
          "gitId": "chensu2436"
        },
        "content": "        this.deadline  \u003d deadline;"
      },
      {
        "lineNumber": 13,
        "author": {
          "gitId": "chensu2436"
        },
        "content": "    }"
      },
      {
        "lineNumber": 14,
        "author": {
          "gitId": "chensu2436"
        },
        "content": ""
      },
      {
        "lineNumber": 15,
        "author": {
          "gitId": "chensu2436"
        },
        "content": "    public String toString() {"
      },
      {
        "lineNumber": 16,
        "author": {
          "gitId": "chensu2436"
        },
        "content": "        if (done) {"
      },
      {
        "lineNumber": 17,
        "author": {
          "gitId": "chensu2436"
        },
        "content": "            return \"[D][✓]\" + taskName + \"(by:\" + deadline + \")\";"
      },
      {
        "lineNumber": 18,
        "author": {
          "gitId": "chensu2436"
        },
        "content": "        } else {"
      },
      {
        "lineNumber": 19,
        "author": {
          "gitId": "chensu2436"
        },
        "content": "            return \"[D][✗]\" + taskName + \"(by:\" + deadline + \")\";"
      },
      {
        "lineNumber": 20,
        "author": {
          "gitId": "chensu2436"
        },
        "content": "        }"
      },
      {
        "lineNumber": 21,
        "author": {
          "gitId": "chensu2436"
        },
        "content": "    }"
      },
      {
        "lineNumber": 22,
        "author": {
          "gitId": "chensu2436"
        },
        "content": ""
      },
      {
        "lineNumber": 23,
        "author": {
          "gitId": "chensu2436"
        },
        "content": ""
      },
      {
        "lineNumber": 24,
        "author": {
          "gitId": "chensu2436"
        },
        "content": "    public Date convertDateTime() {"
      },
      {
        "lineNumber": 25,
        "author": {
          "gitId": "chensu2436"
        },
        "content": "        DateFormat formatter \u003d new SimpleDateFormat(\"dd/MM/yyyy HH:mm\");"
      },
      {
        "lineNumber": 26,
        "author": {
          "gitId": "chensu2436"
        },
        "content": "        Date converted;"
      },
      {
        "lineNumber": 27,
        "author": {
          "gitId": "chensu2436"
        },
        "content": "        try {"
      },
      {
        "lineNumber": 28,
        "author": {
          "gitId": "chensu2436"
        },
        "content": "            converted \u003d formatter.parse(deadline);"
      },
      {
        "lineNumber": 29,
        "author": {
          "gitId": "chensu2436"
        },
        "content": "        } catch  (ParseException e) {"
      },
      {
        "lineNumber": 30,
        "author": {
          "gitId": "chensu2436"
        },
        "content": "            return null;"
      },
      {
        "lineNumber": 31,
        "author": {
          "gitId": "chensu2436"
        },
        "content": "        }"
      },
      {
        "lineNumber": 32,
        "author": {
          "gitId": "chensu2436"
        },
        "content": "        return converted;"
      },
      {
        "lineNumber": 33,
        "author": {
          "gitId": "chensu2436"
        },
        "content": "    }"
      },
      {
        "lineNumber": 34,
        "author": {
          "gitId": "chensu2436"
        },
        "content": ""
      },
      {
        "lineNumber": 35,
        "author": {
          "gitId": "chensu2436"
        },
        "content": "    public String storageFormat() {"
      },
      {
        "lineNumber": 36,
        "author": {
          "gitId": "chensu2436"
        },
        "content": "        if (done) {"
      },
      {
        "lineNumber": 37,
        "author": {
          "gitId": "chensu2436"
        },
        "content": "            return \"D/✓/\" + taskName + \"/\" + deadline;"
      },
      {
        "lineNumber": 38,
        "author": {
          "gitId": "chensu2436"
        },
        "content": "        } else {"
      },
      {
        "lineNumber": 39,
        "author": {
          "gitId": "chensu2436"
        },
        "content": "            return \"D/✗/\" + taskName + \"/\" + deadline;"
      },
      {
        "lineNumber": 40,
        "author": {
          "gitId": "chensu2436"
        },
        "content": "        }"
      },
      {
        "lineNumber": 41,
        "author": {
          "gitId": "chensu2436"
        },
        "content": "    }"
      },
      {
        "lineNumber": 42,
        "author": {
          "gitId": "chensu2436"
        },
        "content": "}"
      }
    ],
    "authorContributionMap": {
      "chensu2436": 42
    }
  },
  {
    "path": "src/main/java/Duke.java",
    "fileType": "java",
    "lines": [
      {
        "lineNumber": 1,
        "author": {
          "gitId": "chensu2436"
        },
        "content": "import java.io.FileNotFoundException;"
      },
      {
        "lineNumber": 2,
        "author": {
          "gitId": "chensu2436"
        },
        "content": "import java.io.IOException;"
      },
      {
        "lineNumber": 3,
        "author": {
          "gitId": "chensu2436"
        },
        "content": "import java.util.Scanner;"
      },
      {
        "lineNumber": 4,
        "author": {
          "gitId": "chensu2436"
        },
        "content": ""
      },
      {
        "lineNumber": 5,
        "author": {
          "gitId": "-"
        },
        "content": "public class Duke {"
      },
      {
        "lineNumber": 6,
        "author": {
          "gitId": "chensu2436"
        },
        "content": ""
      },
      {
        "lineNumber": 7,
        "author": {
          "gitId": "chensu2436"
        },
        "content": "    private Ui ui;"
      },
      {
        "lineNumber": 8,
        "author": {
          "gitId": "chensu2436"
        },
        "content": "    private Storage storage;"
      },
      {
        "lineNumber": 9,
        "author": {
          "gitId": "chensu2436"
        },
        "content": "    private TaskList tasks;"
      },
      {
        "lineNumber": 10,
        "author": {
          "gitId": "chensu2436"
        },
        "content": ""
      },
      {
        "lineNumber": 11,
        "author": {
          "gitId": "chensu2436"
        },
        "content": "    public Duke(String filePath) {"
      },
      {
        "lineNumber": 12,
        "author": {
          "gitId": "chensu2436"
        },
        "content": "        ui \u003d new Ui();"
      },
      {
        "lineNumber": 13,
        "author": {
          "gitId": "chensu2436"
        },
        "content": "        storage \u003d new Storage(filePath);"
      },
      {
        "lineNumber": 14,
        "author": {
          "gitId": "chensu2436"
        },
        "content": "        try {"
      },
      {
        "lineNumber": 15,
        "author": {
          "gitId": "chensu2436"
        },
        "content": "            tasks \u003d new TaskList(storage.load());"
      },
      {
        "lineNumber": 16,
        "author": {
          "gitId": "chensu2436"
        },
        "content": "        } catch (FileNotFoundException e) {"
      },
      {
        "lineNumber": 17,
        "author": {
          "gitId": "chensu2436"
        },
        "content": "            ui.showLoadingError();"
      },
      {
        "lineNumber": 18,
        "author": {
          "gitId": "chensu2436"
        },
        "content": "            tasks \u003d new TaskList();"
      },
      {
        "lineNumber": 19,
        "author": {
          "gitId": "chensu2436"
        },
        "content": "        }"
      },
      {
        "lineNumber": 20,
        "author": {
          "gitId": "chensu2436"
        },
        "content": "    }"
      },
      {
        "lineNumber": 21,
        "author": {
          "gitId": "chensu2436"
        },
        "content": ""
      },
      {
        "lineNumber": 22,
        "author": {
          "gitId": "chensu2436"
        },
        "content": "    public void run() {"
      },
      {
        "lineNumber": 23,
        "author": {
          "gitId": "chensu2436"
        },
        "content": "        ui.greet();"
      },
      {
        "lineNumber": 24,
        "author": {
          "gitId": "chensu2436"
        },
        "content": "        String fullCommand \u003d ui.readInput(new Scanner(System.in));"
      },
      {
        "lineNumber": 25,
        "author": {
          "gitId": "chensu2436"
        },
        "content": ""
      },
      {
        "lineNumber": 26,
        "author": {
          "gitId": "chensu2436"
        },
        "content": "        boolean continues \u003d true;"
      },
      {
        "lineNumber": 27,
        "author": {
          "gitId": "chensu2436"
        },
        "content": ""
      },
      {
        "lineNumber": 28,
        "author": {
          "gitId": "chensu2436"
        },
        "content": "        while (!fullCommand.equals(\"bye\")) {"
      },
      {
        "lineNumber": 29,
        "author": {
          "gitId": "chensu2436"
        },
        "content": "            try {"
      },
      {
        "lineNumber": 30,
        "author": {
          "gitId": "chensu2436"
        },
        "content": "                Parser parser \u003d new Parser(fullCommand);"
      },
      {
        "lineNumber": 31,
        "author": {
          "gitId": "chensu2436"
        },
        "content": "                boolean valid \u003d parser.checkValidity();"
      },
      {
        "lineNumber": 32,
        "author": {
          "gitId": "chensu2436"
        },
        "content": "                if(valid) {"
      },
      {
        "lineNumber": 33,
        "author": {
          "gitId": "chensu2436"
        },
        "content": "                    String commandType \u003d parser.getCommandType();"
      },
      {
        "lineNumber": 34,
        "author": {
          "gitId": "chensu2436"
        },
        "content": "                    switch (commandType) {"
      },
      {
        "lineNumber": 35,
        "author": {
          "gitId": "chensu2436"
        },
        "content": "                        case \"list\":"
      },
      {
        "lineNumber": 36,
        "author": {
          "gitId": "chensu2436"
        },
        "content": "                            tasks.showTasks();"
      },
      {
        "lineNumber": 37,
        "author": {
          "gitId": "chensu2436"
        },
        "content": "                            break;"
      },
      {
        "lineNumber": 38,
        "author": {
          "gitId": "chensu2436"
        },
        "content": "                        case \"done\":"
      },
      {
        "lineNumber": 39,
        "author": {
          "gitId": "chensu2436"
        },
        "content": "                            tasks.doneTask(parser.getIndex());"
      },
      {
        "lineNumber": 40,
        "author": {
          "gitId": "chensu2436"
        },
        "content": "                            storage.updateFile(tasks);"
      },
      {
        "lineNumber": 41,
        "author": {
          "gitId": "chensu2436"
        },
        "content": "                            break;"
      },
      {
        "lineNumber": 42,
        "author": {
          "gitId": "chensu2436"
        },
        "content": "                        case \"delete\":"
      },
      {
        "lineNumber": 43,
        "author": {
          "gitId": "chensu2436"
        },
        "content": "                            tasks.deleteTask(parser.getIndex());"
      },
      {
        "lineNumber": 44,
        "author": {
          "gitId": "chensu2436"
        },
        "content": "                            storage.updateFile(tasks);"
      },
      {
        "lineNumber": 45,
        "author": {
          "gitId": "chensu2436"
        },
        "content": "                            break;"
      },
      {
        "lineNumber": 46,
        "author": {
          "gitId": "chensu2436"
        },
        "content": "                        case \"todo\":"
      },
      {
        "lineNumber": 47,
        "author": {
          "gitId": "chensu2436"
        },
        "content": "                            tasks.addTodo(parser.getActivityNameWithoutTime(), false);"
      },
      {
        "lineNumber": 48,
        "author": {
          "gitId": "chensu2436"
        },
        "content": "                            storage.updateFile(tasks);"
      },
      {
        "lineNumber": 49,
        "author": {
          "gitId": "chensu2436"
        },
        "content": "                            break;"
      },
      {
        "lineNumber": 50,
        "author": {
          "gitId": "chensu2436"
        },
        "content": "                        case \"deadline\":"
      },
      {
        "lineNumber": 51,
        "author": {
          "gitId": "chensu2436"
        },
        "content": "                            tasks.addDeadline(parser.getActivityNameWithTime(), parser.getDeadline(), false);"
      },
      {
        "lineNumber": 52,
        "author": {
          "gitId": "chensu2436"
        },
        "content": "                            storage.updateFile(tasks);"
      },
      {
        "lineNumber": 53,
        "author": {
          "gitId": "chensu2436"
        },
        "content": "                            break;"
      },
      {
        "lineNumber": 54,
        "author": {
          "gitId": "chensu2436"
        },
        "content": "                        case \"event\":"
      },
      {
        "lineNumber": 55,
        "author": {
          "gitId": "chensu2436"
        },
        "content": "                            tasks.addEvent(parser.getActivityNameWithTime(), parser.getTime(), false);"
      },
      {
        "lineNumber": 56,
        "author": {
          "gitId": "chensu2436"
        },
        "content": "                            storage.updateFile(tasks);"
      },
      {
        "lineNumber": 57,
        "author": {
          "gitId": "chensu2436"
        },
        "content": "                            break;"
      },
      {
        "lineNumber": 58,
        "author": {
          "gitId": "chensu2436"
        },
        "content": "                    }"
      },
      {
        "lineNumber": 59,
        "author": {
          "gitId": "chensu2436"
        },
        "content": "                }"
      },
      {
        "lineNumber": 60,
        "author": {
          "gitId": "chensu2436"
        },
        "content": "            } catch (DukeException | IOException ex) {"
      },
      {
        "lineNumber": 61,
        "author": {
          "gitId": "chensu2436"
        },
        "content": "                System.out.println(ex.getMessage());"
      },
      {
        "lineNumber": 62,
        "author": {
          "gitId": "chensu2436"
        },
        "content": "            }"
      },
      {
        "lineNumber": 63,
        "author": {
          "gitId": "chensu2436"
        },
        "content": "            fullCommand \u003d ui.readInput(new Scanner(System.in));"
      },
      {
        "lineNumber": 64,
        "author": {
          "gitId": "-"
        },
        "content": "        }"
      },
      {
        "lineNumber": 65,
        "author": {
          "gitId": "chensu2436"
        },
        "content": ""
      },
      {
        "lineNumber": 66,
        "author": {
          "gitId": "chensu2436"
        },
        "content": "        ui.sayBye();"
      },
      {
        "lineNumber": 67,
        "author": {
          "gitId": "chensu2436"
        },
        "content": "    }"
      },
      {
        "lineNumber": 68,
        "author": {
          "gitId": "chensu2436"
        },
        "content": ""
      },
      {
        "lineNumber": 69,
        "author": {
          "gitId": "-"
        },
        "content": "    public static void main(String[] args) {"
      },
      {
        "lineNumber": 70,
        "author": {
          "gitId": "chensu2436"
        },
        "content": "        new Duke(\"duke.txt\").run();"
      },
      {
        "lineNumber": 71,
        "author": {
          "gitId": "-"
        },
        "content": "    }"
      },
      {
        "lineNumber": 72,
        "author": {
          "gitId": "-"
        },
        "content": "}"
      }
    ],
    "authorContributionMap": {
      "chensu2436": 67,
      "-": 5
    }
  },
  {
    "path": "src/main/java/DukeException.java",
    "fileType": "java",
    "lines": [
      {
        "lineNumber": 1,
        "author": {
          "gitId": "chensu2436"
        },
        "content": "public class DukeException extends Exception {"
      },
      {
        "lineNumber": 2,
        "author": {
          "gitId": "chensu2436"
        },
        "content": ""
      },
      {
        "lineNumber": 3,
        "author": {
          "gitId": "chensu2436"
        },
        "content": "    public DukeException(String errorMessage) {"
      },
      {
        "lineNumber": 4,
        "author": {
          "gitId": "chensu2436"
        },
        "content": "        super(errorMessage);"
      },
      {
        "lineNumber": 5,
        "author": {
          "gitId": "chensu2436"
        },
        "content": "    }"
      },
      {
        "lineNumber": 6,
        "author": {
          "gitId": "chensu2436"
        },
        "content": ""
      },
      {
        "lineNumber": 7,
        "author": {
          "gitId": "chensu2436"
        },
        "content": "}"
      }
    ],
    "authorContributionMap": {
      "chensu2436": 7
    }
  },
  {
    "path": "src/main/java/Event.java",
    "fileType": "java",
    "lines": [
      {
        "lineNumber": 1,
        "author": {
          "gitId": "chensu2436"
        },
        "content": "import java.text.DateFormat;"
      },
      {
        "lineNumber": 2,
        "author": {
          "gitId": "chensu2436"
        },
        "content": "import java.text.ParseException;"
      },
      {
        "lineNumber": 3,
        "author": {
          "gitId": "chensu2436"
        },
        "content": "import java.text.SimpleDateFormat;"
      },
      {
        "lineNumber": 4,
        "author": {
          "gitId": "chensu2436"
        },
        "content": "import java.util.Date;"
      },
      {
        "lineNumber": 5,
        "author": {
          "gitId": "chensu2436"
        },
        "content": ""
      },
      {
        "lineNumber": 6,
        "author": {
          "gitId": "chensu2436"
        },
        "content": "public class Event extends Task {"
      },
      {
        "lineNumber": 7,
        "author": {
          "gitId": "chensu2436"
        },
        "content": ""
      },
      {
        "lineNumber": 8,
        "author": {
          "gitId": "chensu2436"
        },
        "content": "    private String time;"
      },
      {
        "lineNumber": 9,
        "author": {
          "gitId": "chensu2436"
        },
        "content": ""
      },
      {
        "lineNumber": 10,
        "author": {
          "gitId": "chensu2436"
        },
        "content": "    public Event(String taskName, boolean done, String time) {"
      },
      {
        "lineNumber": 11,
        "author": {
          "gitId": "chensu2436"
        },
        "content": "        super(taskName, done);"
      },
      {
        "lineNumber": 12,
        "author": {
          "gitId": "chensu2436"
        },
        "content": "        this.time \u003d time;"
      },
      {
        "lineNumber": 13,
        "author": {
          "gitId": "chensu2436"
        },
        "content": "    }"
      },
      {
        "lineNumber": 14,
        "author": {
          "gitId": "chensu2436"
        },
        "content": ""
      },
      {
        "lineNumber": 15,
        "author": {
          "gitId": "chensu2436"
        },
        "content": "    public String toString() {"
      },
      {
        "lineNumber": 16,
        "author": {
          "gitId": "chensu2436"
        },
        "content": "        if (done) {"
      },
      {
        "lineNumber": 17,
        "author": {
          "gitId": "chensu2436"
        },
        "content": "            return \"[E][✓]\" + taskName + \"(at:\" + time + \")\";"
      },
      {
        "lineNumber": 18,
        "author": {
          "gitId": "chensu2436"
        },
        "content": "        } else {"
      },
      {
        "lineNumber": 19,
        "author": {
          "gitId": "chensu2436"
        },
        "content": "            return \"[E][✗]\" + taskName + \"(at:\" + time + \")\";"
      },
      {
        "lineNumber": 20,
        "author": {
          "gitId": "chensu2436"
        },
        "content": "        }"
      },
      {
        "lineNumber": 21,
        "author": {
          "gitId": "chensu2436"
        },
        "content": "    }"
      },
      {
        "lineNumber": 22,
        "author": {
          "gitId": "chensu2436"
        },
        "content": ""
      },
      {
        "lineNumber": 23,
        "author": {
          "gitId": "chensu2436"
        },
        "content": ""
      },
      {
        "lineNumber": 24,
        "author": {
          "gitId": "chensu2436"
        },
        "content": "    public Date convertDateTime() {"
      },
      {
        "lineNumber": 25,
        "author": {
          "gitId": "chensu2436"
        },
        "content": "        DateFormat formatter \u003d new SimpleDateFormat(\"dd/MM/yyyy HH:mm\");"
      },
      {
        "lineNumber": 26,
        "author": {
          "gitId": "chensu2436"
        },
        "content": "        Date converted;"
      },
      {
        "lineNumber": 27,
        "author": {
          "gitId": "chensu2436"
        },
        "content": "        try {"
      },
      {
        "lineNumber": 28,
        "author": {
          "gitId": "chensu2436"
        },
        "content": "            converted \u003d formatter.parse(time);"
      },
      {
        "lineNumber": 29,
        "author": {
          "gitId": "chensu2436"
        },
        "content": "        } catch  (ParseException e) {"
      },
      {
        "lineNumber": 30,
        "author": {
          "gitId": "chensu2436"
        },
        "content": "            return null;"
      },
      {
        "lineNumber": 31,
        "author": {
          "gitId": "chensu2436"
        },
        "content": "        }"
      },
      {
        "lineNumber": 32,
        "author": {
          "gitId": "chensu2436"
        },
        "content": "        return converted;"
      },
      {
        "lineNumber": 33,
        "author": {
          "gitId": "chensu2436"
        },
        "content": "    }"
      },
      {
        "lineNumber": 34,
        "author": {
          "gitId": "chensu2436"
        },
        "content": ""
      },
      {
        "lineNumber": 35,
        "author": {
          "gitId": "chensu2436"
        },
        "content": "    public String storageFormat() {"
      },
      {
        "lineNumber": 36,
        "author": {
          "gitId": "chensu2436"
        },
        "content": "        if (done) {"
      },
      {
        "lineNumber": 37,
        "author": {
          "gitId": "chensu2436"
        },
        "content": "            return \"E/✓/\" + taskName + \"/\" + time;"
      },
      {
        "lineNumber": 38,
        "author": {
          "gitId": "chensu2436"
        },
        "content": "        } else {"
      },
      {
        "lineNumber": 39,
        "author": {
          "gitId": "chensu2436"
        },
        "content": "            return \"E/✗/\" + taskName + \"/\" + time;"
      },
      {
        "lineNumber": 40,
        "author": {
          "gitId": "chensu2436"
        },
        "content": "        }"
      },
      {
        "lineNumber": 41,
        "author": {
          "gitId": "chensu2436"
        },
        "content": "    }"
      },
      {
        "lineNumber": 42,
        "author": {
          "gitId": "chensu2436"
        },
        "content": "}"
      }
    ],
    "authorContributionMap": {
      "chensu2436": 42
    }
  },
  {
    "path": "src/main/java/Parser.java",
    "fileType": "java",
    "lines": [
      {
        "lineNumber": 1,
        "author": {
          "gitId": "chensu2436"
        },
        "content": "public class Parser {"
      },
      {
        "lineNumber": 2,
        "author": {
          "gitId": "chensu2436"
        },
        "content": ""
      },
      {
        "lineNumber": 3,
        "author": {
          "gitId": "chensu2436"
        },
        "content": "    private String fullCommand;"
      },
      {
        "lineNumber": 4,
        "author": {
          "gitId": "chensu2436"
        },
        "content": "    private String[] part;"
      },
      {
        "lineNumber": 5,
        "author": {
          "gitId": "chensu2436"
        },
        "content": ""
      },
      {
        "lineNumber": 6,
        "author": {
          "gitId": "chensu2436"
        },
        "content": "    public Parser (String fullCommand) {"
      },
      {
        "lineNumber": 7,
        "author": {
          "gitId": "chensu2436"
        },
        "content": "        this.fullCommand \u003d fullCommand;"
      },
      {
        "lineNumber": 8,
        "author": {
          "gitId": "chensu2436"
        },
        "content": "        this.part \u003d fullCommand.split(\" \");"
      },
      {
        "lineNumber": 9,
        "author": {
          "gitId": "chensu2436"
        },
        "content": "    }"
      },
      {
        "lineNumber": 10,
        "author": {
          "gitId": "chensu2436"
        },
        "content": ""
      },
      {
        "lineNumber": 11,
        "author": {
          "gitId": "chensu2436"
        },
        "content": "    public String getCommandType() {"
      },
      {
        "lineNumber": 12,
        "author": {
          "gitId": "chensu2436"
        },
        "content": "        return part[0];"
      },
      {
        "lineNumber": 13,
        "author": {
          "gitId": "chensu2436"
        },
        "content": "    }"
      },
      {
        "lineNumber": 14,
        "author": {
          "gitId": "chensu2436"
        },
        "content": ""
      },
      {
        "lineNumber": 15,
        "author": {
          "gitId": "chensu2436"
        },
        "content": "    public int getIndex() {"
      },
      {
        "lineNumber": 16,
        "author": {
          "gitId": "chensu2436"
        },
        "content": "        return Integer.parseInt(part[1]);"
      },
      {
        "lineNumber": 17,
        "author": {
          "gitId": "chensu2436"
        },
        "content": "    }"
      },
      {
        "lineNumber": 18,
        "author": {
          "gitId": "chensu2436"
        },
        "content": ""
      },
      {
        "lineNumber": 19,
        "author": {
          "gitId": "chensu2436"
        },
        "content": "    public String getActivityNameWithoutTime() {"
      },
      {
        "lineNumber": 20,
        "author": {
          "gitId": "chensu2436"
        },
        "content": "        return fullCommand.substring(fullCommand.indexOf(\" \")+1);"
      },
      {
        "lineNumber": 21,
        "author": {
          "gitId": "chensu2436"
        },
        "content": "    }"
      },
      {
        "lineNumber": 22,
        "author": {
          "gitId": "chensu2436"
        },
        "content": ""
      },
      {
        "lineNumber": 23,
        "author": {
          "gitId": "chensu2436"
        },
        "content": "    public String getActivityNameWithTime() {"
      },
      {
        "lineNumber": 24,
        "author": {
          "gitId": "chensu2436"
        },
        "content": "        return fullCommand.substring(fullCommand.indexOf(\" \")+1, fullCommand.indexOf(\"/\"));"
      },
      {
        "lineNumber": 25,
        "author": {
          "gitId": "chensu2436"
        },
        "content": "    }"
      },
      {
        "lineNumber": 26,
        "author": {
          "gitId": "chensu2436"
        },
        "content": ""
      },
      {
        "lineNumber": 27,
        "author": {
          "gitId": "chensu2436"
        },
        "content": "    public String getDeadline() {"
      },
      {
        "lineNumber": 28,
        "author": {
          "gitId": "chensu2436"
        },
        "content": "        String[] deadline \u003d fullCommand.split(\"by\");"
      },
      {
        "lineNumber": 29,
        "author": {
          "gitId": "chensu2436"
        },
        "content": "        return deadline[1];"
      },
      {
        "lineNumber": 30,
        "author": {
          "gitId": "chensu2436"
        },
        "content": "    }"
      },
      {
        "lineNumber": 31,
        "author": {
          "gitId": "chensu2436"
        },
        "content": ""
      },
      {
        "lineNumber": 32,
        "author": {
          "gitId": "chensu2436"
        },
        "content": "    public String getTime() {"
      },
      {
        "lineNumber": 33,
        "author": {
          "gitId": "chensu2436"
        },
        "content": "        String[] time \u003d fullCommand.split(\"at\");"
      },
      {
        "lineNumber": 34,
        "author": {
          "gitId": "chensu2436"
        },
        "content": "        return time[1];"
      },
      {
        "lineNumber": 35,
        "author": {
          "gitId": "chensu2436"
        },
        "content": "    }"
      },
      {
        "lineNumber": 36,
        "author": {
          "gitId": "chensu2436"
        },
        "content": ""
      },
      {
        "lineNumber": 37,
        "author": {
          "gitId": "chensu2436"
        },
        "content": "    public boolean checkValidity() throws DukeException {"
      },
      {
        "lineNumber": 38,
        "author": {
          "gitId": "chensu2436"
        },
        "content": "        switch (getCommandType()) {"
      },
      {
        "lineNumber": 39,
        "author": {
          "gitId": "chensu2436"
        },
        "content": "            case \"list\":"
      },
      {
        "lineNumber": 40,
        "author": {
          "gitId": "chensu2436"
        },
        "content": "                break;"
      },
      {
        "lineNumber": 41,
        "author": {
          "gitId": "chensu2436"
        },
        "content": "            case \"done\": case \"delete\":"
      },
      {
        "lineNumber": 42,
        "author": {
          "gitId": "chensu2436"
        },
        "content": "                if (part.length \u003c 2) {"
      },
      {
        "lineNumber": 43,
        "author": {
          "gitId": "chensu2436"
        },
        "content": "                    throw new DukeException(\"☹ OOPS!!! You need to enter an index.\");"
      },
      {
        "lineNumber": 44,
        "author": {
          "gitId": "chensu2436"
        },
        "content": "                }"
      },
      {
        "lineNumber": 45,
        "author": {
          "gitId": "chensu2436"
        },
        "content": "            case \"todo\":"
      },
      {
        "lineNumber": 46,
        "author": {
          "gitId": "chensu2436"
        },
        "content": "                // check task description."
      },
      {
        "lineNumber": 47,
        "author": {
          "gitId": "chensu2436"
        },
        "content": "                if (part.length \u003c 2) {"
      },
      {
        "lineNumber": 48,
        "author": {
          "gitId": "chensu2436"
        },
        "content": "                    throw new DukeException(\"☹ OOPS!!! The description of a todo cannot be empty.\");"
      },
      {
        "lineNumber": 49,
        "author": {
          "gitId": "chensu2436"
        },
        "content": "                }"
      },
      {
        "lineNumber": 50,
        "author": {
          "gitId": "chensu2436"
        },
        "content": "                break;"
      },
      {
        "lineNumber": 51,
        "author": {
          "gitId": "chensu2436"
        },
        "content": "            case \"deadline\":"
      },
      {
        "lineNumber": 52,
        "author": {
          "gitId": "chensu2436"
        },
        "content": "                if (part.length \u003c 2) {"
      },
      {
        "lineNumber": 53,
        "author": {
          "gitId": "chensu2436"
        },
        "content": "                    throw new DukeException(\"☹ OOPS!!! The description of a deadline cannot be empty.\");"
      },
      {
        "lineNumber": 54,
        "author": {
          "gitId": "chensu2436"
        },
        "content": "                }"
      },
      {
        "lineNumber": 55,
        "author": {
          "gitId": "chensu2436"
        },
        "content": "                break;"
      },
      {
        "lineNumber": 56,
        "author": {
          "gitId": "chensu2436"
        },
        "content": "            case \"event\":"
      },
      {
        "lineNumber": 57,
        "author": {
          "gitId": "chensu2436"
        },
        "content": "                if (part.length \u003c 2) {"
      },
      {
        "lineNumber": 58,
        "author": {
          "gitId": "chensu2436"
        },
        "content": "                    throw new DukeException(\"☹ OOPS!!! The description of an event cannot be empty.\");"
      },
      {
        "lineNumber": 59,
        "author": {
          "gitId": "chensu2436"
        },
        "content": "                }"
      },
      {
        "lineNumber": 60,
        "author": {
          "gitId": "chensu2436"
        },
        "content": "                break;"
      },
      {
        "lineNumber": 61,
        "author": {
          "gitId": "chensu2436"
        },
        "content": "            default:"
      },
      {
        "lineNumber": 62,
        "author": {
          "gitId": "chensu2436"
        },
        "content": "                throw new DukeException(\"☹ OOPS!!! I\u0027m sorry, but I don\u0027t know what that means :-(\");"
      },
      {
        "lineNumber": 63,
        "author": {
          "gitId": "chensu2436"
        },
        "content": "        }"
      },
      {
        "lineNumber": 64,
        "author": {
          "gitId": "chensu2436"
        },
        "content": "        return true;"
      },
      {
        "lineNumber": 65,
        "author": {
          "gitId": "chensu2436"
        },
        "content": "    }"
      },
      {
        "lineNumber": 66,
        "author": {
          "gitId": "chensu2436"
        },
        "content": "}"
      }
    ],
    "authorContributionMap": {
      "chensu2436": 66
    }
  },
  {
    "path": "src/main/java/Storage.java",
    "fileType": "java",
    "lines": [
      {
        "lineNumber": 1,
        "author": {
          "gitId": "chensu2436"
        },
        "content": "import java.io.FileNotFoundException;"
      },
      {
        "lineNumber": 2,
        "author": {
          "gitId": "chensu2436"
        },
        "content": "import java.io.FileReader;"
      },
      {
        "lineNumber": 3,
        "author": {
          "gitId": "chensu2436"
        },
        "content": "import java.io.FileWriter;"
      },
      {
        "lineNumber": 4,
        "author": {
          "gitId": "chensu2436"
        },
        "content": "import java.io.IOException;"
      },
      {
        "lineNumber": 5,
        "author": {
          "gitId": "chensu2436"
        },
        "content": "import java.util.ArrayList;"
      },
      {
        "lineNumber": 6,
        "author": {
          "gitId": "chensu2436"
        },
        "content": "import java.util.Scanner;"
      },
      {
        "lineNumber": 7,
        "author": {
          "gitId": "chensu2436"
        },
        "content": ""
      },
      {
        "lineNumber": 8,
        "author": {
          "gitId": "chensu2436"
        },
        "content": "public class Storage {"
      },
      {
        "lineNumber": 9,
        "author": {
          "gitId": "chensu2436"
        },
        "content": ""
      },
      {
        "lineNumber": 10,
        "author": {
          "gitId": "chensu2436"
        },
        "content": "    String filePath;"
      },
      {
        "lineNumber": 11,
        "author": {
          "gitId": "chensu2436"
        },
        "content": ""
      },
      {
        "lineNumber": 12,
        "author": {
          "gitId": "chensu2436"
        },
        "content": "    public Storage (String filePath) {"
      },
      {
        "lineNumber": 13,
        "author": {
          "gitId": "chensu2436"
        },
        "content": "        this.filePath \u003d filePath;"
      },
      {
        "lineNumber": 14,
        "author": {
          "gitId": "chensu2436"
        },
        "content": "    }"
      },
      {
        "lineNumber": 15,
        "author": {
          "gitId": "chensu2436"
        },
        "content": ""
      },
      {
        "lineNumber": 16,
        "author": {
          "gitId": "chensu2436"
        },
        "content": "    public ArrayList\u003cTask\u003e load() throws FileNotFoundException {"
      },
      {
        "lineNumber": 17,
        "author": {
          "gitId": "chensu2436"
        },
        "content": "        FileReader fr \u003d new FileReader(filePath);"
      },
      {
        "lineNumber": 18,
        "author": {
          "gitId": "chensu2436"
        },
        "content": "        ArrayList\u003cTask\u003e tasks \u003d new ArrayList\u003c\u003e();"
      },
      {
        "lineNumber": 19,
        "author": {
          "gitId": "chensu2436"
        },
        "content": "        Scanner s \u003d new Scanner(fr);"
      },
      {
        "lineNumber": 20,
        "author": {
          "gitId": "chensu2436"
        },
        "content": ""
      },
      {
        "lineNumber": 21,
        "author": {
          "gitId": "chensu2436"
        },
        "content": "        while (s.hasNext()) {"
      },
      {
        "lineNumber": 22,
        "author": {
          "gitId": "chensu2436"
        },
        "content": "            String line \u003d s.nextLine();"
      },
      {
        "lineNumber": 23,
        "author": {
          "gitId": "chensu2436"
        },
        "content": "            String[] part \u003d line.split(\"/\");"
      },
      {
        "lineNumber": 24,
        "author": {
          "gitId": "chensu2436"
        },
        "content": "            String status \u003d part[1];"
      },
      {
        "lineNumber": 25,
        "author": {
          "gitId": "chensu2436"
        },
        "content": "            boolean isDone;"
      },
      {
        "lineNumber": 26,
        "author": {
          "gitId": "chensu2436"
        },
        "content": "            if (status.equals(\"✓\")) {"
      },
      {
        "lineNumber": 27,
        "author": {
          "gitId": "chensu2436"
        },
        "content": "                isDone \u003d true;"
      },
      {
        "lineNumber": 28,
        "author": {
          "gitId": "chensu2436"
        },
        "content": "            } else {"
      },
      {
        "lineNumber": 29,
        "author": {
          "gitId": "chensu2436"
        },
        "content": "                isDone \u003d false;"
      },
      {
        "lineNumber": 30,
        "author": {
          "gitId": "chensu2436"
        },
        "content": "            }"
      },
      {
        "lineNumber": 31,
        "author": {
          "gitId": "chensu2436"
        },
        "content": "            switch (part[0]) {"
      },
      {
        "lineNumber": 32,
        "author": {
          "gitId": "chensu2436"
        },
        "content": "                case \"T\":"
      },
      {
        "lineNumber": 33,
        "author": {
          "gitId": "chensu2436"
        },
        "content": "                    tasks.add(new Todo(part[2], isDone));"
      },
      {
        "lineNumber": 34,
        "author": {
          "gitId": "chensu2436"
        },
        "content": "                    break;"
      },
      {
        "lineNumber": 35,
        "author": {
          "gitId": "chensu2436"
        },
        "content": "                case \"D\":"
      },
      {
        "lineNumber": 36,
        "author": {
          "gitId": "chensu2436"
        },
        "content": "                    tasks.add(new Deadline(part[2], isDone, part[3]));"
      },
      {
        "lineNumber": 37,
        "author": {
          "gitId": "chensu2436"
        },
        "content": "                    break;"
      },
      {
        "lineNumber": 38,
        "author": {
          "gitId": "chensu2436"
        },
        "content": "                case \"E\":"
      },
      {
        "lineNumber": 39,
        "author": {
          "gitId": "chensu2436"
        },
        "content": "                    tasks.add(new Event(part[2], isDone, part[3]));"
      },
      {
        "lineNumber": 40,
        "author": {
          "gitId": "chensu2436"
        },
        "content": "                    break;"
      },
      {
        "lineNumber": 41,
        "author": {
          "gitId": "chensu2436"
        },
        "content": "            }"
      },
      {
        "lineNumber": 42,
        "author": {
          "gitId": "chensu2436"
        },
        "content": "        }"
      },
      {
        "lineNumber": 43,
        "author": {
          "gitId": "chensu2436"
        },
        "content": "        return tasks;"
      },
      {
        "lineNumber": 44,
        "author": {
          "gitId": "chensu2436"
        },
        "content": "    }"
      },
      {
        "lineNumber": 45,
        "author": {
          "gitId": "chensu2436"
        },
        "content": ""
      },
      {
        "lineNumber": 46,
        "author": {
          "gitId": "chensu2436"
        },
        "content": "    // To save the tasks in the list whenever there is any change."
      },
      {
        "lineNumber": 47,
        "author": {
          "gitId": "chensu2436"
        },
        "content": "    public void updateFile(TaskList tasks) throws IOException {"
      },
      {
        "lineNumber": 48,
        "author": {
          "gitId": "chensu2436"
        },
        "content": "        FileWriter fw \u003d new FileWriter(filePath);"
      },
      {
        "lineNumber": 49,
        "author": {
          "gitId": "chensu2436"
        },
        "content": "        for (Task task : tasks.getTaskList()) {"
      },
      {
        "lineNumber": 50,
        "author": {
          "gitId": "chensu2436"
        },
        "content": "            fw.write(task.storageFormat() + \"\\n\");"
      },
      {
        "lineNumber": 51,
        "author": {
          "gitId": "chensu2436"
        },
        "content": "            fw.flush();"
      },
      {
        "lineNumber": 52,
        "author": {
          "gitId": "chensu2436"
        },
        "content": "        }"
      },
      {
        "lineNumber": 53,
        "author": {
          "gitId": "chensu2436"
        },
        "content": "    }"
      },
      {
        "lineNumber": 54,
        "author": {
          "gitId": "chensu2436"
        },
        "content": "}"
      }
    ],
    "authorContributionMap": {
      "chensu2436": 54
    }
  },
  {
    "path": "src/main/java/Task.java",
    "fileType": "java",
    "lines": [
      {
        "lineNumber": 1,
        "author": {
          "gitId": "chensu2436"
        },
        "content": "public class Task {"
      },
      {
        "lineNumber": 2,
        "author": {
          "gitId": "chensu2436"
        },
        "content": ""
      },
      {
        "lineNumber": 3,
        "author": {
          "gitId": "chensu2436"
        },
        "content": "    protected String taskName;"
      },
      {
        "lineNumber": 4,
        "author": {
          "gitId": "chensu2436"
        },
        "content": "    protected boolean done;"
      },
      {
        "lineNumber": 5,
        "author": {
          "gitId": "chensu2436"
        },
        "content": ""
      },
      {
        "lineNumber": 6,
        "author": {
          "gitId": "chensu2436"
        },
        "content": "    public Task(String taskName, boolean done) {"
      },
      {
        "lineNumber": 7,
        "author": {
          "gitId": "chensu2436"
        },
        "content": "        this.taskName \u003d taskName;"
      },
      {
        "lineNumber": 8,
        "author": {
          "gitId": "chensu2436"
        },
        "content": "        this.done \u003d done;"
      },
      {
        "lineNumber": 9,
        "author": {
          "gitId": "chensu2436"
        },
        "content": "    }"
      },
      {
        "lineNumber": 10,
        "author": {
          "gitId": "chensu2436"
        },
        "content": ""
      },
      {
        "lineNumber": 11,
        "author": {
          "gitId": "chensu2436"
        },
        "content": "    public void markAsDone() {"
      },
      {
        "lineNumber": 12,
        "author": {
          "gitId": "chensu2436"
        },
        "content": "        done \u003d true;"
      },
      {
        "lineNumber": 13,
        "author": {
          "gitId": "chensu2436"
        },
        "content": "    }"
      },
      {
        "lineNumber": 14,
        "author": {
          "gitId": "chensu2436"
        },
        "content": ""
      },
      {
        "lineNumber": 15,
        "author": {
          "gitId": "chensu2436"
        },
        "content": "    public String toString() {"
      },
      {
        "lineNumber": 16,
        "author": {
          "gitId": "chensu2436"
        },
        "content": "        if (done) {"
      },
      {
        "lineNumber": 17,
        "author": {
          "gitId": "chensu2436"
        },
        "content": "            return \"[✓]\" + taskName;"
      },
      {
        "lineNumber": 18,
        "author": {
          "gitId": "chensu2436"
        },
        "content": "        } else {"
      },
      {
        "lineNumber": 19,
        "author": {
          "gitId": "chensu2436"
        },
        "content": "            return \"[✗]\" + taskName;"
      },
      {
        "lineNumber": 20,
        "author": {
          "gitId": "chensu2436"
        },
        "content": "        }"
      },
      {
        "lineNumber": 21,
        "author": {
          "gitId": "chensu2436"
        },
        "content": "    }"
      },
      {
        "lineNumber": 22,
        "author": {
          "gitId": "chensu2436"
        },
        "content": "    public String storageFormat() {"
      },
      {
        "lineNumber": 23,
        "author": {
          "gitId": "chensu2436"
        },
        "content": "        return \"\";"
      },
      {
        "lineNumber": 24,
        "author": {
          "gitId": "chensu2436"
        },
        "content": "    }"
      },
      {
        "lineNumber": 25,
        "author": {
          "gitId": "chensu2436"
        },
        "content": "}"
      },
      {
        "lineNumber": 26,
        "author": {
          "gitId": "chensu2436"
        },
        "content": ""
      }
    ],
    "authorContributionMap": {
      "chensu2436": 26
    }
  },
  {
    "path": "src/main/java/TaskList.java",
    "fileType": "java",
    "lines": [
      {
        "lineNumber": 1,
        "author": {
          "gitId": "chensu2436"
        },
        "content": "import java.util.ArrayList;"
      },
      {
        "lineNumber": 2,
        "author": {
          "gitId": "chensu2436"
        },
        "content": ""
      },
      {
        "lineNumber": 3,
        "author": {
          "gitId": "chensu2436"
        },
        "content": "public class TaskList {"
      },
      {
        "lineNumber": 4,
        "author": {
          "gitId": "chensu2436"
        },
        "content": ""
      },
      {
        "lineNumber": 5,
        "author": {
          "gitId": "chensu2436"
        },
        "content": "    private ArrayList\u003cTask\u003e list;"
      },
      {
        "lineNumber": 6,
        "author": {
          "gitId": "chensu2436"
        },
        "content": ""
      },
      {
        "lineNumber": 7,
        "author": {
          "gitId": "chensu2436"
        },
        "content": "    public TaskList() {"
      },
      {
        "lineNumber": 8,
        "author": {
          "gitId": "chensu2436"
        },
        "content": "        list \u003d new ArrayList\u003c\u003e();"
      },
      {
        "lineNumber": 9,
        "author": {
          "gitId": "chensu2436"
        },
        "content": "    }"
      },
      {
        "lineNumber": 10,
        "author": {
          "gitId": "chensu2436"
        },
        "content": ""
      },
      {
        "lineNumber": 11,
        "author": {
          "gitId": "chensu2436"
        },
        "content": "    public TaskList(ArrayList\u003cTask\u003e tasks) {"
      },
      {
        "lineNumber": 12,
        "author": {
          "gitId": "chensu2436"
        },
        "content": "        list \u003d tasks;"
      },
      {
        "lineNumber": 13,
        "author": {
          "gitId": "chensu2436"
        },
        "content": ""
      },
      {
        "lineNumber": 14,
        "author": {
          "gitId": "chensu2436"
        },
        "content": "    }"
      },
      {
        "lineNumber": 15,
        "author": {
          "gitId": "chensu2436"
        },
        "content": ""
      },
      {
        "lineNumber": 16,
        "author": {
          "gitId": "chensu2436"
        },
        "content": "    public void showTasks() {"
      },
      {
        "lineNumber": 17,
        "author": {
          "gitId": "chensu2436"
        },
        "content": "        System.out.println(\"Here are the tasks in your list:\");"
      },
      {
        "lineNumber": 18,
        "author": {
          "gitId": "chensu2436"
        },
        "content": "        for (int i \u003d 0; i \u003c list.size(); i++) {"
      },
      {
        "lineNumber": 19,
        "author": {
          "gitId": "chensu2436"
        },
        "content": "            System.out.println((i+1) + \". \" + list.get(i));"
      },
      {
        "lineNumber": 20,
        "author": {
          "gitId": "chensu2436"
        },
        "content": "        }"
      },
      {
        "lineNumber": 21,
        "author": {
          "gitId": "chensu2436"
        },
        "content": "    }"
      },
      {
        "lineNumber": 22,
        "author": {
          "gitId": "chensu2436"
        },
        "content": ""
      },
      {
        "lineNumber": 23,
        "author": {
          "gitId": "chensu2436"
        },
        "content": "    public void addAndPrint(Task newTask) {"
      },
      {
        "lineNumber": 24,
        "author": {
          "gitId": "chensu2436"
        },
        "content": "        list.add(newTask);"
      },
      {
        "lineNumber": 25,
        "author": {
          "gitId": "chensu2436"
        },
        "content": "        System.out.println(\"Got it. I\u0027ve added this task: \\n  \" +"
      },
      {
        "lineNumber": 26,
        "author": {
          "gitId": "chensu2436"
        },
        "content": "                newTask + \"\\nNow you have \" + list.size() + \" tasks in the list.\");"
      },
      {
        "lineNumber": 27,
        "author": {
          "gitId": "chensu2436"
        },
        "content": "    }"
      },
      {
        "lineNumber": 28,
        "author": {
          "gitId": "chensu2436"
        },
        "content": ""
      },
      {
        "lineNumber": 29,
        "author": {
          "gitId": "chensu2436"
        },
        "content": "    public void addTodo(String activityName, boolean isDone){"
      },
      {
        "lineNumber": 30,
        "author": {
          "gitId": "chensu2436"
        },
        "content": "        Task newTask \u003d new Todo(activityName,false);"
      },
      {
        "lineNumber": 31,
        "author": {
          "gitId": "chensu2436"
        },
        "content": "        addAndPrint(newTask);"
      },
      {
        "lineNumber": 32,
        "author": {
          "gitId": "chensu2436"
        },
        "content": "    }"
      },
      {
        "lineNumber": 33,
        "author": {
          "gitId": "chensu2436"
        },
        "content": ""
      },
      {
        "lineNumber": 34,
        "author": {
          "gitId": "chensu2436"
        },
        "content": "    public void addDeadline(String activityName, String deadline, boolean isDone) {"
      },
      {
        "lineNumber": 35,
        "author": {
          "gitId": "chensu2436"
        },
        "content": "        Task newTask \u003d new Deadline(activityName, false, deadline);"
      },
      {
        "lineNumber": 36,
        "author": {
          "gitId": "chensu2436"
        },
        "content": "        addAndPrint(newTask);"
      },
      {
        "lineNumber": 37,
        "author": {
          "gitId": "chensu2436"
        },
        "content": "    }"
      },
      {
        "lineNumber": 38,
        "author": {
          "gitId": "chensu2436"
        },
        "content": ""
      },
      {
        "lineNumber": 39,
        "author": {
          "gitId": "chensu2436"
        },
        "content": "    public void addEvent(String activityName, String time, boolean isDone) {"
      },
      {
        "lineNumber": 40,
        "author": {
          "gitId": "chensu2436"
        },
        "content": "        Task newTask \u003d new Event(activityName,false, time);"
      },
      {
        "lineNumber": 41,
        "author": {
          "gitId": "chensu2436"
        },
        "content": "        addAndPrint(newTask);"
      },
      {
        "lineNumber": 42,
        "author": {
          "gitId": "chensu2436"
        },
        "content": "    }"
      },
      {
        "lineNumber": 43,
        "author": {
          "gitId": "chensu2436"
        },
        "content": ""
      },
      {
        "lineNumber": 44,
        "author": {
          "gitId": "chensu2436"
        },
        "content": "    public void doneTask(int idx){"
      },
      {
        "lineNumber": 45,
        "author": {
          "gitId": "chensu2436"
        },
        "content": "        list.get(idx - 1).markAsDone();"
      },
      {
        "lineNumber": 46,
        "author": {
          "gitId": "chensu2436"
        },
        "content": "        System.out.println(\"Nice! I\u0027ve marked this task as done: \\n  \" +"
      },
      {
        "lineNumber": 47,
        "author": {
          "gitId": "chensu2436"
        },
        "content": "                list.get(idx - 1));"
      },
      {
        "lineNumber": 48,
        "author": {
          "gitId": "chensu2436"
        },
        "content": "    }"
      },
      {
        "lineNumber": 49,
        "author": {
          "gitId": "chensu2436"
        },
        "content": ""
      },
      {
        "lineNumber": 50,
        "author": {
          "gitId": "chensu2436"
        },
        "content": "    public void deleteTask(int idx) {"
      },
      {
        "lineNumber": 51,
        "author": {
          "gitId": "chensu2436"
        },
        "content": "        Task removed \u003d list.remove(idx - 1);"
      },
      {
        "lineNumber": 52,
        "author": {
          "gitId": "chensu2436"
        },
        "content": "        System.out.println(\"Noted. I\u0027ve removed this task: \\n  \" +"
      },
      {
        "lineNumber": 53,
        "author": {
          "gitId": "chensu2436"
        },
        "content": "                removed + \"\\nNow you have \" + list.size() + \" tasks in the list.\");"
      },
      {
        "lineNumber": 54,
        "author": {
          "gitId": "chensu2436"
        },
        "content": "    }"
      },
      {
        "lineNumber": 55,
        "author": {
          "gitId": "chensu2436"
        },
        "content": ""
      },
      {
        "lineNumber": 56,
        "author": {
          "gitId": "chensu2436"
        },
        "content": "    public ArrayList\u003cTask\u003e getTaskList() {"
      },
      {
        "lineNumber": 57,
        "author": {
          "gitId": "chensu2436"
        },
        "content": "        return list;"
      },
      {
        "lineNumber": 58,
        "author": {
          "gitId": "chensu2436"
        },
        "content": "    }"
      },
      {
        "lineNumber": 59,
        "author": {
          "gitId": "chensu2436"
        },
        "content": "}"
      }
    ],
    "authorContributionMap": {
      "chensu2436": 59
    }
  },
  {
    "path": "src/main/java/Todo.java",
    "fileType": "java",
    "lines": [
      {
        "lineNumber": 1,
        "author": {
          "gitId": "chensu2436"
        },
        "content": "public class Todo extends Task {"
      },
      {
        "lineNumber": 2,
        "author": {
          "gitId": "chensu2436"
        },
        "content": ""
      },
      {
        "lineNumber": 3,
        "author": {
          "gitId": "chensu2436"
        },
        "content": "    public Todo(String taskName, boolean done) {"
      },
      {
        "lineNumber": 4,
        "author": {
          "gitId": "chensu2436"
        },
        "content": "        super(taskName, done);"
      },
      {
        "lineNumber": 5,
        "author": {
          "gitId": "chensu2436"
        },
        "content": "    }"
      },
      {
        "lineNumber": 6,
        "author": {
          "gitId": "chensu2436"
        },
        "content": ""
      },
      {
        "lineNumber": 7,
        "author": {
          "gitId": "chensu2436"
        },
        "content": "    public String toString() {"
      },
      {
        "lineNumber": 8,
        "author": {
          "gitId": "chensu2436"
        },
        "content": "        if (done) {"
      },
      {
        "lineNumber": 9,
        "author": {
          "gitId": "chensu2436"
        },
        "content": "            return \"[T][✓]\" + taskName;"
      },
      {
        "lineNumber": 10,
        "author": {
          "gitId": "chensu2436"
        },
        "content": "        } else {"
      },
      {
        "lineNumber": 11,
        "author": {
          "gitId": "chensu2436"
        },
        "content": "            return \"[T][✗]\" + taskName;"
      },
      {
        "lineNumber": 12,
        "author": {
          "gitId": "chensu2436"
        },
        "content": "        }"
      },
      {
        "lineNumber": 13,
        "author": {
          "gitId": "chensu2436"
        },
        "content": "    }"
      },
      {
        "lineNumber": 14,
        "author": {
          "gitId": "chensu2436"
        },
        "content": ""
      },
      {
        "lineNumber": 15,
        "author": {
          "gitId": "chensu2436"
        },
        "content": "    public String storageFormat() {"
      },
      {
        "lineNumber": 16,
        "author": {
          "gitId": "chensu2436"
        },
        "content": "        if (done) {"
      },
      {
        "lineNumber": 17,
        "author": {
          "gitId": "chensu2436"
        },
        "content": "            return \"T/✓/\" + taskName;"
      },
      {
        "lineNumber": 18,
        "author": {
          "gitId": "chensu2436"
        },
        "content": "        } else {"
      },
      {
        "lineNumber": 19,
        "author": {
          "gitId": "chensu2436"
        },
        "content": "            return \"T/✗/\" + taskName;"
      },
      {
        "lineNumber": 20,
        "author": {
          "gitId": "chensu2436"
        },
        "content": "        }"
      },
      {
        "lineNumber": 21,
        "author": {
          "gitId": "chensu2436"
        },
        "content": "    }"
      },
      {
        "lineNumber": 22,
        "author": {
          "gitId": "chensu2436"
        },
        "content": "}"
      }
    ],
    "authorContributionMap": {
      "chensu2436": 22
    }
  },
  {
    "path": "src/main/java/Ui.java",
    "fileType": "java",
    "lines": [
      {
        "lineNumber": 1,
        "author": {
          "gitId": "chensu2436"
        },
        "content": "import java.util.Scanner;"
      },
      {
        "lineNumber": 2,
        "author": {
          "gitId": "chensu2436"
        },
        "content": ""
      },
      {
        "lineNumber": 3,
        "author": {
          "gitId": "chensu2436"
        },
        "content": "public class Ui {"
      },
      {
        "lineNumber": 4,
        "author": {
          "gitId": "chensu2436"
        },
        "content": ""
      },
      {
        "lineNumber": 5,
        "author": {
          "gitId": "chensu2436"
        },
        "content": "    public void greet() {"
      },
      {
        "lineNumber": 6,
        "author": {
          "gitId": "chensu2436"
        },
        "content": "        System.out.println(\"Hello! I\u0027m Duke\");"
      },
      {
        "lineNumber": 7,
        "author": {
          "gitId": "chensu2436"
        },
        "content": "        System.out.println(\"What can I do for you?\");"
      },
      {
        "lineNumber": 8,
        "author": {
          "gitId": "chensu2436"
        },
        "content": "    }"
      },
      {
        "lineNumber": 9,
        "author": {
          "gitId": "chensu2436"
        },
        "content": ""
      },
      {
        "lineNumber": 10,
        "author": {
          "gitId": "chensu2436"
        },
        "content": "    public String readInput(Scanner sc) {"
      },
      {
        "lineNumber": 11,
        "author": {
          "gitId": "chensu2436"
        },
        "content": "        return sc.nextLine();"
      },
      {
        "lineNumber": 12,
        "author": {
          "gitId": "chensu2436"
        },
        "content": "    }"
      },
      {
        "lineNumber": 13,
        "author": {
          "gitId": "chensu2436"
        },
        "content": ""
      },
      {
        "lineNumber": 14,
        "author": {
          "gitId": "chensu2436"
        },
        "content": "    public void sayBye() {"
      },
      {
        "lineNumber": 15,
        "author": {
          "gitId": "chensu2436"
        },
        "content": "        System.out.println(\"Bye. Hope to see you again soon!\");"
      },
      {
        "lineNumber": 16,
        "author": {
          "gitId": "chensu2436"
        },
        "content": "    }"
      },
      {
        "lineNumber": 17,
        "author": {
          "gitId": "chensu2436"
        },
        "content": ""
      },
      {
        "lineNumber": 18,
        "author": {
          "gitId": "chensu2436"
        },
        "content": "    public void showLoadingError() {"
      },
      {
        "lineNumber": 19,
        "author": {
          "gitId": "chensu2436"
        },
        "content": "        System.out.println(\"File not found.\");"
      },
      {
        "lineNumber": 20,
        "author": {
          "gitId": "chensu2436"
        },
        "content": "    }"
      },
      {
        "lineNumber": 21,
        "author": {
          "gitId": "chensu2436"
        },
        "content": "}"
      }
    ],
    "authorContributionMap": {
      "chensu2436": 21
    }
  }
]
