[
  {
    "path": "src/main/java/Deadline.java",
    "fileType": "java",
    "lines": [
      {
        "lineNumber": 1,
        "author": {
          "gitId": "Chen Su"
        },
        "content": "public class Deadline extends Task {"
      },
      {
        "lineNumber": 2,
        "author": {
          "gitId": "Chen Su"
        },
        "content": ""
      },
      {
        "lineNumber": 3,
        "author": {
          "gitId": "Chen Su"
        },
        "content": "    private String deadline;"
      },
      {
        "lineNumber": 4,
        "author": {
          "gitId": "Chen Su"
        },
        "content": ""
      },
      {
        "lineNumber": 5,
        "author": {
          "gitId": "Chen Su"
        },
        "content": "    public Deadline(String taskName, String deadline) {"
      },
      {
        "lineNumber": 6,
        "author": {
          "gitId": "Chen Su"
        },
        "content": "        super(taskName);"
      },
      {
        "lineNumber": 7,
        "author": {
          "gitId": "Chen Su"
        },
        "content": "        this.deadline  \u003d deadline;"
      },
      {
        "lineNumber": 8,
        "author": {
          "gitId": "Chen Su"
        },
        "content": "    }"
      },
      {
        "lineNumber": 9,
        "author": {
          "gitId": "Chen Su"
        },
        "content": ""
      },
      {
        "lineNumber": 10,
        "author": {
          "gitId": "Chen Su"
        },
        "content": "    public String toString() {"
      },
      {
        "lineNumber": 11,
        "author": {
          "gitId": "Chen Su"
        },
        "content": "        if (done) {"
      },
      {
        "lineNumber": 12,
        "author": {
          "gitId": "Chen Su"
        },
        "content": "            return \"[D][✓]\" + taskName + \"(by:\" + deadline + \")\";"
      },
      {
        "lineNumber": 13,
        "author": {
          "gitId": "Chen Su"
        },
        "content": "        } else {"
      },
      {
        "lineNumber": 14,
        "author": {
          "gitId": "Chen Su"
        },
        "content": "            return \"[D][✗]\" + taskName + \"(by:\" + deadline + \")\";"
      },
      {
        "lineNumber": 15,
        "author": {
          "gitId": "Chen Su"
        },
        "content": "        }"
      },
      {
        "lineNumber": 16,
        "author": {
          "gitId": "Chen Su"
        },
        "content": "    }"
      },
      {
        "lineNumber": 17,
        "author": {
          "gitId": "Chen Su"
        },
        "content": "}"
      }
    ],
    "authorContributionMap": {
      "Chen Su": 17
    }
  },
  {
    "path": "src/main/java/Duke.java",
    "fileType": "java",
    "lines": [
      {
        "lineNumber": 1,
        "author": {
          "gitId": "Chen Su"
        },
        "content": "import java.util.Scanner;"
      },
      {
        "lineNumber": 2,
        "author": {
          "gitId": "Chen Su"
        },
        "content": ""
      },
      {
        "lineNumber": 3,
        "author": {
          "gitId": "-"
        },
        "content": "public class Duke {"
      },
      {
        "lineNumber": 4,
        "author": {
          "gitId": "Chen Su"
        },
        "content": ""
      },
      {
        "lineNumber": 5,
        "author": {
          "gitId": "Chen Su"
        },
        "content": "    private static Task[] list \u003d new Task[100];"
      },
      {
        "lineNumber": 6,
        "author": {
          "gitId": "Chen Su"
        },
        "content": ""
      },
      {
        "lineNumber": 7,
        "author": {
          "gitId": "-"
        },
        "content": "    public static void main(String[] args) {"
      },
      {
        "lineNumber": 8,
        "author": {
          "gitId": "Chen Su"
        },
        "content": "        Scanner sc \u003d new Scanner(System.in);"
      },
      {
        "lineNumber": 9,
        "author": {
          "gitId": "Chen Su"
        },
        "content": "        System.out.println(\"Hello! I\u0027m Duke\");"
      },
      {
        "lineNumber": 10,
        "author": {
          "gitId": "Chen Su"
        },
        "content": "        System.out.println(\"What can I do for you?\");"
      },
      {
        "lineNumber": 11,
        "author": {
          "gitId": "Chen Su"
        },
        "content": ""
      },
      {
        "lineNumber": 12,
        "author": {
          "gitId": "Chen Su"
        },
        "content": "        String command \u003d sc.next();"
      },
      {
        "lineNumber": 13,
        "author": {
          "gitId": "Chen Su"
        },
        "content": "        int counter \u003d 0;"
      },
      {
        "lineNumber": 14,
        "author": {
          "gitId": "Chen Su"
        },
        "content": "        while (!command.equals(\"bye\")) {"
      },
      {
        "lineNumber": 15,
        "author": {
          "gitId": "Chen Su"
        },
        "content": ""
      },
      {
        "lineNumber": 16,
        "author": {
          "gitId": "Chen Su"
        },
        "content": "            switch(command)"
      },
      {
        "lineNumber": 17,
        "author": {
          "gitId": "Chen Su"
        },
        "content": "            {"
      },
      {
        "lineNumber": 18,
        "author": {
          "gitId": "Chen Su"
        },
        "content": "                case \"list\":"
      },
      {
        "lineNumber": 19,
        "author": {
          "gitId": "Chen Su"
        },
        "content": "                    showList(counter);"
      },
      {
        "lineNumber": 20,
        "author": {
          "gitId": "Chen Su"
        },
        "content": "                    break;"
      },
      {
        "lineNumber": 21,
        "author": {
          "gitId": "Chen Su"
        },
        "content": "                case \"done\":"
      },
      {
        "lineNumber": 22,
        "author": {
          "gitId": "Chen Su"
        },
        "content": "                    int indexToMark \u003d sc.nextInt();"
      },
      {
        "lineNumber": 23,
        "author": {
          "gitId": "Chen Su"
        },
        "content": "                    list[indexToMark - 1].markAsDone();"
      },
      {
        "lineNumber": 24,
        "author": {
          "gitId": "Chen Su"
        },
        "content": "                    System.out.println(\"Nice! I\u0027ve marked this task as done: \\n  \" +"
      },
      {
        "lineNumber": 25,
        "author": {
          "gitId": "Chen Su"
        },
        "content": "                            list[indexToMark - 1]);"
      },
      {
        "lineNumber": 26,
        "author": {
          "gitId": "Chen Su"
        },
        "content": "                    break;"
      },
      {
        "lineNumber": 27,
        "author": {
          "gitId": "Chen Su"
        },
        "content": "                default:"
      },
      {
        "lineNumber": 28,
        "author": {
          "gitId": "Chen Su"
        },
        "content": "                    addTask(sc, counter, command);"
      },
      {
        "lineNumber": 29,
        "author": {
          "gitId": "Chen Su"
        },
        "content": "                    counter++;"
      },
      {
        "lineNumber": 30,
        "author": {
          "gitId": "Chen Su"
        },
        "content": "            }"
      },
      {
        "lineNumber": 31,
        "author": {
          "gitId": "Chen Su"
        },
        "content": "            command \u003d sc.next();"
      },
      {
        "lineNumber": 32,
        "author": {
          "gitId": "Chen Su"
        },
        "content": "        }"
      },
      {
        "lineNumber": 33,
        "author": {
          "gitId": "Chen Su"
        },
        "content": ""
      },
      {
        "lineNumber": 34,
        "author": {
          "gitId": "Chen Su"
        },
        "content": "        if (command.equals(\"bye\")) {"
      },
      {
        "lineNumber": 35,
        "author": {
          "gitId": "Chen Su"
        },
        "content": "            System.out.println(\"Bye. Hope to see you again soon!\");"
      },
      {
        "lineNumber": 36,
        "author": {
          "gitId": "Chen Su"
        },
        "content": "            sc.close(); //exit the program"
      },
      {
        "lineNumber": 37,
        "author": {
          "gitId": "Chen Su"
        },
        "content": "        }"
      },
      {
        "lineNumber": 38,
        "author": {
          "gitId": "Chen Su"
        },
        "content": "    }"
      },
      {
        "lineNumber": 39,
        "author": {
          "gitId": "Chen Su"
        },
        "content": ""
      },
      {
        "lineNumber": 40,
        "author": {
          "gitId": "Chen Su"
        },
        "content": "    // To print out the items stored in the list."
      },
      {
        "lineNumber": 41,
        "author": {
          "gitId": "Chen Su"
        },
        "content": "    public static void showList(int counter) {"
      },
      {
        "lineNumber": 42,
        "author": {
          "gitId": "Chen Su"
        },
        "content": "        System.out.println(\"Here are the tasks in your list:\");"
      },
      {
        "lineNumber": 43,
        "author": {
          "gitId": "Chen Su"
        },
        "content": "        for (int i \u003d 0; i \u003c counter; i++) {"
      },
      {
        "lineNumber": 44,
        "author": {
          "gitId": "Chen Su"
        },
        "content": "            System.out.println((i+1) + \". \" + list[i]);"
      },
      {
        "lineNumber": 45,
        "author": {
          "gitId": "Chen Su"
        },
        "content": "        }"
      },
      {
        "lineNumber": 46,
        "author": {
          "gitId": "Jeffry Lum"
        },
        "content": "    }"
      },
      {
        "lineNumber": 47,
        "author": {
          "gitId": "Chen Su"
        },
        "content": ""
      },
      {
        "lineNumber": 48,
        "author": {
          "gitId": "Chen Su"
        },
        "content": "    // To add a new task into the list array."
      },
      {
        "lineNumber": 49,
        "author": {
          "gitId": "Chen Su"
        },
        "content": "    public static void addTask(Scanner sc, int counter, String command) {"
      },
      {
        "lineNumber": 50,
        "author": {
          "gitId": "Chen Su"
        },
        "content": "        Task newTask;"
      },
      {
        "lineNumber": 51,
        "author": {
          "gitId": "Chen Su"
        },
        "content": "        switch(command)"
      },
      {
        "lineNumber": 52,
        "author": {
          "gitId": "Chen Su"
        },
        "content": "        {"
      },
      {
        "lineNumber": 53,
        "author": {
          "gitId": "Chen Su"
        },
        "content": "            case \"todo\":"
      },
      {
        "lineNumber": 54,
        "author": {
          "gitId": "Chen Su"
        },
        "content": "                newTask \u003d new Todo(sc.nextLine());"
      },
      {
        "lineNumber": 55,
        "author": {
          "gitId": "Chen Su"
        },
        "content": "                break;"
      },
      {
        "lineNumber": 56,
        "author": {
          "gitId": "Chen Su"
        },
        "content": "            case \"deadline\":"
      },
      {
        "lineNumber": 57,
        "author": {
          "gitId": "Chen Su"
        },
        "content": "                String details \u003d sc.nextLine();"
      },
      {
        "lineNumber": 58,
        "author": {
          "gitId": "Chen Su"
        },
        "content": "                String[] part \u003d details.split(\"/\");"
      },
      {
        "lineNumber": 59,
        "author": {
          "gitId": "Chen Su"
        },
        "content": "                String[] time \u003d part[1].split(\"by\");"
      },
      {
        "lineNumber": 60,
        "author": {
          "gitId": "Chen Su"
        },
        "content": "                newTask \u003d new Deadline(part[0], time[1]);"
      },
      {
        "lineNumber": 61,
        "author": {
          "gitId": "Chen Su"
        },
        "content": "                break;"
      },
      {
        "lineNumber": 62,
        "author": {
          "gitId": "Chen Su"
        },
        "content": "            case \"event\":"
      },
      {
        "lineNumber": 63,
        "author": {
          "gitId": "Chen Su"
        },
        "content": "                String details2 \u003d sc.nextLine();"
      },
      {
        "lineNumber": 64,
        "author": {
          "gitId": "Chen Su"
        },
        "content": "                String[] part2 \u003d details2.split(\"/\");"
      },
      {
        "lineNumber": 65,
        "author": {
          "gitId": "Chen Su"
        },
        "content": "                String[] time2 \u003d part2[1].split(\"at\");"
      },
      {
        "lineNumber": 66,
        "author": {
          "gitId": "Chen Su"
        },
        "content": "                newTask \u003d new Event(part2[0], time2[1]);"
      },
      {
        "lineNumber": 67,
        "author": {
          "gitId": "Chen Su"
        },
        "content": "                break;"
      },
      {
        "lineNumber": 68,
        "author": {
          "gitId": "Chen Su"
        },
        "content": "            default:"
      },
      {
        "lineNumber": 69,
        "author": {
          "gitId": "Chen Su"
        },
        "content": "                newTask \u003d new Task(command);"
      },
      {
        "lineNumber": 70,
        "author": {
          "gitId": "Chen Su"
        },
        "content": "        }"
      },
      {
        "lineNumber": 71,
        "author": {
          "gitId": "Chen Su"
        },
        "content": ""
      },
      {
        "lineNumber": 72,
        "author": {
          "gitId": "Chen Su"
        },
        "content": "        list[counter] \u003d newTask;"
      },
      {
        "lineNumber": 73,
        "author": {
          "gitId": "Chen Su"
        },
        "content": "        System.out.println(\"Got it. I\u0027ve added this task: \\n  \" +"
      },
      {
        "lineNumber": 74,
        "author": {
          "gitId": "Chen Su"
        },
        "content": "                newTask + \"\\nNow you have \" + (counter + 1) + \" tasks in the list.\");"
      },
      {
        "lineNumber": 75,
        "author": {
          "gitId": "-"
        },
        "content": "    }"
      },
      {
        "lineNumber": 76,
        "author": {
          "gitId": "-"
        },
        "content": "}"
      }
    ],
    "authorContributionMap": {
      "Chen Su": 71,
      "Jeffry Lum": 1,
      "-": 4
    }
  },
  {
    "path": "src/main/java/Event.java",
    "fileType": "java",
    "lines": [
      {
        "lineNumber": 1,
        "author": {
          "gitId": "Chen Su"
        },
        "content": "public class Event extends Task {"
      },
      {
        "lineNumber": 2,
        "author": {
          "gitId": "Chen Su"
        },
        "content": ""
      },
      {
        "lineNumber": 3,
        "author": {
          "gitId": "Chen Su"
        },
        "content": "    private String time;"
      },
      {
        "lineNumber": 4,
        "author": {
          "gitId": "Chen Su"
        },
        "content": ""
      },
      {
        "lineNumber": 5,
        "author": {
          "gitId": "Chen Su"
        },
        "content": "    public Event(String taskName, String time) {"
      },
      {
        "lineNumber": 6,
        "author": {
          "gitId": "Chen Su"
        },
        "content": "        super(taskName);"
      },
      {
        "lineNumber": 7,
        "author": {
          "gitId": "Chen Su"
        },
        "content": "        this.time \u003d time;"
      },
      {
        "lineNumber": 8,
        "author": {
          "gitId": "Chen Su"
        },
        "content": "    }"
      },
      {
        "lineNumber": 9,
        "author": {
          "gitId": "Chen Su"
        },
        "content": ""
      },
      {
        "lineNumber": 10,
        "author": {
          "gitId": "Chen Su"
        },
        "content": "    public String toString() {"
      },
      {
        "lineNumber": 11,
        "author": {
          "gitId": "Chen Su"
        },
        "content": "        if (done) {"
      },
      {
        "lineNumber": 12,
        "author": {
          "gitId": "Chen Su"
        },
        "content": "            return \"[E][✓]\" + taskName + \"(at:\" + time + \")\";"
      },
      {
        "lineNumber": 13,
        "author": {
          "gitId": "Chen Su"
        },
        "content": "        } else {"
      },
      {
        "lineNumber": 14,
        "author": {
          "gitId": "Chen Su"
        },
        "content": "            return \"[E][✗]\" + taskName + \"(at:\" + time + \")\";"
      },
      {
        "lineNumber": 15,
        "author": {
          "gitId": "Chen Su"
        },
        "content": "        }"
      },
      {
        "lineNumber": 16,
        "author": {
          "gitId": "Chen Su"
        },
        "content": "    }"
      },
      {
        "lineNumber": 17,
        "author": {
          "gitId": "Chen Su"
        },
        "content": "}"
      }
    ],
    "authorContributionMap": {
      "Chen Su": 17
    }
  },
  {
    "path": "src/main/java/Task.java",
    "fileType": "java",
    "lines": [
      {
        "lineNumber": 1,
        "author": {
          "gitId": "Chen Su"
        },
        "content": "public class Task {"
      },
      {
        "lineNumber": 2,
        "author": {
          "gitId": "Chen Su"
        },
        "content": ""
      },
      {
        "lineNumber": 3,
        "author": {
          "gitId": "Chen Su"
        },
        "content": "    protected String taskName;"
      },
      {
        "lineNumber": 4,
        "author": {
          "gitId": "Chen Su"
        },
        "content": "    protected boolean done;"
      },
      {
        "lineNumber": 5,
        "author": {
          "gitId": "Chen Su"
        },
        "content": ""
      },
      {
        "lineNumber": 6,
        "author": {
          "gitId": "Chen Su"
        },
        "content": "    public Task(String taskName) {"
      },
      {
        "lineNumber": 7,
        "author": {
          "gitId": "Chen Su"
        },
        "content": "        this.taskName \u003d taskName;"
      },
      {
        "lineNumber": 8,
        "author": {
          "gitId": "Chen Su"
        },
        "content": "        this.done \u003d false;"
      },
      {
        "lineNumber": 9,
        "author": {
          "gitId": "Chen Su"
        },
        "content": "    }"
      },
      {
        "lineNumber": 10,
        "author": {
          "gitId": "Chen Su"
        },
        "content": ""
      },
      {
        "lineNumber": 11,
        "author": {
          "gitId": "Chen Su"
        },
        "content": "    public void markAsDone() {"
      },
      {
        "lineNumber": 12,
        "author": {
          "gitId": "Chen Su"
        },
        "content": "        done \u003d true;"
      },
      {
        "lineNumber": 13,
        "author": {
          "gitId": "Chen Su"
        },
        "content": "    }"
      },
      {
        "lineNumber": 14,
        "author": {
          "gitId": "Chen Su"
        },
        "content": ""
      },
      {
        "lineNumber": 15,
        "author": {
          "gitId": "Chen Su"
        },
        "content": "    public String toString() {"
      },
      {
        "lineNumber": 16,
        "author": {
          "gitId": "Chen Su"
        },
        "content": "        if (done) {"
      },
      {
        "lineNumber": 17,
        "author": {
          "gitId": "Chen Su"
        },
        "content": "            return \"[✓]\" + taskName;"
      },
      {
        "lineNumber": 18,
        "author": {
          "gitId": "Chen Su"
        },
        "content": "        } else {"
      },
      {
        "lineNumber": 19,
        "author": {
          "gitId": "Chen Su"
        },
        "content": "            return \"[✗]\" + taskName;"
      },
      {
        "lineNumber": 20,
        "author": {
          "gitId": "Chen Su"
        },
        "content": "        }"
      },
      {
        "lineNumber": 21,
        "author": {
          "gitId": "Chen Su"
        },
        "content": "    }"
      },
      {
        "lineNumber": 22,
        "author": {
          "gitId": "Chen Su"
        },
        "content": "}"
      },
      {
        "lineNumber": 23,
        "author": {
          "gitId": "Chen Su"
        },
        "content": ""
      }
    ],
    "authorContributionMap": {
      "Chen Su": 23
    }
  },
  {
    "path": "src/main/java/Todo.java",
    "fileType": "java",
    "lines": [
      {
        "lineNumber": 1,
        "author": {
          "gitId": "Chen Su"
        },
        "content": "public class Todo extends Task {"
      },
      {
        "lineNumber": 2,
        "author": {
          "gitId": "Chen Su"
        },
        "content": ""
      },
      {
        "lineNumber": 3,
        "author": {
          "gitId": "Chen Su"
        },
        "content": "    public Todo(String taskName) {"
      },
      {
        "lineNumber": 4,
        "author": {
          "gitId": "Chen Su"
        },
        "content": "        super(taskName);"
      },
      {
        "lineNumber": 5,
        "author": {
          "gitId": "Chen Su"
        },
        "content": "    }"
      },
      {
        "lineNumber": 6,
        "author": {
          "gitId": "Chen Su"
        },
        "content": ""
      },
      {
        "lineNumber": 7,
        "author": {
          "gitId": "Chen Su"
        },
        "content": "    public String toString() {"
      },
      {
        "lineNumber": 8,
        "author": {
          "gitId": "Chen Su"
        },
        "content": "        if (done) {"
      },
      {
        "lineNumber": 9,
        "author": {
          "gitId": "Chen Su"
        },
        "content": "            return \"[T][✓]\" + taskName;"
      },
      {
        "lineNumber": 10,
        "author": {
          "gitId": "Chen Su"
        },
        "content": "        } else {"
      },
      {
        "lineNumber": 11,
        "author": {
          "gitId": "Chen Su"
        },
        "content": "            return \"[T][✗]\" + taskName;"
      },
      {
        "lineNumber": 12,
        "author": {
          "gitId": "Chen Su"
        },
        "content": "        }"
      },
      {
        "lineNumber": 13,
        "author": {
          "gitId": "Chen Su"
        },
        "content": "    }"
      },
      {
        "lineNumber": 14,
        "author": {
          "gitId": "Chen Su"
        },
        "content": "}"
      }
    ],
    "authorContributionMap": {
      "Chen Su": 14
    }
  }
]
