{
  "authorDailyContributionsMap": {
    "shaoyi1997": [
      {
        "insertions": 61,
        "deletions": 18,
        "date": "2019-08-21",
        "commitResults": [
          {
            "hash": "cc2bd491db93de273783a9b07eee303a9f2b9653",
            "messageTitle": "Level-1",
            "messageBody": "",
            "insertions": 19,
            "deletions": 6
          },
          {
            "hash": "d083806cbe886903fb988dc6c55b2f513564dd4e",
            "messageTitle": "Level-2",
            "messageBody": "",
            "insertions": 42,
            "deletions": 12
          }
        ]
      },
      {
        "insertions": 172,
        "deletions": 38,
        "date": "2019-08-22",
        "commitResults": [
          {
            "hash": "90081e30b566fb0b03a936b11cb8f9f346bc707f",
            "messageTitle": "Level-3",
            "messageBody": "",
            "insertions": 35,
            "deletions": 4
          },
          {
            "hash": "34a50f146895518e9facacb1604ec71fcd935d32",
            "messageTitle": "Level-4",
            "messageBody": "",
            "insertions": 83,
            "deletions": 9
          },
          {
            "hash": "90e34db2a5c50581b8afc6620df1f9cd91f1c33b",
            "messageTitle": "Level-5",
            "messageBody": "",
            "insertions": 37,
            "deletions": 25
          },
          {
            "hash": "ec245fd03a317e698d282ba2142fdbf253c6749d",
            "messageTitle": "Level-6",
            "messageBody": "",
            "insertions": 17,
            "deletions": 0
          }
        ]
      },
      {
        "insertions": 91,
        "deletions": 6,
        "date": "2019-08-26",
        "commitResults": [
          {
            "hash": "41df5390e46d674f348788a1cc33237b9d491327",
            "messageTitle": "Level-7",
            "messageBody": "",
            "insertions": 39,
            "deletions": 0
          },
          {
            "hash": "1c072cbd832c26885e706823ffa42a68e531742f",
            "messageTitle": "Level-8",
            "messageBody": "",
            "insertions": 15,
            "deletions": 2
          },
          {
            "hash": "786aabbeada6e21f2e0346bf7ab04bb5df817446",
            "messageTitle": "added load from file feature missing from Level 7 criteria",
            "messageBody": "",
            "insertions": 37,
            "deletions": 4
          }
        ]
      },
      {
        "insertions": 720,
        "deletions": 176,
        "date": "2019-08-28",
        "commitResults": [
          {
            "hash": "2cbf1fda523d3d14a87047a97196d55c1ece72a7",
            "messageTitle": "A-MoreOOP",
            "messageBody": "",
            "insertions": 304,
            "deletions": 173
          },
          {
            "hash": "124b3194f338203cff58877462c4f612ab72148b",
            "messageTitle": "A-JUnit",
            "messageBody": "",
            "insertions": 45,
            "deletions": 0
          },
          {
            "hash": "bf514600eb71acc8bf4c4c9eb7c167fb3a1e5575",
            "messageTitle": "A-JavaDoc",
            "messageBody": "",
            "insertions": 311,
            "deletions": 2
          },
          {
            "hash": "98aefb7a9546a2bf2088a9b16c4b0bbcbe11e285",
            "messageTitle": "Level-9",
            "messageBody": "",
            "insertions": 60,
            "deletions": 1
          }
        ]
      }
    ]
  },
  "authorFinalContributionMap": {
    "shaoyi1997": 813
  },
  "authorFileTypeContributionMap": {
    "shaoyi1997": {
      "java": 810,
      "md": 0,
      "fxml": 0,
      "sh": 0,
      "bat": 0,
      "gradle": 0,
      "txt": 3
    }
  },
  "authorContributionVariance": {
    "shaoyi1997": 56626.242
  },
  "authorDisplayNameMap": {
    "shaoyi1997": "CS2103T-T13 HONG  ... AO YI"
  }
}
