{
  "authorDailyContributionsMap": {
    "teika97": [
      {
        "insertions": 82,
        "deletions": 18,
        "date": "2019-08-19",
        "commitResults": [
          {
            "hash": "474f7ba847af800c1005a8a6a154a8b907902639",
            "messageTitle": "Add hifive variable",
            "messageBody": "",
            "insertions": 4,
            "deletions": 0
          },
          {
            "hash": "7e516e2d7b633454e18b24c3820ef5dbb109da26",
            "messageTitle": "Revert \"Add hifive variable\"",
            "messageBody": "This reverts commit 474f7ba847af800c1005a8a6a154a8b907902639.\n",
            "insertions": 0,
            "deletions": 4
          },
          {
            "hash": "14faee9c6979b46158860fd951acb1f8500050d5",
            "messageTitle": "Add Greet, Echo, Exit",
            "messageBody": "",
            "insertions": 16,
            "deletions": 1
          },
          {
            "hash": "f2c8a497082d169a99a8c69b6d77211d448888e6",
            "messageTitle": "Add Greet, Echo, Exit (Debugged)",
            "messageBody": "",
            "insertions": 2,
            "deletions": 2
          },
          {
            "hash": "9a617a95b4ce7d204b2eac3ab4f5b0ecb2ad0008",
            "messageTitle": "add Add, List",
            "messageBody": "",
            "insertions": 24,
            "deletions": 3
          },
          {
            "hash": "c72d0f6d65ce1c5de9812eae433eec46b3dfbe55",
            "messageTitle": "add Mark as Done",
            "messageBody": "",
            "insertions": 31,
            "deletions": 6
          },
          {
            "hash": "1b103f31f75a12f194346d3392f695932b7d881e",
            "messageTitle": "add toString to simplify main code in Duke",
            "messageBody": "",
            "insertions": 3,
            "deletions": 1
          },
          {
            "hash": "bf58435befdccdd7c5f385a9d5bc3c7e8c7dd41a",
            "messageTitle": "edit code based on changes to Task class",
            "messageBody": "",
            "insertions": 2,
            "deletions": 1
          }
        ]
      },
      {
        "insertions": 139,
        "deletions": 60,
        "date": "2019-08-20",
        "commitResults": [
          {
            "hash": "6924c2e392b5cdbdf61fa117e8cd2914cc0ba6ad",
            "messageTitle": "Add Deadline, Event, Todo class",
            "messageBody": "",
            "insertions": 31,
            "deletions": 0
          },
          {
            "hash": "f9cefc74253c2c51f32f5a0c881e15cec63cb67b",
            "messageTitle": "Replace while with do-while",
            "messageBody": "",
            "insertions": 8,
            "deletions": 7
          },
          {
            "hash": "96243bb723e32e0f0b328b7eb11695658868ad38",
            "messageTitle": "Revert \"Add Deadline, Event, Todo class\"",
            "messageBody": "This reverts commit 6924c2e392b5cdbdf61fa117e8cd2914cc0ba6ad.\n",
            "insertions": 0,
            "deletions": 31
          },
          {
            "hash": "6c633aff6e00da4ebb28bdc385f866cd974957e2",
            "messageTitle": "Revert \"Revert \"Add Deadline, Event, Todo class\"\"",
            "messageBody": "This reverts commit 96243bb723e32e0f0b328b7eb11695658868ad38.\n",
            "insertions": 31,
            "deletions": 0
          },
          {
            "hash": "2314490cd9dc904e85b223d4e29fa827e30ab4a6",
            "messageTitle": "Revert \"Replace while with do-while\"",
            "messageBody": "This reverts commit f9cefc74253c2c51f32f5a0c881e15cec63cb67b.\n",
            "insertions": 7,
            "deletions": 8
          },
          {
            "hash": "1cfbe29cbe3be0693d0de546157c8f5ed59bb0b7",
            "messageTitle": "Edit to Event class",
            "messageBody": "",
            "insertions": 4,
            "deletions": 4
          },
          {
            "hash": "edc7c774a94e99742300f1cabf81f0da6e6ac75f",
            "messageTitle": "Add new method to format command input and add support for events, todo, deadlines",
            "messageBody": "",
            "insertions": 58,
            "deletions": 10
          }
        ]
      },
      {
        "insertions": 109,
        "deletions": 45,
        "date": "2019-08-21",
        "commitResults": [
          {
            "hash": "5956cf75297c359e651f276cb271e50586f87a4d",
            "messageTitle": "Add DukeException class",
            "messageBody": "",
            "insertions": 6,
            "deletions": 0
          },
          {
            "hash": "4bf1e5c041fae1cffedb87a91ab0406433aa094b",
            "messageTitle": "Add ability to handle errors",
            "messageBody": "",
            "insertions": 63,
            "deletions": 18
          },
          {
            "hash": "6083b9af489a039ffef4d4423ddd01743968ea25",
            "messageTitle": "Add more exceptions to handle errors",
            "messageBody": "",
            "insertions": 11,
            "deletions": 3
          },
          {
            "hash": "978c8c73b2bc7f2007def9068f03e7977626ba88",
            "messageTitle": "Replace Task Array with Task ArrayList",
            "messageBody": "",
            "insertions": 15,
            "deletions": 18
          },
          {
            "hash": "400ccc31f327378625dd6e590da407435ea1e973",
            "messageTitle": "Add delete task function, edit exceptions",
            "messageBody": "",
            "insertions": 14,
            "deletions": 6
          }
        ]
      },
      {
        "insertions": 108,
        "deletions": 17,
        "date": "2019-08-27",
        "commitResults": [
          {
            "hash": "df4c882d349a54f4bdecd74aac9d3209c2771689",
            "messageTitle": "Add writeToFile method Edit Duke, Event, Task, Todo classes",
            "messageBody": "",
            "insertions": 58,
            "deletions": 2
          },
          {
            "hash": "61da840495110c880134477083349597ed96c346",
            "messageTitle": "Add loadFile method",
            "messageBody": "",
            "insertions": 50,
            "deletions": 15
          }
        ]
      },
      {
        "insertions": 420,
        "deletions": 262,
        "date": "2019-08-28",
        "commitResults": [
          {
            "hash": "098b8d1d9e05527b4db5bc717de94df19c9edda3",
            "messageTitle": "Add setDate method",
            "messageBody": "",
            "insertions": 27,
            "deletions": 2
          },
          {
            "hash": "c29adbcebe4b933ea23e96d18c54dfaca9a8e045",
            "messageTitle": "Edit to resolve conflict changes",
            "messageBody": "",
            "insertions": 17,
            "deletions": 28
          },
          {
            "hash": "4d45920e24980c67a2ef7e66f37745df72b14d2c",
            "messageTitle": "Make code more OOP",
            "messageBody": "",
            "insertions": 375,
            "deletions": 227
          },
          {
            "hash": "5a0ea0ead145536c24a12b3c79560096bb94192f",
            "messageTitle": "Edit data file path",
            "messageBody": "",
            "insertions": 1,
            "deletions": 5
          }
        ]
      },
      {
        "insertions": 65,
        "deletions": 7,
        "date": "2019-08-29",
        "commitResults": [
          {
            "hash": "d049773050ee236963ea13fbd5b1909830d6d2ff",
            "messageTitle": "Add JUnit Testing for AddCommand, Command, Parser class",
            "messageBody": "",
            "insertions": 65,
            "deletions": 7
          }
        ]
      }
    ]
  },
  "authorFinalContributionMap": {
    "teika97": 531
  },
  "authorFileTypeContributionMap": {
    "teika97": {
      "java": 531,
      "md": 0,
      "fxml": 0,
      "sh": 0,
      "bat": 0,
      "gradle": 0,
      "txt": 0
    }
  },
  "authorContributionVariance": {
    "teika97": 30894.264
  },
  "authorDisplayNameMap": {
    "teika97": "TIE Y ... HLEEN"
  }
}
