{
  "authorDailyContributionsMap": {
    "ShuTingY": [
      {
        "insertions": 300,
        "deletions": 71,
        "date": "2019-08-22",
        "commitResults": [
          {
            "hash": "6b62996dcad765297f3f1580cee1385f16a1f179",
            "messageTitle": "Level 1. Greet, Echo, Exit",
            "messageBody": "",
            "insertions": 29,
            "deletions": 0
          },
          {
            "hash": "1b796a74efc9d34bdeed796f6cd7d20d39b9ca9d",
            "messageTitle": "Level 2. Add, List",
            "messageBody": "",
            "insertions": 26,
            "deletions": 1
          },
          {
            "hash": "61a8bc817fb2db6efc360cdb3e51a0c29b38a13e",
            "messageTitle": "Level 3. Mark as Done",
            "messageBody": "",
            "insertions": 44,
            "deletions": 5
          },
          {
            "hash": "cec0a88ef791d5e2e78d3811d9a7086b69ea87af",
            "messageTitle": "Level 4. ToDos, Events, Deadlines",
            "messageBody": "",
            "insertions": 65,
            "deletions": 5
          },
          {
            "hash": "730edd90739c09a0986fc0a98bff1e588a31cfdb",
            "messageTitle": "Level 5. Handle Errors",
            "messageBody": "",
            "insertions": 76,
            "deletions": 35
          },
          {
            "hash": "bebf4298ae7122b35c17da9cf77d22c2a01a5022",
            "messageTitle": "add more exceptions",
            "messageBody": "",
            "insertions": 31,
            "deletions": 20
          },
          {
            "hash": "9b4ac7fa11e06b0c4ff87875dfb44f63ce7a9db9",
            "messageTitle": "Level 6. Delete",
            "messageBody": "",
            "insertions": 29,
            "deletions": 5
          }
        ]
      },
      {
        "insertions": 50,
        "deletions": 20,
        "date": "2019-08-23",
        "commitResults": [
          {
            "hash": "df56ab1bb5645b40025d97b4f94af8911d579167",
            "messageTitle": "Add delete exceptions",
            "messageBody": "",
            "insertions": 50,
            "deletions": 20
          }
        ]
      },
      {
        "insertions": 240,
        "deletions": 54,
        "date": "2019-08-27",
        "commitResults": [
          {
            "hash": "42d12aef9453dec946fad025fe1d0aaf0145a8f3",
            "messageTitle": "Level 8. Dates and Times",
            "messageBody": "",
            "insertions": 240,
            "deletions": 54
          }
        ]
      },
      {
        "insertions": 1011,
        "deletions": 477,
        "date": "2019-08-28",
        "commitResults": [
          {
            "hash": "5ed34b23179e371cb4553aaf11caaf4983f1a892",
            "messageTitle": "more OOP version one with error /data/duke.txt does not exist",
            "messageBody": "",
            "insertions": 734,
            "deletions": 266
          },
          {
            "hash": "ad87c607917dcd60cd7cb95462396cb8aecfec9f",
            "messageTitle": "debug file not found error.",
            "messageBody": "",
            "insertions": 1,
            "deletions": 193
          },
          {
            "hash": "92da1d17753de158cf67da0481d06cf4a89902ac",
            "messageTitle": "A-JUnit testing",
            "messageBody": "",
            "insertions": 14,
            "deletions": 0
          },
          {
            "hash": "f806a57815c85b66ae1b07e4f25ead3f69a12999",
            "messageTitle": "Added JavaDoc",
            "messageBody": "",
            "insertions": 209,
            "deletions": 14
          },
          {
            "hash": "347a327549631a6688fca0bd672983d2a366601d",
            "messageTitle": "Level 9. Add find",
            "messageBody": "",
            "insertions": 53,
            "deletions": 4
          }
        ]
      },
      {
        "insertions": 41,
        "deletions": 9,
        "date": "2019-09-01",
        "commitResults": [
          {
            "hash": "e5fade8479606de7a70c924334e1da679499cbcb",
            "messageTitle": "adds testing for event and todo",
            "messageBody": "",
            "insertions": 41,
            "deletions": 9
          }
        ]
      },
      {
        "insertions": 308,
        "deletions": 154,
        "date": "2019-09-04",
        "commitResults": [
          {
            "hash": "a627009e71247b639cfd6b35cf7ea5772208a2fe",
            "messageTitle": "-changes command to abstract class -adds more test cases",
            "messageBody": "",
            "insertions": 119,
            "deletions": 72
          },
          {
            "hash": "e7d8d3a6f7a5093c1fe277dd8457243af5c79110",
            "messageTitle": "Adds gradle used checkstyle to chec violations",
            "messageBody": "",
            "insertions": 107,
            "deletions": 78
          },
          {
            "hash": "64a1059c35f67d5f28367ed7f9f5d0f15053897b",
            "messageTitle": "Fixes build.gradle. Now the gradle is working",
            "messageBody": "",
            "insertions": 19,
            "deletions": 0
          },
          {
            "hash": "0fd0c4c57e75695361a2f910b6a473a9002ed0d0",
            "messageTitle": "JavaFX testing",
            "messageBody": "",
            "insertions": 63,
            "deletions": 4
          }
        ]
      },
      {
        "insertions": 479,
        "deletions": 277,
        "date": "2019-09-09",
        "commitResults": [
          {
            "hash": "5887a84d71b13646d0babc71ddcc4cd3769aed2f",
            "messageTitle": "Implement functional GUI for Duke",
            "messageBody": "",
            "insertions": 312,
            "deletions": 161
          },
          {
            "hash": "b2dabdd6f95fad873c0dc1676daed3a175087e04",
            "messageTitle": "implement FXML",
            "messageBody": "",
            "insertions": 167,
            "deletions": 116
          }
        ]
      },
      {
        "insertions": 523,
        "deletions": 352,
        "date": "2019-09-11",
        "commitResults": [
          {
            "hash": "9b88a4c2029dc077be75b14ffb09fff815648c75",
            "messageTitle": "[Yang Shuting] Extension (#4)",
            "messageBody": "* Assertion and happy path\r\n\r\n* added more assertions and happy path\r\ndebug\r\n",
            "insertions": 143,
            "deletions": 154
          },
          {
            "hash": "e27cada7cc6c005466c919e3321a84e7dec97295",
            "messageTitle": "changes format and added in javadoc",
            "messageBody": "",
            "insertions": 90,
            "deletions": 54
          },
          {
            "hash": "842dfeb3400ebc1f8cc4684c3a737d22e69141e2",
            "messageTitle": "edits format",
            "messageBody": "",
            "insertions": 24,
            "deletions": 30
          },
          {
            "hash": "cbf56e0ec42cad1fe38b12600a515ee21b7f58fe",
            "messageTitle": "edits format v2",
            "messageBody": "",
            "insertions": 1,
            "deletions": 5
          },
          {
            "hash": "3f37043ba494f7de1b1eae6a42d60695cc229a28",
            "messageTitle": "edits format of tests",
            "messageBody": "",
            "insertions": 15,
            "deletions": 6
          },
          {
            "hash": "54c19f496f9d5e1987bf2310cb11c684cdf80ac2",
            "messageTitle": "debugs the NullPointerException in parser",
            "messageBody": "",
            "insertions": 3,
            "deletions": 0
          },
          {
            "hash": "7bbf020466f7fc5825c2a875a2ad1afeb4521e4a",
            "messageTitle": "added travis (#5)",
            "messageBody": "* added travis\r\n\r\n* edited .travis.yml\r\n\r\n* remove jdk\r\n\r\n* changes format and added in javadoc\r\n\r\n* edits format\r\n\r\n* edits format v2\r\n\r\n* edits format of tests\r\n\r\n* debugs the NullPointerException in parser\r\n",
            "insertions": 129,
            "deletions": 91
          },
          {
            "hash": "9c8b8db7f672048399885525a06728c3c17fbd54",
            "messageTitle": "Added extension. C-Help",
            "messageBody": "",
            "insertions": 118,
            "deletions": 12
          }
        ]
      },
      {
        "insertions": 147,
        "deletions": 62,
        "date": "2019-09-18",
        "commitResults": [
          {
            "hash": "21c86b108a6638de16efd43c30e0354f8c4723fb",
            "messageTitle": "debug on jar unable to read file",
            "messageBody": "",
            "insertions": 26,
            "deletions": 5
          },
          {
            "hash": "4492c4cc4da8b15901b19319c49448488133adcd",
            "messageTitle": "-Fix cross-platform -adds delay when command \"bye\" is enter.",
            "messageBody": "",
            "insertions": 33,
            "deletions": 7
          },
          {
            "hash": "44b00e356d7e7177c30806751e54fb47174bef29",
            "messageTitle": "edits on GUI",
            "messageBody": "",
            "insertions": 32,
            "deletions": 6
          },
          {
            "hash": "3f662de7277f8190c969b9e22e068d1ea9ffdfcc",
            "messageTitle": "-added Resue credit -sets up a product website -add a User Guide",
            "messageBody": "",
            "insertions": 56,
            "deletions": 44
          }
        ]
      },
      {
        "insertions": 126,
        "deletions": 19,
        "date": "2019-09-20",
        "commitResults": [
          {
            "hash": "ba2743ab853b0c6df69f98873ab72ca8bc45944e",
            "messageTitle": "-handles data thrown exception -formatting",
            "messageBody": "",
            "insertions": 118,
            "deletions": 14
          },
          {
            "hash": "39278eea84106f418853fc5ed2bec3b2d438235d",
            "messageTitle": "edited REAME.md",
            "messageBody": "",
            "insertions": 8,
            "deletions": 5
          }
        ]
      },
      {
        "insertions": 113,
        "deletions": 117,
        "date": "2019-09-26",
        "commitResults": [
          {
            "hash": "b15c587945a0ba8cfb74b42a3d38bf7ab9aac543",
            "messageTitle": "-edited the UiText -check style",
            "messageBody": "",
            "insertions": 112,
            "deletions": 116
          },
          {
            "hash": "63229240d88417fd29b184c4ff10dda6e8515968",
            "messageTitle": "debug javaFX of mouse disappearing in the user input text",
            "messageBody": "",
            "insertions": 1,
            "deletions": 1
          }
        ]
      },
      {
        "insertions": 8,
        "deletions": 2,
        "date": "2019-09-30",
        "commitResults": [
          {
            "hash": "8506e6efe5460b8ae056017d10d8c5560fd4c9ae",
            "messageTitle": "-bug fix",
            "messageBody": "",
            "insertions": 8,
            "deletions": 2
          }
        ]
      }
    ]
  },
  "authorFinalContributionMap": {
    "ShuTingY": 1722
  },
  "authorFileTypeContributionMap": {
    "ShuTingY": {
      "java": 1502,
      "md": 100,
      "fxml": 61,
      "sh": 0,
      "bat": 0,
      "gradle": 59,
      "txt": 0
    }
  },
  "authorContributionVariance": {
    "ShuTingY": 77806.87
  },
  "authorDisplayNameMap": {
    "ShuTingY": "CS2103T-T12-4 YANG  ... UTING"
  }
}
