{
  "authorDailyContributionsMap": {
    "AaronLuk": [
      {
        "insertions": 146,
        "deletions": 24,
        "date": "2019-08-27",
        "commitResults": [
          {
            "hash": "4931ec803d1a4ed150a0219afa67910b84510980",
            "messageTitle": "Level 1",
            "messageBody": "",
            "insertions": 44,
            "deletions": 7
          },
          {
            "hash": "b7323eafadbdf96d8d3c28505fa795aaa43ee353",
            "messageTitle": "Add level 2",
            "messageBody": "",
            "insertions": 39,
            "deletions": 11
          },
          {
            "hash": "c6d10b9863247e644143332a1bbed61f7a154759",
            "messageTitle": "Add level 3",
            "messageBody": "",
            "insertions": 63,
            "deletions": 6
          }
        ]
      },
      {
        "insertions": 168,
        "deletions": 30,
        "date": "2019-08-28",
        "commitResults": [
          {
            "hash": "a6c5378a260c878d6b7911ac482478728ced2db9",
            "messageTitle": "add level 4",
            "messageBody": "",
            "insertions": 116,
            "deletions": 14
          },
          {
            "hash": "4b7ab57ea5f9f2f0bde30f9cfd1640f16725ec75",
            "messageTitle": "add level 5",
            "messageBody": "",
            "insertions": 49,
            "deletions": 13
          },
          {
            "hash": "a531f085ca9b0de1bb54a745cfd3ce777681e95e",
            "messageTitle": "add level 6",
            "messageBody": "",
            "insertions": 3,
            "deletions": 3
          }
        ]
      },
      {
        "insertions": 152,
        "deletions": 75,
        "date": "2019-09-01",
        "commitResults": [
          {
            "hash": "6cb712fb77ab39894746fc9bc5665fd288290540",
            "messageTitle": "Modified interaction between classes",
            "messageBody": "",
            "insertions": 74,
            "deletions": 59
          },
          {
            "hash": "06402311f5669d11b3188e1e503d4860448936dd",
            "messageTitle": "Add function to read text file",
            "messageBody": "",
            "insertions": 71,
            "deletions": 8
          },
          {
            "hash": "e4b39da81b09224ea706a8131a11a31ee1d5102a",
            "messageTitle": "Debugged code",
            "messageBody": "",
            "insertions": 7,
            "deletions": 8
          }
        ]
      },
      {
        "insertions": 85,
        "deletions": 13,
        "date": "2019-09-02",
        "commitResults": [
          {
            "hash": "90c442e16cd7958028a78898f83800409dda4693",
            "messageTitle": "add ability to format date and time",
            "messageBody": "",
            "insertions": 85,
            "deletions": 13
          }
        ]
      },
      {
        "insertions": 343,
        "deletions": 121,
        "date": "2019-09-03",
        "commitResults": [
          {
            "hash": "c83a854ddbbed01fed64fd1f44f8ce1a8006dd96",
            "messageTitle": "Restructured program to use Command classes",
            "messageBody": "",
            "insertions": 301,
            "deletions": 117
          },
          {
            "hash": "82457e26562f2ecd9d266674a7f6dce408a2f8f8",
            "messageTitle": "Reformat",
            "messageBody": "",
            "insertions": 4,
            "deletions": 0
          },
          {
            "hash": "ab20012d9bcdda6518fd2fed71686e3847b2be85",
            "messageTitle": "reformat",
            "messageBody": "",
            "insertions": 0,
            "deletions": 4
          },
          {
            "hash": "7464c62861d57dec97e6aefee9cd4a225a7df038",
            "messageTitle": "Add find function",
            "messageBody": "",
            "insertions": 38,
            "deletions": 0
          }
        ]
      },
      {
        "insertions": 189,
        "deletions": 79,
        "date": "2019-09-09",
        "commitResults": [
          {
            "hash": "10674fa94f09cde602a10ca2418228883587d3cc",
            "messageTitle": "Add changes",
            "messageBody": "",
            "insertions": 8,
            "deletions": 8
          },
          {
            "hash": "d88fa301de14dfed0e5f4fa1b031754530af328f",
            "messageTitle": "Add files",
            "messageBody": "",
            "insertions": 27,
            "deletions": 1
          },
          {
            "hash": "4bd07b98d01b655b09dbef77ad7b77fd67900043",
            "messageTitle": "Minor changes",
            "messageBody": "",
            "insertions": 22,
            "deletions": 1
          },
          {
            "hash": "5a57ca207d5e7b405e6bad5781ce4145636954e2",
            "messageTitle": "Reorganize classes into packages",
            "messageBody": "",
            "insertions": 81,
            "deletions": 4
          },
          {
            "hash": "ca9b326ecfa43953acf9480429d20231266e4633",
            "messageTitle": "More reorganisation of classes",
            "messageBody": "",
            "insertions": 0,
            "deletions": 11
          },
          {
            "hash": "22404d3155f6b92cfed5450c071e8e9ba7f23bcb",
            "messageTitle": "minor update to duke package",
            "messageBody": "",
            "insertions": 51,
            "deletions": 54
          }
        ]
      },
      {
        "insertions": 57,
        "deletions": 41,
        "date": "2019-09-12",
        "commitResults": [
          {
            "hash": "4b70efde0dbf84222e9ab44d4303797765a328b8",
            "messageTitle": "branch-level-10",
            "messageBody": "",
            "insertions": 57,
            "deletions": 41
          }
        ]
      },
      {
        "insertions": 749,
        "deletions": 399,
        "date": "2019-09-15",
        "commitResults": [
          {
            "hash": "becf2bf3bb5ba431917caf29cd3a7f07565b3a9e",
            "messageTitle": "Add User Interface",
            "messageBody": "",
            "insertions": 245,
            "deletions": 70
          },
          {
            "hash": "2d133f8cab6f6311b57322f4334488c91650a0be",
            "messageTitle": "Modify User Interface",
            "messageBody": "",
            "insertions": 220,
            "deletions": 213
          },
          {
            "hash": "0ad7928cd5cb682c4e04860960d37a123f9700af",
            "messageTitle": "Add java documentation",
            "messageBody": "",
            "insertions": 284,
            "deletions": 116
          }
        ]
      },
      {
        "insertions": 86,
        "deletions": 47,
        "date": "2019-09-16",
        "commitResults": [
          {
            "hash": "bd18b8e09cdf0e2ffac7cdbe941c1560b46dc23a",
            "messageTitle": "Minor changes to add command",
            "messageBody": "",
            "insertions": 1,
            "deletions": 0
          },
          {
            "hash": "953a7f6c7660943f06e24b4ad197029c0175e934",
            "messageTitle": "Revert \"Minor changes to add command\"",
            "messageBody": "This reverts commit 3c13e57ac80c0a04a4d62f8f956d614be6f04fb8.\n",
            "insertions": 0,
            "deletions": 1
          },
          {
            "hash": "2888147cf7c4c0182f28e0d8bb549860393b12de",
            "messageTitle": "Revert \"Revert \"Minor changes to add command\"\"",
            "messageBody": "This reverts commit c04ad6049b10d15d483275a0f38eeb9b00a67fcf.\n",
            "insertions": 1,
            "deletions": 0
          },
          {
            "hash": "f2bb07f957ccfa4c1e16e6549fbb4ea2e98ee754",
            "messageTitle": "Revert \"Revert \"Revert \"Minor changes to add command\"\"\"",
            "messageBody": "This reverts commit 3e4bec766213a46edb7f0aa0264e1ecfe29cb166.\n",
            "insertions": 0,
            "deletions": 1
          },
          {
            "hash": "fc2ad4e849ef3cb50a03f175a3b46cdb0b17b16e",
            "messageTitle": "Add UI support for each command",
            "messageBody": "",
            "insertions": 34,
            "deletions": 23
          },
          {
            "hash": "796535f99ebf38bc67bf5196ab3a92e1f5ec2f74",
            "messageTitle": "Optimise exception handling",
            "messageBody": "",
            "insertions": 4,
            "deletions": 0
          },
          {
            "hash": "f0ba7f4f5301308b8a88caa1322b1f0bec7a0bf2",
            "messageTitle": "Add error command class",
            "messageBody": "",
            "insertions": 46,
            "deletions": 22
          }
        ]
      },
      {
        "insertions": 79,
        "deletions": 46,
        "date": "2019-09-17",
        "commitResults": [
          {
            "hash": "7f8073880070ba98c6701df791e3419d6b9e415b",
            "messageTitle": "Add priority feature",
            "messageBody": "",
            "insertions": 79,
            "deletions": 46
          }
        ]
      },
      {
        "insertions": 35,
        "deletions": 10,
        "date": "2019-09-19",
        "commitResults": [
          {
            "hash": "11cc26e78b7582bcebdfe87154351653269f7596",
            "messageTitle": "Add jar file config",
            "messageBody": "",
            "insertions": 35,
            "deletions": 10
          }
        ]
      },
      {
        "insertions": 639,
        "deletions": 162,
        "date": "2019-09-23",
        "commitResults": [
          {
            "hash": "83fc2276e8eecd17f11c9d35256032421bae9808",
            "messageTitle": "Improved exception handling",
            "messageBody": "",
            "insertions": 114,
            "deletions": 51
          },
          {
            "hash": "fa6800dc4f657b6270ce924acd4a4dffd80014cb",
            "messageTitle": "Add Junit tests",
            "messageBody": "",
            "insertions": 33,
            "deletions": 26
          },
          {
            "hash": "b5b109a872a89e85e2a0f4c426862d19628ead4c",
            "messageTitle": "Improved error handling and add user guide",
            "messageBody": "",
            "insertions": 233,
            "deletions": 61
          },
          {
            "hash": "db023cf6554f45db0092e36be3e06a463222d86a",
            "messageTitle": "Add sort command",
            "messageBody": "",
            "insertions": 64,
            "deletions": 1
          },
          {
            "hash": "7baf62214ec7c6a8df4c24e268c05e77e02d4408",
            "messageTitle": "Add resources for user guide",
            "messageBody": "",
            "insertions": 22,
            "deletions": 6
          },
          {
            "hash": "22ac86d304354db7263861e069661126f8ffa634",
            "messageTitle": "Add image for readme",
            "messageBody": "",
            "insertions": 2,
            "deletions": 1
          },
          {
            "hash": "7980af14f02a113c6818d773af20ba9e7e1024a5",
            "messageTitle": "Minor edits",
            "messageBody": "",
            "insertions": 4,
            "deletions": 4
          },
          {
            "hash": "22ef5e7ddfb92763e587f245572a1c7154a9262e",
            "messageTitle": "Update README",
            "messageBody": "",
            "insertions": 167,
            "deletions": 12
          }
        ]
      },
      {
        "insertions": 30,
        "deletions": 22,
        "date": "2019-09-24",
        "commitResults": [
          {
            "hash": "0b8ed2200ad51d50e1cbb191a16645eb41648f96",
            "messageTitle": "Minor touch up to UI",
            "messageBody": "",
            "insertions": 28,
            "deletions": 20
          },
          {
            "hash": "7002f62ebc8d1decbcd38f9b289029040796a685",
            "messageTitle": "Edit images",
            "messageBody": "",
            "insertions": 1,
            "deletions": 1
          },
          {
            "hash": "cddc4e7fe2e66d6582a45fac1d65100903cc24a3",
            "messageTitle": "Edit image",
            "messageBody": "",
            "insertions": 1,
            "deletions": 1
          }
        ]
      }
    ]
  },
  "authorFinalContributionMap": {
    "AaronLuk": 1842
  },
  "authorFileTypeContributionMap": {
    "AaronLuk": {
      "java": 1329,
      "md": 431,
      "fxml": 40,
      "sh": 0,
      "bat": 0,
      "gradle": 42,
      "txt": 0
    }
  },
  "authorContributionVariance": {
    "AaronLuk": 51434.023
  },
  "authorDisplayNameMap": {
    "AaronLuk": "CS2103-T11-2 LUK C ...  HENG"
  }
}
