{
  "authorDailyContributionsMap": {
    "le0tan": [
      {
        "insertions": 442,
        "deletions": 122,
        "date": "2019-08-22",
        "commitResults": [
          {
            "hash": "91a5b4c5b54aaa20dfb7adb2432e8571768b37c8",
            "messageTitle": "Finished level 1.",
            "messageBody": "",
            "insertions": 21,
            "deletions": 6
          },
          {
            "hash": "12ab0360b3063b0c58db14616a3b32b94b74961e",
            "messageTitle": "Finished level 2.",
            "messageBody": "",
            "insertions": 13,
            "deletions": 1
          },
          {
            "hash": "fb0880a7c11effa52f90f1dc1eee7183108c4f8a",
            "messageTitle": "Finished level 3.",
            "messageBody": "",
            "insertions": 17,
            "deletions": 8
          },
          {
            "hash": "0d882574a24c0b7ed89803bf7e591477ee0471dd",
            "messageTitle": "Tracked new files for level 3",
            "messageBody": "",
            "insertions": 70,
            "deletions": 0
          },
          {
            "hash": "872573663693b1e18a20d9aea4d6a5573f809009",
            "messageTitle": "Finished level 4",
            "messageBody": "",
            "insertions": 54,
            "deletions": 10
          },
          {
            "hash": "f53f7ff5953f2aa40bbf59f0895a7307696bd13c",
            "messageTitle": "Finished level 5",
            "messageBody": "",
            "insertions": 40,
            "deletions": 27
          },
          {
            "hash": "a8e499351be9c9a455bb2111aefb00b5a31a4653",
            "messageTitle": "Added files for exception",
            "messageBody": "",
            "insertions": 10,
            "deletions": 0
          },
          {
            "hash": "a5a395e6b358e2b0fbc7dc449c5979c02095e3b2",
            "messageTitle": "Finished level 6 and a-enum",
            "messageBody": "",
            "insertions": 104,
            "deletions": 70
          },
          {
            "hash": "22469c535d2ff3e77e20be14ae564162ea989578",
            "messageTitle": "Added text UI test",
            "messageBody": "",
            "insertions": 113,
            "deletions": 0
          }
        ]
      },
      {
        "insertions": 158,
        "deletions": 9,
        "date": "2019-08-23",
        "commitResults": [
          {
            "hash": "f874729164aeff63d22def01716abfe92aea0565",
            "messageTitle": "Init gradle",
            "messageBody": "",
            "insertions": 27,
            "deletions": 2
          },
          {
            "hash": "33916974843d541545a8696ee509161677e0755d",
            "messageTitle": "Save data to a .json file",
            "messageBody": "",
            "insertions": 131,
            "deletions": 7
          }
        ]
      },
      {
        "insertions": 868,
        "deletions": 312,
        "date": "2019-08-24",
        "commitResults": [
          {
            "hash": "2995e8dd2371bf825a54a2c57c645f9dc916b186",
            "messageTitle": "Support different file path for Windows",
            "messageBody": "",
            "insertions": 16,
            "deletions": 6
          },
          {
            "hash": "ac93fcdcae48fa23ae98b4a7772ea0a83d6f9638",
            "messageTitle": "Create a new data.json when there isn\u0027t one",
            "messageBody": "",
            "insertions": 24,
            "deletions": 11
          },
          {
            "hash": "e1f42ec35d699eaca7b5b5aa949f3e4c8aff24ac",
            "messageTitle": "Store date\u0026time as an object",
            "messageBody": "",
            "insertions": 15,
            "deletions": 6
          },
          {
            "hash": "42687be5f072438401fce7e7ef500196a5744005",
            "messageTitle": "More OOP, first try",
            "messageBody": "",
            "insertions": 364,
            "deletions": 198
          },
          {
            "hash": "7aa2159cd2816abdb0ad270b7a699e29d4f5b94b",
            "messageTitle": "Show message when creating a new data.json",
            "messageBody": "",
            "insertions": 30,
            "deletions": 9
          },
          {
            "hash": "248bf91cc9615a27570c24b87bde96795874d9b1",
            "messageTitle": "Organize the classes into suitable java packages",
            "messageBody": "",
            "insertions": 78,
            "deletions": 6
          },
          {
            "hash": "8502095553ab5181890b53bb15d6d594228ef604",
            "messageTitle": "Added JUnit test for parser",
            "messageBody": "",
            "insertions": 24,
            "deletions": 2
          },
          {
            "hash": "46350f168c930b1dd2be2edd4f96c8a158627369",
            "messageTitle": "Added JavaDocs",
            "messageBody": "",
            "insertions": 207,
            "deletions": 27
          },
          {
            "hash": "b8b1be1b9d857e232f1e2066db2eda7f1e2ddbe7",
            "messageTitle": "Formatted code to comply with checkstyle.",
            "messageBody": "",
            "insertions": 54,
            "deletions": 44
          },
          {
            "hash": "1e42699adbad8ab8013e9080dcc80295c9a88648",
            "messageTitle": "Implemented find feature.",
            "messageBody": "",
            "insertions": 51,
            "deletions": 3
          },
          {
            "hash": "2ad248239ab27a0fbfded0e9cdda6bd6de2fad2d",
            "messageTitle": "Added some java docs.",
            "messageBody": "",
            "insertions": 5,
            "deletions": 0
          }
        ]
      },
      {
        "insertions": 38,
        "deletions": 10,
        "date": "2019-08-28",
        "commitResults": [
          {
            "hash": "dc3b38fe8262f4cb82ab32351009c4e2ccd94eca",
            "messageTitle": "Init JavaFX.",
            "messageBody": "",
            "insertions": 30,
            "deletions": 2
          },
          {
            "hash": "44109f5e74f912670f4de5cb86d2569866316da9",
            "messageTitle": "Fixed a formatting problem.",
            "messageBody": "",
            "insertions": 8,
            "deletions": 8
          }
        ]
      },
      {
        "insertions": 680,
        "deletions": 699,
        "date": "2019-08-30",
        "commitResults": [
          {
            "hash": "e90f1bdac350260a60085d4fe0b235e75e77afb5",
            "messageTitle": "Make TextAreaTest work",
            "messageBody": "",
            "insertions": 91,
            "deletions": 1
          },
          {
            "hash": "523f41dfa4c2329fe43b55b53b2ec05aeea4912c",
            "messageTitle": "Implement the crappy \"GUI\"",
            "messageBody": "",
            "insertions": 85,
            "deletions": 133
          },
          {
            "hash": "71f75d3940ad40b0ad51f06da27eb32dc39425e0",
            "messageTitle": "Crappy experiment on custom list cells.",
            "messageBody": "",
            "insertions": 264,
            "deletions": 449
          },
          {
            "hash": "7af8d519e4975243aeb02bb2167d0e9613b5381e",
            "messageTitle": "Prototype new task window.",
            "messageBody": "",
            "insertions": 168,
            "deletions": 91
          },
          {
            "hash": "eeb0b6d629c27220e27322275c92c8e7b3184fd0",
            "messageTitle": "Finish new task window",
            "messageBody": "",
            "insertions": 72,
            "deletions": 25
          }
        ]
      },
      {
        "insertions": 423,
        "deletions": 247,
        "date": "2019-08-31",
        "commitResults": [
          {
            "hash": "fe0f2ba408348a53a933c3decac4cd86fb204ca2",
            "messageTitle": "Add delete task context menu",
            "messageBody": "",
            "insertions": 28,
            "deletions": 2
          },
          {
            "hash": "58333912e93afd13f473e15893d2d75b7a6fe0c5",
            "messageTitle": "Stretch master and middle pane",
            "messageBody": "",
            "insertions": 25,
            "deletions": 27
          },
          {
            "hash": "99735d8ddb476caef53645204e22fac08d6f86c2",
            "messageTitle": "Add detail pane",
            "messageBody": "",
            "insertions": 93,
            "deletions": 10
          },
          {
            "hash": "3b542b303779c0e0e6679d4686b545ff3d0876f8",
            "messageTitle": "Support open save file",
            "messageBody": "",
            "insertions": 25,
            "deletions": 12
          },
          {
            "hash": "3179427b559a37a942b5a971c496d91844a3f8e7",
            "messageTitle": "Fix a NullPointerException when adding a new task if no type is selected, selection would be null",
            "messageBody": "",
            "insertions": 26,
            "deletions": 26
          },
          {
            "hash": "793c2cf6e4f07ca68584f5321aa7b6cc0aa45ecc",
            "messageTitle": "Fix formatting issues to pass checkstyle",
            "messageBody": "",
            "insertions": 24,
            "deletions": 24
          },
          {
            "hash": "0f52bb6c1bcce2cddc5956afaddc9a0353089c51",
            "messageTitle": "Add assertions for controllers",
            "messageBody": "",
            "insertions": 38,
            "deletions": 0
          },
          {
            "hash": "4103e4bc57bff2dca064d060a79e1bf307ccfd0a",
            "messageTitle": "Clean up code to satisfy IDEA (mostly) (#5)",
            "messageBody": "",
            "insertions": 114,
            "deletions": 131
          },
          {
            "hash": "a758bbe2290288c7ec895e68f937447d46689021",
            "messageTitle": "Add Travis CI build status to readme",
            "messageBody": "",
            "insertions": 2,
            "deletions": 0
          },
          {
            "hash": "1667e10e88254fed215a5fc86a3e09266a083020",
            "messageTitle": "Update build.gradle",
            "messageBody": "Try to make Travis work.",
            "insertions": 5,
            "deletions": 0
          },
          {
            "hash": "ce5089a5158dc703bc4072c3757c78ef3b918849",
            "messageTitle": "Try to fix Travis CI",
            "messageBody": "",
            "insertions": 0,
            "deletions": 5
          },
          {
            "hash": "f37df8b339a064d3552ddb632a338d699fcee2e4",
            "messageTitle": "Add user guide",
            "messageBody": "",
            "insertions": 41,
            "deletions": 8
          },
          {
            "hash": "937d7d281ec605bd074aad6a770189d885889d22",
            "messageTitle": "Update README.md",
            "messageBody": "Fixed a Windows style directory",
            "insertions": 2,
            "deletions": 2
          }
        ]
      },
      {
        "insertions": 40,
        "deletions": 10,
        "date": "2019-09-01",
        "commitResults": [
          {
            "hash": "760ec72df170d8fdfc1367816efa4691de71ee5f",
            "messageTitle": "Catch an exception when no savefile is selected",
            "messageBody": "",
            "insertions": 7,
            "deletions": 3
          },
          {
            "hash": "092b72e83c4ff1211fe57f1fc61908c27edb6607",
            "messageTitle": "Make default storage location within resource folder If you run gradle build then the save file would be reset every time. Not sure how it works in .jar releases.",
            "messageBody": "",
            "insertions": 6,
            "deletions": 1
          },
          {
            "hash": "2e3571012da4bd3d8a340e81a669e1d5757cb280",
            "messageTitle": "Add a sample unit test",
            "messageBody": "",
            "insertions": 27,
            "deletions": 6
          }
        ]
      },
      {
        "insertions": 210,
        "deletions": 36,
        "date": "2019-09-06",
        "commitResults": [
          {
            "hash": "458febb11091c69ad718bd08e42e088ca2a9b365",
            "messageTitle": "Try to add a context menu for sorting",
            "messageBody": "",
            "insertions": 38,
            "deletions": 1
          },
          {
            "hash": "13787d218252b8883fdca9050e50bf6121a7f3ea",
            "messageTitle": "Add sort feature",
            "messageBody": "",
            "insertions": 99,
            "deletions": 26
          },
          {
            "hash": "73209ac2a2ab1eb34dca0caa333df1dc20a33077",
            "messageTitle": "Support add time",
            "messageBody": "",
            "insertions": 35,
            "deletions": 2
          },
          {
            "hash": "4303418c426d8fb0b68c37d6f1c4715d17ec9729",
            "messageTitle": "Add search bar and result area",
            "messageBody": "",
            "insertions": 29,
            "deletions": 0
          },
          {
            "hash": "3abd71ff309cd17485de8d2c6588e35123f4302f",
            "messageTitle": "Display search results as a custom list view",
            "messageBody": "",
            "insertions": 8,
            "deletions": 6
          },
          {
            "hash": "0b7626b935d81f79e2d5dd65dd6b4726d3a31ea2",
            "messageTitle": "Bump shadowJar version",
            "messageBody": "",
            "insertions": 1,
            "deletions": 1
          }
        ]
      }
    ]
  },
  "authorFinalContributionMap": {
    "le0tan": 1423
  },
  "authorFileTypeContributionMap": {
    "le0tan": {
      "java": 1094,
      "md": 43,
      "fxml": 142,
      "sh": 0,
      "bat": 21,
      "gradle": 31,
      "txt": 92
    }
  },
  "authorContributionVariance": {
    "le0tan": 150555.77
  },
  "authorDisplayNameMap": {
    "le0tan": "CS2103T-W11-1 TAN Y ... NHONG"
  }
}
