{
  "authorDailyContributionsMap": {
    "Ellieyee": [
      {
        "insertions": 464,
        "deletions": 68,
        "date": "2019-08-19",
        "commitResults": [
          {
            "hash": "f9df9ea0d5c633028f3a91ddccc9161b5c0a29e2",
            "messageTitle": "Add Gradle Support",
            "messageBody": "",
            "insertions": 17,
            "deletions": 1
          },
          {
            "hash": "f9df9ea0d5c633028f3a91ddccc9161b5c0a29e2",
            "messageTitle": "Add Gradle Support",
            "messageBody": "",
            "insertions": 17,
            "deletions": 1
          },
          {
            "hash": "3b71378df068042fe06744be0c3edd807d1d0909",
            "messageTitle": "Add Gradle Plugins",
            "messageBody": "",
            "insertions": 16,
            "deletions": 3
          },
          {
            "hash": "3b71378df068042fe06744be0c3edd807d1d0909",
            "messageTitle": "Add Gradle Plugins",
            "messageBody": "",
            "insertions": 16,
            "deletions": 3
          },
          {
            "hash": "f2d48229e379cbd61c048d9b47ed73988904c0d2",
            "messageTitle": "Add JUnit plugin",
            "messageBody": "",
            "insertions": 10,
            "deletions": 0
          },
          {
            "hash": "f2d48229e379cbd61c048d9b47ed73988904c0d2",
            "messageTitle": "Add JUnit plugin",
            "messageBody": "",
            "insertions": 10,
            "deletions": 0
          },
          {
            "hash": "b9e758b9845ac88e2d817d99c4a160b532d18a82",
            "messageTitle": "Level-2",
            "messageBody": "",
            "insertions": 10,
            "deletions": 6
          },
          {
            "hash": "b9e758b9845ac88e2d817d99c4a160b532d18a82",
            "messageTitle": "Level-2",
            "messageBody": "",
            "insertions": 10,
            "deletions": 6
          },
          {
            "hash": "6b62f6ed065907b88f66ea9a0ad0bbec05bc7bd8",
            "messageTitle": "Level-2",
            "messageBody": "",
            "insertions": 17,
            "deletions": 2
          },
          {
            "hash": "6b62f6ed065907b88f66ea9a0ad0bbec05bc7bd8",
            "messageTitle": "Level-2",
            "messageBody": "",
            "insertions": 17,
            "deletions": 2
          },
          {
            "hash": "479fecd6716c912b56481683c355a56be83f0762",
            "messageTitle": "Level-3",
            "messageBody": "",
            "insertions": 100,
            "deletions": 15
          },
          {
            "hash": "479fecd6716c912b56481683c355a56be83f0762",
            "messageTitle": "Level-3",
            "messageBody": "",
            "insertions": 100,
            "deletions": 15
          },
          {
            "hash": "d92996f0faa438f23ee0f03e526e577cd1ad9305",
            "messageTitle": "Level-4",
            "messageBody": "",
            "insertions": 62,
            "deletions": 7
          },
          {
            "hash": "d92996f0faa438f23ee0f03e526e577cd1ad9305",
            "messageTitle": "Level-4",
            "messageBody": "",
            "insertions": 62,
            "deletions": 7
          }
        ]
      },
      {
        "insertions": 364,
        "deletions": 108,
        "date": "2019-08-20",
        "commitResults": [
          {
            "hash": "f2b93b51ec70f80fd62859628242206857d5cd6e",
            "messageTitle": "Level-5 (#2)",
            "messageBody": "",
            "insertions": 104,
            "deletions": 32
          },
          {
            "hash": "f2b93b51ec70f80fd62859628242206857d5cd6e",
            "messageTitle": "Level-5 (#2)",
            "messageBody": "",
            "insertions": 104,
            "deletions": 32
          },
          {
            "hash": "67664ccf91f8712f2742a6452e7472488c8db1c4",
            "messageTitle": "Level-6 (#3)",
            "messageBody": "Add support for deleting tasks from the list. ",
            "insertions": 69,
            "deletions": 20
          },
          {
            "hash": "67664ccf91f8712f2742a6452e7472488c8db1c4",
            "messageTitle": "Level-6 (#3)",
            "messageBody": "Add support for deleting tasks from the list. ",
            "insertions": 69,
            "deletions": 20
          },
          {
            "hash": "12a986b19dedcf807a9647a1a06a7cdb9cd5abf2",
            "messageTitle": "Add Task Interface (#4)",
            "messageBody": "",
            "insertions": 9,
            "deletions": 2
          },
          {
            "hash": "12a986b19dedcf807a9647a1a06a7cdb9cd5abf2",
            "messageTitle": "Add Task Interface (#4)",
            "messageBody": "",
            "insertions": 9,
            "deletions": 2
          }
        ]
      },
      {
        "insertions": 188,
        "deletions": 198,
        "date": "2019-08-21",
        "commitResults": [
          {
            "hash": "5d77e8e75da2eb0d3f88e7ca68d65a9a512dadd6",
            "messageTitle": "Refactor subsystem TaskList for readability (#5)",
            "messageBody": "",
            "insertions": 66,
            "deletions": 83
          },
          {
            "hash": "5d77e8e75da2eb0d3f88e7ca68d65a9a512dadd6",
            "messageTitle": "Refactor subsystem TaskList for readability (#5)",
            "messageBody": "",
            "insertions": 66,
            "deletions": 83
          },
          {
            "hash": "ba1d7ff6f64d7baabfc1b02a1d0c395669bc38c5",
            "messageTitle": "Fix IndexOutOfBounds Error in TaskList (#6)",
            "messageBody": "* Add function description for TaskList\r\n\r\n* Fix IndexOutOfBounds Error in TaskList\r\n",
            "insertions": 28,
            "deletions": 16
          },
          {
            "hash": "ba1d7ff6f64d7baabfc1b02a1d0c395669bc38c5",
            "messageTitle": "Fix IndexOutOfBounds Error in TaskList (#6)",
            "messageBody": "* Add function description for TaskList\r\n\r\n* Fix IndexOutOfBounds Error in TaskList\r\n",
            "insertions": 28,
            "deletions": 16
          }
        ]
      },
      {
        "insertions": 532,
        "deletions": 278,
        "date": "2019-08-22",
        "commitResults": [
          {
            "hash": "0bc7e3f60da73f9f9be4d66763da85f9b96d274f",
            "messageTitle": "A-TextUiTesting (#7)",
            "messageBody": "",
            "insertions": 23,
            "deletions": 0
          },
          {
            "hash": "0bc7e3f60da73f9f9be4d66763da85f9b96d274f",
            "messageTitle": "A-TextUiTesting (#7)",
            "messageBody": "",
            "insertions": 23,
            "deletions": 0
          },
          {
            "hash": "e2c49ea0dd44d81e710a9758007b6fd44639ef58",
            "messageTitle": "Refactor LogicManager subsystem (#8)",
            "messageBody": "* Refactor Tasklist subsystem\r\n\r\n* Add LogicManager subsystem\r\n",
            "insertions": 179,
            "deletions": 111
          },
          {
            "hash": "e2c49ea0dd44d81e710a9758007b6fd44639ef58",
            "messageTitle": "Refactor LogicManager subsystem (#8)",
            "messageBody": "* Refactor Tasklist subsystem\r\n\r\n* Add LogicManager subsystem\r\n",
            "insertions": 179,
            "deletions": 111
          },
          {
            "hash": "be6901aa80278415fe1331ead3f25e16091f2fc6",
            "messageTitle": "Add Incorrect statement handling (#9)",
            "messageBody": "* Add Exception comments\r\n\r\n* Add case insensitivity feature\r\n\r\n* Add IncorrectStatementException\r\n",
            "insertions": 48,
            "deletions": 18
          },
          {
            "hash": "be6901aa80278415fe1331ead3f25e16091f2fc6",
            "messageTitle": "Add Incorrect statement handling (#9)",
            "messageBody": "* Add Exception comments\r\n\r\n* Add case insensitivity feature\r\n\r\n* Add IncorrectStatementException\r\n",
            "insertions": 48,
            "deletions": 18
          },
          {
            "hash": "169c899deabc0e9dec1d66a1fc0ee41786a2d8fa",
            "messageTitle": "Refactor Parser Subsystem (#10)",
            "messageBody": "",
            "insertions": 16,
            "deletions": 10
          },
          {
            "hash": "169c899deabc0e9dec1d66a1fc0ee41786a2d8fa",
            "messageTitle": "Refactor Parser Subsystem (#10)",
            "messageBody": "",
            "insertions": 16,
            "deletions": 10
          }
        ]
      }
    ]
  },
  "authorFinalContributionMap": {
    "Ellieyee": 455
  },
  "authorFileTypeContributionMap": {
    "Ellieyee": {
      "java": 409,
      "md": 0,
      "fxml": 0,
      "sh": 0,
      "bat": 21,
      "gradle": 23,
      "txt": 2
    }
  },
  "authorContributionVariance": {
    "Ellieyee": 88496.49
  },
  "authorDisplayNameMap": {
    "Ellieyee": "ellieyee"
  }
}
