{
  "authorDailyContributionsMap": {
    "czkay": [
      {
        "insertions": 48,
        "deletions": 9,
        "date": "2019-08-19",
        "commitResults": [
          {
            "hash": "7f8d555fe7ea0e693510343ed0bfb5f1445a1a83",
            "messageTitle": "Added Level-1",
            "messageBody": "",
            "insertions": 12,
            "deletions": 6
          },
          {
            "hash": "baae64d3cb987ecdf041808162a57b998e67ace4",
            "messageTitle": "Added Level-2",
            "messageBody": "",
            "insertions": 9,
            "deletions": 1
          },
          {
            "hash": "1dc700367fe24f7ae75293f4ad68a9964f27510f",
            "messageTitle": "Added Level-3",
            "messageBody": "",
            "insertions": 27,
            "deletions": 2
          }
        ]
      },
      {
        "insertions": 122,
        "deletions": 34,
        "date": "2019-08-20",
        "commitResults": [
          {
            "hash": "ab43dca3209669738ef039ae8d0c27ceb6206961",
            "messageTitle": "Added Level-4",
            "messageBody": "",
            "insertions": 62,
            "deletions": 5
          },
          {
            "hash": "ba97c1c9996168aa4401dca416934da02574b5ea",
            "messageTitle": "Added Level-5",
            "messageBody": "",
            "insertions": 38,
            "deletions": 14
          },
          {
            "hash": "2a85d60e6b2727d0e1e6580b502748dd19a292c9",
            "messageTitle": "Added Level-6",
            "messageBody": "",
            "insertions": 8,
            "deletions": 1
          },
          {
            "hash": "7ddc57193370d0892af5f7d65809e6ebc3823aac",
            "messageTitle": "Revert \"Added Level-6\"",
            "messageBody": "This reverts commit 2a85d60e6b2727d0e1e6580b502748dd19a292c9.\n",
            "insertions": 1,
            "deletions": 8
          },
          {
            "hash": "9b843c1c6b7664fdf89dffdd22ed29cb2ff158ed",
            "messageTitle": "Added Level-6",
            "messageBody": "",
            "insertions": 13,
            "deletions": 6
          }
        ]
      },
      {
        "insertions": 59,
        "deletions": 16,
        "date": "2019-08-26",
        "commitResults": [
          {
            "hash": "dc962fdeef4d32d2ab604918b712615fd8dd4910",
            "messageTitle": "Added data/tasks.tmp to .gitignore Added Level-7",
            "messageBody": "",
            "insertions": 32,
            "deletions": 5
          },
          {
            "hash": "00e7ffcbd1e202775aa61b794079769de1626584",
            "messageTitle": "Added data/tasks.tmp to .gitignore Added Level-8",
            "messageBody": "",
            "insertions": 27,
            "deletions": 11
          }
        ]
      }
    ]
  },
  "authorFinalContributionMap": {
    "czkay": 174
  },
  "authorFileTypeContributionMap": {
    "czkay": {
      "java": 174,
      "md": 0,
      "fxml": 0,
      "sh": 0,
      "bat": 0,
      "gradle": 0,
      "txt": 0
    }
  },
  "authorContributionVariance": {
    "czkay": 2333.6035
  },
  "authorDisplayNameMap": {
    "czkay": "CHON .. KANG"
  }
}
