{
  "authorDailyContributionsMap": {
    "Q-gabe": [
      {
        "insertions": 131,
        "deletions": 28,
        "date": "2019-08-18",
        "commitResults": [
          {
            "hash": "1a18e0d822e17362059363d02c7b78a8d7ce6de1",
            "messageTitle": "Implemented Level-1 (Greet, Echo, Exit).",
            "messageBody": "",
            "insertions": 35,
            "deletions": 6
          },
          {
            "hash": "ec650c5dc01d8ba047e23ae826fec4ce31bbcd6d",
            "messageTitle": "Implemented Level-2 (Add, List).",
            "messageBody": "",
            "insertions": 29,
            "deletions": 4
          },
          {
            "hash": "226f87b625ef0d1929635d3c149b34b5b464e2ad",
            "messageTitle": "Added \u0027Task\u0027 class for task representation.",
            "messageBody": "",
            "insertions": 21,
            "deletions": 0
          },
          {
            "hash": "0b1372f2527cd3642ae7b9df6447e5338923bbbb",
            "messageTitle": "Implemented Level-3 (Mark as Done).",
            "messageBody": "",
            "insertions": 46,
            "deletions": 18
          }
        ]
      },
      {
        "insertions": 168,
        "deletions": 21,
        "date": "2019-08-19",
        "commitResults": [
          {
            "hash": "08efeb0ca3583f0098aca246fbd330fca8d0a8f2",
            "messageTitle": "Implemented Level-4 (ToDos, Events, Deadlines).",
            "messageBody": "",
            "insertions": 168,
            "deletions": 21
          }
        ]
      },
      {
        "insertions": 95,
        "deletions": 45,
        "date": "2019-08-21",
        "commitResults": [
          {
            "hash": "21926d9fb87d01051b96a667df22e95d65db3056",
            "messageTitle": "Implemented Level-5 (Handle Errors).",
            "messageBody": "",
            "insertions": 48,
            "deletions": 32
          },
          {
            "hash": "503496bcbc125c1155039c1db5836716f81a2356",
            "messageTitle": "Implemented Level-6 (Delete).",
            "messageBody": "",
            "insertions": 47,
            "deletions": 13
          }
        ]
      }
    ],
    "Jeffry Lum": []
  },
  "authorFinalContributionMap": {
    "Q-gabe": 306,
    "Jeffry Lum": 0
  },
  "authorFileTypeContributionMap": {
    "Q-gabe": {
      "java": 306,
      "md": 0,
      "fxml": 0,
      "sh": 0,
      "bat": 0,
      "gradle": 0,
      "txt": 0
    },
    "Jeffry Lum": {
      "java": 0,
      "md": 0,
      "fxml": 0,
      "sh": 0,
      "bat": 0,
      "gradle": 0,
      "txt": 0
    }
  },
  "authorContributionVariance": {
    "Q-gabe": 6818.556,
    "Jeffry Lum": 0.0
  },
  "authorDisplayNameMap": {
    "Q-gabe": "Q-gabe",
    "Jeffry Lum": "Jeffry Lum"
  }
}
