{
  "authorDailyContributionsMap": {
    "belbel98": [
      {
        "insertions": 85,
        "deletions": 12,
        "date": "2019-08-18",
        "commitResults": [
          {
            "hash": "d4cdce51672f6f086cddcbc91c58bd920626c56f",
            "messageTitle": "Completed Level-1",
            "messageBody": "",
            "insertions": 54,
            "deletions": 8
          },
          {
            "hash": "e4c30d650f992499a59f158e84f2c5316098d55d",
            "messageTitle": "Completed Level-2",
            "messageBody": "",
            "insertions": 31,
            "deletions": 4
          }
        ]
      },
      {
        "insertions": 123,
        "deletions": 34,
        "date": "2019-08-19",
        "commitResults": [
          {
            "hash": "eb9bf3a625eed1ae0af809bbefc5c9e32dbe4657",
            "messageTitle": "Completed Level-3",
            "messageBody": "",
            "insertions": 43,
            "deletions": 10
          },
          {
            "hash": "63d48b1486b267b0606164e5ac0fe922233e9426",
            "messageTitle": "Completed Level-4",
            "messageBody": "",
            "insertions": 80,
            "deletions": 24
          }
        ]
      },
      {
        "insertions": 155,
        "deletions": 37,
        "date": "2019-08-20",
        "commitResults": [
          {
            "hash": "7efb1703aa94a170729538546200d190ecb7e6d6",
            "messageTitle": "Completed Level-5",
            "messageBody": "the task exceptions could be more precised :(\n",
            "insertions": 142,
            "deletions": 37
          },
          {
            "hash": "1700804f7173b1af48f29caa22dc21a4e691ec1a",
            "messageTitle": "Completed Level-6",
            "messageBody": "donzo for week2\n",
            "insertions": 13,
            "deletions": 0
          }
        ]
      },
      {
        "insertions": 52,
        "deletions": 52,
        "date": "2019-08-23",
        "commitResults": [
          {
            "hash": "57db60ea25dd638e10f2e8f1a4127dff8b2511f9",
            "messageTitle": "Updating Switch-case formatting",
            "messageBody": "",
            "insertions": 52,
            "deletions": 52
          }
        ]
      },
      {
        "insertions": 145,
        "deletions": 2,
        "date": "2019-08-27",
        "commitResults": [
          {
            "hash": "30b1d8b27eabc99b3f8faf2acb3117c27052eb91",
            "messageTitle": "Added Java Documentation",
            "messageBody": "",
            "insertions": 145,
            "deletions": 2
          }
        ]
      },
      {
        "insertions": 315,
        "deletions": 44,
        "date": "2019-08-28",
        "commitResults": [
          {
            "hash": "ef10b6b4c19a9e7b8013faf4f4994adb8de61b7e",
            "messageTitle": "Creating DukeData class to handle data file",
            "messageBody": "And also some minor adjustments to the variable names\n",
            "insertions": 207,
            "deletions": 14
          },
          {
            "hash": "9df3cb35973701df3670fa09950fe8ccf77cdbcf",
            "messageTitle": "Complete Level-7",
            "messageBody": "Might wanna edit to change the indexing of the data file to accomodate bigger indices\n",
            "insertions": 50,
            "deletions": 26
          },
          {
            "hash": "34625e7cf66c4c3753d83561ba8ce66d62e4961b",
            "messageTitle": "Incomplete Level-8",
            "messageBody": "IllegalArgumentException not yet debugged\n",
            "insertions": 58,
            "deletions": 4
          }
        ]
      },
      {
        "insertions": 183,
        "deletions": 150,
        "date": "2019-08-29",
        "commitResults": [
          {
            "hash": "0bafbc8af953a3bf576c46b7f37f784253ed612d",
            "messageTitle": "Completed Level-8",
            "messageBody": "",
            "insertions": 4,
            "deletions": 4
          },
          {
            "hash": "2b67c9c4ff9b62bce4dd2d9f95caf3f7d854aa85",
            "messageTitle": "Changing variable names",
            "messageBody": "",
            "insertions": 14,
            "deletions": 14
          },
          {
            "hash": "63ecdefe766826a9ecdb2d42db868ffa6aa1000e",
            "messageTitle": "Extracted code for Ui class",
            "messageBody": "Have yet to integrate the methods that need TaskList class to be added.\n",
            "insertions": 109,
            "deletions": 105
          },
          {
            "hash": "46cdc321bdf22e628127344c4a867aeded47d4db",
            "messageTitle": "Extracted code for TaskList class",
            "messageBody": "Have yet to integrate the new TaskList methods into the Duke class\n",
            "insertions": 56,
            "deletions": 27
          }
        ]
      },
      {
        "insertions": 609,
        "deletions": 552,
        "date": "2019-09-01",
        "commitResults": [
          {
            "hash": "ed5cc5eb093aac23a52d1ccc81b96b99c749f0ff",
            "messageTitle": "Complete A-MoreOOP",
            "messageBody": "",
            "insertions": 222,
            "deletions": 165
          },
          {
            "hash": "d4d8afbf463252474ffabeb47e0d63474f766066",
            "messageTitle": "Revert \"Complete A-MoreOOP\"",
            "messageBody": "This reverts commit ed5cc5eb093aac23a52d1ccc81b96b99c749f0ff.\n",
            "insertions": 165,
            "deletions": 222
          },
          {
            "hash": "b9fd574a66062b24d863099db9de341a477ce285",
            "messageTitle": "Revert \"Revert \"Complete A-MoreOOP\"\"",
            "messageBody": "This reverts commit d4d8afbf463252474ffabeb47e0d63474f766066.\n",
            "insertions": 222,
            "deletions": 165
          }
        ]
      }
    ]
  },
  "authorFinalContributionMap": {
    "belbel98": 794
  },
  "authorFileTypeContributionMap": {
    "belbel98": {
      "java": 793,
      "md": 0,
      "fxml": 0,
      "sh": 0,
      "bat": 0,
      "gradle": 0,
      "txt": 1
    }
  },
  "authorContributionVariance": {
    "belbel98": 76972.82
  },
  "authorDisplayNameMap": {
    "belbel98": "CS2103-T11 CHRIS ...  TENG"
  }
}
