{
  "authorDailyContributionsMap": {
    "belbel98": [
      {
        "insertions": 85,
        "deletions": 12,
        "date": "2019-08-18",
        "commitResults": [
          {
            "hash": "d4cdce51672f6f086cddcbc91c58bd920626c56f",
            "messageTitle": "Completed Level-1",
            "messageBody": "",
            "insertions": 54,
            "deletions": 8
          },
          {
            "hash": "e4c30d650f992499a59f158e84f2c5316098d55d",
            "messageTitle": "Completed Level-2",
            "messageBody": "",
            "insertions": 31,
            "deletions": 4
          }
        ]
      },
      {
        "insertions": 123,
        "deletions": 34,
        "date": "2019-08-19",
        "commitResults": [
          {
            "hash": "eb9bf3a625eed1ae0af809bbefc5c9e32dbe4657",
            "messageTitle": "Completed Level-3",
            "messageBody": "",
            "insertions": 43,
            "deletions": 10
          },
          {
            "hash": "63d48b1486b267b0606164e5ac0fe922233e9426",
            "messageTitle": "Completed Level-4",
            "messageBody": "",
            "insertions": 80,
            "deletions": 24
          }
        ]
      },
      {
        "insertions": 155,
        "deletions": 37,
        "date": "2019-08-20",
        "commitResults": [
          {
            "hash": "7efb1703aa94a170729538546200d190ecb7e6d6",
            "messageTitle": "Completed Level-5",
            "messageBody": "the task exceptions could be more precised :(\n",
            "insertions": 142,
            "deletions": 37
          },
          {
            "hash": "1700804f7173b1af48f29caa22dc21a4e691ec1a",
            "messageTitle": "Completed Level-6",
            "messageBody": "donzo for week2\n",
            "insertions": 13,
            "deletions": 0
          }
        ]
      },
      {
        "insertions": 52,
        "deletions": 52,
        "date": "2019-08-23",
        "commitResults": [
          {
            "hash": "57db60ea25dd638e10f2e8f1a4127dff8b2511f9",
            "messageTitle": "Updating Switch-case formatting",
            "messageBody": "",
            "insertions": 52,
            "deletions": 52
          }
        ]
      },
      {
        "insertions": 145,
        "deletions": 2,
        "date": "2019-08-27",
        "commitResults": [
          {
            "hash": "30b1d8b27eabc99b3f8faf2acb3117c27052eb91",
            "messageTitle": "Added Java Documentation",
            "messageBody": "",
            "insertions": 145,
            "deletions": 2
          }
        ]
      },
      {
        "insertions": 315,
        "deletions": 44,
        "date": "2019-08-28",
        "commitResults": [
          {
            "hash": "ef10b6b4c19a9e7b8013faf4f4994adb8de61b7e",
            "messageTitle": "Creating DukeData class to handle data file",
            "messageBody": "And also some minor adjustments to the variable names\n",
            "insertions": 207,
            "deletions": 14
          },
          {
            "hash": "9df3cb35973701df3670fa09950fe8ccf77cdbcf",
            "messageTitle": "Complete Level-7",
            "messageBody": "Might wanna edit to change the indexing of the data file to accomodate bigger indices\n",
            "insertions": 50,
            "deletions": 26
          },
          {
            "hash": "34625e7cf66c4c3753d83561ba8ce66d62e4961b",
            "messageTitle": "Incomplete Level-8",
            "messageBody": "IllegalArgumentException not yet debugged\n",
            "insertions": 58,
            "deletions": 4
          }
        ]
      },
      {
        "insertions": 183,
        "deletions": 150,
        "date": "2019-08-29",
        "commitResults": [
          {
            "hash": "0bafbc8af953a3bf576c46b7f37f784253ed612d",
            "messageTitle": "Completed Level-8",
            "messageBody": "",
            "insertions": 4,
            "deletions": 4
          },
          {
            "hash": "2b67c9c4ff9b62bce4dd2d9f95caf3f7d854aa85",
            "messageTitle": "Changing variable names",
            "messageBody": "",
            "insertions": 14,
            "deletions": 14
          },
          {
            "hash": "63ecdefe766826a9ecdb2d42db868ffa6aa1000e",
            "messageTitle": "Extracted code for Ui class",
            "messageBody": "Have yet to integrate the methods that need TaskList class to be added.\n",
            "insertions": 109,
            "deletions": 105
          },
          {
            "hash": "46cdc321bdf22e628127344c4a867aeded47d4db",
            "messageTitle": "Extracted code for TaskList class",
            "messageBody": "Have yet to integrate the new TaskList methods into the Duke class\n",
            "insertions": 56,
            "deletions": 27
          }
        ]
      },
      {
        "insertions": 649,
        "deletions": 556,
        "date": "2019-09-01",
        "commitResults": [
          {
            "hash": "ed5cc5eb093aac23a52d1ccc81b96b99c749f0ff",
            "messageTitle": "Complete A-MoreOOP",
            "messageBody": "",
            "insertions": 222,
            "deletions": 165
          },
          {
            "hash": "d4d8afbf463252474ffabeb47e0d63474f766066",
            "messageTitle": "Revert \"Complete A-MoreOOP\"",
            "messageBody": "This reverts commit ed5cc5eb093aac23a52d1ccc81b96b99c749f0ff.\n",
            "insertions": 165,
            "deletions": 222
          },
          {
            "hash": "b9fd574a66062b24d863099db9de341a477ce285",
            "messageTitle": "Revert \"Revert \"Complete A-MoreOOP\"\"",
            "messageBody": "This reverts commit d4d8afbf463252474ffabeb47e0d63474f766066.\n",
            "insertions": 222,
            "deletions": 165
          },
          {
            "hash": "386e946cd8e9ae626597d42d787d508fce29dc1d",
            "messageTitle": "Completed JUnit Testing",
            "messageBody": "Added tests for ToDo and DateTime classes\n",
            "insertions": 40,
            "deletions": 4
          }
        ]
      },
      {
        "insertions": 212,
        "deletions": 98,
        "date": "2019-09-02",
        "commitResults": [
          {
            "hash": "f9a6059f743b473e73b0919b129121e869d97c69",
            "messageTitle": "Completed A-JavaDoc",
            "messageBody": "",
            "insertions": 142,
            "deletions": 23
          },
          {
            "hash": "d9346e4afc0d699d21ff8f1c43a74eead214c44d",
            "messageTitle": "JavaDocs generated, plus minor adjustments",
            "messageBody": "",
            "insertions": 70,
            "deletions": 75
          }
        ]
      },
      {
        "insertions": 439,
        "deletions": 122,
        "date": "2019-09-03",
        "commitResults": [
          {
            "hash": "28a691b61de727292f3f40e29ed09359808634c2",
            "messageTitle": "Completed A-CodingStandard",
            "messageBody": "corrected unclear variable names, and packing files into subpackages\n",
            "insertions": 75,
            "deletions": 29
          },
          {
            "hash": "aaa945419276adca973bd10ff9d767ad5aed101d",
            "messageTitle": "Completed Level-9",
            "messageBody": "",
            "insertions": 33,
            "deletions": 5
          },
          {
            "hash": "c9b29958fe92c61ae5e5930d0fe6d0397881af2a",
            "messageTitle": "Comleted A-Gradle and A-CheckStyle",
            "messageBody": "",
            "insertions": 130,
            "deletions": 85
          },
          {
            "hash": "7239be74f42011b05c929f61134439cd2ce060d1",
            "messageTitle": "Built a working prototype for GUI",
            "messageBody": "Implemented up to gui/javafx tutorial 3\n",
            "insertions": 201,
            "deletions": 3
          }
        ]
      },
      {
        "insertions": 164,
        "deletions": 36,
        "date": "2019-09-10",
        "commitResults": [
          {
            "hash": "3fafb4d3d0a870fc47c68a3a2f9764a9cd8719a3",
            "messageTitle": "Level-10 in-progress",
            "messageBody": "GUI is not working yet\n",
            "insertions": 164,
            "deletions": 36
          }
        ]
      },
      {
        "insertions": 239,
        "deletions": 251,
        "date": "2019-09-15",
        "commitResults": [
          {
            "hash": "ca5fddf4e2824cfe3d0de1e903c78f4c2e9fd6f4",
            "messageTitle": "Revert \"Level-10 in-progress\"",
            "messageBody": "This reverts commit 3fafb4d3d0a870fc47c68a3a2f9764a9cd8719a3.\n",
            "insertions": 36,
            "deletions": 164
          },
          {
            "hash": "093a1f2d1d0d7ae9c8fd2cc2c48d4b71d61edd09",
            "messageTitle": "Implemented working GUI",
            "messageBody": "Duke program not yet executable in the GUI\n",
            "insertions": 176,
            "deletions": 53
          },
          {
            "hash": "ef00824e4afa572567dd609ef283577a6b2bb02d",
            "messageTitle": "Minor Adjustments to GUI",
            "messageBody": "",
            "insertions": 27,
            "deletions": 34
          }
        ]
      },
      {
        "insertions": 422,
        "deletions": 187,
        "date": "2019-09-16",
        "commitResults": [
          {
            "hash": "44084684e4c6472745200335af0cd594608d0547",
            "messageTitle": "Added Command classes",
            "messageBody": "Decoupled duke from parser. These allows for a better handling of the commands so it can be supported by the GUI.\n",
            "insertions": 422,
            "deletions": 187
          }
        ]
      },
      {
        "insertions": 315,
        "deletions": 260,
        "date": "2019-09-17",
        "commitResults": [
          {
            "hash": "e6bde7ba74a11c4f6f74fca6fd0197953dbc264e",
            "messageTitle": "Branch A-CodeQuality (#8)",
            "messageBody": "* Amendment of JavaDocs\r\n\r\n* Renamed variables to adhere to coding standard\r\n",
            "insertions": 197,
            "deletions": 249
          },
          {
            "hash": "a921f74194b5aed2ff7573a080c187465b1c6540",
            "messageTitle": "Add .txt files to .gitignore",
            "messageBody": "",
            "insertions": 3,
            "deletions": 3
          },
          {
            "hash": "f3cff3076488fa2c6c5e677c5a66b5c5350a0c08",
            "messageTitle": "Add Extension D-Quotes",
            "messageBody": "D-Quotes is an adaptation for D-Trivia extension in the available list of extension categories.\n",
            "insertions": 113,
            "deletions": 1
          },
          {
            "hash": "fa6515fb22558c4cf252ae7dc98f27f04a522883",
            "messageTitle": "Fix bugs for D-Quotes",
            "messageBody": "",
            "insertions": 2,
            "deletions": 7
          }
        ]
      },
      {
        "insertions": 139,
        "deletions": 9,
        "date": "2019-09-21",
        "commitResults": [
          {
            "hash": "30c86cdd26b403a7f49cdc06b69e6b5c9e94dcde",
            "messageTitle": "Complete A-UserGuide",
            "messageBody": "",
            "insertions": 139,
            "deletions": 9
          }
        ]
      }
    ]
  },
  "authorFinalContributionMap": {
    "belbel98": 1806
  },
  "authorFileTypeContributionMap": {
    "belbel98": {
      "java": 1571,
      "md": 138,
      "fxml": 46,
      "sh": 0,
      "bat": 17,
      "gradle": 32,
      "txt": 2
    }
  },
  "authorContributionVariance": {
    "belbel98": 64750.418
  },
  "authorDisplayNameMap": {
    "belbel98": "CS2103-T11-3 CHRIS ...  TENG"
  }
}
