{
  "authorDailyContributionsMap": {
    "CoderStellaJ": [
      {
        "insertions": 252,
        "deletions": 66,
        "date": "2019-08-17",
        "commitResults": [
          {
            "hash": "70651599b2a81b6468a5e79c1af3bd1e55145521",
            "messageTitle": "implement level 1",
            "messageBody": "",
            "insertions": 25,
            "deletions": 0
          },
          {
            "hash": "ceb6aa0bfeb14622addec5b73b34a0e00645bcf3",
            "messageTitle": "Level-2",
            "messageBody": "",
            "insertions": 43,
            "deletions": 14
          },
          {
            "hash": "819ba7ed67940726c9735bace87ba2c1df4977e6",
            "messageTitle": "Level-3",
            "messageBody": "",
            "insertions": 45,
            "deletions": 14
          },
          {
            "hash": "88e64b8d1966eba5edbeccd6c8fdc318ee635858",
            "messageTitle": "Level-4",
            "messageBody": "",
            "insertions": 77,
            "deletions": 12
          },
          {
            "hash": "4e1d058e8b7793b10f6ef7e061a2dd28d865f4a8",
            "messageTitle": "Level-5",
            "messageBody": "",
            "insertions": 62,
            "deletions": 26
          }
        ]
      },
      {
        "insertions": 118,
        "deletions": 33,
        "date": "2019-08-18",
        "commitResults": [
          {
            "hash": "758212389af6e35ec9b0f57704259a09f705f958",
            "messageTitle": "Level-6",
            "messageBody": "",
            "insertions": 29,
            "deletions": 15
          },
          {
            "hash": "403eb5bb75c96df19e4339ff6ceedb26b6b6d232",
            "messageTitle": "A-TextUiTesting",
            "messageBody": "",
            "insertions": 89,
            "deletions": 18
          }
        ]
      },
      {
        "insertions": 259,
        "deletions": 109,
        "date": "2019-08-24",
        "commitResults": [
          {
            "hash": "af73fade0c81c8009a333188087294ff6901edb0",
            "messageTitle": "save and refactor code",
            "messageBody": "",
            "insertions": 0,
            "deletions": 0
          },
          {
            "hash": "ba4a31ec3b310f480494314f03f617a921adae4e",
            "messageTitle": "save and refactor code",
            "messageBody": "",
            "insertions": 237,
            "deletions": 102
          },
          {
            "hash": "2c40d37eb7d9f11be0cd778882bfabb6a33df46c",
            "messageTitle": "Level-8",
            "messageBody": "",
            "insertions": 22,
            "deletions": 7
          }
        ]
      },
      {
        "insertions": 830,
        "deletions": 351,
        "date": "2019-08-25",
        "commitResults": [
          {
            "hash": "813a1696f3ba7757dd1602fa46d17f7e5b6dccef",
            "messageTitle": "A-MoreOOP: refactor code into OOP style",
            "messageBody": "",
            "insertions": 365,
            "deletions": 195
          },
          {
            "hash": "af789bcd84aa5ec2208512eb0111340720272184",
            "messageTitle": "A-Packages",
            "messageBody": "",
            "insertions": 132,
            "deletions": 98
          },
          {
            "hash": "9ae17bc98adb16a98aabc76a022b7e7726010078",
            "messageTitle": "A-JUnit",
            "messageBody": "",
            "insertions": 95,
            "deletions": 40
          },
          {
            "hash": "0b1881d7348531d451f6c0f1828bbe6bd0eb4ad4",
            "messageTitle": "A-Jar",
            "messageBody": "",
            "insertions": 5,
            "deletions": 2
          },
          {
            "hash": "10b761e3b60c63c1354cc32af81417c7c3bea657",
            "messageTitle": "add javadoc to the methods",
            "messageBody": "",
            "insertions": 162,
            "deletions": 10
          },
          {
            "hash": "5698d5a54a720007f623bdcbd05131f4d3892d55",
            "messageTitle": "A-CodingStandard",
            "messageBody": "",
            "insertions": 15,
            "deletions": 6
          },
          {
            "hash": "cc392490f9161c8c7d9cf8d3c111a1fa6c407101",
            "messageTitle": "Level-9",
            "messageBody": "",
            "insertions": 56,
            "deletions": 0
          }
        ]
      }
    ]
  },
  "authorFinalContributionMap": {
    "CoderStellaJ": 906
  },
  "authorFileTypeContributionMap": {
    "CoderStellaJ": {
      "java": 811,
      "md": 0,
      "fxml": 0,
      "sh": 0,
      "bat": 21,
      "gradle": 22,
      "txt": 52
    }
  },
  "authorContributionVariance": {
    "CoderStellaJ": 124687.766
  },
  "authorDisplayNameMap": {
    "CoderStellaJ": "JIN  .. YUAN"
  }
}
