{
  "authorDailyContributionsMap": {
    "Sam-limyr": [
      {
        "insertions": 50,
        "deletions": 11,
        "date": "2019-08-19",
        "commitResults": [
          {
            "hash": "ce76f3196db7be755806e323dc8b8e19403ae29c",
            "messageTitle": "Finished setting up gradle support.",
            "messageBody": "",
            "insertions": 2,
            "deletions": 1
          },
          {
            "hash": "b530183bd0769c63e17787c1c4ed54d68ee8da0e",
            "messageTitle": "Created skeleton of Duke that echoes commands.",
            "messageBody": "",
            "insertions": 13,
            "deletions": 6
          },
          {
            "hash": "b7818591453da564aee9b4f1c636a127f8a0a8ca",
            "messageTitle": "Added simple list storage and retrieval.",
            "messageBody": "",
            "insertions": 18,
            "deletions": 4
          },
          {
            "hash": "cf2655428f4b4597aee3e2e405cf4a4296291ce4",
            "messageTitle": "Created Task class to represent tasks.",
            "messageBody": "",
            "insertions": 17,
            "deletions": 0
          }
        ]
      },
      {
        "insertions": 112,
        "deletions": 37,
        "date": "2019-08-20",
        "commitResults": [
          {
            "hash": "594234a8c7a4cd031028b9f149aa96ee8e6665d1",
            "messageTitle": "Replaced checkmarks in Task items.",
            "messageBody": "",
            "insertions": 6,
            "deletions": 1
          },
          {
            "hash": "76d99edf5269e03abf0f6b4dc832d6da2f5800a4",
            "messageTitle": "Added completion status for individual tasks.",
            "messageBody": "",
            "insertions": 11,
            "deletions": 11
          },
          {
            "hash": "bf67e9aa41f87c4bbdb45d1610fdaea9084b8cf6",
            "messageTitle": "Created subclasses for the three new Task types.",
            "messageBody": "",
            "insertions": 38,
            "deletions": 0
          },
          {
            "hash": "3ee6f0253bb7d55b0737ed2c29551e669a99b72f",
            "messageTitle": "Edited toString() function of subclasses.",
            "messageBody": "",
            "insertions": 3,
            "deletions": 5
          },
          {
            "hash": "8e94d956bf97c91069a756956a78b73febcd96ee",
            "messageTitle": "Extended functionality of Tasks by adding subclasses.",
            "messageBody": "",
            "insertions": 26,
            "deletions": 7
          },
          {
            "hash": "e46a9c62e9323852412b724f4dd6984d42911b43",
            "messageTitle": "Reorganized code and marked out required exception points.",
            "messageBody": "",
            "insertions": 18,
            "deletions": 13
          },
          {
            "hash": "129e2dcfa6598399e9f264a383a0cf9823357909",
            "messageTitle": "Created two basic Exception classes.",
            "messageBody": "",
            "insertions": 10,
            "deletions": 0
          }
        ]
      },
      {
        "insertions": 142,
        "deletions": 72,
        "date": "2019-08-21",
        "commitResults": [
          {
            "hash": "601b932def0c6d3dffc8c1fae9761bfc2c788fa1",
            "messageTitle": "Modified existing basic Exceptions.",
            "messageBody": "",
            "insertions": 7,
            "deletions": 2
          },
          {
            "hash": "41c7873f2253b8f2fe641f65c4fb7f2087048f91",
            "messageTitle": "Implemented try-catch blocks for two basic exceptions.",
            "messageBody": "",
            "insertions": 51,
            "deletions": 39
          },
          {
            "hash": "dd62725ed31efa0632705e2dae19ff87dc6fa918",
            "messageTitle": "Added four new exception classes.",
            "messageBody": "",
            "insertions": 20,
            "deletions": 0
          },
          {
            "hash": "34b592df20cbc24c3311daabb82f3e3e80edb26f",
            "messageTitle": "Added one more exception class.",
            "messageBody": "",
            "insertions": 5,
            "deletions": 0
          },
          {
            "hash": "837cf97a28484d51487970ddb02cac8a6e82a262",
            "messageTitle": "Implemented try-catch blocks for the five other exceptions.",
            "messageBody": "",
            "insertions": 33,
            "deletions": 19
          },
          {
            "hash": "db251b8c6db6101442f87e92ef884a69082d9de8",
            "messageTitle": "Edited exception class names to better reflect usage.",
            "messageBody": "",
            "insertions": 10,
            "deletions": 10
          },
          {
            "hash": "dbe160d54950320f3823799972b81bdffb890759",
            "messageTitle": "Implemented \u0027delete\u0027 function with its exceptions.",
            "messageBody": "",
            "insertions": 16,
            "deletions": 2
          }
        ]
      }
    ]
  },
  "authorFinalContributionMap": {
    "Sam-limyr": 191
  },
  "authorFileTypeContributionMap": {
    "Sam-limyr": {
      "java": 189,
      "md": 0,
      "fxml": 0,
      "sh": 0,
      "bat": 0,
      "gradle": 2,
      "txt": 0
    }
  },
  "authorContributionVariance": {
    "Sam-limyr": 6959.2227
  },
  "authorDisplayNameMap": {
    "Sam-limyr": "LIM  .. MUEL"
  }
}
