{
  "authorDailyContributionsMap": {
    "Sam-limyr": [
      {
        "insertions": 50,
        "deletions": 11,
        "date": "2019-08-19",
        "commitResults": [
          {
            "hash": "ce76f3196db7be755806e323dc8b8e19403ae29c",
            "messageTitle": "Finished setting up gradle support.",
            "messageBody": "",
            "insertions": 2,
            "deletions": 1
          },
          {
            "hash": "b530183bd0769c63e17787c1c4ed54d68ee8da0e",
            "messageTitle": "Created skeleton of Duke that echoes commands.",
            "messageBody": "",
            "insertions": 13,
            "deletions": 6
          },
          {
            "hash": "b7818591453da564aee9b4f1c636a127f8a0a8ca",
            "messageTitle": "Added simple list storage and retrieval.",
            "messageBody": "",
            "insertions": 18,
            "deletions": 4
          },
          {
            "hash": "cf2655428f4b4597aee3e2e405cf4a4296291ce4",
            "messageTitle": "Created Task class to represent tasks.",
            "messageBody": "",
            "insertions": 17,
            "deletions": 0
          }
        ]
      },
      {
        "insertions": 112,
        "deletions": 37,
        "date": "2019-08-20",
        "commitResults": [
          {
            "hash": "594234a8c7a4cd031028b9f149aa96ee8e6665d1",
            "messageTitle": "Replaced checkmarks in Task items.",
            "messageBody": "",
            "insertions": 6,
            "deletions": 1
          },
          {
            "hash": "76d99edf5269e03abf0f6b4dc832d6da2f5800a4",
            "messageTitle": "Added completion status for individual tasks.",
            "messageBody": "",
            "insertions": 11,
            "deletions": 11
          },
          {
            "hash": "bf67e9aa41f87c4bbdb45d1610fdaea9084b8cf6",
            "messageTitle": "Created subclasses for the three new Task types.",
            "messageBody": "",
            "insertions": 38,
            "deletions": 0
          },
          {
            "hash": "3ee6f0253bb7d55b0737ed2c29551e669a99b72f",
            "messageTitle": "Edited toString() function of subclasses.",
            "messageBody": "",
            "insertions": 3,
            "deletions": 5
          },
          {
            "hash": "8e94d956bf97c91069a756956a78b73febcd96ee",
            "messageTitle": "Extended functionality of Tasks by adding subclasses.",
            "messageBody": "",
            "insertions": 26,
            "deletions": 7
          },
          {
            "hash": "e46a9c62e9323852412b724f4dd6984d42911b43",
            "messageTitle": "Reorganized code and marked out required exception points.",
            "messageBody": "",
            "insertions": 18,
            "deletions": 13
          },
          {
            "hash": "129e2dcfa6598399e9f264a383a0cf9823357909",
            "messageTitle": "Created two basic Exception classes.",
            "messageBody": "",
            "insertions": 10,
            "deletions": 0
          }
        ]
      },
      {
        "insertions": 142,
        "deletions": 72,
        "date": "2019-08-21",
        "commitResults": [
          {
            "hash": "601b932def0c6d3dffc8c1fae9761bfc2c788fa1",
            "messageTitle": "Modified existing basic Exceptions.",
            "messageBody": "",
            "insertions": 7,
            "deletions": 2
          },
          {
            "hash": "41c7873f2253b8f2fe641f65c4fb7f2087048f91",
            "messageTitle": "Implemented try-catch blocks for two basic exceptions.",
            "messageBody": "",
            "insertions": 51,
            "deletions": 39
          },
          {
            "hash": "dd62725ed31efa0632705e2dae19ff87dc6fa918",
            "messageTitle": "Added four new exception classes.",
            "messageBody": "",
            "insertions": 20,
            "deletions": 0
          },
          {
            "hash": "34b592df20cbc24c3311daabb82f3e3e80edb26f",
            "messageTitle": "Added one more exception class.",
            "messageBody": "",
            "insertions": 5,
            "deletions": 0
          },
          {
            "hash": "837cf97a28484d51487970ddb02cac8a6e82a262",
            "messageTitle": "Implemented try-catch blocks for the five other exceptions.",
            "messageBody": "",
            "insertions": 33,
            "deletions": 19
          },
          {
            "hash": "db251b8c6db6101442f87e92ef884a69082d9de8",
            "messageTitle": "Edited exception class names to better reflect usage.",
            "messageBody": "",
            "insertions": 10,
            "deletions": 10
          },
          {
            "hash": "dbe160d54950320f3823799972b81bdffb890759",
            "messageTitle": "Implemented \u0027delete\u0027 function with its exceptions.",
            "messageBody": "",
            "insertions": 16,
            "deletions": 2
          }
        ]
      },
      {
        "insertions": 130,
        "deletions": 28,
        "date": "2019-08-26",
        "commitResults": [
          {
            "hash": "18009cc3c266920e41865ab8f1450dcf3ac56ed3",
            "messageTitle": "Replace String representation of date/time with Calendar.",
            "messageBody": "",
            "insertions": 12,
            "deletions": 6
          },
          {
            "hash": "a9e3946d0661258f03cdbfc62feb7aae3d31c4cd",
            "messageTitle": "Add Calendar parser for time values.",
            "messageBody": "",
            "insertions": 41,
            "deletions": 12
          },
          {
            "hash": "7bebe91efaa2510e38a0aec97765af7b3db83d0c",
            "messageTitle": "Enable file reading of saved data.",
            "messageBody": "",
            "insertions": 40,
            "deletions": 0
          },
          {
            "hash": "939b5cd8bdc3a4f085d4bfb5a5f0441d65d8a8e4",
            "messageTitle": "Enable file writing upon program end.",
            "messageBody": "",
            "insertions": 37,
            "deletions": 10
          }
        ]
      },
      {
        "insertions": 311,
        "deletions": 212,
        "date": "2019-08-27",
        "commitResults": [
          {
            "hash": "2ce74c80568dc62dd93c40230b592b89946566b0",
            "messageTitle": "Abstract out Storage class from Duke.",
            "messageBody": "",
            "insertions": 75,
            "deletions": 56
          },
          {
            "hash": "20cd35fd8ff35016bd5a0c9425859a8f59bc1f15",
            "messageTitle": "Save state to storage after each action.",
            "messageBody": "",
            "insertions": 7,
            "deletions": 2
          },
          {
            "hash": "bff2cb37853d13337fbc64bd4ac5c183c9c8aacb",
            "messageTitle": "Abstract out TaskList class.",
            "messageBody": "",
            "insertions": 101,
            "deletions": 51
          },
          {
            "hash": "28117ca5fcd0c58eed81d8868243e2addd70afaa",
            "messageTitle": "Abstract out Ui class.",
            "messageBody": "",
            "insertions": 50,
            "deletions": 44
          },
          {
            "hash": "bce8fcda12e6ee44fce73211cd6ba6b9bfb7eeac",
            "messageTitle": "Use LocalDateTime instead of GregorianCalendar to store dates.",
            "messageBody": "",
            "insertions": 18,
            "deletions": 14
          },
          {
            "hash": "a126df511a36b74b8b681c9b8752cd4bc4ca0cc3",
            "messageTitle": "Abstract out run() method in Duke.",
            "messageBody": "",
            "insertions": 28,
            "deletions": 12
          },
          {
            "hash": "3b6d20d9e15300699babf06e1aa63cadb608d8e8",
            "messageTitle": "Abstract out Ui class.",
            "messageBody": "",
            "insertions": 32,
            "deletions": 33
          }
        ]
      },
      {
        "insertions": 205,
        "deletions": 87,
        "date": "2019-08-30",
        "commitResults": [
          {
            "hash": "6c678b0642ad0f41a7f73f6bc9fae35e4c110ffe",
            "messageTitle": "Abstract out Parser class.",
            "messageBody": "",
            "insertions": 100,
            "deletions": 53
          },
          {
            "hash": "f8726233dedc7151773164aa5c40627d89f81a42",
            "messageTitle": "Create JUnit tests for classes.",
            "messageBody": "",
            "insertions": 39,
            "deletions": 5
          },
          {
            "hash": "9cb080414a67ee073cfe10d926fb27f36015f6c7",
            "messageTitle": "Adjust coding style to fit standard.",
            "messageBody": "",
            "insertions": 37,
            "deletions": 29
          },
          {
            "hash": "b8a6a26652d3ae2622b8f09940b00b983dee98a8",
            "messageTitle": "Implement find() method for searching Tasks.",
            "messageBody": "",
            "insertions": 29,
            "deletions": 0
          }
        ]
      },
      {
        "insertions": 444,
        "deletions": 52,
        "date": "2019-08-31",
        "commitResults": [
          {
            "hash": "8d0ad1f8dc294cbec9be9696afcda78561fb0457",
            "messageTitle": "Add Javadoc comments to all classes.",
            "messageBody": "",
            "insertions": 444,
            "deletions": 52
          }
        ]
      },
      {
        "insertions": 24,
        "deletions": 0,
        "date": "2019-09-05",
        "commitResults": [
          {
            "hash": "d27b3209939835401c57f9f34e4405d72e1fbb94",
            "messageTitle": "Set up Gradle and checkstyle.",
            "messageBody": "",
            "insertions": 24,
            "deletions": 0
          }
        ]
      },
      {
        "insertions": 615,
        "deletions": 260,
        "date": "2019-09-09",
        "commitResults": [
          {
            "hash": "565f2ab134bfdfdc833d4ac9ab6739d3653dd05b",
            "messageTitle": "Set up basic HelloWorld GUI.",
            "messageBody": "",
            "insertions": 40,
            "deletions": 4
          },
          {
            "hash": "eb5976b947b22d5404d1cd102f56c0be262f2d55",
            "messageTitle": "Use AnchorPane to create a basic GUI.",
            "messageBody": "",
            "insertions": 63,
            "deletions": 5
          },
          {
            "hash": "3a08841da0241f542cd9da54cab2ad3c706efcaa",
            "messageTitle": "Abstract out Commands from Duke.",
            "messageBody": "",
            "insertions": 341,
            "deletions": 218
          },
          {
            "hash": "6c3232a86080983547c12565684c745091a8f388",
            "messageTitle": "Package files into respective packages.",
            "messageBody": "",
            "insertions": 171,
            "deletions": 33
          }
        ]
      },
      {
        "insertions": 316,
        "deletions": 183,
        "date": "2019-09-10",
        "commitResults": [
          {
            "hash": "f57d5498c556857e185e01e120958eb537469aa4",
            "messageTitle": "Re-package Duke out of package duke.main.",
            "messageBody": "",
            "insertions": 17,
            "deletions": 13
          },
          {
            "hash": "ccf711772518187c6318a5345d17ac22accc056e",
            "messageTitle": "Create fully-functional GUI using DialogBox.",
            "messageBody": "",
            "insertions": 125,
            "deletions": 17
          },
          {
            "hash": "be970cd5496c53d0637d38d5d508627cb68033d4",
            "messageTitle": "Create GUI using FXML.",
            "messageBody": "",
            "insertions": 174,
            "deletions": 153
          }
        ]
      },
      {
        "insertions": 382,
        "deletions": 72,
        "date": "2019-09-15",
        "commitResults": [
          {
            "hash": "5e0d11604aefa5e20cd03d900133193be42e4fa0",
            "messageTitle": "Streamline parse() method in Parser class.",
            "messageBody": "",
            "insertions": 17,
            "deletions": 23
          },
          {
            "hash": "80f449d1774357118273935bb86898cb6d958d71",
            "messageTitle": "Add assertions and modify welcome message.",
            "messageBody": "",
            "insertions": 32,
            "deletions": 34
          },
          {
            "hash": "d1f00ca36ccdbab745a1986df7302c497ec6910e",
            "messageTitle": "Implement three new commands to support Notes.",
            "messageBody": "",
            "insertions": 274,
            "deletions": 9
          },
          {
            "hash": "92a39166aa0b03da2d656c5db4cb22fe074a9548",
            "messageTitle": "Add ListNoteCommand to Note functionality.",
            "messageBody": "",
            "insertions": 59,
            "deletions": 6
          }
        ]
      },
      {
        "insertions": 205,
        "deletions": 21,
        "date": "2019-09-16",
        "commitResults": [
          {
            "hash": "d75ee48c5d20ea0c2f29add0753fbc060decffea",
            "messageTitle": "Create help page containing all user commands.",
            "messageBody": "",
            "insertions": 42,
            "deletions": 0
          },
          {
            "hash": "062a945b22e43ac4075f68333d028bb3839ea996",
            "messageTitle": "Edit code to adhere to Java checkstyle.",
            "messageBody": "",
            "insertions": 163,
            "deletions": 21
          }
        ]
      },
      {
        "insertions": 218,
        "deletions": 111,
        "date": "2019-09-21",
        "commitResults": [
          {
            "hash": "47c613836e18dff0707bc77b8ae3221c6670081f",
            "messageTitle": "Repackage Parser, Storage, TaskList, and Ui classes.",
            "messageBody": "",
            "insertions": 60,
            "deletions": 56
          },
          {
            "hash": "5b0959f52665e388a452f76e92125286a5c7fc9d",
            "messageTitle": "Use DateTimeFormatter to format LocalDateTime objects.",
            "messageBody": "",
            "insertions": 15,
            "deletions": 12
          },
          {
            "hash": "bc7352d1d488f6270abc44f3f6d7be39538ad10e",
            "messageTitle": "Change window size and text wrapping of GUI.",
            "messageBody": "",
            "insertions": 11,
            "deletions": 16
          },
          {
            "hash": "f7da9fb6dde512ec8ad783c6a8fd45108c0171c1",
            "messageTitle": "Update README to include all commands.",
            "messageBody": "",
            "insertions": 112,
            "deletions": 7
          },
          {
            "hash": "768eaa78732966bfc14599a917c5427636188787",
            "messageTitle": "Edit README to change format of DateTimeFormatter.",
            "messageBody": "",
            "insertions": 2,
            "deletions": 2
          },
          {
            "hash": "d1c08d2812f5b79afc42739c8c861706a8d7c254",
            "messageTitle": "Edit README to format parameters.",
            "messageBody": "",
            "insertions": 10,
            "deletions": 10
          },
          {
            "hash": "db1ab74a29e53be9a1ecde238536e66510565895",
            "messageTitle": "Add Ui.png as a screenshot of project.",
            "messageBody": "",
            "insertions": 8,
            "deletions": 8
          }
        ]
      },
      {
        "insertions": 122,
        "deletions": 62,
        "date": "2019-09-22",
        "commitResults": [
          {
            "hash": "38cb6ea717b1cfcf5955d77697b9ac62ad58b079",
            "messageTitle": "Add exception handling for instructions with no characters following.",
            "messageBody": "",
            "insertions": 96,
            "deletions": 50
          },
          {
            "hash": "8f4a534a391f336682821ba33e1e290944b4cf1c",
            "messageTitle": "Change note directory path.",
            "messageBody": "",
            "insertions": 6,
            "deletions": 2
          },
          {
            "hash": "0caea37ba86b78193757362537c0e169cddd1490",
            "messageTitle": "Alter exception handling for parseWriteNote().",
            "messageBody": "",
            "insertions": 4,
            "deletions": 4
          },
          {
            "hash": "af3986f72a941f8f8691c49614838e84b341cf0b",
            "messageTitle": "Apply javafx fix for Mac and Linux users.",
            "messageBody": "",
            "insertions": 16,
            "deletions": 6
          }
        ]
      },
      {
        "insertions": 17,
        "deletions": 4,
        "date": "2019-09-24",
        "commitResults": [
          {
            "hash": "60d7337bf8164218e2f60d893a18a9efed23d2ef",
            "messageTitle": "Edit note list function.",
            "messageBody": "",
            "insertions": 17,
            "deletions": 4
          }
        ]
      }
    ]
  },
  "authorFinalContributionMap": {
    "Sam-limyr": 2098
  },
  "authorFileTypeContributionMap": {
    "Sam-limyr": {
      "java": 1908,
      "md": 112,
      "fxml": 35,
      "sh": 0,
      "bat": 0,
      "gradle": 43,
      "txt": 0
    }
  },
  "authorContributionVariance": {
    "Sam-limyr": 40226.176
  },
  "authorDisplayNameMap": {
    "Sam-limyr": "CS2103T-W13-3 LIM Y ... AMUEL"
  }
}
