{
  "authorDailyContributionsMap": {
    "WilliamRyank": [
      {
        "insertions": 88,
        "deletions": 26,
        "date": "2019-08-19",
        "commitResults": [
          {
            "hash": "9b9f232c23048a3a7c1bb308902a73792416cb32",
            "messageTitle": "Level-1: Greet, Echo, Exit",
            "messageBody": "",
            "insertions": 15,
            "deletions": 6
          },
          {
            "hash": "253e700feed9c8e0472ef6f69d96ac3d2f75be94",
            "messageTitle": "Level-2: Add, List",
            "messageBody": "",
            "insertions": 32,
            "deletions": 8
          },
          {
            "hash": "0c480830bd5f5ff9b24b2e6081a80ca4970ce363",
            "messageTitle": "Level-3: Mark as Done",
            "messageBody": "",
            "insertions": 31,
            "deletions": 3
          },
          {
            "hash": "e1e3a3d32389ba33259ac8b1086913149a64cfe4",
            "messageTitle": "Level-3: Mark as Done",
            "messageBody": "",
            "insertions": 10,
            "deletions": 9
          }
        ]
      },
      {
        "insertions": 110,
        "deletions": 24,
        "date": "2019-08-21",
        "commitResults": [
          {
            "hash": "5ada9dee563ef8fba368dd565ee525d94ea32dc4",
            "messageTitle": "Level-4: ToDo, Event, Deadline",
            "messageBody": "",
            "insertions": 0,
            "deletions": 0
          },
          {
            "hash": "0a4bff6dfa7dfee866c11786d111bf767b282c76",
            "messageTitle": "Level-4: ToDo, Event, Deadline",
            "messageBody": "",
            "insertions": 69,
            "deletions": 11
          },
          {
            "hash": "62bc0deb4fcee05840dbfbc7157a3304a64faf30",
            "messageTitle": "runtest.bat",
            "messageBody": "",
            "insertions": 40,
            "deletions": 12
          },
          {
            "hash": "5738406821ed25881aa779050c5c9ca0c053b0be",
            "messageTitle": "A-TextUiTesting:Text UI Testing",
            "messageBody": "",
            "insertions": 1,
            "deletions": 1
          }
        ]
      },
      {
        "insertions": 137,
        "deletions": 31,
        "date": "2019-08-22",
        "commitResults": [
          {
            "hash": "83aff14cd6d13e07a81134cd12a66fd770e75b1b",
            "messageTitle": "Level-5: Handle Errors",
            "messageBody": "",
            "insertions": 118,
            "deletions": 31
          },
          {
            "hash": "006b17b9e5f15226b26bac6c413485139961102d",
            "messageTitle": "Level-6: Delete",
            "messageBody": "",
            "insertions": 19,
            "deletions": 0
          }
        ]
      }
    ]
  },
  "authorFinalContributionMap": {
    "WilliamRyank": 259
  },
  "authorFileTypeContributionMap": {
    "WilliamRyank": {
      "java": 230,
      "md": 0,
      "fxml": 0,
      "sh": 0,
      "bat": 22,
      "gradle": 0,
      "txt": 7
    }
  },
  "authorContributionVariance": {
    "WilliamRyank": 4921.9595
  },
  "authorDisplayNameMap": {
    "WilliamRyank": "WILL .. NADI"
  }
}
