{
  "authorDailyContributionsMap": {
    "TeoShyanJie": [
      {
        "insertions": 35,
        "deletions": 2,
        "date": "2019-08-20",
        "commitResults": [
          {
            "hash": "8fa96c9cbc8d0c6de7f5c2a4048bdbe4e026c72f",
            "messageTitle": "Implement Level 1 Greet, Echo, Exit",
            "messageBody": "",
            "insertions": 35,
            "deletions": 2
          }
        ]
      },
      {
        "insertions": 400,
        "deletions": 127,
        "date": "2019-08-21",
        "commitResults": [
          {
            "hash": "fb0ca85856b1a6dd40026ce125538479b89fd4fd",
            "messageTitle": "Implement Level 1 - Greet, Echo, Exit",
            "messageBody": "",
            "insertions": 16,
            "deletions": 14
          },
          {
            "hash": "108333569b8db0ec5b0a96b4dc3b4958dfbd2faa",
            "messageTitle": "Implement Level 1 - Greet, Echo, Delete",
            "messageBody": "",
            "insertions": 1,
            "deletions": 1
          },
          {
            "hash": "0492263dab8f96d6f97f0f9f109e5824c1ea0fd4",
            "messageTitle": "Implement Level 2 - Add, List",
            "messageBody": "",
            "insertions": 23,
            "deletions": 9
          },
          {
            "hash": "20f2e95d8876dcabed8daa3d2970cea780a744ea",
            "messageTitle": "Implement list of task and done task",
            "messageBody": "",
            "insertions": 56,
            "deletions": 17
          },
          {
            "hash": "5656dd699e2c9ac71fa13c3af0c5fbe635dbc96d",
            "messageTitle": "Implement Task Class, functions to list task and mark task as done",
            "messageBody": "",
            "insertions": 6,
            "deletions": 2
          },
          {
            "hash": "3c1a1e51254819e16c76a64be832d98aa80a7d8f",
            "messageTitle": "Implement todo, deadline and events functions",
            "messageBody": "",
            "insertions": 138,
            "deletions": 30
          },
          {
            "hash": "2f49ed5d64c89c4ea70b9662f911468de7649b39",
            "messageTitle": "Implement try and catch for exceptions",
            "messageBody": "",
            "insertions": 82,
            "deletions": 35
          },
          {
            "hash": "8de2f7780b9cd41494cdf59429527c01462dfb2e",
            "messageTitle": "Implement Error Handlers",
            "messageBody": "",
            "insertions": 21,
            "deletions": 3
          },
          {
            "hash": "346c13b0382566247a54c015b26140548f8560d6",
            "messageTitle": "Implement Error Handlers",
            "messageBody": "",
            "insertions": 16,
            "deletions": 13
          },
          {
            "hash": "c5447c4c15f28293f07b7c131b14919cf29a4644",
            "messageTitle": "Implement delete task function",
            "messageBody": "",
            "insertions": 39,
            "deletions": 1
          },
          {
            "hash": "752a7c572c83d87d2f9ce3c6de128b3e12ff6dda",
            "messageTitle": "Implement delete function",
            "messageBody": "",
            "insertions": 2,
            "deletions": 2
          }
        ]
      },
      {
        "insertions": 967,
        "deletions": 388,
        "date": "2019-08-28",
        "commitResults": [
          {
            "hash": "6d81c39da8f449824114e5cf39b961198ca8fd18",
            "messageTitle": "Implement save and delete functions to text file",
            "messageBody": "",
            "insertions": 309,
            "deletions": 8
          },
          {
            "hash": "1c4f6266b6906c7956f9031d63e23ac0efcefdbf",
            "messageTitle": "Implement date and time functions",
            "messageBody": "",
            "insertions": 29,
            "deletions": 2
          },
          {
            "hash": "b782fa918c523e4df77adb257aa7cb5c61465858",
            "messageTitle": "Implement A-MoreOOP program",
            "messageBody": "",
            "insertions": 595,
            "deletions": 343
          },
          {
            "hash": "6a3ea5798f2bdd9780df20c79fffebb6a04d405f",
            "messageTitle": "Implement a more Object Oriental Programs",
            "messageBody": "",
            "insertions": 34,
            "deletions": 35
          }
        ]
      },
      {
        "insertions": 1838,
        "deletions": 1478,
        "date": "2019-08-29",
        "commitResults": [
          {
            "hash": "3f6d02d085f7c27e643827f593c3a97fe197ee1f",
            "messageTitle": "Implement delete functions for programs",
            "messageBody": "",
            "insertions": 242,
            "deletions": 96
          },
          {
            "hash": "d86355630147d4c606eccdf0faa77c24b038f182",
            "messageTitle": "Implement delete functions",
            "messageBody": "",
            "insertions": 4,
            "deletions": 729
          },
          {
            "hash": "b9957a7629bf8b739cf25d4626e7b28f944257f9",
            "messageTitle": "Implement save and update functions to a text file",
            "messageBody": "",
            "insertions": 311,
            "deletions": 10
          },
          {
            "hash": "143ad8edbf6b081833fdd0893a08d3f8f4b98fa8",
            "messageTitle": "Implement Date and Time Functions",
            "messageBody": "",
            "insertions": 49,
            "deletions": 17
          },
          {
            "hash": "c878fd008c7bd263f3a8505eac108788bfaaf483",
            "messageTitle": "Implement date and time functions for level 8",
            "messageBody": "",
            "insertions": 10,
            "deletions": 8
          },
          {
            "hash": "aa602fba9502e1d1590d6bbe4adcc69155e8de5b",
            "messageTitle": "Implement date and time functions",
            "messageBody": "",
            "insertions": 8,
            "deletions": 0
          },
          {
            "hash": "5c232187bcfb6b2f6bab4dc8f88196e3527ddc92",
            "messageTitle": "Delete extra bye method",
            "messageBody": "",
            "insertions": 0,
            "deletions": 10
          },
          {
            "hash": "7573a79e0d8c8463a97849b0775f3afcc27b9afa",
            "messageTitle": "Delete extra bye() method",
            "messageBody": "",
            "insertions": 8,
            "deletions": 8
          },
          {
            "hash": "7eb09981d99517a4e66ac58a9cbdbb26d6e855bc",
            "messageTitle": "delete startdatabase method",
            "messageBody": "",
            "insertions": 3,
            "deletions": 10
          },
          {
            "hash": "aca8e7ae42e1cb8559a0edce2c96d8b370aeb573",
            "messageTitle": "Implement Level-8",
            "messageBody": "",
            "insertions": 1,
            "deletions": 5
          },
          {
            "hash": "080f71ea3a01974469a7869da971b249a752dea7",
            "messageTitle": "Implement a more Object Oriented Program",
            "messageBody": "",
            "insertions": 598,
            "deletions": 345
          },
          {
            "hash": "cbab0ad25ad5dc0fd82e4fa0782f739252f8c5e4",
            "messageTitle": "Implement java file into multiple packages",
            "messageBody": "",
            "insertions": 106,
            "deletions": 1
          },
          {
            "hash": "2c99c6c5af656697bbaf82fd8e8bd11267d7a4c8",
            "messageTitle": "Implement packages",
            "messageBody": "",
            "insertions": 13,
            "deletions": 1
          },
          {
            "hash": "e68aa0ff8babad4ed07ac78b852baa0b9b234cf3",
            "messageTitle": "Use gradle and JUnit to create test case for Duke Program",
            "messageBody": "",
            "insertions": 26,
            "deletions": 13
          },
          {
            "hash": "0fb187b854e9fb59be038bc9e7b847afd00d50c7",
            "messageTitle": "Creating jar file",
            "messageBody": "",
            "insertions": 50,
            "deletions": 49
          },
          {
            "hash": "66fb595feebf94f5b1d9a7881b6ae091e7222e89",
            "messageTitle": "Revert \"Creating jar file\"",
            "messageBody": "This reverts commit 0fb187b854e9fb59be038bc9e7b847afd00d50c7.\n",
            "insertions": 49,
            "deletions": 50
          },
          {
            "hash": "304de100227fc732f6b82cd1511fc261a2673a30",
            "messageTitle": "Implement A-Jar",
            "messageBody": "",
            "insertions": 48,
            "deletions": 48
          },
          {
            "hash": "41b5f2b7f96572f7b62e40bc63350aa17340cc55",
            "messageTitle": "Add JavaDoc comments",
            "messageBody": "",
            "insertions": 133,
            "deletions": 5
          },
          {
            "hash": "834a78144866674ca8387967e6e7d7a551fb9bbe",
            "messageTitle": "Tweak the code to comply with a coding standard",
            "messageBody": "",
            "insertions": 88,
            "deletions": 59
          },
          {
            "hash": "42314ffd75484b8c6d626b27234c1a06d265bb04",
            "messageTitle": "Adapt to Coding Standard",
            "messageBody": "",
            "insertions": 2,
            "deletions": 2
          },
          {
            "hash": "639946e6decddd7d3c26c1ab339587ed89d39607",
            "messageTitle": "Implement find functions",
            "messageBody": "",
            "insertions": 34,
            "deletions": 0
          },
          {
            "hash": "427a30a16b96793c0c14a0edb12eb7abdb1fe03b",
            "messageTitle": "Edit javadoc mistake",
            "messageBody": "",
            "insertions": 25,
            "deletions": 1
          },
          {
            "hash": "c427f8ba0b53a17ac5d5be66cb9b7bb876581a3a",
            "messageTitle": "Edited javadoc error",
            "messageBody": "",
            "insertions": 0,
            "deletions": 5
          },
          {
            "hash": "bbd0639d4230f464f7b34f2891af769e6b239138",
            "messageTitle": "Edit coding standard mistake",
            "messageBody": "",
            "insertions": 1,
            "deletions": 1
          },
          {
            "hash": "003ceaa1102bf945c41c33c3a2286fd66cf49c4e",
            "messageTitle": "Edit deadline task javadoc error",
            "messageBody": "",
            "insertions": 1,
            "deletions": 1
          },
          {
            "hash": "39dbda1bdf09b8b6fe30b2b1a780a42f5139cc58",
            "messageTitle": "Change variable to private access",
            "messageBody": "",
            "insertions": 3,
            "deletions": 3
          },
          {
            "hash": "2fe037b35dc75be5c00bbcb7f1a34261e60183e1",
            "messageTitle": "Edit variable to private access",
            "messageBody": "",
            "insertions": 1,
            "deletions": 1
          },
          {
            "hash": "0c50c3731840e6bf866a625fa8cab0b539d9ba17",
            "messageTitle": "Adding FindCommand JavaDoc and Coding Standard",
            "messageBody": "",
            "insertions": 24,
            "deletions": 0
          }
        ]
      }
    ]
  },
  "authorFinalContributionMap": {
    "TeoShyanJie": 1262
  },
  "authorFileTypeContributionMap": {
    "TeoShyanJie": {
      "java": 1261,
      "md": 0,
      "fxml": 0,
      "sh": 0,
      "bat": 0,
      "gradle": 1,
      "txt": 0
    }
  },
  "authorContributionVariance": {
    "TeoShyanJie": 796676.0
  },
  "authorDisplayNameMap": {
    "TeoShyanJie": "CS2103T-F14 TEO S ... N JIE"
  }
}
