{
  "authorDailyContributionsMap": {
    "SakshiPradyumn": [
      {
        "insertions": 278,
        "deletions": 59,
        "date": "2019-08-22",
        "commitResults": [
          {
            "hash": "4829fbf79695e71f9194b1e370d543e286e6dae8",
            "messageTitle": "Modified Duke.java to echo what user enters",
            "messageBody": "",
            "insertions": 13,
            "deletions": 2
          },
          {
            "hash": "efef68f960b2b8dd03e2e499e10b628fc7020ed0",
            "messageTitle": "Some changes to Level 1",
            "messageBody": "",
            "insertions": 8,
            "deletions": 2
          },
          {
            "hash": "b3de72d9528f80e9a99416c2703505da88506a16",
            "messageTitle": "Level-1 Final",
            "messageBody": "",
            "insertions": 8,
            "deletions": 2
          },
          {
            "hash": "ff5609db54219e4ae43cf8ea4482fefea23022bc",
            "messageTitle": "Level-2 Final",
            "messageBody": "",
            "insertions": 19,
            "deletions": 5
          },
          {
            "hash": "d17941604c6e171a3e33a2be70dec5c1e80d3ff6",
            "messageTitle": "Level-3 Final",
            "messageBody": "",
            "insertions": 88,
            "deletions": 33
          },
          {
            "hash": "a68a2c660e00636d4ab240a3a4a6af330f5c21db",
            "messageTitle": "Level-4 Final",
            "messageBody": "",
            "insertions": 75,
            "deletions": 10
          },
          {
            "hash": "6ca51785baad6f5d02f608ffff3b0141858a65b0",
            "messageTitle": "Level-5 Final",
            "messageBody": "",
            "insertions": 44,
            "deletions": 4
          },
          {
            "hash": "26bf91da238417291b771a7e9a981d149d1ad59d",
            "messageTitle": "Level-6 Final",
            "messageBody": "",
            "insertions": 23,
            "deletions": 1
          }
        ]
      },
      {
        "insertions": 222,
        "deletions": 65,
        "date": "2019-08-28",
        "commitResults": [
          {
            "hash": "dce7a4a75a1e744a70b62f0e97814dc742445c8d",
            "messageTitle": "Level-7 Final",
            "messageBody": "",
            "insertions": 186,
            "deletions": 46
          },
          {
            "hash": "f799fdedee218bd0231679c9183bc6b5e5fb0c9c",
            "messageTitle": "Level-8 Final",
            "messageBody": "",
            "insertions": 36,
            "deletions": 19
          }
        ]
      },
      {
        "insertions": 846,
        "deletions": 164,
        "date": "2019-08-29",
        "commitResults": [
          {
            "hash": "daaa1d44f4ee7615a4333fa9bbe7c5f19b3ef102",
            "messageTitle": "OOP Modifications",
            "messageBody": "",
            "insertions": 377,
            "deletions": 108
          },
          {
            "hash": "0fc7ad75764457a7f7ef22add4fc5762cf9912a8",
            "messageTitle": "Done Testing of Task and TaskList classes and their methods",
            "messageBody": "",
            "insertions": 136,
            "deletions": 2
          },
          {
            "hash": "ebcb0d57c5e3233e10e546e5865d1609aff6adb8",
            "messageTitle": "JavaDoc Modifications.",
            "messageBody": "",
            "insertions": 238,
            "deletions": 13
          },
          {
            "hash": "891c00542ec411f11ff4277d11ca507e0da3e83d",
            "messageTitle": "Slight changes for Coding Standard, as I was following them beforehand.",
            "messageBody": "",
            "insertions": 19,
            "deletions": 36
          },
          {
            "hash": "dd9dddd0efe77c922300d3aeff39482f3f9ce067",
            "messageTitle": "Level-9 Final. Find added to find tasks using keywords.",
            "messageBody": "",
            "insertions": 76,
            "deletions": 5
          }
        ]
      }
    ]
  },
  "authorFinalContributionMap": {
    "SakshiPradyumn": 1155
  },
  "authorFileTypeContributionMap": {
    "SakshiPradyumn": {
      "java": 1155,
      "md": 0,
      "fxml": 0,
      "sh": 0,
      "bat": 0,
      "gradle": 0,
      "txt": 0
    }
  },
  "authorContributionVariance": {
    "SakshiPradyumn": 73237.63
  },
  "authorDisplayNameMap": {
    "SakshiPradyumn": "SAKSH ... DYUMN"
  }
}
