[
  {
    "path": "src/main/java/Task.java",
    "fileType": "java",
    "lines": [
      {
        "lineNumber": 1,
        "author": {
          "gitId": "LeonardTay748"
        },
        "content": "package PACKAGE_NAME;"
      },
      {
        "lineNumber": 2,
        "author": {
          "gitId": "LeonardTay748"
        },
        "content": ""
      },
      {
        "lineNumber": 3,
        "author": {
          "gitId": "LeonardTay748"
        },
        "content": "public class Task {"
      },
      {
        "lineNumber": 4,
        "author": {
          "gitId": "LeonardTay748"
        },
        "content": "}"
      }
    ],
    "authorContributionMap": {
      "LeonardTay748": 4
    }
  }
]
