{
  "authorDailyContributionsMap": {
    "Joshua Seet": [
      {
        "insertions": 25,
        "deletions": 1,
        "date": "2019-08-20",
        "commitResults": [
          {
            "hash": "02af0a7b32323a358ac296d4ad1075fb6ada77a5",
            "messageTitle": "Level 1: Duke class is will prompt for entry from user until he enters \"bye\". Upon entering \"bye\", the program will end.",
            "messageBody": "",
            "insertions": 25,
            "deletions": 1
          }
        ]
      },
      {
        "insertions": 251,
        "deletions": 60,
        "date": "2019-08-21",
        "commitResults": [
          {
            "hash": "4c4adfd63e495f5c11124ea588bc2bba88766836",
            "messageTitle": "Level 2: Add items to a list. Upon entering the key word \"list\", the program will print out the list of items added in the list in numerical order.",
            "messageBody": "",
            "insertions": 42,
            "deletions": 3
          },
          {
            "hash": "bcf19a4cd8ed41f065d46565ddf9ac7437081012",
            "messageTitle": "Level 3- you can mark items on your list as done",
            "messageBody": "",
            "insertions": 45,
            "deletions": 7
          },
          {
            "hash": "126c2cc7c24c8a6d4997077c0ea7c0038bb925ba",
            "messageTitle": "Level 4. ToDos, Events, Deadlines",
            "messageBody": "",
            "insertions": 85,
            "deletions": 10
          },
          {
            "hash": "0865f68f894ecdaabd140ac8bb58729badfae43f",
            "messageTitle": "Level 5: Handling errors by throwing a DukeException to invalid inputs.",
            "messageBody": "",
            "insertions": 62,
            "deletions": 40
          },
          {
            "hash": "9899a5f5f111d9d0bf12eb294a86a873d0c65227",
            "messageTitle": "Level 6- command \"delete\" followed by the task number can now delete tasks off the tasks list.",
            "messageBody": "",
            "insertions": 17,
            "deletions": 0
          }
        ]
      }
    ],
    "Jeffry Lum": [
      {
        "insertions": 2,
        "deletions": 2,
        "date": "2019-08-16",
        "commitResults": [
          {
            "hash": "5df56a8908679dfc9efc6fcca655b1f9de85d51e",
            "messageTitle": "Remove references to DukeStub",
            "messageBody": "",
            "insertions": 2,
            "deletions": 2
          }
        ]
      }
    ]
  },
  "authorFinalContributionMap": {
    "Joshua Seet": 215,
    "Jeffry Lum": 3
  },
  "authorFileTypeContributionMap": {
    "Joshua Seet": {
      "java": 215,
      "md": 0,
      "fxml": 0,
      "sh": 0,
      "bat": 0,
      "gradle": 0,
      "txt": 0
    },
    "Jeffry Lum": {
      "java": 1,
      "md": 2,
      "fxml": 0,
      "sh": 0,
      "bat": 0,
      "gradle": 0,
      "txt": 0
    }
  },
  "authorContributionVariance": {
    "Joshua Seet": 13078.138,
    "Jeffry Lum": 2.2222223
  },
  "authorDisplayNameMap": {
    "Joshua Seet": "Joshua Seet",
    "Jeffry Lum": "Jeffry Lum"
  }
}
