{
  "authorDailyContributionsMap": {
    "joshuaseetss": [
      {
        "insertions": 25,
        "deletions": 1,
        "date": "2019-08-20",
        "commitResults": [
          {
            "hash": "02af0a7b32323a358ac296d4ad1075fb6ada77a5",
            "messageTitle": "Level 1: Duke class is will prompt for entry from user until he enters \"bye\". Upon entering \"bye\", the program will end.",
            "messageBody": "",
            "insertions": 25,
            "deletions": 1
          }
        ]
      },
      {
        "insertions": 251,
        "deletions": 60,
        "date": "2019-08-21",
        "commitResults": [
          {
            "hash": "4c4adfd63e495f5c11124ea588bc2bba88766836",
            "messageTitle": "Level 2: Add items to a list. Upon entering the key word \"list\", the program will print out the list of items added in the list in numerical order.",
            "messageBody": "",
            "insertions": 42,
            "deletions": 3
          },
          {
            "hash": "bcf19a4cd8ed41f065d46565ddf9ac7437081012",
            "messageTitle": "Level 3- you can mark items on your list as done",
            "messageBody": "",
            "insertions": 45,
            "deletions": 7
          },
          {
            "hash": "126c2cc7c24c8a6d4997077c0ea7c0038bb925ba",
            "messageTitle": "Level 4. ToDos, Events, Deadlines",
            "messageBody": "",
            "insertions": 85,
            "deletions": 10
          },
          {
            "hash": "0865f68f894ecdaabd140ac8bb58729badfae43f",
            "messageTitle": "Level 5: Handling errors by throwing a DukeException to invalid inputs.",
            "messageBody": "",
            "insertions": 62,
            "deletions": 40
          },
          {
            "hash": "9899a5f5f111d9d0bf12eb294a86a873d0c65227",
            "messageTitle": "Level 6- command \"delete\" followed by the task number can now delete tasks off the tasks list.",
            "messageBody": "",
            "insertions": 17,
            "deletions": 0
          }
        ]
      },
      {
        "insertions": 63,
        "deletions": 42,
        "date": "2019-08-22",
        "commitResults": [
          {
            "hash": "ab824e8db47882a45ab83dc78752a88843a3f8a1",
            "messageTitle": "Level 5: Handling Errors. Duke Exception errors will be thrown when incorrect input is entered into the program",
            "messageBody": "",
            "insertions": 15,
            "deletions": 20
          },
          {
            "hash": "bea8009beaf0e3221a64e1477e20252f4788080f",
            "messageTitle": "Level 6- User now can delete tasks off the tasks list, using the \"delete\" keyword.",
            "messageBody": "",
            "insertions": 18,
            "deletions": 0
          },
          {
            "hash": "806d8c138190163fc07e10a950822caf7a62676e",
            "messageTitle": "Level 5- Handling errors by throwing a Duke Exception whenever an invalid input is entered into the program",
            "messageBody": "",
            "insertions": 13,
            "deletions": 21
          },
          {
            "hash": "90457d6c22f8d1c931fc748a0a3b2f3ddddea9ac",
            "messageTitle": "Level 6- Users can delete tasks off the list by using the keyword \"delete\" followed by the task number.",
            "messageBody": "",
            "insertions": 17,
            "deletions": 1
          }
        ]
      },
      {
        "insertions": 477,
        "deletions": 175,
        "date": "2019-08-27",
        "commitResults": [
          {
            "hash": "77701c7014065812272599051d37773d7d724242",
            "messageTitle": "A-MoreOOP - changed the design of the code. Added more object oriented features to the code. Functionality is not affected.",
            "messageBody": "",
            "insertions": 187,
            "deletions": 138
          },
          {
            "hash": "0e9ebd91dd92abe2502bbcb65470e6d34b231fcc",
            "messageTitle": "Level 7 (Save) - Now the list is saved into a .txt file and would be loaded into the program as the current list. Also changed the task class to an abstract class.",
            "messageBody": "",
            "insertions": 211,
            "deletions": 23
          },
          {
            "hash": "838294e6b35023b430457a25e1138be2df12296d",
            "messageTitle": "Level 7- removed a line",
            "messageBody": "",
            "insertions": 1,
            "deletions": 0
          },
          {
            "hash": "857e4451469b12a32e798c94f3e20f085ce47322",
            "messageTitle": "Level 8- Date and time strings are recognised for event and deadline objects.",
            "messageBody": "",
            "insertions": 10,
            "deletions": 10
          },
          {
            "hash": "d29c2142318374c5506e568682648b9ae84359ea",
            "messageTitle": "Level 8- Removed some bugs.",
            "messageBody": "",
            "insertions": 1,
            "deletions": 0
          },
          {
            "hash": "ab2f3a4d5ff8151cc461f390b9eaac02287e4328",
            "messageTitle": "Level 8 - Program now can parse date and time, if in the correct form.",
            "messageBody": "",
            "insertions": 39,
            "deletions": 3
          },
          {
            "hash": "1c8bd551c45eb747ec494b8bb889a7882737c9ca",
            "messageTitle": "Level 9- Users can find a task by using command \"find\" followed by what they are trying to find in their list.",
            "messageBody": "",
            "insertions": 28,
            "deletions": 1
          }
        ]
      },
      {
        "insertions": 508,
        "deletions": 182,
        "date": "2019-08-28",
        "commitResults": [
          {
            "hash": "3b30bd23988a00163a153eb4904250a4687bcc38",
            "messageTitle": "A-JavaDoc - Added comments using java docs to all classes and methods.",
            "messageBody": "",
            "insertions": 362,
            "deletions": 154
          },
          {
            "hash": "b7898ee8d88ca472101a0ad0c32f662832d2a229",
            "messageTitle": "A-JavaDoc - added a comment on a method I missed out on.",
            "messageBody": "",
            "insertions": 6,
            "deletions": 0
          },
          {
            "hash": "8f4f802950a268170cf46f833405fcebe508b735",
            "messageTitle": "A-JavaDoc - Added a comment on a method I missed out on",
            "messageBody": "",
            "insertions": 6,
            "deletions": 0
          },
          {
            "hash": "6f928181941b45ec5a7db7e2bf573da7cc679ff0",
            "messageTitle": "A-CodingStandard - Tweaked the code to comply with a coding standard such as indentation and whitespaces.",
            "messageBody": "",
            "insertions": 24,
            "deletions": 28
          },
          {
            "hash": "4ad5d339342d0877cd260d1775db6c137441a32c",
            "messageTitle": "A-JUnit - Added JUnit tests to test the behavior of the code. Added to all public methods for Todo, Event and Deadline classes.",
            "messageBody": "",
            "insertions": 110,
            "deletions": 0
          }
        ]
      },
      {
        "insertions": 18,
        "deletions": 2,
        "date": "2019-09-03",
        "commitResults": [
          {
            "hash": "c4d466b0ac5583c7c3899bf89fcbc893d42f4fb9",
            "messageTitle": "A-Gradle",
            "messageBody": "",
            "insertions": 15,
            "deletions": 2
          },
          {
            "hash": "027250147ed2038c204ad76159dc8f78a8fa1d76",
            "messageTitle": "Debugging",
            "messageBody": "",
            "insertions": 3,
            "deletions": 0
          }
        ]
      },
      {
        "insertions": 79,
        "deletions": 4,
        "date": "2019-09-04",
        "commitResults": [
          {
            "hash": "36a290f169d215765093207265e3051eccda752a",
            "messageTitle": "A-Gradle",
            "messageBody": "",
            "insertions": 4,
            "deletions": 0
          },
          {
            "hash": "49c83456d437867b83f5584af65001d896d15dfe",
            "messageTitle": "Level-10",
            "messageBody": "",
            "insertions": 75,
            "deletions": 4
          }
        ]
      }
    ]
  },
  "authorFinalContributionMap": {
    "joshuaseetss": 964
  },
  "authorFileTypeContributionMap": {
    "joshuaseetss": {
      "java": 940,
      "md": 0,
      "fxml": 0,
      "sh": 0,
      "bat": 0,
      "gradle": 24,
      "txt": 0
    }
  },
  "authorContributionVariance": {
    "joshuaseetss": 41943.836
  },
  "authorDisplayNameMap": {
    "joshuaseetss": "CS2103T-W12-1 JOSHU ...  SUEN"
  }
}
