{
  "authorDailyContributionsMap": {
    "jun-ha0": [
      {
        "insertions": 191,
        "deletions": 21,
        "date": "2019-08-20",
        "commitResults": [
          {
            "hash": "70cbf8cbf751a64671863443e664a23ed3f4ad2c",
            "messageTitle": "Update gradle files",
            "messageBody": "",
            "insertions": 28,
            "deletions": 1
          },
          {
            "hash": "b8681fbe31e0cfa1d11fb21d97c58605a5f9da3c",
            "messageTitle": "Implement Level 1. Greet, Echo, Exit",
            "messageBody": "",
            "insertions": 64,
            "deletions": 7
          },
          {
            "hash": "8a3d9940b7bfed253238e515843d12b5ab52232c",
            "messageTitle": "Implement Level 2. Add, List",
            "messageBody": "",
            "insertions": 70,
            "deletions": 9
          },
          {
            "hash": "5153d87fe094547e1154fc2b39b09be4b839c9e5",
            "messageTitle": "Implement Level 3. Mark as Done",
            "messageBody": "",
            "insertions": 29,
            "deletions": 4
          }
        ]
      },
      {
        "insertions": 224,
        "deletions": 56,
        "date": "2019-08-21",
        "commitResults": [
          {
            "hash": "812db1be7a2dd260e65f00fa47309bc0ffffafc4",
            "messageTitle": "Implement Level 4. ToDos, Events, Deadlines",
            "messageBody": "",
            "insertions": 84,
            "deletions": 9
          },
          {
            "hash": "0a207273bc9aeb7fda9edc514f4a98a93e566b95",
            "messageTitle": "Add Text UI Testing",
            "messageBody": "",
            "insertions": 29,
            "deletions": 0
          },
          {
            "hash": "37f05e2494961f2529227ced6e2861044717605b",
            "messageTitle": "Implement Level 5. Handle Errors",
            "messageBody": "",
            "insertions": 91,
            "deletions": 44
          },
          {
            "hash": "cbafbeb6492dfdad3fceeede778a336a1e46a7ac",
            "messageTitle": "Implement Level 6. Delete",
            "messageBody": "",
            "insertions": 20,
            "deletions": 3
          }
        ]
      },
      {
        "insertions": 15,
        "deletions": 7,
        "date": "2019-08-22",
        "commitResults": [
          {
            "hash": "da77f5576d22cf227c8b22803819d4dc129ed028",
            "messageTitle": "Handle exception for empty deadline and event description",
            "messageBody": "",
            "insertions": 15,
            "deletions": 7
          }
        ]
      },
      {
        "insertions": 174,
        "deletions": 9,
        "date": "2019-08-25",
        "commitResults": [
          {
            "hash": "58a728637b7448987a496d5a6ab84dbd37f34cb9",
            "messageTitle": "Implement Level 7. Save",
            "messageBody": "",
            "insertions": 174,
            "deletions": 9
          }
        ]
      },
      {
        "insertions": 68,
        "deletions": 13,
        "date": "2019-08-26",
        "commitResults": [
          {
            "hash": "ce71e9bdcf6b5d51a8525a2d43301f8fc6f903df",
            "messageTitle": "Implement Level 8. Dates and Times",
            "messageBody": "",
            "insertions": 68,
            "deletions": 13
          }
        ]
      },
      {
        "insertions": 304,
        "deletions": 153,
        "date": "2019-08-27",
        "commitResults": [
          {
            "hash": "b7bc1b915055ee34d09fcf3ed7b9adcbf8d2c96e",
            "messageTitle": "Add more OOP by extracting the following classes: Message, Parser, Command, AddCommand, DeleteCommand, DoneCommand, ExitCommand, ListCommand",
            "messageBody": "",
            "insertions": 198,
            "deletions": 145
          },
          {
            "hash": "4ca04cd57a7c3c440a7b5080407fd062131eab0e",
            "messageTitle": "Organize the classes into suitable java packages",
            "messageBody": "",
            "insertions": 106,
            "deletions": 8
          }
        ]
      },
      {
        "insertions": 66,
        "deletions": 0,
        "date": "2019-08-28",
        "commitResults": [
          {
            "hash": "4bd280ca4c80f44b63622a10ea562e136247eee0",
            "messageTitle": "Add JUnit tests to test the behavior of the code in Parser, Deadline and Duke class.",
            "messageBody": "",
            "insertions": 66,
            "deletions": 0
          }
        ]
      },
      {
        "insertions": 441,
        "deletions": 44,
        "date": "2019-08-29",
        "commitResults": [
          {
            "hash": "f17f0431b02639373a2955e4816e68bea03d9c44",
            "messageTitle": "Add JavaDoc comments to the code.",
            "messageBody": "",
            "insertions": 291,
            "deletions": 1
          },
          {
            "hash": "66672603b995c6ae1510c1793f88a74b08093326",
            "messageTitle": "Tweak the code to comply with a coding standard.",
            "messageBody": "",
            "insertions": 42,
            "deletions": 35
          },
          {
            "hash": "632708f19d30400d9a26913e7d8f45e32f250fc2",
            "messageTitle": "Add JavaDoc comments to all public classes and methods.",
            "messageBody": "",
            "insertions": 61,
            "deletions": 6
          },
          {
            "hash": "e922fff2dae828bc53880998ddf59616b2bdd380",
            "messageTitle": "Implement Level 9. Find",
            "messageBody": "",
            "insertions": 47,
            "deletions": 2
          }
        ]
      },
      {
        "insertions": 69,
        "deletions": 55,
        "date": "2019-08-31",
        "commitResults": [
          {
            "hash": "887c0a1ef69ded9ce18b50a82af10675e90ff832",
            "messageTitle": "Fix Level 9 UI display bug and checkStyle",
            "messageBody": "",
            "insertions": 52,
            "deletions": 38
          },
          {
            "hash": "925637367641ef46c9e9a472c0f2167ae74d1155",
            "messageTitle": "Use SE-EDU convention for import statement order",
            "messageBody": "",
            "insertions": 17,
            "deletions": 17
          }
        ]
      }
    ]
  },
  "authorFinalContributionMap": {
    "jun-ha0": 1195
  },
  "authorFileTypeContributionMap": {
    "jun-ha0": {
      "java": 1138,
      "md": 0,
      "fxml": 0,
      "sh": 0,
      "bat": 21,
      "gradle": 28,
      "txt": 8
    }
  },
  "authorContributionVariance": {
    "jun-ha0": 24979.86
  },
  "authorDisplayNameMap": {
    "jun-ha0": "CS2103T-F14-3 NG JU ... N HAO"
  }
}
