{
  "authorDailyContributionsMap": {
    "Jeffry Lum": [
      {
        "insertions": 2,
        "deletions": 2,
        "date": "2019-08-16",
        "commitResults": [
          {
            "hash": "5df56a8908679dfc9efc6fcca655b1f9de85d51e",
            "messageTitle": "Remove references to DukeStub",
            "messageBody": "",
            "insertions": 2,
            "deletions": 2
          }
        ]
      }
    ],
    "Jeremy": [
      {
        "insertions": 115,
        "deletions": 22,
        "date": "2019-08-17",
        "commitResults": [
          {
            "hash": "af444ca059103be9025a4edcce5edd8325936fb0",
            "messageTitle": "Add greet, echo and exit functionalities",
            "messageBody": "",
            "insertions": 34,
            "deletions": 6
          },
          {
            "hash": "bd4c164666ef90333961a3e75fdc72e79a33e659",
            "messageTitle": "Add Client and Storage classes",
            "messageBody": "",
            "insertions": 46,
            "deletions": 3
          },
          {
            "hash": "281287ebc1815b86642d0f664d66e73f3e750489",
            "messageTitle": "Add list and add functionalities",
            "messageBody": "",
            "insertions": 35,
            "deletions": 13
          }
        ]
      },
      {
        "insertions": 384,
        "deletions": 77,
        "date": "2019-08-18",
        "commitResults": [
          {
            "hash": "7afda96105175dacedaa379b4832bcc73ef2b87b",
            "messageTitle": "Add Task class",
            "messageBody": "",
            "insertions": 45,
            "deletions": 14
          },
          {
            "hash": "b85b39a4e6894402b38c64f42bc58beaa05b1059",
            "messageTitle": "Add mark task as done functionality",
            "messageBody": "",
            "insertions": 27,
            "deletions": 15
          },
          {
            "hash": "67648f6d96c69b9a4bf4e79cd533d93a9c980858",
            "messageTitle": "Add ToDo, Deadline and Event classes",
            "messageBody": "",
            "insertions": 38,
            "deletions": 1
          },
          {
            "hash": "ffb5a14edbcc34e5f5ad3787a435cef034a8e1b5",
            "messageTitle": "Add support for tracking 3 types of tasks",
            "messageBody": "",
            "insertions": 44,
            "deletions": 7
          },
          {
            "hash": "319c5d1cdb5276a92b39827775ef3ed722399ee8",
            "messageTitle": "Add text UI testing",
            "messageBody": "",
            "insertions": 125,
            "deletions": 1
          },
          {
            "hash": "1e3f1f587c33c1fdb567baacdeee04543d6a855a",
            "messageTitle": "Add custom Exceptions",
            "messageBody": "",
            "insertions": 18,
            "deletions": 0
          },
          {
            "hash": "ef1ea65e274957bc3de123b765bad462b3f3fa60",
            "messageTitle": "Add exception handling for invalid command and empty description",
            "messageBody": "",
            "insertions": 71,
            "deletions": 36
          },
          {
            "hash": "b31373fd50972d6517ce3d96a188ba81b0c36914",
            "messageTitle": "Add support for deleting tasks from the list",
            "messageBody": "",
            "insertions": 16,
            "deletions": 3
          }
        ]
      }
    ]
  },
  "authorFinalContributionMap": {
    "Jeffry Lum": 2,
    "Jeremy": 406
  },
  "authorFileTypeContributionMap": {
    "Jeffry Lum": {
      "java": 0,
      "md": 2,
      "fxml": 0,
      "sh": 0,
      "bat": 0,
      "gradle": 0,
      "txt": 0
    },
    "Jeremy": {
      "java": 283,
      "md": 0,
      "fxml": 0,
      "sh": 34,
      "bat": 0,
      "gradle": 0,
      "txt": 89
    }
  },
  "authorContributionVariance": {
    "Jeffry Lum": 3.5555553,
    "Jeremy": 37362.895
  },
  "authorDisplayNameMap": {
    "Jeffry Lum": "Jeffry Lum",
    "Jeremy": "Jeremy"
  }
}
