{
  "authorDailyContributionsMap": {
    "yewon0303": [
      {
        "insertions": 129,
        "deletions": 28,
        "date": "2019-08-19",
        "commitResults": [
          {
            "hash": "556f3a896e91400f11e76ca3794d93d2781c7953",
            "messageTitle": "Level-1 Greet, Echo, Exit completed",
            "messageBody": "",
            "insertions": 36,
            "deletions": 0
          },
          {
            "hash": "33ccf57b2c6f86e8f3c7018166da96e870b60302",
            "messageTitle": "Level-2 Add, List completed",
            "messageBody": "",
            "insertions": 23,
            "deletions": 8
          },
          {
            "hash": "48b116a0c659268cc9253e809fcfa2e3b40cb5ce",
            "messageTitle": "Level-3 Mark as Done completed",
            "messageBody": "",
            "insertions": 70,
            "deletions": 20
          }
        ]
      },
      {
        "insertions": 93,
        "deletions": 24,
        "date": "2019-08-20",
        "commitResults": [
          {
            "hash": "cb3bebfb92fffd24e700a5466776b7a289592ee1",
            "messageTitle": "Level-4 ToDos, Events, Deadlines completed",
            "messageBody": "",
            "insertions": 79,
            "deletions": 10
          },
          {
            "hash": "e8b44c0c1349d88100bf7796db787e64c5f57105",
            "messageTitle": "indentation improved",
            "messageBody": "",
            "insertions": 14,
            "deletions": 14
          }
        ]
      },
      {
        "insertions": 139,
        "deletions": 44,
        "date": "2019-08-21",
        "commitResults": [
          {
            "hash": "bbc9fb453b018b7529a91b352be97988aea53bb2",
            "messageTitle": "Level-5 Handle Errors completed, Exception class dukeException created",
            "messageBody": "",
            "insertions": 103,
            "deletions": 33
          },
          {
            "hash": "631419e6cd8fbf61fe8239626f00fdee12a3e8a9",
            "messageTitle": "Level-6 Delete completed",
            "messageBody": "",
            "insertions": 25,
            "deletions": 4
          },
          {
            "hash": "a42e152ab383625e5baded81b5086b1586f08a88",
            "messageTitle": "code cleaned up with minor changes",
            "messageBody": "",
            "insertions": 11,
            "deletions": 7
          }
        ]
      }
    ]
  },
  "authorFinalContributionMap": {
    "yewon0303": 265
  },
  "authorFileTypeContributionMap": {
    "yewon0303": {
      "java": 231,
      "md": 0,
      "fxml": 0,
      "sh": 34,
      "bat": 0,
      "gradle": 0,
      "txt": 0
    }
  },
  "authorContributionVariance": {
    "yewon0303": 6169.805
  },
  "authorDisplayNameMap": {
    "yewon0303": "PARK ..  WON"
  }
}
