{
  "authorDailyContributionsMap": {
    "tiuweehan": [
      {
        "insertions": 84,
        "deletions": 14,
        "date": "2019-08-18",
        "commitResults": [
          {
            "hash": "5e0cde9f636971a971552942547cffe5459e0de4",
            "messageTitle": "Configure Gradle",
            "messageBody": "",
            "insertions": 22,
            "deletions": 1
          },
          {
            "hash": "f5b7c80a5a76fd59acd53ed22ae37a5a51a95e0f",
            "messageTitle": "Level-1: Greet, Echo, Exit",
            "messageBody": "",
            "insertions": 41,
            "deletions": 6
          },
          {
            "hash": "0ad9f1003876662e6e3beb7c1853730737ada878",
            "messageTitle": "Level-2: Add, List",
            "messageBody": "",
            "insertions": 21,
            "deletions": 7
          }
        ]
      },
      {
        "insertions": 226,
        "deletions": 85,
        "date": "2019-08-19",
        "commitResults": [
          {
            "hash": "174de6ab55fe8a0518f93b7379b3dbd914287643",
            "messageTitle": "Level-3: Mark as Done",
            "messageBody": "",
            "insertions": 69,
            "deletions": 30
          },
          {
            "hash": "54b08bb0f99b3a6f227297fe5b5b33394b6e13da",
            "messageTitle": "Level-4: ToDos, Events, Deadlines",
            "messageBody": "",
            "insertions": 157,
            "deletions": 55
          }
        ]
      },
      {
        "insertions": 199,
        "deletions": 103,
        "date": "2019-08-20",
        "commitResults": [
          {
            "hash": "c3e422a6e334b29ce4be7051009fbdeafa5b9826",
            "messageTitle": "Level-5: Handle Errors",
            "messageBody": "",
            "insertions": 134,
            "deletions": 81
          },
          {
            "hash": "dd10ba3450fb5b9f85136a0e73330101731501e6",
            "messageTitle": "Level-6: Delete",
            "messageBody": "",
            "insertions": 65,
            "deletions": 22
          }
        ]
      },
      {
        "insertions": 256,
        "deletions": 191,
        "date": "2019-08-23",
        "commitResults": [
          {
            "hash": "270f1e03d8fd1016575a2bc51abb609c4ff33b2d",
            "messageTitle": "Package files",
            "messageBody": "",
            "insertions": 28,
            "deletions": 4
          },
          {
            "hash": "1b06901d861878b43177c30a44925a751429b4cc",
            "messageTitle": "Refactor to meet Java Coding Standard",
            "messageBody": "",
            "insertions": 156,
            "deletions": 148
          },
          {
            "hash": "444de0b1260c513d3c579e6e49ed2fe6de31c0d8",
            "messageTitle": "Convert Task to an abstract class",
            "messageBody": "",
            "insertions": 2,
            "deletions": 2
          },
          {
            "hash": "5ca54904c81509df9442cec7dddd8cc28564ba3f",
            "messageTitle": "Configure gradle to read input from System.in when running",
            "messageBody": "",
            "insertions": 4,
            "deletions": 0
          },
          {
            "hash": "31e4af47bde0cc69a3fa951c20a7125f68bcd4bf",
            "messageTitle": "Rename commands to inputs to clarify that inputs consist of a command and arguments",
            "messageBody": "",
            "insertions": 16,
            "deletions": 15
          },
          {
            "hash": "3eab00cecf677ac90f8419e0e449b49f285348e2",
            "messageTitle": "A-Enums: Enums",
            "messageBody": "",
            "insertions": 29,
            "deletions": 11
          },
          {
            "hash": "d56a00112ffd1f89cdd64d826587f364c3043a84",
            "messageTitle": "Correct checkstyle errors",
            "messageBody": "",
            "insertions": 21,
            "deletions": 11
          }
        ]
      },
      {
        "insertions": 407,
        "deletions": 187,
        "date": "2019-08-24",
        "commitResults": [
          {
            "hash": "a2d1912318c3edc9a1a394d32d088a035cabcf4a",
            "messageTitle": "Package entire application inside duke package",
            "messageBody": "",
            "insertions": 20,
            "deletions": 18
          },
          {
            "hash": "b8b0f02322406a437a41e73b6be5fb9773df9e74",
            "messageTitle": "Modularize Commands",
            "messageBody": "",
            "insertions": 387,
            "deletions": 169
          }
        ]
      },
      {
        "insertions": 247,
        "deletions": 36,
        "date": "2019-08-25",
        "commitResults": [
          {
            "hash": "884967ef3324b30f180b75cd6de7f750b9f7690b",
            "messageTitle": "Level-7: Save",
            "messageBody": "",
            "insertions": 156,
            "deletions": 27
          },
          {
            "hash": "1bc167ef63faf1a8fc0119151d4e3fbcf661984e",
            "messageTitle": "Level-8: Dates and Times",
            "messageBody": "",
            "insertions": 91,
            "deletions": 9
          }
        ]
      },
      {
        "insertions": 396,
        "deletions": 308,
        "date": "2019-08-27",
        "commitResults": [
          {
            "hash": "8a2be9b8aa3af49c80de776f065b2d14c1392ca2",
            "messageTitle": "Refactor Console to Ui",
            "messageBody": "",
            "insertions": 78,
            "deletions": 66
          },
          {
            "hash": "e905fa67a02ca33b5edf195a632748ce57bdc31f",
            "messageTitle": "More OOP",
            "messageBody": "",
            "insertions": 249,
            "deletions": 163
          },
          {
            "hash": "a33a416d748d5dd5fad6d34d7e3eb38082a093e7",
            "messageTitle": "Java Packages",
            "messageBody": "",
            "insertions": 69,
            "deletions": 79
          }
        ]
      },
      {
        "insertions": 832,
        "deletions": 73,
        "date": "2019-08-28",
        "commitResults": [
          {
            "hash": "4bc2073669d065ff04e7dd4024dbbf2430c05f2f",
            "messageTitle": "Add Validation upon instantiation of Commands",
            "messageBody": "",
            "insertions": 79,
            "deletions": 27
          },
          {
            "hash": "5bb6afbc74fb2be571d38fec3d6c6bbd54a7814c",
            "messageTitle": "Junit Testing",
            "messageBody": "",
            "insertions": 511,
            "deletions": 19
          },
          {
            "hash": "2d04bd38fac70b1b5e9034bb03565b0f9310514f",
            "messageTitle": "Add JavaDoc comments",
            "messageBody": "",
            "insertions": 223,
            "deletions": 1
          },
          {
            "hash": "63eb47590002d14229dced6fb72c714440a5bd92",
            "messageTitle": "Coding Standard",
            "messageBody": "",
            "insertions": 19,
            "deletions": 26
          }
        ]
      },
      {
        "insertions": 84,
        "deletions": 22,
        "date": "2019-08-29",
        "commitResults": [
          {
            "hash": "0bfae4db2cccc9f8d754591be90c0cf7746ba6cf",
            "messageTitle": "Level-9: Find",
            "messageBody": "",
            "insertions": 75,
            "deletions": 22
          },
          {
            "hash": "3fc8196c1da375ea483e5e5ddf90773b92f74726",
            "messageTitle": "Add JavaDoc to Find Command",
            "messageBody": "",
            "insertions": 9,
            "deletions": 0
          }
        ]
      }
    ]
  },
  "authorFinalContributionMap": {
    "tiuweehan": 1758
  },
  "authorFileTypeContributionMap": {
    "tiuweehan": {
      "java": 1732,
      "md": 0,
      "fxml": 0,
      "sh": 0,
      "bat": 0,
      "gradle": 26,
      "txt": 0
    }
  },
  "authorContributionVariance": {
    "tiuweehan": 82262.55
  },
  "authorDisplayNameMap": {
    "tiuweehan": "TIU  ..  HAN"
  }
}
