{
  "authorDailyContributionsMap": {
    "Jeffry Lum": [
      {
        "insertions": 2,
        "deletions": 2,
        "date": "2019-08-16",
        "commitResults": [
          {
            "hash": "5df56a8908679dfc9efc6fcca655b1f9de85d51e",
            "messageTitle": "Remove references to DukeStub",
            "messageBody": "",
            "insertions": 2,
            "deletions": 2
          }
        ]
      }
    ],
    "Jolyn Tan": [
      {
        "insertions": 275,
        "deletions": 65,
        "date": "2019-08-20",
        "commitResults": [
          {
            "hash": "97f51b7948ff56f85450e78e1fbbeea891e6f27a",
            "messageTitle": "Implemented Level 1",
            "messageBody": "",
            "insertions": 17,
            "deletions": 0
          },
          {
            "hash": "2ab03ab817c77a0824a79b764c6f0641bc59a115",
            "messageTitle": "Implemented Level 2",
            "messageBody": "",
            "insertions": 16,
            "deletions": 3
          },
          {
            "hash": "01132f59939c27005585ad4210db905c587a3b55",
            "messageTitle": "Implemented Level 3 (unicode not working)",
            "messageBody": "",
            "insertions": 33,
            "deletions": 6
          },
          {
            "hash": "b8692ae10ea4442176e3870e6e41efc2ce512631",
            "messageTitle": "Implemented Level 4",
            "messageBody": "",
            "insertions": 71,
            "deletions": 20
          },
          {
            "hash": "dddab9bf04057dd56303ece104d2355dbfc86777",
            "messageTitle": "Added semi-automated testing of Duke",
            "messageBody": "",
            "insertions": 64,
            "deletions": 3
          },
          {
            "hash": "5f2f55c00a640f852326725195aef690f47a4b15",
            "messageTitle": "Implemented Level 5",
            "messageBody": "",
            "insertions": 74,
            "deletions": 33
          }
        ]
      },
      {
        "insertions": 29,
        "deletions": 19,
        "date": "2019-08-21",
        "commitResults": [
          {
            "hash": "7c649f2c8d2b87e8277d13997e69f3a243bd7737",
            "messageTitle": "Implemented Level 6",
            "messageBody": "",
            "insertions": 29,
            "deletions": 19
          }
        ]
      }
    ]
  },
  "authorFinalContributionMap": {
    "Jeffry Lum": 4,
    "Jolyn Tan": 220
  },
  "authorFileTypeContributionMap": {
    "Jeffry Lum": {
      "java": 2,
      "md": 2,
      "fxml": 0,
      "sh": 0,
      "bat": 0,
      "gradle": 0,
      "txt": 0
    },
    "Jolyn Tan": {
      "java": 159,
      "md": 0,
      "fxml": 0,
      "sh": 34,
      "bat": 0,
      "gradle": 0,
      "txt": 27
    }
  },
  "authorContributionVariance": {
    "Jeffry Lum": 2.2222223,
    "Jolyn Tan": 15468.891
  },
  "authorDisplayNameMap": {
    "Jeffry Lum": "Jeffry Lum",
    "Jolyn Tan": "Jolyn Tan"
  }
}
