{
  "authorDailyContributionsMap": {
    "tuandingwei": [
      {
        "insertions": 74,
        "deletions": 15,
        "date": "2019-08-17",
        "commitResults": [
          {
            "hash": "4fb1e046bff0cc5c47671f252b1dba2ff5f35685",
            "messageTitle": "Add Greet, Echo and Exit",
            "messageBody": "",
            "insertions": 16,
            "deletions": 1
          },
          {
            "hash": "2006dad4634f8829a054f92e90f2d75f0c71fd27",
            "messageTitle": "Add text storage ability",
            "messageBody": "",
            "insertions": 19,
            "deletions": 5
          },
          {
            "hash": "9ff051bf9e9639078032b0cef136c6461b295b72",
            "messageTitle": "Build a task class",
            "messageBody": "",
            "insertions": 17,
            "deletions": 0
          },
          {
            "hash": "d749c6139b42cc1618f3f5f8536e90bb8d0d9ddc",
            "messageTitle": "Polish",
            "messageBody": "",
            "insertions": 4,
            "deletions": 4
          },
          {
            "hash": "d88b826b56182262e9cdfcfe6bff5d08f2535057",
            "messageTitle": "Add functional supports in Task class",
            "messageBody": "",
            "insertions": 4,
            "deletions": 0
          },
          {
            "hash": "d994d605c9684da11662ba9ad31587a379cdb607",
            "messageTitle": "Update list with new indicators",
            "messageBody": "",
            "insertions": 7,
            "deletions": 4
          },
          {
            "hash": "be2e5914b7f735aadfb63ecef854dafd3da679a1",
            "messageTitle": "Support marking tasks as done",
            "messageBody": "",
            "insertions": 7,
            "deletions": 1
          }
        ]
      },
      {
        "insertions": 228,
        "deletions": 59,
        "date": "2019-08-20",
        "commitResults": [
          {
            "hash": "cf2bdea2f596715c403fa5dff2600312c6ad88a7",
            "messageTitle": "Create new classes for the different types of task",
            "messageBody": "",
            "insertions": 33,
            "deletions": 3
          },
          {
            "hash": "a58a51a5100a7b8a04983faf4a4cca2066fc3b30",
            "messageTitle": "Fix toString() of the various task types",
            "messageBody": "",
            "insertions": 20,
            "deletions": 1
          },
          {
            "hash": "e4c69f7547cc9c9016c235a98b38900d9e223839",
            "messageTitle": "Shift taskCount to Task Class",
            "messageBody": "",
            "insertions": 6,
            "deletions": 2
          },
          {
            "hash": "c9328f478542a696a9b46efb556e681f829ae8c1",
            "messageTitle": "Add support for tracking three types of task",
            "messageBody": "",
            "insertions": 41,
            "deletions": 8
          },
          {
            "hash": "a77043b574d3caf2f7ae08f857573dbda9d447ea",
            "messageTitle": "Support error handling",
            "messageBody": "",
            "insertions": 103,
            "deletions": 43
          },
          {
            "hash": "634b61873a23f60288096a3c7337a4ffb7c5cd8a",
            "messageTitle": "Add support for deleting tasks from the list",
            "messageBody": "",
            "insertions": 25,
            "deletions": 2
          }
        ]
      },
      {
        "insertions": 149,
        "deletions": 3,
        "date": "2019-08-24",
        "commitResults": [
          {
            "hash": "6335344dfca6d59478e4a862608de21425787d00",
            "messageTitle": "Support for javadoc",
            "messageBody": "",
            "insertions": 148,
            "deletions": 2
          },
          {
            "hash": "302ebc2b5e6e92717b44e7abb78bda2f2d85b847",
            "messageTitle": "Fix bug",
            "messageBody": "",
            "insertions": 1,
            "deletions": 1
          }
        ]
      },
      {
        "insertions": 243,
        "deletions": 87,
        "date": "2019-08-25",
        "commitResults": [
          {
            "hash": "c1968d2ceeb68eda6a2832f1b07666e531c8a982",
            "messageTitle": "Allow data to be saved in local disk automatically",
            "messageBody": "",
            "insertions": 243,
            "deletions": 87
          }
        ]
      },
      {
        "insertions": 56,
        "deletions": 23,
        "date": "2019-08-26",
        "commitResults": [
          {
            "hash": "f98530f6177345dcb515e53bfc6483f10c914a7a",
            "messageTitle": "Change date/ time strings to SimpleDateFormat data type",
            "messageBody": "",
            "insertions": 56,
            "deletions": 23
          }
        ]
      },
      {
        "insertions": 324,
        "deletions": 204,
        "date": "2019-08-27",
        "commitResults": [
          {
            "hash": "600eda36d5831cd6284dcb73512773c918e48cb5",
            "messageTitle": "Add new classes to emulate an increased OOP environment",
            "messageBody": "",
            "insertions": 324,
            "deletions": 204
          }
        ]
      },
      {
        "insertions": 669,
        "deletions": 349,
        "date": "2019-08-28",
        "commitResults": [
          {
            "hash": "20c8fb67d56f32e4cde4c4c66ba31484fda89325",
            "messageTitle": "Add JUnit Testing",
            "messageBody": "",
            "insertions": 256,
            "deletions": 103
          },
          {
            "hash": "4908ee0ced5b58d12d47d2d5b963fc9cec552d14",
            "messageTitle": "Generate jar file for executable use",
            "messageBody": "",
            "insertions": 115,
            "deletions": 86
          },
          {
            "hash": "211facca94d560ae3861c4f65e5675182b76ea57",
            "messageTitle": "Add javadoc",
            "messageBody": "",
            "insertions": 155,
            "deletions": 50
          },
          {
            "hash": "27a9a0ef716d39f26193cfc4ebfe9fa7ffc7a6f7",
            "messageTitle": "Comply to Google Java Coding standard",
            "messageBody": "",
            "insertions": 57,
            "deletions": 55
          },
          {
            "hash": "515f9936624bfc37af7e8fcf4245766a1f1b8a70",
            "messageTitle": "Support for keyword search",
            "messageBody": "",
            "insertions": 86,
            "deletions": 55
          }
        ]
      },
      {
        "insertions": 58,
        "deletions": 14,
        "date": "2019-09-03",
        "commitResults": [
          {
            "hash": "ffd0e62ad001d2665968379bf4d4d23ce3255ddc",
            "messageTitle": "Add JavaFx UI",
            "messageBody": "",
            "insertions": 58,
            "deletions": 14
          }
        ]
      }
    ]
  },
  "authorFinalContributionMap": {
    "tuandingwei": 1063
  },
  "authorFileTypeContributionMap": {
    "tuandingwei": {
      "java": 1016,
      "md": 0,
      "fxml": 0,
      "sh": 0,
      "bat": 17,
      "gradle": 30,
      "txt": 0
    }
  },
  "authorContributionVariance": {
    "tuandingwei": 63434.027
  },
  "authorDisplayNameMap": {
    "tuandingwei": "CS2103-T16 TUAN  ... G WEI"
  }
}
