{
  "authorDailyContributionsMap": {
    "linyutinglyt": [
      {
        "insertions": 29,
        "deletions": 1,
        "date": "2019-08-17",
        "commitResults": [
          {
            "hash": "356e6fbe5659d0987e2b21eaef369554536c304f",
            "messageTitle": "Level-1",
            "messageBody": "",
            "insertions": 29,
            "deletions": 1
          }
        ]
      },
      {
        "insertions": 237,
        "deletions": 23,
        "date": "2019-08-18",
        "commitResults": [
          {
            "hash": "22bf4dee66ac8eb6aa12425d01c94d144a34f56a",
            "messageTitle": "Level-2",
            "messageBody": "",
            "insertions": 15,
            "deletions": 3
          },
          {
            "hash": "dfb0a1b00757b1403d4a0e08066d900aa8c957ba",
            "messageTitle": "Level-3",
            "messageBody": "",
            "insertions": 2,
            "deletions": 0
          },
          {
            "hash": "909e09986e7fab6337846e03adfb85e72d51da88",
            "messageTitle": "Level-4",
            "messageBody": "",
            "insertions": 8,
            "deletions": 0
          },
          {
            "hash": "9dca74fc0e4d27f0573e14b433b30c319ad16d17",
            "messageTitle": "Level-4",
            "messageBody": "",
            "insertions": 91,
            "deletions": 16
          },
          {
            "hash": "96e0b2f8a84dd5dcd1785dc6308debaa45aa5610",
            "messageTitle": "Level-5",
            "messageBody": "",
            "insertions": 2,
            "deletions": 0
          },
          {
            "hash": "9be4b0eefc4d239b0ed08f31aa694fe9b5c4bd91",
            "messageTitle": "Level-6",
            "messageBody": "",
            "insertions": 119,
            "deletions": 4
          }
        ]
      },
      {
        "insertions": 738,
        "deletions": 278,
        "date": "2019-08-25",
        "commitResults": [
          {
            "hash": "b1c140ab41b644e355272ee89f865b57ac36857c",
            "messageTitle": "Level-7",
            "messageBody": "",
            "insertions": 82,
            "deletions": 11
          },
          {
            "hash": "fd8a752c3cf3b5d2a9ae11920c67e54dbb076569",
            "messageTitle": "Level-8",
            "messageBody": "",
            "insertions": 18,
            "deletions": 9
          },
          {
            "hash": "2ff5b133cc69eb055eaa1604a80c31bdaa00d5af",
            "messageTitle": "Level-8",
            "messageBody": "",
            "insertions": 18,
            "deletions": 9
          },
          {
            "hash": "caa3a20112f0dc6e25255dac63dc943e1d352630",
            "messageTitle": "minor bugs fixed",
            "messageBody": "",
            "insertions": 5,
            "deletions": 5
          },
          {
            "hash": "d38ebc6dfb1df81727a4576d2da5e00b72021f20",
            "messageTitle": "A-MoreOOP",
            "messageBody": "",
            "insertions": 14,
            "deletions": 0
          },
          {
            "hash": "942e9e3dc80f8f8ef4995b2683a57dde5ca558cf",
            "messageTitle": "adding tests",
            "messageBody": "",
            "insertions": 330,
            "deletions": 192
          },
          {
            "hash": "6d89a20e79e790319ad0af1d6cf90e5d48dfe1b0",
            "messageTitle": "tests written and commited",
            "messageBody": "",
            "insertions": 28,
            "deletions": 6
          },
          {
            "hash": "60d8f9bdf034e7508c6a5686459370c4c7e23276",
            "messageTitle": "adding java doc",
            "messageBody": "",
            "insertions": 213,
            "deletions": 35
          },
          {
            "hash": "ee996f981f92766cc6a1bfea39dc3fd785cde0f7",
            "messageTitle": "adding java doc",
            "messageBody": "",
            "insertions": 30,
            "deletions": 11
          }
        ]
      },
      {
        "insertions": 32,
        "deletions": 0,
        "date": "2019-08-26",
        "commitResults": [
          {
            "hash": "c94f4098ee6fb83fa95970a92254e74ba684c4ae",
            "messageTitle": "level-9 find",
            "messageBody": "",
            "insertions": 32,
            "deletions": 0
          }
        ]
      },
      {
        "insertions": 10,
        "deletions": 2,
        "date": "2019-08-28",
        "commitResults": [
          {
            "hash": "94659078eeb9de602d58743ace3cfe7dbbfaa99c",
            "messageTitle": "gradle",
            "messageBody": "",
            "insertions": 10,
            "deletions": 2
          }
        ]
      }
    ]
  },
  "authorFinalContributionMap": {
    "linyutinglyt": 742
  },
  "authorFileTypeContributionMap": {
    "linyutinglyt": {
      "java": 729,
      "md": 0,
      "fxml": 0,
      "sh": 0,
      "bat": 0,
      "gradle": 9,
      "txt": 4
    }
  },
  "authorContributionVariance": {
    "linyutinglyt": 73979.36
  },
  "authorDisplayNameMap": {
    "linyutinglyt": "LIN  .. TING"
  }
}
