{
  "authorDailyContributionsMap": {
    "weiijiie": [
      {
        "insertions": 706,
        "deletions": 91,
        "date": "2019-08-22",
        "commitResults": [
          {
            "hash": "9793454c6b4c6e9429b11c99dd0c15a6108aca5d",
            "messageTitle": "[Feat] Configured Gradle",
            "messageBody": "",
            "insertions": 9,
            "deletions": 2
          },
          {
            "hash": "e505a782b61d63a021f3a0a6c46c497ec2c81d7a",
            "messageTitle": "[Feat] Added additional Gradle plugins and dependencies",
            "messageBody": "",
            "insertions": 20,
            "deletions": 4
          },
          {
            "hash": "da2354abe7b1eb3cb2c6f6be25330b6109e694e1",
            "messageTitle": "[Feat] Added echo and exit functionality",
            "messageBody": "",
            "insertions": 96,
            "deletions": 6
          },
          {
            "hash": "5e3e192bcac3087ad75dd9c95b08487925535d35",
            "messageTitle": "[Feat] Added Presenter class and InputListener interface",
            "messageBody": "",
            "insertions": 30,
            "deletions": 0
          },
          {
            "hash": "16fe0840958bcfebdee85de7a15e54ac7f7c9475",
            "messageTitle": "[Feat] Added repo interface and implemented task repo",
            "messageBody": "",
            "insertions": 78,
            "deletions": 19
          },
          {
            "hash": "0e081a01addf77287d0eab8bb0cffa685603ee55",
            "messageTitle": "[Feat] Implemented add item and list all items behavior in presenter",
            "messageBody": "",
            "insertions": 18,
            "deletions": 2
          },
          {
            "hash": "401851c6aa1397f3b1367ba3c5dc22afdad5577b",
            "messageTitle": "[Refactor] Refactored some class names to be more appropriate",
            "messageBody": "",
            "insertions": 14,
            "deletions": 10
          },
          {
            "hash": "c31ea28751883d6b85e007f5763670321465940d",
            "messageTitle": "[Refactor] Refactored level 2 specs to use Commands and Responses",
            "messageBody": "",
            "insertions": 141,
            "deletions": 21
          },
          {
            "hash": "8ee9632971d23aa238c9d99dc9147062ffe49965",
            "messageTitle": "[Feat] Added mark as done functionality",
            "messageBody": "",
            "insertions": 48,
            "deletions": 7
          },
          {
            "hash": "15c8701ebcd08458822faa1c969fb80a8c816fcb",
            "messageTitle": "[Feat] Added new types of tasks and commands to create them",
            "messageBody": "",
            "insertions": 156,
            "deletions": 13
          },
          {
            "hash": "b578cbedddd6837bc5c7059d2badd2ffee468f4a",
            "messageTitle": "[Fix] Fixed list response text to fit new specifications",
            "messageBody": "",
            "insertions": 2,
            "deletions": 1
          },
          {
            "hash": "9bf8f0de64d37768037fff3657802d71714954c3",
            "messageTitle": "[Feat] Implemented 2 specified error messages",
            "messageBody": "",
            "insertions": 47,
            "deletions": 6
          },
          {
            "hash": "8f6d04eda49062f3ba7acee826e4556bca68f7f0",
            "messageTitle": "[Feat] Implemented date time checks for event and deadline",
            "messageBody": "",
            "insertions": 13,
            "deletions": 0
          },
          {
            "hash": "1f95346ed6311e31e81c54e6e70a1d4e3e6b221c",
            "messageTitle": "[Feat] Added delete functionality",
            "messageBody": "",
            "insertions": 34,
            "deletions": 0
          }
        ]
      },
      {
        "insertions": 0,
        "deletions": 1,
        "date": "2019-08-23",
        "commitResults": [
          {
            "hash": "79d74d6fad39ad08fe2f9a741e9c48ee4dd822aa",
            "messageTitle": "[Fix] Removed test print statement that wasn\u0027t removed",
            "messageBody": "",
            "insertions": 0,
            "deletions": 1
          }
        ]
      },
      {
        "insertions": 900,
        "deletions": 207,
        "date": "2019-08-29",
        "commitResults": [
          {
            "hash": "a8ce9243116d157a2692bc5c5976266b3fccc093",
            "messageTitle": "[Feat] Implemented storage system",
            "messageBody": "",
            "insertions": 148,
            "deletions": 28
          },
          {
            "hash": "8f3b75cbde51200756c987e53545ecfbb9408033",
            "messageTitle": "[Refact] Changed FileStorage to take lists instead of arrays",
            "messageBody": "",
            "insertions": 12,
            "deletions": 10
          },
          {
            "hash": "b6767a34e7db69f18541b7ec9c1d121d1affa948",
            "messageTitle": "[Feat] Added date parsing restrictions",
            "messageBody": "",
            "insertions": 55,
            "deletions": 17
          },
          {
            "hash": "3848e22531e64bfaa099e26fa265f5f152d7e968",
            "messageTitle": "[Fix] Fixed small change missed in merge conflict resolution",
            "messageBody": "",
            "insertions": 2,
            "deletions": 2
          },
          {
            "hash": "0fb73933017efc3dfeba6a788a9b3df94a235774",
            "messageTitle": "[Feat] Added some additional error handling",
            "messageBody": "",
            "insertions": 25,
            "deletions": 0
          },
          {
            "hash": "69c4af2a8c09e6408584bd03053aa3ceaa8432c5",
            "messageTitle": "[Feat] Added in some form of dependency injection for tasks using reflection",
            "messageBody": "",
            "insertions": 126,
            "deletions": 24
          },
          {
            "hash": "3aff09d5ef8fd8b1437b3c851c55c326879d29b7",
            "messageTitle": "[Refact] Added in specific exceptions for dependency errors",
            "messageBody": "",
            "insertions": 19,
            "deletions": 9
          },
          {
            "hash": "e07d0a16e1dcbd30d47c10723727bbe62777caf6",
            "messageTitle": "[Refact] Renamed classes to fit project specifications",
            "messageBody": "",
            "insertions": 25,
            "deletions": 27
          },
          {
            "hash": "f5689cb3005ea6f7ca6ccf5088a3c80a5468bd10",
            "messageTitle": "[Refact] Changed console reading logic to be simpler",
            "messageBody": "",
            "insertions": 30,
            "deletions": 34
          },
          {
            "hash": "b83f8bad86f937f945843faf6d630dfbcb405dd9",
            "messageTitle": "[Feat] Added in tests for some commands",
            "messageBody": "",
            "insertions": 283,
            "deletions": 8
          },
          {
            "hash": "15f4a5b5b66597af34065e6b9f8e215845f370e8",
            "messageTitle": "[Feat] Added in runtime junit engine",
            "messageBody": "",
            "insertions": 1,
            "deletions": 0
          },
          {
            "hash": "58d1772e72a1664b132e39be0e21482cf28bd1d9",
            "messageTitle": "[Feat] Added Find command",
            "messageBody": "",
            "insertions": 63,
            "deletions": 3
          },
          {
            "hash": "ab34df27576258f0f6c6869990514b9e75b27532",
            "messageTitle": "[Fix] Tweaked code to comply with checkstyle standards",
            "messageBody": "",
            "insertions": 52,
            "deletions": 41
          },
          {
            "hash": "d34e3a30acd7c1b9ca9861e66382b3b9f2049e88",
            "messageTitle": "[Doc] Added initial JavaDocs for public methods",
            "messageBody": "",
            "insertions": 59,
            "deletions": 4
          }
        ]
      },
      {
        "insertions": 20,
        "deletions": 6,
        "date": "2019-08-30",
        "commitResults": [
          {
            "hash": "606eadce3b6448e3593388750e85786873333029",
            "messageTitle": "[Fix] Fixed bug with bye command",
            "messageBody": "",
            "insertions": 2,
            "deletions": 3
          },
          {
            "hash": "172c333d2c8e1916b92648a19d4307f057c25828",
            "messageTitle": "[Fix] Fixed creating data file from scratch",
            "messageBody": "",
            "insertions": 18,
            "deletions": 3
          }
        ]
      },
      {
        "insertions": 0,
        "deletions": 1,
        "date": "2019-09-02",
        "commitResults": [
          {
            "hash": "53318483139ff1c5bfc3859c871c40154de64864",
            "messageTitle": "[Fix] Remove extra debugging message",
            "messageBody": "",
            "insertions": 0,
            "deletions": 1
          }
        ]
      },
      {
        "insertions": 29,
        "deletions": 15,
        "date": "2019-09-05",
        "commitResults": [
          {
            "hash": "dc0b101d220e6a741756551bb3d9b74580d3b7c8",
            "messageTitle": "[Feat] Install javafx dependency and implement initial code",
            "messageBody": "",
            "insertions": 29,
            "deletions": 15
          }
        ]
      },
      {
        "insertions": 421,
        "deletions": 170,
        "date": "2019-09-06",
        "commitResults": [
          {
            "hash": "1f948b2b34d0cdd05fac852527184e83fbcebaa7",
            "messageTitle": "[Feat] Added GUI and refactored classes to use GUI",
            "messageBody": "",
            "insertions": 282,
            "deletions": 63
          },
          {
            "hash": "94610623b65547b702657a0a40caae14d3974f6c",
            "messageTitle": "[Feat] Improve UI slightly",
            "messageBody": "",
            "insertions": 121,
            "deletions": 103
          },
          {
            "hash": "5b89a5f242b2f165a4ea515c126f6726a450e7d0",
            "messageTitle": "[Feat] Added greeting message",
            "messageBody": "",
            "insertions": 8,
            "deletions": 3
          },
          {
            "hash": "33f05ad3a9aa5f77ec92ed95d048a1393b39206b",
            "messageTitle": "[Fix] Fix slight checkstyle errors",
            "messageBody": "",
            "insertions": 10,
            "deletions": 1
          }
        ]
      },
      {
        "insertions": 46,
        "deletions": 24,
        "date": "2019-09-08",
        "commitResults": [
          {
            "hash": "b66cd3cd03fdb092bdfe0ab66273986a2e08d17e",
            "messageTitle": "[Fix] Improved margins and padding slightly",
            "messageBody": "",
            "insertions": 46,
            "deletions": 24
          }
        ]
      },
      {
        "insertions": 64,
        "deletions": 108,
        "date": "2019-09-10",
        "commitResults": [
          {
            "hash": "e18d4335dc3d8d9f24ce1e41cdf7ff6528596ca8",
            "messageTitle": "[Refact] Cleaned code in Duke class",
            "messageBody": "",
            "insertions": 9,
            "deletions": 17
          },
          {
            "hash": "39dc436e1647a515949320fabf52c11617843510",
            "messageTitle": "[Refact] Deleted unnecessary Ui class and added interface for storage",
            "messageBody": "",
            "insertions": 22,
            "deletions": 63
          },
          {
            "hash": "2ca9f62f62bbb8dedb5c1ba9d35b69e9ac71facf",
            "messageTitle": "[Refact] Extracted some duplicate logic into abstract Task class",
            "messageBody": "",
            "insertions": 17,
            "deletions": 25
          },
          {
            "hash": "aee62e666e997da118764a6e08c99bb5e4f281d0",
            "messageTitle": "[Fix] Tweaked some lines to fit checkstyle",
            "messageBody": "",
            "insertions": 10,
            "deletions": 3
          },
          {
            "hash": "0a2ce5c3164f1006a332c4ba56a041bfd20c83a8",
            "messageTitle": "[Feat] Added assertions",
            "messageBody": "",
            "insertions": 5,
            "deletions": 0
          },
          {
            "hash": "05ed24b8096b665a3aa1d92c09c8625f429e9336",
            "messageTitle": "[Test] Test travis",
            "messageBody": "",
            "insertions": 1,
            "deletions": 0
          }
        ]
      }
    ]
  },
  "authorFinalContributionMap": {
    "weiijiie": 1573
  },
  "authorFileTypeContributionMap": {
    "weiijiie": {
      "java": 1416,
      "md": 0,
      "fxml": 121,
      "sh": 0,
      "bat": 0,
      "gradle": 36,
      "txt": 0
    }
  },
  "authorContributionVariance": {
    "weiijiie": 74752.18
  },
  "authorDisplayNameMap": {
    "weiijiie": "CS2103T-F12-4 HUANG ... EIJIE"
  }
}
