{
  "authorDailyContributionsMap": {
    "chen-xi-cx": [
      {
        "insertions": 258,
        "deletions": 44,
        "date": "2019-08-22",
        "commitResults": [
          {
            "hash": "eb27aa52c13a255cc4dff8ae65dafa20eecb3404",
            "messageTitle": "Add Level-1 increment",
            "messageBody": "",
            "insertions": 26,
            "deletions": 6
          },
          {
            "hash": "45feb5a6a0c2ed17c3643e1ee4755004ffd8610d",
            "messageTitle": "fix syntax of Duke constructor",
            "messageBody": "",
            "insertions": 7,
            "deletions": 7
          },
          {
            "hash": "5c92d361cff08a202610626688a833dd263a7015",
            "messageTitle": "Add Level-2 increment",
            "messageBody": "",
            "insertions": 15,
            "deletions": 4
          },
          {
            "hash": "57e57e6022b3f402c7965dd251e8650d8c2d42a0",
            "messageTitle": "Add Task.java and Level-3 increment",
            "messageBody": "",
            "insertions": 67,
            "deletions": 14
          },
          {
            "hash": "327ae1467769271e4248700ba1c8ef4096722d19",
            "messageTitle": "Add Deadline.java",
            "messageBody": "",
            "insertions": 14,
            "deletions": 0
          },
          {
            "hash": "1f181278ad893dfbe4cc1c6361139cdb5fd05376",
            "messageTitle": "add Event.java",
            "messageBody": "",
            "insertions": 14,
            "deletions": 0
          },
          {
            "hash": "e49f54995dcd4b1979c921b4695c4761ce9d1855",
            "messageTitle": "Add ToDo.java",
            "messageBody": "",
            "insertions": 11,
            "deletions": 0
          },
          {
            "hash": "3717271fd3552df6e24e2db271b7830e0d080d9e",
            "messageTitle": "Add Level-4 increment",
            "messageBody": "",
            "insertions": 44,
            "deletions": 7
          },
          {
            "hash": "23aff5407db98a6a2f1d924894c578a39e262885",
            "messageTitle": "Add DukeException.java",
            "messageBody": "",
            "insertions": 21,
            "deletions": 0
          },
          {
            "hash": "fe455072f96d0fa893c8b1e8f49dfa71c9d6b54a",
            "messageTitle": "Add Level-5 increment.Handle error: todo/event/deadline without detail/date.",
            "messageBody": "",
            "insertions": 13,
            "deletions": 5
          },
          {
            "hash": "ac46651b2de742b0519b1c5bc7a950660c02aec8",
            "messageTitle": "Add Level-6 increment: Duke now supports delete task function",
            "messageBody": "",
            "insertions": 26,
            "deletions": 1
          }
        ]
      },
      {
        "insertions": 592,
        "deletions": 274,
        "date": "2019-08-26",
        "commitResults": [
          {
            "hash": "405b82eb16aae8b7425201132cd545143f3fd82b",
            "messageTitle": "Duke.java: fix indentation of switch case",
            "messageBody": "",
            "insertions": 18,
            "deletions": 18
          },
          {
            "hash": "afe98b6b7f903663f47dbbf6db343602b5b2bc62",
            "messageTitle": "Add Level-7 increment: duke can save and read task list from hard disk",
            "messageBody": "",
            "insertions": 138,
            "deletions": 18
          },
          {
            "hash": "79cb08fdb4494359d75c98de89e48c841c1231f2",
            "messageTitle": "Add Level-8 increment: store date as Date type instead of String",
            "messageBody": "",
            "insertions": 38,
            "deletions": 16
          },
          {
            "hash": "3bde074b4045e768fbc22d25122b3acbe2d4e3e1",
            "messageTitle": "Fix Level-8 increment bug after merging branch-Level-8",
            "messageBody": "",
            "insertions": 34,
            "deletions": 11
          },
          {
            "hash": "78f6c6e209741401e8e44bf392cf64c853e059f0",
            "messageTitle": "Remove StringToDateConverter.java",
            "messageBody": "",
            "insertions": 0,
            "deletions": 10
          },
          {
            "hash": "e5e8c92b8163f00b6a949cc039aa06c738e736cd",
            "messageTitle": "Add part of More OOP: add loading files from Storage Class",
            "messageBody": "",
            "insertions": 108,
            "deletions": 13
          },
          {
            "hash": "8e643c41dfdb01b31b9c2fecf69c14e3855f0471",
            "messageTitle": "Add more OOP: refactor bye and done command",
            "messageBody": "",
            "insertions": 78,
            "deletions": 41
          },
          {
            "hash": "991d094ad60fb2f217d1c06fc5fe5d13f7c7348a",
            "messageTitle": "Add more OOP: refactor Delete command",
            "messageBody": "",
            "insertions": 28,
            "deletions": 29
          },
          {
            "hash": "5ef95ba80858c0b43c3747c61db80795d61fb2cf",
            "messageTitle": "Add more OOP: refactor Todo command",
            "messageBody": "remove Deadline and Event command\n",
            "insertions": 84,
            "deletions": 60
          },
          {
            "hash": "158413c62b357d783473a48be85f6762c5435792",
            "messageTitle": "Add more OOP: refactor Deadline and Event command",
            "messageBody": "",
            "insertions": 66,
            "deletions": 54
          },
          {
            "hash": "87af375df2ca826821993afce8531b40378d668a",
            "messageTitle": "Remove unused imports",
            "messageBody": "",
            "insertions": 0,
            "deletions": 4
          }
        ]
      },
      {
        "insertions": 243,
        "deletions": 126,
        "date": "2019-08-27",
        "commitResults": [
          {
            "hash": "62c20ee2d1e9b712b8011f40211b89a12b851f50",
            "messageTitle": "Add more OOP: refactor file saving feature",
            "messageBody": "Fix incorrect loading of ToDo from duke.txt\n",
            "insertions": 48,
            "deletions": 5
          },
          {
            "hash": "2d7935ce5d4c613ee3e7c07a9b1727a10ca0f10f",
            "messageTitle": "Remove TaskFileReader.java",
            "messageBody": "",
            "insertions": 0,
            "deletions": 44
          },
          {
            "hash": "3a4b5ab36d4118441c676bb216bcbd2ab27fa934",
            "messageTitle": "Remove TaskFileWriter.java",
            "messageBody": "",
            "insertions": 0,
            "deletions": 46
          },
          {
            "hash": "a70d617ef8454304fc6ede09ab503e74c952d64d",
            "messageTitle": "Add more OOP: refactor DukeException",
            "messageBody": "Add A-MoreOOP increment\n",
            "insertions": 24,
            "deletions": 23
          },
          {
            "hash": "b6fa2231455fbc71b8023ecb92da48d715a7ce56",
            "messageTitle": "Add data directory",
            "messageBody": "",
            "insertions": 1,
            "deletions": 0
          },
          {
            "hash": "dbeeca0812501662e7b7fd81b5ac37118b4b9647",
            "messageTitle": "Remove duke.txt",
            "messageBody": "",
            "insertions": 0,
            "deletions": 1
          },
          {
            "hash": "613c6abd8c93719173acafd3ba9d5e413f90310c",
            "messageTitle": "Add A-Packages increment",
            "messageBody": "",
            "insertions": 94,
            "deletions": 5
          },
          {
            "hash": "8968cb83a0d010adf41836957e28b3a547105c21",
            "messageTitle": "Add A-JUnit increment",
            "messageBody": "",
            "insertions": 76,
            "deletions": 2
          }
        ]
      },
      {
        "insertions": 299,
        "deletions": 17,
        "date": "2019-08-28",
        "commitResults": [
          {
            "hash": "1caeb3983c8f9ee4d6d134786f0870545a20cc23",
            "messageTitle": "Add JavaDoc to Command.java",
            "messageBody": "",
            "insertions": 13,
            "deletions": 0
          },
          {
            "hash": "bac09244f018ec860504c889b810e973a0bd7f14",
            "messageTitle": "Add A-JavaDoc: add JavaDoc comment to all files",
            "messageBody": "",
            "insertions": 230,
            "deletions": 0
          },
          {
            "hash": "e9c9e7d713eda2197ebcc8f1ea3c20b11288902c",
            "messageTitle": "Add A-CodingStandard: fix all code to follow coding standard",
            "messageBody": "",
            "insertions": 15,
            "deletions": 17
          },
          {
            "hash": "312a23347f57910e69c368e4e3b387f5e3ed3259",
            "messageTitle": "Add Level-9 increment: add find command",
            "messageBody": "",
            "insertions": 41,
            "deletions": 0
          }
        ]
      },
      {
        "insertions": 131,
        "deletions": 56,
        "date": "2019-09-02",
        "commitResults": [
          {
            "hash": "9bf0e0f6a8b1e1b9a53f7494d41744300ef9e8fb",
            "messageTitle": "Modify build.gralde: change mainClassName",
            "messageBody": "Fix done and delete command index out of bound error when user input is \u0027done\u0027 or \u0027delete\u0027\n",
            "insertions": 4,
            "deletions": 1
          },
          {
            "hash": "adc277a8757bdc92c427499b3312edf481fffb2e",
            "messageTitle": "Add check style and resolve all check style error",
            "messageBody": "",
            "insertions": 127,
            "deletions": 55
          }
        ]
      },
      {
        "insertions": 480,
        "deletions": 67,
        "date": "2019-09-03",
        "commitResults": [
          {
            "hash": "c1016964b0af3e1431c1eb6acbc22b9643dbdb3f",
            "messageTitle": "Add A-Gradle increment",
            "messageBody": "",
            "insertions": 16,
            "deletions": 0
          },
          {
            "hash": "bfedc348471ea586a712398ae1d60f43e0630d97",
            "messageTitle": "Modify build.gradle to support JavaFx",
            "messageBody": "",
            "insertions": 10,
            "deletions": 0
          },
          {
            "hash": "81abddcd559c1fbcf99d7ead6dd2dc528ca78c15",
            "messageTitle": "Add GUI for Duke",
            "messageBody": "GUI now shows welcome message but Duke only reply haha to any input\n",
            "insertions": 205,
            "deletions": 8
          },
          {
            "hash": "a3067906c977d6ea495fe2f1896cef71953b8a8a",
            "messageTitle": "Refactor all Command class and Ui class",
            "messageBody": "",
            "insertions": 115,
            "deletions": 43
          },
          {
            "hash": "4b374c5c2ee7f30db288020cd5da1df84aa6ae3d",
            "messageTitle": "Add Level-10 increment: Duke now has GUI",
            "messageBody": "",
            "insertions": 134,
            "deletions": 16
          }
        ]
      },
      {
        "insertions": 156,
        "deletions": 129,
        "date": "2019-09-09",
        "commitResults": [
          {
            "hash": "aa3b61962f2eaa17c5ec58816079c6cabdf05452",
            "messageTitle": "Add Java assert to DeleteCommand.java and DoneCommand.java",
            "messageBody": "",
            "insertions": 3,
            "deletions": 0
          },
          {
            "hash": "59715cef78f04116f731d696a2aa2607477c1acf",
            "messageTitle": "Rewrite exception logic of StringDateConverter.java",
            "messageBody": "",
            "insertions": 11,
            "deletions": 8
          },
          {
            "hash": "ee915e726bef6f2fc8c84dbea2339331379286f9",
            "messageTitle": "Modify EventCommand.java to catch ParseException",
            "messageBody": "",
            "insertions": 3,
            "deletions": 2
          },
          {
            "hash": "5427ddc8f13d4fb55bade62115d1fb54bdd0d5a3",
            "messageTitle": "Rewrite Exception logic of DeleteCommand.java and DoneCommand.java",
            "messageBody": "",
            "insertions": 6,
            "deletions": 8
          },
          {
            "hash": "5fbbb279f510fde6eb2204d3eead3d3661b8c067",
            "messageTitle": "Rewrite logic of DukeException.java to use Java enum",
            "messageBody": "",
            "insertions": 20,
            "deletions": 13
          },
          {
            "hash": "ad7b80882357d3995e56873230f5fb978c7982e6",
            "messageTitle": "Refactor save() method in Storage.java",
            "messageBody": "",
            "insertions": 59,
            "deletions": 39
          },
          {
            "hash": "892b834ac33af46f0c595ca07ae8f246fd0d5a25",
            "messageTitle": "Rename attribute in DeadlineCommand.java and DeleteCommand.java",
            "messageBody": "Delete IncorrectCommand.java\n",
            "insertions": 13,
            "deletions": 35
          },
          {
            "hash": "9868aa4a5777368934417e8a476cb5fa968c152e",
            "messageTitle": "Refactor Parser.java",
            "messageBody": "",
            "insertions": 41,
            "deletions": 24
          }
        ]
      },
      {
        "insertions": 202,
        "deletions": 78,
        "date": "2019-09-10",
        "commitResults": [
          {
            "hash": "ffd3dfcb7e02a8400b2d12f268b2cb9325b9a903",
            "messageTitle": "Rework StringDateConverter.java logic to reject invalid date",
            "messageBody": "",
            "insertions": 35,
            "deletions": 6
          },
          {
            "hash": "0a02d0e533aee3ef44813d6c639333b86ce90326",
            "messageTitle": "Modify return statement of isValidStrDate in StringDateConverter.java",
            "messageBody": "",
            "insertions": 1,
            "deletions": 4
          },
          {
            "hash": "f590a5ecfc90abe2a5f887e1efb47723c567926e",
            "messageTitle": "Refactor Ui.java: ensure SLAP",
            "messageBody": "Fix add event command not working\n",
            "insertions": 7,
            "deletions": 25
          },
          {
            "hash": "4e8692e69362037d5c1a67e3e191e8cce6505636",
            "messageTitle": "Fix Duke not showing printing exception message",
            "messageBody": "Fix IndexOutOfBoundException when command is \u0027/at\u0027 or \u0027/by\u0027 with no date supplied\n",
            "insertions": 12,
            "deletions": 11
          },
          {
            "hash": "fbd7275f55624def57a95cb05dc31a229eef3315",
            "messageTitle": "Add edit feature: to edit a task, enter \u0027edit [task number] [task field] [new date or description]\u0027",
            "messageBody": "Remove TaskTest.java\n",
            "insertions": 147,
            "deletions": 32
          }
        ]
      },
      {
        "insertions": 22,
        "deletions": 6,
        "date": "2019-09-13",
        "commitResults": [
          {
            "hash": "c389ccd4a6f044275696fda0f459a7adb49aa478",
            "messageTitle": "Modify dialog box to extend in height to accomodate long text",
            "messageBody": "",
            "insertions": 3,
            "deletions": 0
          },
          {
            "hash": "63270f1655b70ef4bbf0f4e7af1462ad55d88d52",
            "messageTitle": "GUI closes automatically after bye",
            "messageBody": "",
            "insertions": 4,
            "deletions": 1
          },
          {
            "hash": "b38f2286160db71b4dfdf5bcab6696c6138c98b2",
            "messageTitle": "Change Duke dialogbox to light grey",
            "messageBody": "Remove top spacing of dialogbox\n",
            "insertions": 8,
            "deletions": 1
          },
          {
            "hash": "f4cf6d085fbb522ac1a7907aab96c581edfcb288",
            "messageTitle": "Add spacing between children in dialogbox",
            "messageBody": "",
            "insertions": 7,
            "deletions": 4
          }
        ]
      }
    ]
  },
  "authorFinalContributionMap": {
    "chen-xi-cx": 1596
  },
  "authorFileTypeContributionMap": {
    "chen-xi-cx": {
      "java": 1512,
      "md": 0,
      "fxml": 35,
      "sh": 0,
      "bat": 17,
      "gradle": 32,
      "txt": 0
    }
  },
  "authorContributionVariance": {
    "chen-xi-cx": 42174.5
  },
  "authorDisplayNameMap": {
    "chen-xi-cx": "CS2103-T16-1 CHEN  ... EN XI"
  }
}
