{
  "authorDailyContributionsMap": {
    "SoilingRogue": [
      {
        "insertions": 83,
        "deletions": 12,
        "date": "2019-08-18",
        "commitResults": [
          {
            "hash": "e20d8d2609f9a9d9c8cc809bc7cefd8ec5679e35",
            "messageTitle": "Level-1",
            "messageBody": "",
            "insertions": 17,
            "deletions": 0
          },
          {
            "hash": "f8a8c0a07e9c75143f718325ca93216c0796d3d9",
            "messageTitle": "Level-2",
            "messageBody": "",
            "insertions": 22,
            "deletions": 6
          },
          {
            "hash": "0e88587e608a5ab972f13944510470db944dcd1e",
            "messageTitle": "Level-3",
            "messageBody": "",
            "insertions": 44,
            "deletions": 6
          }
        ]
      },
      {
        "insertions": 351,
        "deletions": 93,
        "date": "2019-08-19",
        "commitResults": [
          {
            "hash": "afa995dbb2c0aef747bf8349b28a468355b00ff5",
            "messageTitle": "Level-4",
            "messageBody": "",
            "insertions": 122,
            "deletions": 31
          },
          {
            "hash": "e749bc0d8d3b61c10cc988d5708266f678680132",
            "messageTitle": "Optimized code for Level-4",
            "messageBody": "",
            "insertions": 24,
            "deletions": 21
          },
          {
            "hash": "da1f2d74b5db0325bc829390a6f9da0014d4acae",
            "messageTitle": "Level-5",
            "messageBody": "",
            "insertions": 70,
            "deletions": 28
          },
          {
            "hash": "788ea245e31bfd9e9da55ffdef5de8eb56c68992",
            "messageTitle": "Level-6",
            "messageBody": "",
            "insertions": 51,
            "deletions": 13
          },
          {
            "hash": "0720ee230ecf5e5439f224b859c57af03dcd9113",
            "messageTitle": "A-TextUiTesting",
            "messageBody": "",
            "insertions": 84,
            "deletions": 0
          },
          {
            "hash": "b841b68696aa9d9d054ac414f3676fba07d48872",
            "messageTitle": "A-TextUiTesting",
            "messageBody": "",
            "insertions": 0,
            "deletions": 0
          }
        ]
      },
      {
        "insertions": 33,
        "deletions": 22,
        "date": "2019-08-20",
        "commitResults": [
          {
            "hash": "6b209e7616524760ef8e5f76b6a7805d8526eac7",
            "messageTitle": "A-TextUiTesting",
            "messageBody": "",
            "insertions": 33,
            "deletions": 22
          }
        ]
      },
      {
        "insertions": 108,
        "deletions": 11,
        "date": "2019-08-25",
        "commitResults": [
          {
            "hash": "a0475b87df12d5e5b59b9f7ec67d73014aed1e9e",
            "messageTitle": "Level-7",
            "messageBody": "",
            "insertions": 108,
            "deletions": 11
          }
        ]
      },
      {
        "insertions": 436,
        "deletions": 207,
        "date": "2019-08-27",
        "commitResults": [
          {
            "hash": "63955316111137cc00b5adb3ded53032d8a2efde",
            "messageTitle": "Level-8",
            "messageBody": "",
            "insertions": 20,
            "deletions": 2
          },
          {
            "hash": "1bc03a65615a62b0af2507da7f5bf2585aad235c",
            "messageTitle": "Incomplete implementation of A-MoreOOP",
            "messageBody": "",
            "insertions": 416,
            "deletions": 205
          }
        ]
      },
      {
        "insertions": 529,
        "deletions": 281,
        "date": "2019-08-28",
        "commitResults": [
          {
            "hash": "803ee86cd944663a7a5020f77ebd0578faf68b12",
            "messageTitle": "A-MoreOOP",
            "messageBody": "",
            "insertions": 174,
            "deletions": 209
          },
          {
            "hash": "73bfb9eed31b1729ae042e94536d548b0bb84eac",
            "messageTitle": "A-Packages",
            "messageBody": "",
            "insertions": 108,
            "deletions": 23
          },
          {
            "hash": "fde63f24882fe1c24e46943d48eba2955cf5adbd",
            "messageTitle": "Level-9",
            "messageBody": "",
            "insertions": 63,
            "deletions": 11
          },
          {
            "hash": "d126119801b2161e8dcda1b82758cd50b6949c7c",
            "messageTitle": "A-CodingStandard",
            "messageBody": "",
            "insertions": 37,
            "deletions": 37
          },
          {
            "hash": "d6792d25122a412e0cc8239a7f3f6526da025a60",
            "messageTitle": "A-Javadoc for Storage.java and Ui.java",
            "messageBody": "",
            "insertions": 47,
            "deletions": 0
          },
          {
            "hash": "6e0855e0b55105286dbdd4ce68f404b62ab5f2a3",
            "messageTitle": "Updated build.gradle",
            "messageBody": "",
            "insertions": 22,
            "deletions": 1
          },
          {
            "hash": "4f968d6e6f4eab618ecd01f15cbfa114e35fa74d",
            "messageTitle": "A-JUnit",
            "messageBody": "",
            "insertions": 78,
            "deletions": 0
          }
        ]
      }
    ]
  },
  "authorFinalContributionMap": {
    "SoilingRogue": 922
  },
  "authorFileTypeContributionMap": {
    "SoilingRogue": {
      "java": 800,
      "md": 0,
      "fxml": 0,
      "sh": 0,
      "bat": 21,
      "gradle": 22,
      "txt": 79
    }
  },
  "authorContributionVariance": {
    "SoilingRogue": 71692.86
  },
  "authorDisplayNameMap": {
    "SoilingRogue": "CS2103T-T12 YUAN  ... ANLEY"
  }
}
