[
  {
    "path": "data/duke.txt",
    "fileType": "txt",
    "lines": [
      {
        "lineNumber": 1,
        "author": {
          "gitId": "C-likethis123"
        },
        "content": "[T][✓] read book"
      },
      {
        "lineNumber": 2,
        "author": {
          "gitId": "C-likethis123"
        },
        "content": "[D][✘] return book (by: June 6th)"
      },
      {
        "lineNumber": 3,
        "author": {
          "gitId": "C-likethis123"
        },
        "content": "[E][✘] project meeting (at: Aug 6th 2-4pm)"
      },
      {
        "lineNumber": 4,
        "author": {
          "gitId": "C-likethis123"
        },
        "content": "[T][✓] join sports club"
      },
      {
        "lineNumber": 5,
        "author": {
          "gitId": "C-likethis123"
        },
        "content": "[T][✘] borrow book"
      },
      {
        "lineNumber": 6,
        "author": {
          "gitId": "C-likethis123"
        },
        "content": "[D][✘] return book (by: Sunday)"
      },
      {
        "lineNumber": 7,
        "author": {
          "gitId": "C-likethis123"
        },
        "content": "[E][✘] project meeting (at: Mon 2-4pm)"
      }
    ],
    "authorContributionMap": {
      "C-likethis123": 7
    }
  },
  {
    "path": "src/main/java/Deadline.java",
    "fileType": "java",
    "lines": [
      {
        "lineNumber": 1,
        "author": {
          "gitId": "C-likethis123"
        },
        "content": "/**"
      },
      {
        "lineNumber": 2,
        "author": {
          "gitId": "C-likethis123"
        },
        "content": " * This class represents Deadline tasks which is a type of Task."
      },
      {
        "lineNumber": 3,
        "author": {
          "gitId": "C-likethis123"
        },
        "content": " */"
      },
      {
        "lineNumber": 4,
        "author": {
          "gitId": "C-likethis123"
        },
        "content": "public class Deadline extends Task {"
      },
      {
        "lineNumber": 5,
        "author": {
          "gitId": "C-likethis123"
        },
        "content": "    String deadline;"
      },
      {
        "lineNumber": 6,
        "author": {
          "gitId": "C-likethis123"
        },
        "content": ""
      },
      {
        "lineNumber": 7,
        "author": {
          "gitId": "C-likethis123"
        },
        "content": "    public Deadline(String description, String deadline) {"
      },
      {
        "lineNumber": 8,
        "author": {
          "gitId": "C-likethis123"
        },
        "content": "        super(description);"
      },
      {
        "lineNumber": 9,
        "author": {
          "gitId": "C-likethis123"
        },
        "content": "        this.typeOfTask \u003d \"[D]\";"
      },
      {
        "lineNumber": 10,
        "author": {
          "gitId": "C-likethis123"
        },
        "content": "        this.deadline \u003d deadline;"
      },
      {
        "lineNumber": 11,
        "author": {
          "gitId": "C-likethis123"
        },
        "content": "    }"
      },
      {
        "lineNumber": 12,
        "author": {
          "gitId": "C-likethis123"
        },
        "content": ""
      },
      {
        "lineNumber": 13,
        "author": {
          "gitId": "C-likethis123"
        },
        "content": "    @Override"
      },
      {
        "lineNumber": 14,
        "author": {
          "gitId": "C-likethis123"
        },
        "content": "    public String toString() {"
      },
      {
        "lineNumber": 15,
        "author": {
          "gitId": "C-likethis123"
        },
        "content": "        return super.toString() + \" (by: \" + deadline + \")\";"
      },
      {
        "lineNumber": 16,
        "author": {
          "gitId": "C-likethis123"
        },
        "content": "    }"
      },
      {
        "lineNumber": 17,
        "author": {
          "gitId": "C-likethis123"
        },
        "content": "}"
      }
    ],
    "authorContributionMap": {
      "C-likethis123": 17
    }
  },
  {
    "path": "src/main/java/Duke.java",
    "fileType": "java",
    "lines": [
      {
        "lineNumber": 1,
        "author": {
          "gitId": "C-likethis123"
        },
        "content": "import java.util.Scanner;"
      },
      {
        "lineNumber": 2,
        "author": {
          "gitId": "C-likethis123"
        },
        "content": "import java.util.ArrayList;"
      },
      {
        "lineNumber": 3,
        "author": {
          "gitId": "C-likethis123"
        },
        "content": ""
      },
      {
        "lineNumber": 4,
        "author": {
          "gitId": "-"
        },
        "content": "public class Duke {"
      },
      {
        "lineNumber": 5,
        "author": {
          "gitId": "C-likethis123"
        },
        "content": "    public static final String LINE \u003d \"    ____________________________________________________________\";"
      },
      {
        "lineNumber": 6,
        "author": {
          "gitId": "C-likethis123"
        },
        "content": "    public static final String TABS \u003d \"     \";"
      },
      {
        "lineNumber": 7,
        "author": {
          "gitId": "C-likethis123"
        },
        "content": ""
      },
      {
        "lineNumber": 8,
        "author": {
          "gitId": "C-likethis123"
        },
        "content": "    static ArrayList\u003cTask\u003e taskList \u003d new ArrayList\u003cTask\u003e();"
      },
      {
        "lineNumber": 9,
        "author": {
          "gitId": "C-likethis123"
        },
        "content": ""
      },
      {
        "lineNumber": 10,
        "author": {
          "gitId": "C-likethis123"
        },
        "content": "    public static void welcomeMessage() {"
      },
      {
        "lineNumber": 11,
        "author": {
          "gitId": "C-likethis123"
        },
        "content": "        System.out.println(LINE);"
      },
      {
        "lineNumber": 12,
        "author": {
          "gitId": "C-likethis123"
        },
        "content": "        System.out.println(TABS + \"Hello! I\u0027m Duke\\n\"+ TABS +\"What can I do for you?\");"
      },
      {
        "lineNumber": 13,
        "author": {
          "gitId": "C-likethis123"
        },
        "content": "        System.out.println(LINE);"
      },
      {
        "lineNumber": 14,
        "author": {
          "gitId": "C-likethis123"
        },
        "content": "    }"
      },
      {
        "lineNumber": 15,
        "author": {
          "gitId": "C-likethis123"
        },
        "content": ""
      },
      {
        "lineNumber": 16,
        "author": {
          "gitId": "C-likethis123"
        },
        "content": "    private static void displayNumberOfTasks() {"
      },
      {
        "lineNumber": 17,
        "author": {
          "gitId": "C-likethis123"
        },
        "content": "        if (taskList.size() \u003d\u003d 1) {"
      },
      {
        "lineNumber": 18,
        "author": {
          "gitId": "C-likethis123"
        },
        "content": "            System.out.printf(\"%sNow you have %d task in the list.\\n\", TABS, taskList.size());"
      },
      {
        "lineNumber": 19,
        "author": {
          "gitId": "C-likethis123"
        },
        "content": "        } else {"
      },
      {
        "lineNumber": 20,
        "author": {
          "gitId": "C-likethis123"
        },
        "content": "            System.out.printf(\"%sNow you have %d tasks in the list.\\n\", TABS, taskList.size());"
      },
      {
        "lineNumber": 21,
        "author": {
          "gitId": "C-likethis123"
        },
        "content": "        }"
      },
      {
        "lineNumber": 22,
        "author": {
          "gitId": "C-likethis123"
        },
        "content": "    }"
      },
      {
        "lineNumber": 23,
        "author": {
          "gitId": "C-likethis123"
        },
        "content": ""
      },
      {
        "lineNumber": 24,
        "author": {
          "gitId": "-"
        },
        "content": "    public static void main(String[] args) {"
      },
      {
        "lineNumber": 25,
        "author": {
          "gitId": "C-likethis123"
        },
        "content": "        welcomeMessage();"
      },
      {
        "lineNumber": 26,
        "author": {
          "gitId": "C-likethis123"
        },
        "content": "        Scanner sc \u003d new Scanner(System.in); //gets commands from user"
      },
      {
        "lineNumber": 27,
        "author": {
          "gitId": "C-likethis123"
        },
        "content": "        String userCommand \u003d sc.nextLine();"
      },
      {
        "lineNumber": 28,
        "author": {
          "gitId": "C-likethis123"
        },
        "content": ""
      },
      {
        "lineNumber": 29,
        "author": {
          "gitId": "C-likethis123"
        },
        "content": "        //while loop that takes in user inputs"
      },
      {
        "lineNumber": 30,
        "author": {
          "gitId": "C-likethis123"
        },
        "content": "        while (true) {"
      },
      {
        "lineNumber": 31,
        "author": {
          "gitId": "C-likethis123"
        },
        "content": "            try {"
      },
      {
        "lineNumber": 32,
        "author": {
          "gitId": "C-likethis123"
        },
        "content": "                System.out.println(LINE);"
      },
      {
        "lineNumber": 33,
        "author": {
          "gitId": "C-likethis123"
        },
        "content": "                //program runs this command when userCommand is bye"
      },
      {
        "lineNumber": 34,
        "author": {
          "gitId": "C-likethis123"
        },
        "content": "                if (userCommand.equals(\"bye\")) {"
      },
      {
        "lineNumber": 35,
        "author": {
          "gitId": "C-likethis123"
        },
        "content": "                    System.out.println(TABS + \"Bye. Hope to see you again soon!\");"
      },
      {
        "lineNumber": 36,
        "author": {
          "gitId": "C-likethis123"
        },
        "content": "                    System.out.println(LINE);"
      },
      {
        "lineNumber": 37,
        "author": {
          "gitId": "C-likethis123"
        },
        "content": "                    break;"
      },
      {
        "lineNumber": 38,
        "author": {
          "gitId": "C-likethis123"
        },
        "content": "                } else if (userCommand.equals(\"list\")) {"
      },
      {
        "lineNumber": 39,
        "author": {
          "gitId": "C-likethis123"
        },
        "content": "                    System.out.println(TABS + \"Here are the tasks in your list:\");"
      },
      {
        "lineNumber": 40,
        "author": {
          "gitId": "C-likethis123"
        },
        "content": "                    //program displays all Tasks in taskList"
      },
      {
        "lineNumber": 41,
        "author": {
          "gitId": "C-likethis123"
        },
        "content": "                    String displayedMessage \u003d \"\";"
      },
      {
        "lineNumber": 42,
        "author": {
          "gitId": "C-likethis123"
        },
        "content": "                    Integer index \u003d 1;"
      },
      {
        "lineNumber": 43,
        "author": {
          "gitId": "C-likethis123"
        },
        "content": "                    for (Task taskItem : taskList) {"
      },
      {
        "lineNumber": 44,
        "author": {
          "gitId": "C-likethis123"
        },
        "content": "                        displayedMessage +\u003d TABS + index.toString() + \".\" + taskItem + \"\\n\";"
      },
      {
        "lineNumber": 45,
        "author": {
          "gitId": "C-likethis123"
        },
        "content": "                        index++;"
      },
      {
        "lineNumber": 46,
        "author": {
          "gitId": "C-likethis123"
        },
        "content": "                    }"
      },
      {
        "lineNumber": 47,
        "author": {
          "gitId": "C-likethis123"
        },
        "content": "                    System.out.print(displayedMessage);"
      },
      {
        "lineNumber": 48,
        "author": {
          "gitId": "C-likethis123"
        },
        "content": "                } else if (userCommand.startsWith(\"done\")) {"
      },
      {
        "lineNumber": 49,
        "author": {
          "gitId": "C-likethis123"
        },
        "content": "                    //program marks a Task as done"
      },
      {
        "lineNumber": 50,
        "author": {
          "gitId": "C-likethis123"
        },
        "content": "                    System.out.println(TABS + \"Nice! I\u0027ve marked this task as done: \");"
      },
      {
        "lineNumber": 51,
        "author": {
          "gitId": "C-likethis123"
        },
        "content": "                    int taskNumber \u003d Character.getNumericValue(userCommand.charAt(5));"
      },
      {
        "lineNumber": 52,
        "author": {
          "gitId": "C-likethis123"
        },
        "content": "                    Task taskCompleted \u003d taskList.get(taskNumber - 1);"
      },
      {
        "lineNumber": 53,
        "author": {
          "gitId": "C-likethis123"
        },
        "content": "                    taskCompleted.markAsDone();"
      },
      {
        "lineNumber": 54,
        "author": {
          "gitId": "C-likethis123"
        },
        "content": "                    System.out.println(TABS + \"  \" + taskCompleted.toString());"
      },
      {
        "lineNumber": 55,
        "author": {
          "gitId": "C-likethis123"
        },
        "content": "                } else if (userCommand.startsWith(\"delete\")){"
      },
      {
        "lineNumber": 56,
        "author": {
          "gitId": "C-likethis123"
        },
        "content": "                    //program deletes a Task from taskList"
      },
      {
        "lineNumber": 57,
        "author": {
          "gitId": "C-likethis123"
        },
        "content": "                    int taskNumber \u003d Character.getNumericValue(userCommand.charAt(7));"
      },
      {
        "lineNumber": 58,
        "author": {
          "gitId": "C-likethis123"
        },
        "content": "                    Task taskToDelete \u003d taskList.remove(taskNumber - 1);"
      },
      {
        "lineNumber": 59,
        "author": {
          "gitId": "C-likethis123"
        },
        "content": "                    System.out.println(TABS + \"Noted. I\u0027ve removed this task: \");"
      },
      {
        "lineNumber": 60,
        "author": {
          "gitId": "C-likethis123"
        },
        "content": "                    System.out.println(TABS + \"  \" + taskToDelete.toString());"
      },
      {
        "lineNumber": 61,
        "author": {
          "gitId": "C-likethis123"
        },
        "content": "                    displayNumberOfTasks();"
      },
      {
        "lineNumber": 62,
        "author": {
          "gitId": "C-likethis123"
        },
        "content": "                } else {"
      },
      {
        "lineNumber": 63,
        "author": {
          "gitId": "C-likethis123"
        },
        "content": "                    //program checks what type of task it is"
      },
      {
        "lineNumber": 64,
        "author": {
          "gitId": "C-likethis123"
        },
        "content": "                    Task userTask;"
      },
      {
        "lineNumber": 65,
        "author": {
          "gitId": "C-likethis123"
        },
        "content": "                    if (userCommand.startsWith(\"todo\")) {"
      },
      {
        "lineNumber": 66,
        "author": {
          "gitId": "C-likethis123"
        },
        "content": "                        String task \u003d userCommand.replaceFirst(\"todo\", \"\");"
      },
      {
        "lineNumber": 67,
        "author": {
          "gitId": "C-likethis123"
        },
        "content": "                        if (task.isEmpty()) {"
      },
      {
        "lineNumber": 68,
        "author": {
          "gitId": "C-likethis123"
        },
        "content": "                            throw new EmptyToDoDescriptionException(\"The description of a todo cannot be empty. \");"
      },
      {
        "lineNumber": 69,
        "author": {
          "gitId": "C-likethis123"
        },
        "content": "                        } else {"
      },
      {
        "lineNumber": 70,
        "author": {
          "gitId": "C-likethis123"
        },
        "content": "                            //removes space in the beginning"
      },
      {
        "lineNumber": 71,
        "author": {
          "gitId": "C-likethis123"
        },
        "content": "                            task \u003d task.replaceFirst(\" \", \"\");"
      },
      {
        "lineNumber": 72,
        "author": {
          "gitId": "C-likethis123"
        },
        "content": "                            userTask \u003d new ToDo(task);"
      },
      {
        "lineNumber": 73,
        "author": {
          "gitId": "C-likethis123"
        },
        "content": "                        }"
      },
      {
        "lineNumber": 74,
        "author": {
          "gitId": "C-likethis123"
        },
        "content": "                    } else if (userCommand.startsWith(\"deadline\")) {"
      },
      {
        "lineNumber": 75,
        "author": {
          "gitId": "C-likethis123"
        },
        "content": "                        String task \u003d userCommand.replaceFirst(\"deadline \", \"\");"
      },
      {
        "lineNumber": 76,
        "author": {
          "gitId": "C-likethis123"
        },
        "content": "                        String[] taskInformation \u003d task.split(\" /by \");"
      },
      {
        "lineNumber": 77,
        "author": {
          "gitId": "C-likethis123"
        },
        "content": "                        userTask \u003d new Deadline(taskInformation[0], taskInformation[1]);"
      },
      {
        "lineNumber": 78,
        "author": {
          "gitId": "C-likethis123"
        },
        "content": "                    } else if (userCommand.startsWith(\"event\")) {"
      },
      {
        "lineNumber": 79,
        "author": {
          "gitId": "C-likethis123"
        },
        "content": "                        String task \u003d userCommand.replaceFirst(\"event \", \"\");"
      },
      {
        "lineNumber": 80,
        "author": {
          "gitId": "C-likethis123"
        },
        "content": "                        String[] taskInformation \u003d task.split(\" /at \");"
      },
      {
        "lineNumber": 81,
        "author": {
          "gitId": "C-likethis123"
        },
        "content": "                        userTask \u003d new Event(taskInformation[0], taskInformation[1]);"
      },
      {
        "lineNumber": 82,
        "author": {
          "gitId": "C-likethis123"
        },
        "content": "                    } else {"
      },
      {
        "lineNumber": 83,
        "author": {
          "gitId": "C-likethis123"
        },
        "content": "                        throw new UnknownCommandException(\"I\u0027m sorry, but I don\u0027t know what that means :-(\");"
      },
      {
        "lineNumber": 84,
        "author": {
          "gitId": "C-likethis123"
        },
        "content": "                    }"
      },
      {
        "lineNumber": 85,
        "author": {
          "gitId": "C-likethis123"
        },
        "content": "                    taskList.add(userTask);"
      },
      {
        "lineNumber": 86,
        "author": {
          "gitId": "C-likethis123"
        },
        "content": "                    System.out.println(TABS + \"Got it. I\u0027ve added this task: \");"
      },
      {
        "lineNumber": 87,
        "author": {
          "gitId": "C-likethis123"
        },
        "content": "                    System.out.println(TABS + \"  \" + userTask.toString());"
      },
      {
        "lineNumber": 88,
        "author": {
          "gitId": "C-likethis123"
        },
        "content": ""
      },
      {
        "lineNumber": 89,
        "author": {
          "gitId": "C-likethis123"
        },
        "content": "                    displayNumberOfTasks();"
      },
      {
        "lineNumber": 90,
        "author": {
          "gitId": "C-likethis123"
        },
        "content": "                }"
      },
      {
        "lineNumber": 91,
        "author": {
          "gitId": "C-likethis123"
        },
        "content": "            } catch (DukeException ex) {"
      },
      {
        "lineNumber": 92,
        "author": {
          "gitId": "C-likethis123"
        },
        "content": "                System.out.println(TABS + \"☹ OOPS!!! \" + ex.getMessage());"
      },
      {
        "lineNumber": 93,
        "author": {
          "gitId": "C-likethis123"
        },
        "content": "            }"
      },
      {
        "lineNumber": 94,
        "author": {
          "gitId": "C-likethis123"
        },
        "content": ""
      },
      {
        "lineNumber": 95,
        "author": {
          "gitId": "C-likethis123"
        },
        "content": "            System.out.println(LINE);"
      },
      {
        "lineNumber": 96,
        "author": {
          "gitId": "C-likethis123"
        },
        "content": "            userCommand \u003d sc.nextLine();"
      },
      {
        "lineNumber": 97,
        "author": {
          "gitId": "C-likethis123"
        },
        "content": "        }"
      },
      {
        "lineNumber": 98,
        "author": {
          "gitId": "C-likethis123"
        },
        "content": ""
      },
      {
        "lineNumber": 99,
        "author": {
          "gitId": "C-likethis123"
        },
        "content": ""
      },
      {
        "lineNumber": 100,
        "author": {
          "gitId": "-"
        },
        "content": "    }"
      },
      {
        "lineNumber": 101,
        "author": {
          "gitId": "-"
        },
        "content": "}"
      }
    ],
    "authorContributionMap": {
      "C-likethis123": 97,
      "-": 4
    }
  },
  {
    "path": "src/main/java/DukeException.java",
    "fileType": "java",
    "lines": [
      {
        "lineNumber": 1,
        "author": {
          "gitId": "C-likethis123"
        },
        "content": "public class DukeException extends Exception {"
      },
      {
        "lineNumber": 2,
        "author": {
          "gitId": "C-likethis123"
        },
        "content": "    public DukeException(String message) {"
      },
      {
        "lineNumber": 3,
        "author": {
          "gitId": "C-likethis123"
        },
        "content": "        super(message);"
      },
      {
        "lineNumber": 4,
        "author": {
          "gitId": "C-likethis123"
        },
        "content": "    }"
      },
      {
        "lineNumber": 5,
        "author": {
          "gitId": "C-likethis123"
        },
        "content": "}"
      },
      {
        "lineNumber": 6,
        "author": {
          "gitId": "C-likethis123"
        },
        "content": ""
      },
      {
        "lineNumber": 7,
        "author": {
          "gitId": "C-likethis123"
        },
        "content": "class EmptyToDoDescriptionException extends DukeException {"
      },
      {
        "lineNumber": 8,
        "author": {
          "gitId": "C-likethis123"
        },
        "content": "    public EmptyToDoDescriptionException(String message) {"
      },
      {
        "lineNumber": 9,
        "author": {
          "gitId": "C-likethis123"
        },
        "content": "        super(message);"
      },
      {
        "lineNumber": 10,
        "author": {
          "gitId": "C-likethis123"
        },
        "content": "    }"
      },
      {
        "lineNumber": 11,
        "author": {
          "gitId": "C-likethis123"
        },
        "content": "}"
      },
      {
        "lineNumber": 12,
        "author": {
          "gitId": "C-likethis123"
        },
        "content": ""
      },
      {
        "lineNumber": 13,
        "author": {
          "gitId": "C-likethis123"
        },
        "content": "class UnknownCommandException extends DukeException {"
      },
      {
        "lineNumber": 14,
        "author": {
          "gitId": "C-likethis123"
        },
        "content": "    public UnknownCommandException(String message) {"
      },
      {
        "lineNumber": 15,
        "author": {
          "gitId": "C-likethis123"
        },
        "content": "        super(message);"
      },
      {
        "lineNumber": 16,
        "author": {
          "gitId": "C-likethis123"
        },
        "content": "    }"
      },
      {
        "lineNumber": 17,
        "author": {
          "gitId": "C-likethis123"
        },
        "content": "}"
      }
    ],
    "authorContributionMap": {
      "C-likethis123": 17
    }
  },
  {
    "path": "src/main/java/Event.java",
    "fileType": "java",
    "lines": [
      {
        "lineNumber": 1,
        "author": {
          "gitId": "C-likethis123"
        },
        "content": "/**"
      },
      {
        "lineNumber": 2,
        "author": {
          "gitId": "C-likethis123"
        },
        "content": " * This class represents Event tasks which is a type of Task."
      },
      {
        "lineNumber": 3,
        "author": {
          "gitId": "C-likethis123"
        },
        "content": " */"
      },
      {
        "lineNumber": 4,
        "author": {
          "gitId": "C-likethis123"
        },
        "content": "public class Event extends Task {"
      },
      {
        "lineNumber": 5,
        "author": {
          "gitId": "C-likethis123"
        },
        "content": "    String at;"
      },
      {
        "lineNumber": 6,
        "author": {
          "gitId": "C-likethis123"
        },
        "content": "    public Event(String description, String at) {"
      },
      {
        "lineNumber": 7,
        "author": {
          "gitId": "C-likethis123"
        },
        "content": "        super(description);"
      },
      {
        "lineNumber": 8,
        "author": {
          "gitId": "C-likethis123"
        },
        "content": "        this.typeOfTask \u003d \"[E]\";"
      },
      {
        "lineNumber": 9,
        "author": {
          "gitId": "C-likethis123"
        },
        "content": "        this.at \u003d at;"
      },
      {
        "lineNumber": 10,
        "author": {
          "gitId": "C-likethis123"
        },
        "content": "    }"
      },
      {
        "lineNumber": 11,
        "author": {
          "gitId": "C-likethis123"
        },
        "content": ""
      },
      {
        "lineNumber": 12,
        "author": {
          "gitId": "C-likethis123"
        },
        "content": "    @Override"
      },
      {
        "lineNumber": 13,
        "author": {
          "gitId": "C-likethis123"
        },
        "content": "    public String toString() {"
      },
      {
        "lineNumber": 14,
        "author": {
          "gitId": "C-likethis123"
        },
        "content": "        return super.toString() + \" (at: \" + at + \")\";"
      },
      {
        "lineNumber": 15,
        "author": {
          "gitId": "C-likethis123"
        },
        "content": "    }"
      },
      {
        "lineNumber": 16,
        "author": {
          "gitId": "C-likethis123"
        },
        "content": "}"
      }
    ],
    "authorContributionMap": {
      "C-likethis123": 16
    }
  },
  {
    "path": "src/main/java/Task.java",
    "fileType": "java",
    "lines": [
      {
        "lineNumber": 1,
        "author": {
          "gitId": "C-likethis123"
        },
        "content": "public class Task {"
      },
      {
        "lineNumber": 2,
        "author": {
          "gitId": "C-likethis123"
        },
        "content": "    String description;"
      },
      {
        "lineNumber": 3,
        "author": {
          "gitId": "C-likethis123"
        },
        "content": "    boolean isDone;"
      },
      {
        "lineNumber": 4,
        "author": {
          "gitId": "C-likethis123"
        },
        "content": "    String typeOfTask \u003d \"\";"
      },
      {
        "lineNumber": 5,
        "author": {
          "gitId": "C-likethis123"
        },
        "content": ""
      },
      {
        "lineNumber": 6,
        "author": {
          "gitId": "C-likethis123"
        },
        "content": "    public Task(String description) {"
      },
      {
        "lineNumber": 7,
        "author": {
          "gitId": "C-likethis123"
        },
        "content": "        this.description \u003d description;"
      },
      {
        "lineNumber": 8,
        "author": {
          "gitId": "C-likethis123"
        },
        "content": "        this.isDone \u003d false;"
      },
      {
        "lineNumber": 9,
        "author": {
          "gitId": "C-likethis123"
        },
        "content": "    }"
      },
      {
        "lineNumber": 10,
        "author": {
          "gitId": "C-likethis123"
        },
        "content": ""
      },
      {
        "lineNumber": 11,
        "author": {
          "gitId": "C-likethis123"
        },
        "content": "    /**"
      },
      {
        "lineNumber": 12,
        "author": {
          "gitId": "C-likethis123"
        },
        "content": "     * Marks the current Task as done"
      },
      {
        "lineNumber": 13,
        "author": {
          "gitId": "C-likethis123"
        },
        "content": "     */"
      },
      {
        "lineNumber": 14,
        "author": {
          "gitId": "C-likethis123"
        },
        "content": "    public void markAsDone() {"
      },
      {
        "lineNumber": 15,
        "author": {
          "gitId": "C-likethis123"
        },
        "content": "        isDone \u003d true;"
      },
      {
        "lineNumber": 16,
        "author": {
          "gitId": "C-likethis123"
        },
        "content": "    }"
      },
      {
        "lineNumber": 17,
        "author": {
          "gitId": "C-likethis123"
        },
        "content": ""
      },
      {
        "lineNumber": 18,
        "author": {
          "gitId": "C-likethis123"
        },
        "content": "    @Override"
      },
      {
        "lineNumber": 19,
        "author": {
          "gitId": "C-likethis123"
        },
        "content": "    public String toString() {"
      },
      {
        "lineNumber": 20,
        "author": {
          "gitId": "C-likethis123"
        },
        "content": "        String statusIcon \u003d isDone ? \"[\\u2713]\" : \"[\\u2718]\";"
      },
      {
        "lineNumber": 21,
        "author": {
          "gitId": "C-likethis123"
        },
        "content": "        return String.format(\"%s%s %s\", typeOfTask, statusIcon, description);"
      },
      {
        "lineNumber": 22,
        "author": {
          "gitId": "C-likethis123"
        },
        "content": "    }"
      },
      {
        "lineNumber": 23,
        "author": {
          "gitId": "C-likethis123"
        },
        "content": "}"
      }
    ],
    "authorContributionMap": {
      "C-likethis123": 23
    }
  },
  {
    "path": "src/main/java/ToDo.java",
    "fileType": "java",
    "lines": [
      {
        "lineNumber": 1,
        "author": {
          "gitId": "C-likethis123"
        },
        "content": "/**"
      },
      {
        "lineNumber": 2,
        "author": {
          "gitId": "C-likethis123"
        },
        "content": " * This class represents ToDo tasks which is a type of Task."
      },
      {
        "lineNumber": 3,
        "author": {
          "gitId": "C-likethis123"
        },
        "content": " */"
      },
      {
        "lineNumber": 4,
        "author": {
          "gitId": "C-likethis123"
        },
        "content": "public class ToDo extends Task {"
      },
      {
        "lineNumber": 5,
        "author": {
          "gitId": "C-likethis123"
        },
        "content": "    public ToDo(String description) {"
      },
      {
        "lineNumber": 6,
        "author": {
          "gitId": "C-likethis123"
        },
        "content": "        super(description);"
      },
      {
        "lineNumber": 7,
        "author": {
          "gitId": "C-likethis123"
        },
        "content": "        this.typeOfTask \u003d \"[T]\";"
      },
      {
        "lineNumber": 8,
        "author": {
          "gitId": "C-likethis123"
        },
        "content": "    }"
      },
      {
        "lineNumber": 9,
        "author": {
          "gitId": "C-likethis123"
        },
        "content": "}"
      }
    ],
    "authorContributionMap": {
      "C-likethis123": 9
    }
  },
  {
    "path": "text-ui-test/EXPECTED.txt",
    "fileType": "txt",
    "lines": [
      {
        "lineNumber": 1,
        "author": {
          "gitId": "C-likethis123"
        },
        "content": "    ____________________________________________________________"
      },
      {
        "lineNumber": 2,
        "author": {
          "gitId": "C-likethis123"
        },
        "content": "     Hello! I\u0027m Duke"
      },
      {
        "lineNumber": 3,
        "author": {
          "gitId": "C-likethis123"
        },
        "content": "     What can I do for you?"
      },
      {
        "lineNumber": 4,
        "author": {
          "gitId": "C-likethis123"
        },
        "content": "    ____________________________________________________________"
      },
      {
        "lineNumber": 5,
        "author": {
          "gitId": "C-likethis123"
        },
        "content": "    ____________________________________________________________"
      },
      {
        "lineNumber": 6,
        "author": {
          "gitId": "C-likethis123"
        },
        "content": "     Got it. I\u0027ve added this task: "
      },
      {
        "lineNumber": 7,
        "author": {
          "gitId": "C-likethis123"
        },
        "content": "       [T][✘] read book"
      },
      {
        "lineNumber": 8,
        "author": {
          "gitId": "C-likethis123"
        },
        "content": "     Now you have 1 task in the list."
      },
      {
        "lineNumber": 9,
        "author": {
          "gitId": "C-likethis123"
        },
        "content": "    ____________________________________________________________"
      },
      {
        "lineNumber": 10,
        "author": {
          "gitId": "C-likethis123"
        },
        "content": "    ____________________________________________________________"
      },
      {
        "lineNumber": 11,
        "author": {
          "gitId": "C-likethis123"
        },
        "content": "     Got it. I\u0027ve added this task: "
      },
      {
        "lineNumber": 12,
        "author": {
          "gitId": "C-likethis123"
        },
        "content": "       [D][✘] return book (by: June 6th)"
      },
      {
        "lineNumber": 13,
        "author": {
          "gitId": "C-likethis123"
        },
        "content": "     Now you have 2 tasks in the list."
      },
      {
        "lineNumber": 14,
        "author": {
          "gitId": "C-likethis123"
        },
        "content": "    ____________________________________________________________"
      },
      {
        "lineNumber": 15,
        "author": {
          "gitId": "C-likethis123"
        },
        "content": "    ____________________________________________________________"
      },
      {
        "lineNumber": 16,
        "author": {
          "gitId": "C-likethis123"
        },
        "content": "     Got it. I\u0027ve added this task: "
      },
      {
        "lineNumber": 17,
        "author": {
          "gitId": "C-likethis123"
        },
        "content": "       [E][✘] project meeting (at: Aug 6th 2-4pm)"
      },
      {
        "lineNumber": 18,
        "author": {
          "gitId": "C-likethis123"
        },
        "content": "     Now you have 3 tasks in the list."
      },
      {
        "lineNumber": 19,
        "author": {
          "gitId": "C-likethis123"
        },
        "content": "    ____________________________________________________________"
      },
      {
        "lineNumber": 20,
        "author": {
          "gitId": "C-likethis123"
        },
        "content": "    ____________________________________________________________"
      },
      {
        "lineNumber": 21,
        "author": {
          "gitId": "C-likethis123"
        },
        "content": "     Nice! I\u0027ve marked this task as done: "
      },
      {
        "lineNumber": 22,
        "author": {
          "gitId": "C-likethis123"
        },
        "content": "       [T][✓] read book"
      },
      {
        "lineNumber": 23,
        "author": {
          "gitId": "C-likethis123"
        },
        "content": "    ____________________________________________________________"
      },
      {
        "lineNumber": 24,
        "author": {
          "gitId": "C-likethis123"
        },
        "content": "    ____________________________________________________________"
      },
      {
        "lineNumber": 25,
        "author": {
          "gitId": "C-likethis123"
        },
        "content": "     Got it. I\u0027ve added this task: "
      },
      {
        "lineNumber": 26,
        "author": {
          "gitId": "C-likethis123"
        },
        "content": "       [T][✘] join sports club"
      },
      {
        "lineNumber": 27,
        "author": {
          "gitId": "C-likethis123"
        },
        "content": "     Now you have 4 tasks in the list."
      },
      {
        "lineNumber": 28,
        "author": {
          "gitId": "C-likethis123"
        },
        "content": "    ____________________________________________________________"
      },
      {
        "lineNumber": 29,
        "author": {
          "gitId": "C-likethis123"
        },
        "content": "    ____________________________________________________________"
      },
      {
        "lineNumber": 30,
        "author": {
          "gitId": "C-likethis123"
        },
        "content": "     Got it. I\u0027ve added this task: "
      },
      {
        "lineNumber": 31,
        "author": {
          "gitId": "C-likethis123"
        },
        "content": "       [T][✘] borrow book"
      },
      {
        "lineNumber": 32,
        "author": {
          "gitId": "C-likethis123"
        },
        "content": "     Now you have 5 tasks in the list."
      },
      {
        "lineNumber": 33,
        "author": {
          "gitId": "C-likethis123"
        },
        "content": "    ____________________________________________________________"
      },
      {
        "lineNumber": 34,
        "author": {
          "gitId": "C-likethis123"
        },
        "content": "    ____________________________________________________________"
      },
      {
        "lineNumber": 35,
        "author": {
          "gitId": "C-likethis123"
        },
        "content": "     Nice! I\u0027ve marked this task as done: "
      },
      {
        "lineNumber": 36,
        "author": {
          "gitId": "C-likethis123"
        },
        "content": "       [T][✓] join sports club"
      },
      {
        "lineNumber": 37,
        "author": {
          "gitId": "C-likethis123"
        },
        "content": "    ____________________________________________________________"
      },
      {
        "lineNumber": 38,
        "author": {
          "gitId": "C-likethis123"
        },
        "content": "    ____________________________________________________________"
      },
      {
        "lineNumber": 39,
        "author": {
          "gitId": "C-likethis123"
        },
        "content": "     Here are the tasks in your list:"
      },
      {
        "lineNumber": 40,
        "author": {
          "gitId": "C-likethis123"
        },
        "content": "     1.[T][✓] read book"
      },
      {
        "lineNumber": 41,
        "author": {
          "gitId": "C-likethis123"
        },
        "content": "     2.[D][✘] return book (by: June 6th)"
      },
      {
        "lineNumber": 42,
        "author": {
          "gitId": "C-likethis123"
        },
        "content": "     3.[E][✘] project meeting (at: Aug 6th 2-4pm)"
      },
      {
        "lineNumber": 43,
        "author": {
          "gitId": "C-likethis123"
        },
        "content": "     4.[T][✓] join sports club"
      },
      {
        "lineNumber": 44,
        "author": {
          "gitId": "C-likethis123"
        },
        "content": "     5.[T][✘] borrow book"
      },
      {
        "lineNumber": 45,
        "author": {
          "gitId": "C-likethis123"
        },
        "content": "    ____________________________________________________________"
      },
      {
        "lineNumber": 46,
        "author": {
          "gitId": "C-likethis123"
        },
        "content": "    ____________________________________________________________"
      },
      {
        "lineNumber": 47,
        "author": {
          "gitId": "C-likethis123"
        },
        "content": "     Got it. I\u0027ve added this task: "
      },
      {
        "lineNumber": 48,
        "author": {
          "gitId": "C-likethis123"
        },
        "content": "       [D][✘] return book (by: Sunday)"
      },
      {
        "lineNumber": 49,
        "author": {
          "gitId": "C-likethis123"
        },
        "content": "     Now you have 6 tasks in the list."
      },
      {
        "lineNumber": 50,
        "author": {
          "gitId": "C-likethis123"
        },
        "content": "    ____________________________________________________________"
      },
      {
        "lineNumber": 51,
        "author": {
          "gitId": "C-likethis123"
        },
        "content": "    ____________________________________________________________"
      },
      {
        "lineNumber": 52,
        "author": {
          "gitId": "C-likethis123"
        },
        "content": "     Got it. I\u0027ve added this task: "
      },
      {
        "lineNumber": 53,
        "author": {
          "gitId": "C-likethis123"
        },
        "content": "       [E][✘] project meeting (at: Mon 2-4pm)"
      },
      {
        "lineNumber": 54,
        "author": {
          "gitId": "C-likethis123"
        },
        "content": "     Now you have 7 tasks in the list."
      },
      {
        "lineNumber": 55,
        "author": {
          "gitId": "C-likethis123"
        },
        "content": "    ____________________________________________________________"
      },
      {
        "lineNumber": 56,
        "author": {
          "gitId": "C-likethis123"
        },
        "content": "    ____________________________________________________________"
      },
      {
        "lineNumber": 57,
        "author": {
          "gitId": "C-likethis123"
        },
        "content": "     Bye. Hope to see you again soon!"
      },
      {
        "lineNumber": 58,
        "author": {
          "gitId": "C-likethis123"
        },
        "content": "    ____________________________________________________________"
      }
    ],
    "authorContributionMap": {
      "C-likethis123": 58
    }
  },
  {
    "path": "text-ui-test/input.txt",
    "fileType": "txt",
    "lines": [
      {
        "lineNumber": 1,
        "author": {
          "gitId": "C-likethis123"
        },
        "content": "todo read book"
      },
      {
        "lineNumber": 2,
        "author": {
          "gitId": "C-likethis123"
        },
        "content": "deadline return book /by June 6th"
      },
      {
        "lineNumber": 3,
        "author": {
          "gitId": "C-likethis123"
        },
        "content": "event project meeting /at Aug 6th 2-4pm"
      },
      {
        "lineNumber": 4,
        "author": {
          "gitId": "C-likethis123"
        },
        "content": "done 1"
      },
      {
        "lineNumber": 5,
        "author": {
          "gitId": "C-likethis123"
        },
        "content": "todo join sports club"
      },
      {
        "lineNumber": 6,
        "author": {
          "gitId": "C-likethis123"
        },
        "content": "todo borrow book"
      },
      {
        "lineNumber": 7,
        "author": {
          "gitId": "C-likethis123"
        },
        "content": "done 4"
      },
      {
        "lineNumber": 8,
        "author": {
          "gitId": "C-likethis123"
        },
        "content": "list"
      },
      {
        "lineNumber": 9,
        "author": {
          "gitId": "C-likethis123"
        },
        "content": "deadline return book /by Sunday"
      },
      {
        "lineNumber": 10,
        "author": {
          "gitId": "C-likethis123"
        },
        "content": "event project meeting /at Mon 2-4pm"
      },
      {
        "lineNumber": 11,
        "author": {
          "gitId": "C-likethis123"
        },
        "content": "bye"
      }
    ],
    "authorContributionMap": {
      "C-likethis123": 11
    }
  },
  {
    "path": "text-ui-test/runtest.sh",
    "fileType": "sh",
    "lines": [
      {
        "lineNumber": 1,
        "author": {
          "gitId": "C-likethis123"
        },
        "content": "#!/usr/bin/env bash"
      },
      {
        "lineNumber": 2,
        "author": {
          "gitId": "C-likethis123"
        },
        "content": ""
      },
      {
        "lineNumber": 3,
        "author": {
          "gitId": "C-likethis123"
        },
        "content": "# create bin directory if it doesn\u0027t exist"
      },
      {
        "lineNumber": 4,
        "author": {
          "gitId": "C-likethis123"
        },
        "content": "if [ ! -d \"../bin\" ]"
      },
      {
        "lineNumber": 5,
        "author": {
          "gitId": "C-likethis123"
        },
        "content": "then"
      },
      {
        "lineNumber": 6,
        "author": {
          "gitId": "C-likethis123"
        },
        "content": "    mkdir ../bin"
      },
      {
        "lineNumber": 7,
        "author": {
          "gitId": "C-likethis123"
        },
        "content": "fi"
      },
      {
        "lineNumber": 8,
        "author": {
          "gitId": "C-likethis123"
        },
        "content": ""
      },
      {
        "lineNumber": 9,
        "author": {
          "gitId": "C-likethis123"
        },
        "content": "# delete output from previous run"
      },
      {
        "lineNumber": 10,
        "author": {
          "gitId": "C-likethis123"
        },
        "content": "if [ -e \"./ACTUAL.TXT\" ]"
      },
      {
        "lineNumber": 11,
        "author": {
          "gitId": "C-likethis123"
        },
        "content": "then "
      },
      {
        "lineNumber": 12,
        "author": {
          "gitId": "C-likethis123"
        },
        "content": "    rm ACTUAL.TXT"
      },
      {
        "lineNumber": 13,
        "author": {
          "gitId": "C-likethis123"
        },
        "content": "fi"
      },
      {
        "lineNumber": 14,
        "author": {
          "gitId": "C-likethis123"
        },
        "content": ""
      },
      {
        "lineNumber": 15,
        "author": {
          "gitId": "C-likethis123"
        },
        "content": "# compile the code into the bin folder, terminates if error occurs"
      },
      {
        "lineNumber": 16,
        "author": {
          "gitId": "C-likethis123"
        },
        "content": "if ! javac -cp ../src/main/java/*.java -Xlint:none -d ../bin ../src/main/java/*.java"
      },
      {
        "lineNumber": 17,
        "author": {
          "gitId": "C-likethis123"
        },
        "content": "then "
      },
      {
        "lineNumber": 18,
        "author": {
          "gitId": "C-likethis123"
        },
        "content": "    echo \"********** BUILD FAILURE **********\""
      },
      {
        "lineNumber": 19,
        "author": {
          "gitId": "C-likethis123"
        },
        "content": "    exit 1"
      },
      {
        "lineNumber": 20,
        "author": {
          "gitId": "C-likethis123"
        },
        "content": "fi"
      },
      {
        "lineNumber": 21,
        "author": {
          "gitId": "C-likethis123"
        },
        "content": ""
      },
      {
        "lineNumber": 22,
        "author": {
          "gitId": "C-likethis123"
        },
        "content": "# run the program, feed commands from input.txt file and redirect the output to the ACTUAL.TXT"
      },
      {
        "lineNumber": 23,
        "author": {
          "gitId": "C-likethis123"
        },
        "content": "java -classpath ../bin Duke \u003c input.txt \u003e ACTUAL.TXT"
      },
      {
        "lineNumber": 24,
        "author": {
          "gitId": "C-likethis123"
        },
        "content": ""
      },
      {
        "lineNumber": 25,
        "author": {
          "gitId": "C-likethis123"
        },
        "content": "#compare the output to the expected output"
      },
      {
        "lineNumber": 26,
        "author": {
          "gitId": "C-likethis123"
        },
        "content": "diff ACTUAL.TXT EXPECTED.TXT"
      },
      {
        "lineNumber": 27,
        "author": {
          "gitId": "C-likethis123"
        },
        "content": "if [ $? -eq 0 ]"
      },
      {
        "lineNumber": 28,
        "author": {
          "gitId": "C-likethis123"
        },
        "content": "then "
      },
      {
        "lineNumber": 29,
        "author": {
          "gitId": "C-likethis123"
        },
        "content": "    echo \"Test result: PASSED\""
      },
      {
        "lineNumber": 30,
        "author": {
          "gitId": "C-likethis123"
        },
        "content": "    exit 0"
      },
      {
        "lineNumber": 31,
        "author": {
          "gitId": "C-likethis123"
        },
        "content": "else "
      },
      {
        "lineNumber": 32,
        "author": {
          "gitId": "C-likethis123"
        },
        "content": "    echo \"Test result: FAILED\""
      },
      {
        "lineNumber": 33,
        "author": {
          "gitId": "C-likethis123"
        },
        "content": "    exit 1"
      },
      {
        "lineNumber": 34,
        "author": {
          "gitId": "C-likethis123"
        },
        "content": "fi"
      }
    ],
    "authorContributionMap": {
      "C-likethis123": 34
    }
  }
]
