{
  "authorDailyContributionsMap": {
    "C-likethis123": [
      {
        "insertions": 34,
        "deletions": 9,
        "date": "2019-08-17",
        "commitResults": [
          {
            "hash": "c87b2b81a4e2c3357b158a75d1c11c7851237989",
            "messageTitle": "Greet the user on startup, echo user messages and display messages on exit",
            "messageBody": "",
            "insertions": 15,
            "deletions": 6
          },
          {
            "hash": "eab7c8583ecf44eaa22c89f36081e648245d3090",
            "messageTitle": "Indent all messages displayed by program",
            "messageBody": "",
            "insertions": 19,
            "deletions": 3
          }
        ]
      },
      {
        "insertions": 336,
        "deletions": 85,
        "date": "2019-08-18",
        "commitResults": [
          {
            "hash": "0a6f9881b9f64c8df5a32545a36ffb21f806003a",
            "messageTitle": "Add user inputs as tasks and display list of tasks",
            "messageBody": "",
            "insertions": 36,
            "deletions": 5
          },
          {
            "hash": "40b45cf0327e5df0312ecfa9da01fd9e3b6b0e35",
            "messageTitle": "Set Tasks as done and output tasks with their statuses",
            "messageBody": "",
            "insertions": 11,
            "deletions": 1
          },
          {
            "hash": "b234f11c52a83efba11b27a8a559881ab294d440",
            "messageTitle": "Mark Tasks as Done,Tasks shown with status icons and accompanying messages * Status icons are ticks for completed Tasks and crosses for uncompleted ones * Accompanying messages are \u0027Here are the tasks in your list:\u0027 and \u0027Nice! I\u0027ve marked this task as done:\u0027",
            "messageBody": "",
            "insertions": 24,
            "deletions": 12
          },
          {
            "hash": "9b68f8b4e02a94b01e04ab52d01e8d26e7c92c10",
            "messageTitle": "Represent ToDo tasks with a ToDo class",
            "messageBody": "",
            "insertions": 8,
            "deletions": 0
          },
          {
            "hash": "5cc275cc9b9f70f4ed6615169c0d25d261e3cac7",
            "messageTitle": "Represent Event tasks with an Event class",
            "messageBody": "",
            "insertions": 8,
            "deletions": 0
          },
          {
            "hash": "511374583eee55904c35075315e8796340a4f709",
            "messageTitle": "Represent Deadline tasks with a Deadline class",
            "messageBody": "",
            "insertions": 8,
            "deletions": 0
          },
          {
            "hash": "9770e4d34b5d18268d10281c9acf2d897926a8be",
            "messageTitle": "Supports the addition of ToDo, Event and Deadline tasks * [T],[D],[E] icons are displayed with the task description * Event and Deadline tasks can be tagged with a date",
            "messageBody": "",
            "insertions": 46,
            "deletions": 7
          },
          {
            "hash": "ed5775c3c818d6163cffbeb532b128103d3d0cdb",
            "messageTitle": "Fix indentation errors",
            "messageBody": "",
            "insertions": 1,
            "deletions": 1
          },
          {
            "hash": "d6eea24db382850eb267dc85a9958f34359cc07e",
            "messageTitle": "Add semi-automated testing of Duke * runbat.sh compiles and compares the expected output to actual output * EXPECTED.txt contains expected output * ACTUAL.txt contains actual output of the program",
            "messageBody": "",
            "insertions": 103,
            "deletions": 0
          },
          {
            "hash": "61c46271929c999829cd4c6d61b8866934e35dfa",
            "messageTitle": "Creates the following DukeExceptions that will be raised when the program encounters incorrect user inputs: * EmptyToDoDescriptionException * UnknownCommandException",
            "messageBody": "",
            "insertions": 17,
            "deletions": 0
          },
          {
            "hash": "7254ff217ac45474fee32529b83524907ee850f4",
            "messageTitle": "Handle Errors due to incorrect user inputs",
            "messageBody": "",
            "insertions": 56,
            "deletions": 43
          },
          {
            "hash": "25ffaaa65283c31240e5c4214abcf436f66ea9a4",
            "messageTitle": "Delete tasks from the taskList",
            "messageBody": "",
            "insertions": 18,
            "deletions": 16
          }
        ]
      },
      {
        "insertions": 1,
        "deletions": 1,
        "date": "2019-08-19",
        "commitResults": [
          {
            "hash": "8bf6951e563ebcb540db63a240466b4eadbd1396",
            "messageTitle": "Fix error where delete function deletes the wrong task from the taskList",
            "messageBody": "",
            "insertions": 1,
            "deletions": 1
          }
        ]
      },
      {
        "insertions": 94,
        "deletions": 14,
        "date": "2019-08-24",
        "commitResults": [
          {
            "hash": "5ec8f5d10ffedc22f59d8d36f257623046f7a971",
            "messageTitle": "Added a text file to store list of tasks * Load tasks in text file upon starting Duke program * Update text file upon change of task list",
            "messageBody": "",
            "insertions": 7,
            "deletions": 0
          },
          {
            "hash": "ac4e5813f896a15ad47fe4575787f99f4dfc8ce0",
            "messageTitle": "Recognise dates and times with DateTime class",
            "messageBody": "",
            "insertions": 12,
            "deletions": 10
          },
          {
            "hash": "6f2bbed4d4e6e7c70c9c3d992021da661965440c",
            "messageTitle": "Deadlines and Events in Duke recognises dates and times",
            "messageBody": "",
            "insertions": 75,
            "deletions": 4
          }
        ]
      },
      {
        "insertions": 177,
        "deletions": 115,
        "date": "2019-08-26",
        "commitResults": [
          {
            "hash": "89ed1ab6e53e5d6d0036f3ff761d6a757f704c9d",
            "messageTitle": "Implement saving tasks to hard disk, loading tasks upon program start",
            "messageBody": "",
            "insertions": 99,
            "deletions": 7
          },
          {
            "hash": "000044c243f7e38994951985edc770ae712408a7",
            "messageTitle": "Emptied ACTUAL.TXT and EXPECTED.txt",
            "messageBody": "",
            "insertions": 0,
            "deletions": 58
          },
          {
            "hash": "9531591f37b0f78feda1dd1fa8a50b1772be236d",
            "messageTitle": "Create Storage class in charge of loading and saving tasks",
            "messageBody": "",
            "insertions": 78,
            "deletions": 50
          }
        ]
      },
      {
        "insertions": 347,
        "deletions": 150,
        "date": "2019-08-27",
        "commitResults": [
          {
            "hash": "61564d79441e582dc8e7394211d0abe8e3b2869d",
            "messageTitle": "Fixed formatting for toString method for Event and Deadline classes",
            "messageBody": "",
            "insertions": 10,
            "deletions": 4
          },
          {
            "hash": "99f4f410af2a5c75f3e4ab6d30c6810f829aff1d",
            "messageTitle": "Add ExitCommand class to represent exit commands",
            "messageBody": "",
            "insertions": 24,
            "deletions": 0
          },
          {
            "hash": "0023b82dc4e718f5cf165b5e7ddce85e5e4584bd",
            "messageTitle": "Fix error when loading from storage",
            "messageBody": "",
            "insertions": 8,
            "deletions": 2
          },
          {
            "hash": "485314fd715255d4875bd557dc8a2eefcf8fa5d2",
            "messageTitle": "Fix error when loading from storage",
            "messageBody": "",
            "insertions": 1,
            "deletions": 1
          },
          {
            "hash": "42b730a69ce4420904da4d471920f8bc5963d1f9",
            "messageTitle": "Fix error when loading from storage",
            "messageBody": "",
            "insertions": 1,
            "deletions": 1
          },
          {
            "hash": "90585c0b68183f6b6cd47da657b7e916e3c18fb6",
            "messageTitle": "Extracted code into 5 classes: * Commands - represent user commands * Ui - deals with interaction with user * Storage - deals with writing to the file and saving tasks to the file * Parser - deals with making sense of the user command * TaskList - contains the tasks list",
            "messageBody": "",
            "insertions": 246,
            "deletions": 129
          },
          {
            "hash": "726645203e24ead8032a8638f8dcf3ab4868abfc",
            "messageTitle": "Added DateTimeTest class for testing",
            "messageBody": "",
            "insertions": 57,
            "deletions": 13
          }
        ]
      },
      {
        "insertions": 325,
        "deletions": 104,
        "date": "2019-08-28",
        "commitResults": [
          {
            "hash": "206da5b342e34f40083d5b1533c8b482925f7647",
            "messageTitle": "Fixed bug where task cannot be deleted",
            "messageBody": "",
            "insertions": 9,
            "deletions": 9
          },
          {
            "hash": "be1ecf1c128bba61f8c23b0ab4692e113090ba7b",
            "messageTitle": "Added JavaDoc comments",
            "messageBody": "",
            "insertions": 93,
            "deletions": 4
          },
          {
            "hash": "d0e24bc084d99f121dba850d0fecec8c0bb3e503",
            "messageTitle": "Tweaked code to comply to coding standard",
            "messageBody": "",
            "insertions": 26,
            "deletions": 20
          },
          {
            "hash": "db2fe38f500aa6b8df2b0847deacb2f724b7dbe0",
            "messageTitle": "Add Search functionality for tasks",
            "messageBody": "",
            "insertions": 54,
            "deletions": 3
          },
          {
            "hash": "2bafbf105d91f29096f8d4f82974fbd4bf2f4706",
            "messageTitle": "Added Javadoc comments for DoneCommand and Storage class",
            "messageBody": "",
            "insertions": 14,
            "deletions": 1
          },
          {
            "hash": "8e60a7bffc96c27ad7631d8eb001a0d8821ffae4",
            "messageTitle": "Made minor edits to Javadoc comments",
            "messageBody": "",
            "insertions": 125,
            "deletions": 62
          },
          {
            "hash": "8b438067d590f0e7ad7bde7419cabaaad8cd024d",
            "messageTitle": "Fixed minor error in comment",
            "messageBody": "",
            "insertions": 4,
            "deletions": 5
          }
        ]
      },
      {
        "insertions": 40,
        "deletions": 5,
        "date": "2019-08-31",
        "commitResults": [
          {
            "hash": "e77bcf8d93f2ceba7ac9dfb94abfebbacbc66563",
            "messageTitle": "Include JavaDoc comments to classes added in Level-9",
            "messageBody": "",
            "insertions": 21,
            "deletions": 3
          },
          {
            "hash": "6e2aaf556424c84caacdde94f5ce8c8e326b9881",
            "messageTitle": "Enable JUnit testing with Gradle",
            "messageBody": "",
            "insertions": 19,
            "deletions": 2
          }
        ]
      }
    ]
  },
  "authorFinalContributionMap": {
    "C-likethis123": 872
  },
  "authorFileTypeContributionMap": {
    "C-likethis123": {
      "java": 794,
      "md": 0,
      "fxml": 0,
      "sh": 34,
      "bat": 0,
      "gradle": 19,
      "txt": 25
    }
  },
  "authorContributionVariance": {
    "C-likethis123": 31136.65
  },
  "authorDisplayNameMap": {
    "C-likethis123": "CS2103T-T13-1 CHOW  ...  YING"
  }
}
