[
  {
    "path": "src/main/java/Deadline.java",
    "fileType": "java",
    "lines": [
      {
        "lineNumber": 1,
        "author": {
          "gitId": "nattanyz"
        },
        "content": "public class Deadline extends Task {"
      },
      {
        "lineNumber": 2,
        "author": {
          "gitId": "nattanyz"
        },
        "content": "    private String by;"
      },
      {
        "lineNumber": 3,
        "author": {
          "gitId": "nattanyz"
        },
        "content": ""
      },
      {
        "lineNumber": 4,
        "author": {
          "gitId": "nattanyz"
        },
        "content": "    public Deadline(String description, String by) {"
      },
      {
        "lineNumber": 5,
        "author": {
          "gitId": "nattanyz"
        },
        "content": "        super(description);"
      },
      {
        "lineNumber": 6,
        "author": {
          "gitId": "nattanyz"
        },
        "content": "        this.by \u003d by;"
      },
      {
        "lineNumber": 7,
        "author": {
          "gitId": "nattanyz"
        },
        "content": "        this.type \u003d \"D\";"
      },
      {
        "lineNumber": 8,
        "author": {
          "gitId": "nattanyz"
        },
        "content": ""
      },
      {
        "lineNumber": 9,
        "author": {
          "gitId": "nattanyz"
        },
        "content": "    }"
      },
      {
        "lineNumber": 10,
        "author": {
          "gitId": "nattanyz"
        },
        "content": ""
      },
      {
        "lineNumber": 11,
        "author": {
          "gitId": "nattanyz"
        },
        "content": "    @Override"
      },
      {
        "lineNumber": 12,
        "author": {
          "gitId": "nattanyz"
        },
        "content": "    public String toString() {"
      },
      {
        "lineNumber": 13,
        "author": {
          "gitId": "nattanyz"
        },
        "content": "        return super.toString() + \"(by: \" + by + \")\";"
      },
      {
        "lineNumber": 14,
        "author": {
          "gitId": "nattanyz"
        },
        "content": "    }"
      },
      {
        "lineNumber": 15,
        "author": {
          "gitId": "nattanyz"
        },
        "content": "}"
      }
    ],
    "authorContributionMap": {
      "nattanyz": 15
    }
  },
  {
    "path": "src/main/java/Duke.java",
    "fileType": "java",
    "lines": [
      {
        "lineNumber": 1,
        "author": {
          "gitId": "nattanyz"
        },
        "content": "import java.util.Scanner;"
      },
      {
        "lineNumber": 2,
        "author": {
          "gitId": "nattanyz"
        },
        "content": ""
      },
      {
        "lineNumber": 3,
        "author": {
          "gitId": "-"
        },
        "content": "public class Duke {"
      },
      {
        "lineNumber": 4,
        "author": {
          "gitId": "nattanyz"
        },
        "content": "    private static DukeBot dukeBot;"
      },
      {
        "lineNumber": 5,
        "author": {
          "gitId": "nattanyz"
        },
        "content": ""
      },
      {
        "lineNumber": 6,
        "author": {
          "gitId": "-"
        },
        "content": "    public static void main(String[] args) {"
      },
      {
        "lineNumber": 7,
        "author": {
          "gitId": "nattanyz"
        },
        "content": "        dukeBot \u003d new DukeBot();"
      },
      {
        "lineNumber": 8,
        "author": {
          "gitId": "nattanyz"
        },
        "content": "        dukeBot.initialise();"
      },
      {
        "lineNumber": 9,
        "author": {
          "gitId": "-"
        },
        "content": "    }"
      },
      {
        "lineNumber": 10,
        "author": {
          "gitId": "-"
        },
        "content": "}"
      }
    ],
    "authorContributionMap": {
      "nattanyz": 6,
      "-": 4
    }
  },
  {
    "path": "src/main/java/DukeBot.java",
    "fileType": "java",
    "lines": [
      {
        "lineNumber": 1,
        "author": {
          "gitId": "nattanyz"
        },
        "content": "import java.util.InputMismatchException;"
      },
      {
        "lineNumber": 2,
        "author": {
          "gitId": "nattanyz"
        },
        "content": "import java.util.NoSuchElementException;"
      },
      {
        "lineNumber": 3,
        "author": {
          "gitId": "nattanyz"
        },
        "content": "import java.util.Scanner;"
      },
      {
        "lineNumber": 4,
        "author": {
          "gitId": "nattanyz"
        },
        "content": "import java.util.regex.PatternSyntaxException;"
      },
      {
        "lineNumber": 5,
        "author": {
          "gitId": "nattanyz"
        },
        "content": ""
      },
      {
        "lineNumber": 6,
        "author": {
          "gitId": "nattanyz"
        },
        "content": "public class DukeBot {"
      },
      {
        "lineNumber": 7,
        "author": {
          "gitId": "nattanyz"
        },
        "content": "    private Scanner in;"
      },
      {
        "lineNumber": 8,
        "author": {
          "gitId": "nattanyz"
        },
        "content": "    private TaskList taskList \u003d new TaskList();"
      },
      {
        "lineNumber": 9,
        "author": {
          "gitId": "nattanyz"
        },
        "content": "    private String welcomeMessage \u003d \"What can I do for you?\";"
      },
      {
        "lineNumber": 10,
        "author": {
          "gitId": "nattanyz"
        },
        "content": ""
      },
      {
        "lineNumber": 11,
        "author": {
          "gitId": "nattanyz"
        },
        "content": "    /**"
      },
      {
        "lineNumber": 12,
        "author": {
          "gitId": "nattanyz"
        },
        "content": "     * Starts DukeBot and prints welcome message."
      },
      {
        "lineNumber": 13,
        "author": {
          "gitId": "nattanyz"
        },
        "content": "     */"
      },
      {
        "lineNumber": 14,
        "author": {
          "gitId": "nattanyz"
        },
        "content": ""
      },
      {
        "lineNumber": 15,
        "author": {
          "gitId": "nattanyz"
        },
        "content": "    public void initialise() {"
      },
      {
        "lineNumber": 16,
        "author": {
          "gitId": "nattanyz"
        },
        "content": "        String logo \u003d \" ____        _        \\n\""
      },
      {
        "lineNumber": 17,
        "author": {
          "gitId": "nattanyz"
        },
        "content": "                + \"|  _ \\\\ _   _| | _____ \\n\""
      },
      {
        "lineNumber": 18,
        "author": {
          "gitId": "nattanyz"
        },
        "content": "                + \"| | | | | | | |/ / _ \\\\\\n\""
      },
      {
        "lineNumber": 19,
        "author": {
          "gitId": "nattanyz"
        },
        "content": "                + \"| |_| | |_| |   \u003c  __/\\n\""
      },
      {
        "lineNumber": 20,
        "author": {
          "gitId": "nattanyz"
        },
        "content": "                + \"|____/ \\\\__,_|_|\\\\_\\\\___|\\n\";"
      },
      {
        "lineNumber": 21,
        "author": {
          "gitId": "nattanyz"
        },
        "content": "        System.out.println(\"Hello from\\n\" + logo);"
      },
      {
        "lineNumber": 22,
        "author": {
          "gitId": "nattanyz"
        },
        "content": "        System.out.println(welcomeMessage);"
      },
      {
        "lineNumber": 23,
        "author": {
          "gitId": "nattanyz"
        },
        "content": "        in \u003d new Scanner(System.in);"
      },
      {
        "lineNumber": 24,
        "author": {
          "gitId": "nattanyz"
        },
        "content": "        run();"
      },
      {
        "lineNumber": 25,
        "author": {
          "gitId": "nattanyz"
        },
        "content": "    }"
      },
      {
        "lineNumber": 26,
        "author": {
          "gitId": "nattanyz"
        },
        "content": ""
      },
      {
        "lineNumber": 27,
        "author": {
          "gitId": "nattanyz"
        },
        "content": "    /**"
      },
      {
        "lineNumber": 28,
        "author": {
          "gitId": "nattanyz"
        },
        "content": "     * Reads input from the user and passes it to process()."
      },
      {
        "lineNumber": 29,
        "author": {
          "gitId": "nattanyz"
        },
        "content": "     */"
      },
      {
        "lineNumber": 30,
        "author": {
          "gitId": "nattanyz"
        },
        "content": "    private void run() {"
      },
      {
        "lineNumber": 31,
        "author": {
          "gitId": "nattanyz"
        },
        "content": "        String inputString; // stores input from user"
      },
      {
        "lineNumber": 32,
        "author": {
          "gitId": "nattanyz"
        },
        "content": ""
      },
      {
        "lineNumber": 33,
        "author": {
          "gitId": "nattanyz"
        },
        "content": "        this.taskList \u003d new TaskList();"
      },
      {
        "lineNumber": 34,
        "author": {
          "gitId": "nattanyz"
        },
        "content": ""
      },
      {
        "lineNumber": 35,
        "author": {
          "gitId": "nattanyz"
        },
        "content": "        // continuously take in user input until terminated"
      },
      {
        "lineNumber": 36,
        "author": {
          "gitId": "nattanyz"
        },
        "content": "        while (in.hasNextLine()) {"
      },
      {
        "lineNumber": 37,
        "author": {
          "gitId": "nattanyz"
        },
        "content": "            inputString \u003d in.next();"
      },
      {
        "lineNumber": 38,
        "author": {
          "gitId": "nattanyz"
        },
        "content": "            if (inputString.equals(\"bye\")) {"
      },
      {
        "lineNumber": 39,
        "author": {
          "gitId": "nattanyz"
        },
        "content": "                // if \"bye\", terminate"
      },
      {
        "lineNumber": 40,
        "author": {
          "gitId": "nattanyz"
        },
        "content": "                // this would terminate if the user enters a line beginning with \"bye\""
      },
      {
        "lineNumber": 41,
        "author": {
          "gitId": "nattanyz"
        },
        "content": "                // todo: check if this is expected behaviour?"
      },
      {
        "lineNumber": 42,
        "author": {
          "gitId": "nattanyz"
        },
        "content": "                break;"
      },
      {
        "lineNumber": 43,
        "author": {
          "gitId": "nattanyz"
        },
        "content": "            }"
      },
      {
        "lineNumber": 44,
        "author": {
          "gitId": "nattanyz"
        },
        "content": "            process(inputString);"
      },
      {
        "lineNumber": 45,
        "author": {
          "gitId": "nattanyz"
        },
        "content": "        }"
      },
      {
        "lineNumber": 46,
        "author": {
          "gitId": "nattanyz"
        },
        "content": ""
      },
      {
        "lineNumber": 47,
        "author": {
          "gitId": "nattanyz"
        },
        "content": "        // say goodbye upon exit"
      },
      {
        "lineNumber": 48,
        "author": {
          "gitId": "nattanyz"
        },
        "content": "        System.out.println(\"Bye. Hope to see you again soon!\");"
      },
      {
        "lineNumber": 49,
        "author": {
          "gitId": "nattanyz"
        },
        "content": "    }"
      },
      {
        "lineNumber": 50,
        "author": {
          "gitId": "nattanyz"
        },
        "content": ""
      },
      {
        "lineNumber": 51,
        "author": {
          "gitId": "nattanyz"
        },
        "content": "    /**"
      },
      {
        "lineNumber": 52,
        "author": {
          "gitId": "nattanyz"
        },
        "content": "     * Creates the given input string."
      },
      {
        "lineNumber": 53,
        "author": {
          "gitId": "nattanyz"
        },
        "content": "     *"
      },
      {
        "lineNumber": 54,
        "author": {
          "gitId": "nattanyz"
        },
        "content": "     * @param input input string given by user."
      },
      {
        "lineNumber": 55,
        "author": {
          "gitId": "nattanyz"
        },
        "content": "     */"
      },
      {
        "lineNumber": 56,
        "author": {
          "gitId": "nattanyz"
        },
        "content": "    private void process(String input) {"
      },
      {
        "lineNumber": 57,
        "author": {
          "gitId": "nattanyz"
        },
        "content": "        // todo: extract list and done into TaskList class"
      },
      {
        "lineNumber": 58,
        "author": {
          "gitId": "nattanyz"
        },
        "content": "        if (input.equals(\"list\")) {"
      },
      {
        "lineNumber": 59,
        "author": {
          "gitId": "nattanyz"
        },
        "content": "            // if \"list\", print list"
      },
      {
        "lineNumber": 60,
        "author": {
          "gitId": "nattanyz"
        },
        "content": "            this.taskList.printList();"
      },
      {
        "lineNumber": 61,
        "author": {
          "gitId": "nattanyz"
        },
        "content": "        } else if (input.equals(\"done\")) {"
      },
      {
        "lineNumber": 62,
        "author": {
          "gitId": "nattanyz"
        },
        "content": "            try {"
      },
      {
        "lineNumber": 63,
        "author": {
          "gitId": "nattanyz"
        },
        "content": "                int taskId \u003d in.nextInt(); // extract the task ID entered by user"
      },
      {
        "lineNumber": 64,
        "author": {
          "gitId": "nattanyz"
        },
        "content": "                this.taskList.getTask(taskId).markAsDone(); // mark task as done"
      },
      {
        "lineNumber": 65,
        "author": {
          "gitId": "nattanyz"
        },
        "content": "            } catch (InputMismatchException e) {"
      },
      {
        "lineNumber": 66,
        "author": {
          "gitId": "nattanyz"
        },
        "content": "                // user input after \"done\" is not an int"
      },
      {
        "lineNumber": 67,
        "author": {
          "gitId": "nattanyz"
        },
        "content": ""
      },
      {
        "lineNumber": 68,
        "author": {
          "gitId": "nattanyz"
        },
        "content": "            } catch (NoSuchElementException e) {"
      },
      {
        "lineNumber": 69,
        "author": {
          "gitId": "nattanyz"
        },
        "content": "                // user input after \"done\" is blank"
      },
      {
        "lineNumber": 70,
        "author": {
          "gitId": "nattanyz"
        },
        "content": ""
      },
      {
        "lineNumber": 71,
        "author": {
          "gitId": "nattanyz"
        },
        "content": "            }"
      },
      {
        "lineNumber": 72,
        "author": {
          "gitId": "nattanyz"
        },
        "content": "        } else if (input.equals(\"todo\")) {"
      },
      {
        "lineNumber": 73,
        "author": {
          "gitId": "nattanyz"
        },
        "content": "            // get the rest of the line"
      },
      {
        "lineNumber": 74,
        "author": {
          "gitId": "nattanyz"
        },
        "content": "            String remainingInput;"
      },
      {
        "lineNumber": 75,
        "author": {
          "gitId": "nattanyz"
        },
        "content": "            String taskDescription;"
      },
      {
        "lineNumber": 76,
        "author": {
          "gitId": "nattanyz"
        },
        "content": "            String taskDeadline;"
      },
      {
        "lineNumber": 77,
        "author": {
          "gitId": "nattanyz"
        },
        "content": "            try {"
      },
      {
        "lineNumber": 78,
        "author": {
          "gitId": "nattanyz"
        },
        "content": "                remainingInput \u003d in.nextLine();"
      },
      {
        "lineNumber": 79,
        "author": {
          "gitId": "nattanyz"
        },
        "content": "            } catch (NoSuchElementException e) {"
      },
      {
        "lineNumber": 80,
        "author": {
          "gitId": "nattanyz"
        },
        "content": "                // user input after type of task is blank"
      },
      {
        "lineNumber": 81,
        "author": {
          "gitId": "nattanyz"
        },
        "content": "            } finally {"
      },
      {
        "lineNumber": 82,
        "author": {
          "gitId": "nattanyz"
        },
        "content": "                try {"
      },
      {
        "lineNumber": 83,
        "author": {
          "gitId": "nattanyz"
        },
        "content": "                    // separate the remaining input"
      },
      {
        "lineNumber": 84,
        "author": {
          "gitId": "nattanyz"
        },
        "content": "                    String[] remainingInputArray \u003d remainingInput.split(\"/by\");"
      },
      {
        "lineNumber": 85,
        "author": {
          "gitId": "nattanyz"
        },
        "content": "                } catch (PatternSyntaxException e) {"
      },
      {
        "lineNumber": 86,
        "author": {
          "gitId": "nattanyz"
        },
        "content": ""
      },
      {
        "lineNumber": 87,
        "author": {
          "gitId": "nattanyz"
        },
        "content": "                }"
      },
      {
        "lineNumber": 88,
        "author": {
          "gitId": "nattanyz"
        },
        "content": "                // what\u0027s with these nested try blocks??? fix it pls :("
      },
      {
        "lineNumber": 89,
        "author": {
          "gitId": "nattanyz"
        },
        "content": "                // how to implement checks for different task types without repeating code?"
      },
      {
        "lineNumber": 90,
        "author": {
          "gitId": "nattanyz"
        },
        "content": "            }"
      },
      {
        "lineNumber": 91,
        "author": {
          "gitId": "nattanyz"
        },
        "content": ""
      },
      {
        "lineNumber": 92,
        "author": {
          "gitId": "nattanyz"
        },
        "content": "        } else {"
      },
      {
        "lineNumber": 93,
        "author": {
          "gitId": "nattanyz"
        },
        "content": "            // otherwise, add to list"
      },
      {
        "lineNumber": 94,
        "author": {
          "gitId": "nattanyz"
        },
        "content": "            this.taskList.addToList(input);"
      },
      {
        "lineNumber": 95,
        "author": {
          "gitId": "nattanyz"
        },
        "content": "        }"
      },
      {
        "lineNumber": 96,
        "author": {
          "gitId": "nattanyz"
        },
        "content": "    }"
      },
      {
        "lineNumber": 97,
        "author": {
          "gitId": "nattanyz"
        },
        "content": "}"
      }
    ],
    "authorContributionMap": {
      "nattanyz": 97
    }
  },
  {
    "path": "src/main/java/Event.java",
    "fileType": "java",
    "lines": [
      {
        "lineNumber": 1,
        "author": {
          "gitId": "nattanyz"
        },
        "content": "public class Event extends Task {"
      },
      {
        "lineNumber": 2,
        "author": {
          "gitId": "nattanyz"
        },
        "content": "    private String at;"
      },
      {
        "lineNumber": 3,
        "author": {
          "gitId": "nattanyz"
        },
        "content": ""
      },
      {
        "lineNumber": 4,
        "author": {
          "gitId": "nattanyz"
        },
        "content": "    public Event(String description, String when) {"
      },
      {
        "lineNumber": 5,
        "author": {
          "gitId": "nattanyz"
        },
        "content": "        super(description);"
      },
      {
        "lineNumber": 6,
        "author": {
          "gitId": "nattanyz"
        },
        "content": "        this.at \u003d at;"
      },
      {
        "lineNumber": 7,
        "author": {
          "gitId": "nattanyz"
        },
        "content": "        this.type \u003d \"E\";"
      },
      {
        "lineNumber": 8,
        "author": {
          "gitId": "nattanyz"
        },
        "content": "    }"
      },
      {
        "lineNumber": 9,
        "author": {
          "gitId": "nattanyz"
        },
        "content": ""
      },
      {
        "lineNumber": 10,
        "author": {
          "gitId": "nattanyz"
        },
        "content": "    @Override"
      },
      {
        "lineNumber": 11,
        "author": {
          "gitId": "nattanyz"
        },
        "content": "    public String toString() {"
      },
      {
        "lineNumber": 12,
        "author": {
          "gitId": "nattanyz"
        },
        "content": "        return super.toString() + \"(at: \" + at + \")\";"
      },
      {
        "lineNumber": 13,
        "author": {
          "gitId": "nattanyz"
        },
        "content": "    }"
      },
      {
        "lineNumber": 14,
        "author": {
          "gitId": "nattanyz"
        },
        "content": "}"
      }
    ],
    "authorContributionMap": {
      "nattanyz": 14
    }
  },
  {
    "path": "src/main/java/Task.java",
    "fileType": "java",
    "lines": [
      {
        "lineNumber": 1,
        "author": {
          "gitId": "nattanyz"
        },
        "content": "public class Task {"
      },
      {
        "lineNumber": 2,
        "author": {
          "gitId": "nattanyz"
        },
        "content": "    private String description;"
      },
      {
        "lineNumber": 3,
        "author": {
          "gitId": "nattanyz"
        },
        "content": "    private Boolean isDone;"
      },
      {
        "lineNumber": 4,
        "author": {
          "gitId": "nattanyz"
        },
        "content": "    protected String type;"
      },
      {
        "lineNumber": 5,
        "author": {
          "gitId": "nattanyz"
        },
        "content": ""
      },
      {
        "lineNumber": 6,
        "author": {
          "gitId": "nattanyz"
        },
        "content": "    public Task(String description) {"
      },
      {
        "lineNumber": 7,
        "author": {
          "gitId": "nattanyz"
        },
        "content": "        this.description \u003d description;"
      },
      {
        "lineNumber": 8,
        "author": {
          "gitId": "nattanyz"
        },
        "content": "        this.isDone \u003d false;"
      },
      {
        "lineNumber": 9,
        "author": {
          "gitId": "nattanyz"
        },
        "content": "    }"
      },
      {
        "lineNumber": 10,
        "author": {
          "gitId": "nattanyz"
        },
        "content": ""
      },
      {
        "lineNumber": 11,
        "author": {
          "gitId": "nattanyz"
        },
        "content": "    @Override"
      },
      {
        "lineNumber": 12,
        "author": {
          "gitId": "nattanyz"
        },
        "content": "    public String toString() {"
      },
      {
        "lineNumber": 13,
        "author": {
          "gitId": "nattanyz"
        },
        "content": "        String type \u003d \"[\" + this.type + \"] \";"
      },
      {
        "lineNumber": 14,
        "author": {
          "gitId": "nattanyz"
        },
        "content": "        String status \u003d \"[\" + this.getStatusIcon() + \"] \";"
      },
      {
        "lineNumber": 15,
        "author": {
          "gitId": "nattanyz"
        },
        "content": "        return type + status + this.description;"
      },
      {
        "lineNumber": 16,
        "author": {
          "gitId": "nattanyz"
        },
        "content": "    }"
      },
      {
        "lineNumber": 17,
        "author": {
          "gitId": "nattanyz"
        },
        "content": ""
      },
      {
        "lineNumber": 18,
        "author": {
          "gitId": "nattanyz"
        },
        "content": "    public String getStatusIcon() {"
      },
      {
        "lineNumber": 19,
        "author": {
          "gitId": "nattanyz"
        },
        "content": "        return (isDone ? \"\\u2713\" : \"\\u2718\"); // return tick or X symbols"
      },
      {
        "lineNumber": 20,
        "author": {
          "gitId": "nattanyz"
        },
        "content": "    }"
      },
      {
        "lineNumber": 21,
        "author": {
          "gitId": "nattanyz"
        },
        "content": ""
      },
      {
        "lineNumber": 22,
        "author": {
          "gitId": "nattanyz"
        },
        "content": "    public void markAsDone() {"
      },
      {
        "lineNumber": 23,
        "author": {
          "gitId": "nattanyz"
        },
        "content": "        this.isDone \u003d true;"
      },
      {
        "lineNumber": 24,
        "author": {
          "gitId": "nattanyz"
        },
        "content": "        System.out.println(\"Nice! I\u0027ve marked this task as done:\");"
      },
      {
        "lineNumber": 25,
        "author": {
          "gitId": "nattanyz"
        },
        "content": "        System.out.println(this.toString());"
      },
      {
        "lineNumber": 26,
        "author": {
          "gitId": "nattanyz"
        },
        "content": "    }"
      },
      {
        "lineNumber": 27,
        "author": {
          "gitId": "nattanyz"
        },
        "content": "}"
      }
    ],
    "authorContributionMap": {
      "nattanyz": 27
    }
  },
  {
    "path": "src/main/java/TaskList.java",
    "fileType": "java",
    "lines": [
      {
        "lineNumber": 1,
        "author": {
          "gitId": "nattanyz"
        },
        "content": "import java.util.ArrayList;"
      },
      {
        "lineNumber": 2,
        "author": {
          "gitId": "nattanyz"
        },
        "content": "import java.util.Iterator;"
      },
      {
        "lineNumber": 3,
        "author": {
          "gitId": "nattanyz"
        },
        "content": ""
      },
      {
        "lineNumber": 4,
        "author": {
          "gitId": "nattanyz"
        },
        "content": "public class TaskList {"
      },
      {
        "lineNumber": 5,
        "author": {
          "gitId": "nattanyz"
        },
        "content": ""
      },
      {
        "lineNumber": 6,
        "author": {
          "gitId": "nattanyz"
        },
        "content": "    private ArrayList\u003cTask\u003e tasks \u003d new ArrayList\u003c\u003e();"
      },
      {
        "lineNumber": 7,
        "author": {
          "gitId": "nattanyz"
        },
        "content": ""
      },
      {
        "lineNumber": 8,
        "author": {
          "gitId": "nattanyz"
        },
        "content": "    public enum TaskType {"
      },
      {
        "lineNumber": 9,
        "author": {
          "gitId": "nattanyz"
        },
        "content": "        DEADLINE,"
      },
      {
        "lineNumber": 10,
        "author": {
          "gitId": "nattanyz"
        },
        "content": "        EVENT,"
      },
      {
        "lineNumber": 11,
        "author": {
          "gitId": "nattanyz"
        },
        "content": "        TODO"
      },
      {
        "lineNumber": 12,
        "author": {
          "gitId": "nattanyz"
        },
        "content": "    }"
      },
      {
        "lineNumber": 13,
        "author": {
          "gitId": "nattanyz"
        },
        "content": ""
      },
      {
        "lineNumber": 14,
        "author": {
          "gitId": "nattanyz"
        },
        "content": "    public void addToList(String input) {"
      },
      {
        "lineNumber": 15,
        "author": {
          "gitId": "nattanyz"
        },
        "content": "        // determine type of task"
      },
      {
        "lineNumber": 16,
        "author": {
          "gitId": "nattanyz"
        },
        "content": "        TaskType taskType;"
      },
      {
        "lineNumber": 17,
        "author": {
          "gitId": "nattanyz"
        },
        "content": "        if (input.startsWith(\"todo\")) {"
      },
      {
        "lineNumber": 18,
        "author": {
          "gitId": "nattanyz"
        },
        "content": "            taskType \u003d TaskType.TODO;"
      },
      {
        "lineNumber": 19,
        "author": {
          "gitId": "nattanyz"
        },
        "content": "        } else if (input.startsWith(\"deadline\")) {"
      },
      {
        "lineNumber": 20,
        "author": {
          "gitId": "nattanyz"
        },
        "content": "            taskType \u003d TaskType.DEADLINE;"
      },
      {
        "lineNumber": 21,
        "author": {
          "gitId": "nattanyz"
        },
        "content": "        } else if (input.startsWith(\"event\")) {"
      },
      {
        "lineNumber": 22,
        "author": {
          "gitId": "nattanyz"
        },
        "content": "            taskType \u003d TaskType.EVENT;"
      },
      {
        "lineNumber": 23,
        "author": {
          "gitId": "nattanyz"
        },
        "content": "        }"
      },
      {
        "lineNumber": 24,
        "author": {
          "gitId": "nattanyz"
        },
        "content": "        // todo: how to create corresponding subclass object based on enum?"
      },
      {
        "lineNumber": 25,
        "author": {
          "gitId": "nattanyz"
        },
        "content": "        // todo: split description and other info"
      },
      {
        "lineNumber": 26,
        "author": {
          "gitId": "nattanyz"
        },
        "content": "        tasks.add(new Task(taskDescription));"
      },
      {
        "lineNumber": 27,
        "author": {
          "gitId": "nattanyz"
        },
        "content": "        System.out.println(\"added: \" + taskDescription);"
      },
      {
        "lineNumber": 28,
        "author": {
          "gitId": "nattanyz"
        },
        "content": "    }"
      },
      {
        "lineNumber": 29,
        "author": {
          "gitId": "nattanyz"
        },
        "content": ""
      },
      {
        "lineNumber": 30,
        "author": {
          "gitId": "nattanyz"
        },
        "content": "    public void printList() {"
      },
      {
        "lineNumber": 31,
        "author": {
          "gitId": "nattanyz"
        },
        "content": "        int i \u003d 1;"
      },
      {
        "lineNumber": 32,
        "author": {
          "gitId": "nattanyz"
        },
        "content": "        for (Iterator\u003cTask\u003e iterator \u003d this.tasks.iterator(); iterator.hasNext(); i++) {"
      },
      {
        "lineNumber": 33,
        "author": {
          "gitId": "nattanyz"
        },
        "content": "            String s \u003d iterator.next().toString();"
      },
      {
        "lineNumber": 34,
        "author": {
          "gitId": "nattanyz"
        },
        "content": "            System.out.println(i + \". \" + s);"
      },
      {
        "lineNumber": 35,
        "author": {
          "gitId": "nattanyz"
        },
        "content": "        }"
      },
      {
        "lineNumber": 36,
        "author": {
          "gitId": "nattanyz"
        },
        "content": "    }"
      },
      {
        "lineNumber": 37,
        "author": {
          "gitId": "nattanyz"
        },
        "content": ""
      },
      {
        "lineNumber": 38,
        "author": {
          "gitId": "nattanyz"
        },
        "content": "    public Task getTask(int taskIndex) {"
      },
      {
        "lineNumber": 39,
        "author": {
          "gitId": "nattanyz"
        },
        "content": "        return tasks.get(taskIndex - 1);"
      },
      {
        "lineNumber": 40,
        "author": {
          "gitId": "nattanyz"
        },
        "content": "    }"
      },
      {
        "lineNumber": 41,
        "author": {
          "gitId": "nattanyz"
        },
        "content": "}"
      }
    ],
    "authorContributionMap": {
      "nattanyz": 41
    }
  },
  {
    "path": "src/main/java/Todo.java",
    "fileType": "java",
    "lines": [
      {
        "lineNumber": 1,
        "author": {
          "gitId": "nattanyz"
        },
        "content": "public class Todo extends Task {"
      },
      {
        "lineNumber": 2,
        "author": {
          "gitId": "nattanyz"
        },
        "content": "    public Todo(String description) {"
      },
      {
        "lineNumber": 3,
        "author": {
          "gitId": "nattanyz"
        },
        "content": "        super(description);"
      },
      {
        "lineNumber": 4,
        "author": {
          "gitId": "nattanyz"
        },
        "content": "        this.type \u003d \"T\";"
      },
      {
        "lineNumber": 5,
        "author": {
          "gitId": "nattanyz"
        },
        "content": "    }"
      },
      {
        "lineNumber": 6,
        "author": {
          "gitId": "nattanyz"
        },
        "content": "}"
      }
    ],
    "authorContributionMap": {
      "nattanyz": 6
    }
  }
]
