[
  {
    "path": "src/main/java/Deadlines.java",
    "fileType": "java",
    "lines": [
      {
        "lineNumber": 1,
        "author": {
          "gitId": "shawnpunchew11"
        },
        "content": "public class Deadlines extends Task {"
      },
      {
        "lineNumber": 2,
        "author": {
          "gitId": "shawnpunchew11"
        },
        "content": "    String submitBy;"
      },
      {
        "lineNumber": 3,
        "author": {
          "gitId": "shawnpunchew11"
        },
        "content": ""
      },
      {
        "lineNumber": 4,
        "author": {
          "gitId": "shawnpunchew11"
        },
        "content": "    public Deadlines(String name, String  submitBy) {"
      },
      {
        "lineNumber": 5,
        "author": {
          "gitId": "shawnpunchew11"
        },
        "content": "        super(name);"
      },
      {
        "lineNumber": 6,
        "author": {
          "gitId": "shawnpunchew11"
        },
        "content": "        this.type \u003d \"[D]\";"
      },
      {
        "lineNumber": 7,
        "author": {
          "gitId": "shawnpunchew11"
        },
        "content": "        this.submitBy \u003d submitBy;"
      },
      {
        "lineNumber": 8,
        "author": {
          "gitId": "shawnpunchew11"
        },
        "content": "    }"
      },
      {
        "lineNumber": 9,
        "author": {
          "gitId": "shawnpunchew11"
        },
        "content": ""
      },
      {
        "lineNumber": 10,
        "author": {
          "gitId": "shawnpunchew11"
        },
        "content": "    public String toString() {"
      },
      {
        "lineNumber": 11,
        "author": {
          "gitId": "shawnpunchew11"
        },
        "content": "        String output \u003d \"\";"
      },
      {
        "lineNumber": 12,
        "author": {
          "gitId": "shawnpunchew11"
        },
        "content": "        if (this.done) {"
      },
      {
        "lineNumber": 13,
        "author": {
          "gitId": "shawnpunchew11"
        },
        "content": "            output \u003d this.type + \"[✓] \" + this.name + \"(by:\" + this.submitBy + \")\";"
      },
      {
        "lineNumber": 14,
        "author": {
          "gitId": "shawnpunchew11"
        },
        "content": "        } else {"
      },
      {
        "lineNumber": 15,
        "author": {
          "gitId": "shawnpunchew11"
        },
        "content": "            output \u003d this.type + \"[X] \" + this.name + \"(by:\" + this.submitBy + \")\";"
      },
      {
        "lineNumber": 16,
        "author": {
          "gitId": "shawnpunchew11"
        },
        "content": "        }"
      },
      {
        "lineNumber": 17,
        "author": {
          "gitId": "shawnpunchew11"
        },
        "content": "        return output;"
      },
      {
        "lineNumber": 18,
        "author": {
          "gitId": "shawnpunchew11"
        },
        "content": "    }"
      },
      {
        "lineNumber": 19,
        "author": {
          "gitId": "shawnpunchew11"
        },
        "content": "}"
      },
      {
        "lineNumber": 20,
        "author": {
          "gitId": "shawnpunchew11"
        },
        "content": ""
      }
    ],
    "authorContributionMap": {
      "shawnpunchew11": 20
    }
  },
  {
    "path": "src/main/java/Duke.java",
    "fileType": "java",
    "lines": [
      {
        "lineNumber": 1,
        "author": {
          "gitId": "-"
        },
        "content": "public class Duke {"
      },
      {
        "lineNumber": 2,
        "author": {
          "gitId": "-"
        },
        "content": "    public static void main(String[] args) {"
      },
      {
        "lineNumber": 3,
        "author": {
          "gitId": "-"
        },
        "content": "        String logo \u003d \" ____        _        \\n\""
      },
      {
        "lineNumber": 4,
        "author": {
          "gitId": "-"
        },
        "content": "                + \"|  _ \\\\ _   _| | _____ \\n\""
      },
      {
        "lineNumber": 5,
        "author": {
          "gitId": "-"
        },
        "content": "                + \"| | | | | | | |/ / _ \\\\\\n\""
      },
      {
        "lineNumber": 6,
        "author": {
          "gitId": "-"
        },
        "content": "                + \"| |_| | |_| |   \u003c  __/\\n\""
      },
      {
        "lineNumber": 7,
        "author": {
          "gitId": "-"
        },
        "content": "                + \"|____/ \\\\__,_|_|\\\\_\\\\___|\\n\";"
      },
      {
        "lineNumber": 8,
        "author": {
          "gitId": "-"
        },
        "content": "        System.out.println(\"Hello from\\n\" + logo);"
      },
      {
        "lineNumber": 9,
        "author": {
          "gitId": "shawnpunchew11"
        },
        "content": ""
      },
      {
        "lineNumber": 10,
        "author": {
          "gitId": "shawnpunchew11"
        },
        "content": "        Processor processor \u003d new Processor();"
      },
      {
        "lineNumber": 11,
        "author": {
          "gitId": "shawnpunchew11"
        },
        "content": "        processor.initialise();"
      },
      {
        "lineNumber": 12,
        "author": {
          "gitId": "shawnpunchew11"
        },
        "content": "        processor.run();"
      },
      {
        "lineNumber": 13,
        "author": {
          "gitId": "-"
        },
        "content": "    }"
      },
      {
        "lineNumber": 14,
        "author": {
          "gitId": "-"
        },
        "content": "}"
      }
    ],
    "authorContributionMap": {
      "shawnpunchew11": 4,
      "-": 10
    }
  },
  {
    "path": "src/main/java/Events.java",
    "fileType": "java",
    "lines": [
      {
        "lineNumber": 1,
        "author": {
          "gitId": "shawnpunchew11"
        },
        "content": "public class Events extends Task {"
      },
      {
        "lineNumber": 2,
        "author": {
          "gitId": "shawnpunchew11"
        },
        "content": "    String time;"
      },
      {
        "lineNumber": 3,
        "author": {
          "gitId": "shawnpunchew11"
        },
        "content": ""
      },
      {
        "lineNumber": 4,
        "author": {
          "gitId": "shawnpunchew11"
        },
        "content": "    public Events(String name, String time) {"
      },
      {
        "lineNumber": 5,
        "author": {
          "gitId": "shawnpunchew11"
        },
        "content": "        super(name);"
      },
      {
        "lineNumber": 6,
        "author": {
          "gitId": "shawnpunchew11"
        },
        "content": "        this.time \u003d time;"
      },
      {
        "lineNumber": 7,
        "author": {
          "gitId": "shawnpunchew11"
        },
        "content": "        this.type \u003d \"[E]\";"
      },
      {
        "lineNumber": 8,
        "author": {
          "gitId": "shawnpunchew11"
        },
        "content": "    }"
      },
      {
        "lineNumber": 9,
        "author": {
          "gitId": "shawnpunchew11"
        },
        "content": ""
      },
      {
        "lineNumber": 10,
        "author": {
          "gitId": "shawnpunchew11"
        },
        "content": "    public String toString() {"
      },
      {
        "lineNumber": 11,
        "author": {
          "gitId": "shawnpunchew11"
        },
        "content": "        String output \u003d \"\";"
      },
      {
        "lineNumber": 12,
        "author": {
          "gitId": "shawnpunchew11"
        },
        "content": "        if (this.done) {"
      },
      {
        "lineNumber": 13,
        "author": {
          "gitId": "shawnpunchew11"
        },
        "content": "            output \u003d this.type + \"[✓] \" + this.name + \"(at:\" + this.time + \")\";"
      },
      {
        "lineNumber": 14,
        "author": {
          "gitId": "shawnpunchew11"
        },
        "content": "        } else {"
      },
      {
        "lineNumber": 15,
        "author": {
          "gitId": "shawnpunchew11"
        },
        "content": "            output \u003d this.type + \"[X] \" + this.name + \"(at:\" + this.time + \")\";"
      },
      {
        "lineNumber": 16,
        "author": {
          "gitId": "shawnpunchew11"
        },
        "content": "        }"
      },
      {
        "lineNumber": 17,
        "author": {
          "gitId": "shawnpunchew11"
        },
        "content": "        return output;"
      },
      {
        "lineNumber": 18,
        "author": {
          "gitId": "shawnpunchew11"
        },
        "content": "    }"
      },
      {
        "lineNumber": 19,
        "author": {
          "gitId": "shawnpunchew11"
        },
        "content": "}"
      }
    ],
    "authorContributionMap": {
      "shawnpunchew11": 19
    }
  },
  {
    "path": "src/main/java/ListManager.java",
    "fileType": "java",
    "lines": [
      {
        "lineNumber": 1,
        "author": {
          "gitId": "shawnpunchew11"
        },
        "content": "import java.util.ArrayList;"
      },
      {
        "lineNumber": 2,
        "author": {
          "gitId": "shawnpunchew11"
        },
        "content": "import java.util.Arrays;"
      },
      {
        "lineNumber": 3,
        "author": {
          "gitId": "shawnpunchew11"
        },
        "content": "import java.util.Scanner;"
      },
      {
        "lineNumber": 4,
        "author": {
          "gitId": "shawnpunchew11"
        },
        "content": ""
      },
      {
        "lineNumber": 5,
        "author": {
          "gitId": "shawnpunchew11"
        },
        "content": "public class ListManager {"
      },
      {
        "lineNumber": 6,
        "author": {
          "gitId": "shawnpunchew11"
        },
        "content": "    ArrayList\u003cTask\u003e actualList;"
      },
      {
        "lineNumber": 7,
        "author": {
          "gitId": "shawnpunchew11"
        },
        "content": "    String startMessage;"
      },
      {
        "lineNumber": 8,
        "author": {
          "gitId": "shawnpunchew11"
        },
        "content": "    String exitMessage;"
      },
      {
        "lineNumber": 9,
        "author": {
          "gitId": "shawnpunchew11"
        },
        "content": "    String bar;"
      },
      {
        "lineNumber": 10,
        "author": {
          "gitId": "shawnpunchew11"
        },
        "content": "    Scanner scanner;"
      },
      {
        "lineNumber": 11,
        "author": {
          "gitId": "shawnpunchew11"
        },
        "content": ""
      },
      {
        "lineNumber": 12,
        "author": {
          "gitId": "shawnpunchew11"
        },
        "content": "    public ListManager(Scanner sc) {"
      },
      {
        "lineNumber": 13,
        "author": {
          "gitId": "shawnpunchew11"
        },
        "content": "        this.startMessage \u003d \"\\tHello! I\u0027m Duke \\n\\tWhat can I do for you?\";"
      },
      {
        "lineNumber": 14,
        "author": {
          "gitId": "shawnpunchew11"
        },
        "content": "        this.exitMessage \u003d \"\\tBye. Hope to see you again soon!\";"
      },
      {
        "lineNumber": 15,
        "author": {
          "gitId": "shawnpunchew11"
        },
        "content": "        this.bar \u003d \"\\t______________________________\";"
      },
      {
        "lineNumber": 16,
        "author": {
          "gitId": "shawnpunchew11"
        },
        "content": "        this.actualList \u003d new ArrayList\u003c\u003e();"
      },
      {
        "lineNumber": 17,
        "author": {
          "gitId": "shawnpunchew11"
        },
        "content": "        this.scanner \u003d sc;"
      },
      {
        "lineNumber": 18,
        "author": {
          "gitId": "shawnpunchew11"
        },
        "content": "    }"
      },
      {
        "lineNumber": 19,
        "author": {
          "gitId": "shawnpunchew11"
        },
        "content": ""
      },
      {
        "lineNumber": 20,
        "author": {
          "gitId": "shawnpunchew11"
        },
        "content": "    public void add(String input) {"
      },
      {
        "lineNumber": 21,
        "author": {
          "gitId": "shawnpunchew11"
        },
        "content": "        String[] strArray \u003d input.split(\" \", 0);"
      },
      {
        "lineNumber": 22,
        "author": {
          "gitId": "shawnpunchew11"
        },
        "content": "        if(strArray[0].equals(\"todo\")) {"
      },
      {
        "lineNumber": 23,
        "author": {
          "gitId": "shawnpunchew11"
        },
        "content": "            String[] stringBreaker \u003d input.split(\"todo\",2);"
      },
      {
        "lineNumber": 24,
        "author": {
          "gitId": "shawnpunchew11"
        },
        "content": "            if (!stringBreaker[1].equals(\"\")) {"
      },
      {
        "lineNumber": 25,
        "author": {
          "gitId": "shawnpunchew11"
        },
        "content": "                ToDos todo \u003d new ToDos(stringBreaker[1]);"
      },
      {
        "lineNumber": 26,
        "author": {
          "gitId": "shawnpunchew11"
        },
        "content": "                actualList.add(todo);"
      },
      {
        "lineNumber": 27,
        "author": {
          "gitId": "shawnpunchew11"
        },
        "content": "                this.successfulAdd();"
      },
      {
        "lineNumber": 28,
        "author": {
          "gitId": "shawnpunchew11"
        },
        "content": "            } else {"
      },
      {
        "lineNumber": 29,
        "author": {
          "gitId": "shawnpunchew11"
        },
        "content": "                System.out.println(\"\\t☹ OOPS!!! The description of a todo cannot be empty.\");"
      },
      {
        "lineNumber": 30,
        "author": {
          "gitId": "shawnpunchew11"
        },
        "content": "                System.out.println(bar);"
      },
      {
        "lineNumber": 31,
        "author": {
          "gitId": "shawnpunchew11"
        },
        "content": "            }"
      },
      {
        "lineNumber": 32,
        "author": {
          "gitId": "shawnpunchew11"
        },
        "content": "        } else if (strArray[0].equals(\"deadline\")) {"
      },
      {
        "lineNumber": 33,
        "author": {
          "gitId": "shawnpunchew11"
        },
        "content": "            String newString \u003d input.substring(9);"
      },
      {
        "lineNumber": 34,
        "author": {
          "gitId": "shawnpunchew11"
        },
        "content": "            String[] stringBreaker \u003d newString.split(\"/by\",2);"
      },
      {
        "lineNumber": 35,
        "author": {
          "gitId": "shawnpunchew11"
        },
        "content": "            Deadlines deadline \u003d new Deadlines(stringBreaker[0], stringBreaker[1]);"
      },
      {
        "lineNumber": 36,
        "author": {
          "gitId": "shawnpunchew11"
        },
        "content": "            actualList.add(deadline);"
      },
      {
        "lineNumber": 37,
        "author": {
          "gitId": "shawnpunchew11"
        },
        "content": "            this.successfulAdd();"
      },
      {
        "lineNumber": 38,
        "author": {
          "gitId": "shawnpunchew11"
        },
        "content": "        } else if (strArray[0].equals(\"event\")) {"
      },
      {
        "lineNumber": 39,
        "author": {
          "gitId": "shawnpunchew11"
        },
        "content": "            String newString \u003d input.substring(6);"
      },
      {
        "lineNumber": 40,
        "author": {
          "gitId": "shawnpunchew11"
        },
        "content": "            String[] stringBreaker \u003d newString.split(\"/at\",2);"
      },
      {
        "lineNumber": 41,
        "author": {
          "gitId": "shawnpunchew11"
        },
        "content": "            Events event \u003d new Events(stringBreaker[0], stringBreaker[1]);"
      },
      {
        "lineNumber": 42,
        "author": {
          "gitId": "shawnpunchew11"
        },
        "content": "            actualList.add(event);"
      },
      {
        "lineNumber": 43,
        "author": {
          "gitId": "shawnpunchew11"
        },
        "content": "            this.successfulAdd();"
      },
      {
        "lineNumber": 44,
        "author": {
          "gitId": "shawnpunchew11"
        },
        "content": "        } else {"
      },
      {
        "lineNumber": 45,
        "author": {
          "gitId": "shawnpunchew11"
        },
        "content": "            System.out.println(\"\\t☹ OOPS!!! I\u0027m sorry, but I don\u0027t know what that means :-(\");"
      },
      {
        "lineNumber": 46,
        "author": {
          "gitId": "shawnpunchew11"
        },
        "content": "            System.out.println(bar);"
      },
      {
        "lineNumber": 47,
        "author": {
          "gitId": "shawnpunchew11"
        },
        "content": "        }"
      },
      {
        "lineNumber": 48,
        "author": {
          "gitId": "shawnpunchew11"
        },
        "content": "    }"
      },
      {
        "lineNumber": 49,
        "author": {
          "gitId": "shawnpunchew11"
        },
        "content": ""
      },
      {
        "lineNumber": 50,
        "author": {
          "gitId": "shawnpunchew11"
        },
        "content": "    public void successfulAdd() {"
      },
      {
        "lineNumber": 51,
        "author": {
          "gitId": "shawnpunchew11"
        },
        "content": "        System.out.println(\"\\tGot it. I\u0027ve added this task:\");"
      },
      {
        "lineNumber": 52,
        "author": {
          "gitId": "shawnpunchew11"
        },
        "content": "        System.out.println(\"\\t  \" + actualList.get(actualList.size() - 1));"
      },
      {
        "lineNumber": 53,
        "author": {
          "gitId": "shawnpunchew11"
        },
        "content": "        System.out.println(\"\\tNow you have \" + actualList.size() + \" tasks in the list.\");"
      },
      {
        "lineNumber": 54,
        "author": {
          "gitId": "shawnpunchew11"
        },
        "content": "        System.out.println(bar);"
      },
      {
        "lineNumber": 55,
        "author": {
          "gitId": "shawnpunchew11"
        },
        "content": "    }"
      },
      {
        "lineNumber": 56,
        "author": {
          "gitId": "shawnpunchew11"
        },
        "content": "    public void iterate() {"
      },
      {
        "lineNumber": 57,
        "author": {
          "gitId": "shawnpunchew11"
        },
        "content": "        if (this.actualList.isEmpty()) {"
      },
      {
        "lineNumber": 58,
        "author": {
          "gitId": "shawnpunchew11"
        },
        "content": "            System.out.println(\"\\tYou have nothing on your to-do list!\");"
      },
      {
        "lineNumber": 59,
        "author": {
          "gitId": "shawnpunchew11"
        },
        "content": "            System.out.println(bar);"
      },
      {
        "lineNumber": 60,
        "author": {
          "gitId": "shawnpunchew11"
        },
        "content": "        } else {"
      },
      {
        "lineNumber": 61,
        "author": {
          "gitId": "shawnpunchew11"
        },
        "content": "            System.out.println(\"\\tHere are the tasks in your list:\");"
      },
      {
        "lineNumber": 62,
        "author": {
          "gitId": "shawnpunchew11"
        },
        "content": "            for(int i \u003d 0; i \u003c actualList.size(); i++) {"
      },
      {
        "lineNumber": 63,
        "author": {
          "gitId": "shawnpunchew11"
        },
        "content": "                System.out.print(\u0027\\t\u0027);"
      },
      {
        "lineNumber": 64,
        "author": {
          "gitId": "shawnpunchew11"
        },
        "content": "                System.out.print(i+1 + \".\");"
      },
      {
        "lineNumber": 65,
        "author": {
          "gitId": "shawnpunchew11"
        },
        "content": "                System.out.println(actualList.get(i));"
      },
      {
        "lineNumber": 66,
        "author": {
          "gitId": "shawnpunchew11"
        },
        "content": "            }"
      },
      {
        "lineNumber": 67,
        "author": {
          "gitId": "shawnpunchew11"
        },
        "content": "            System.out.println(bar);"
      },
      {
        "lineNumber": 68,
        "author": {
          "gitId": "shawnpunchew11"
        },
        "content": "        }"
      },
      {
        "lineNumber": 69,
        "author": {
          "gitId": "shawnpunchew11"
        },
        "content": "    }"
      },
      {
        "lineNumber": 70,
        "author": {
          "gitId": "shawnpunchew11"
        },
        "content": ""
      },
      {
        "lineNumber": 71,
        "author": {
          "gitId": "shawnpunchew11"
        },
        "content": "    public void done(int index) {"
      },
      {
        "lineNumber": 72,
        "author": {
          "gitId": "shawnpunchew11"
        },
        "content": "        if (index \u003c\u003d actualList.size()) {"
      },
      {
        "lineNumber": 73,
        "author": {
          "gitId": "shawnpunchew11"
        },
        "content": "            actualList.get(index - 1).done \u003d true;"
      },
      {
        "lineNumber": 74,
        "author": {
          "gitId": "shawnpunchew11"
        },
        "content": "            System.out.println(\"\\tNice! I\u0027ve marked this task as done:\");"
      },
      {
        "lineNumber": 75,
        "author": {
          "gitId": "shawnpunchew11"
        },
        "content": "            System.out.println(\"\\t  [✓] \" + actualList.get(index - 1).name);"
      },
      {
        "lineNumber": 76,
        "author": {
          "gitId": "shawnpunchew11"
        },
        "content": "        } else {"
      },
      {
        "lineNumber": 77,
        "author": {
          "gitId": "shawnpunchew11"
        },
        "content": "            System.out.println(\"\\tTask does not exist!\");"
      },
      {
        "lineNumber": 78,
        "author": {
          "gitId": "shawnpunchew11"
        },
        "content": "        }"
      },
      {
        "lineNumber": 79,
        "author": {
          "gitId": "shawnpunchew11"
        },
        "content": "        System.out.println(bar);"
      },
      {
        "lineNumber": 80,
        "author": {
          "gitId": "shawnpunchew11"
        },
        "content": "    }"
      },
      {
        "lineNumber": 81,
        "author": {
          "gitId": "shawnpunchew11"
        },
        "content": ""
      },
      {
        "lineNumber": 82,
        "author": {
          "gitId": "shawnpunchew11"
        },
        "content": "    public void delete(int index) {"
      },
      {
        "lineNumber": 83,
        "author": {
          "gitId": "shawnpunchew11"
        },
        "content": "        Task removed \u003d this.actualList.remove(index - 1);"
      },
      {
        "lineNumber": 84,
        "author": {
          "gitId": "shawnpunchew11"
        },
        "content": "        System.out.println(\"\\tNoted. I\u0027ve removed this task:\");"
      },
      {
        "lineNumber": 85,
        "author": {
          "gitId": "shawnpunchew11"
        },
        "content": "        System.out.println(\"\\t  \" + removed);"
      },
      {
        "lineNumber": 86,
        "author": {
          "gitId": "shawnpunchew11"
        },
        "content": "        System.out.println(\"\\tNow you have \" + actualList.size() + \" tasks in the list.\");"
      },
      {
        "lineNumber": 87,
        "author": {
          "gitId": "shawnpunchew11"
        },
        "content": "        System.out.println(bar);"
      },
      {
        "lineNumber": 88,
        "author": {
          "gitId": "shawnpunchew11"
        },
        "content": "    }"
      },
      {
        "lineNumber": 89,
        "author": {
          "gitId": "shawnpunchew11"
        },
        "content": "}"
      }
    ],
    "authorContributionMap": {
      "shawnpunchew11": 89
    }
  },
  {
    "path": "src/main/java/Processor.java",
    "fileType": "java",
    "lines": [
      {
        "lineNumber": 1,
        "author": {
          "gitId": "shawnpunchew11"
        },
        "content": "import java.util.Arrays;"
      },
      {
        "lineNumber": 2,
        "author": {
          "gitId": "shawnpunchew11"
        },
        "content": "import java.util.Scanner;"
      },
      {
        "lineNumber": 3,
        "author": {
          "gitId": "shawnpunchew11"
        },
        "content": "import java.util.ArrayList;"
      },
      {
        "lineNumber": 4,
        "author": {
          "gitId": "shawnpunchew11"
        },
        "content": ""
      },
      {
        "lineNumber": 5,
        "author": {
          "gitId": "shawnpunchew11"
        },
        "content": "public class Processor {"
      },
      {
        "lineNumber": 6,
        "author": {
          "gitId": "shawnpunchew11"
        },
        "content": "    String startMessage;"
      },
      {
        "lineNumber": 7,
        "author": {
          "gitId": "shawnpunchew11"
        },
        "content": "    String exitMessage;"
      },
      {
        "lineNumber": 8,
        "author": {
          "gitId": "shawnpunchew11"
        },
        "content": "    String bar;"
      },
      {
        "lineNumber": 9,
        "author": {
          "gitId": "shawnpunchew11"
        },
        "content": "    Scanner sc;"
      },
      {
        "lineNumber": 10,
        "author": {
          "gitId": "shawnpunchew11"
        },
        "content": "    ListManager taskList;"
      },
      {
        "lineNumber": 11,
        "author": {
          "gitId": "shawnpunchew11"
        },
        "content": ""
      },
      {
        "lineNumber": 12,
        "author": {
          "gitId": "shawnpunchew11"
        },
        "content": "    public Processor() {"
      },
      {
        "lineNumber": 13,
        "author": {
          "gitId": "shawnpunchew11"
        },
        "content": "        this.startMessage \u003d \"\\tHello! I\u0027m Duke \\n\\tWhat can I do for you?\";"
      },
      {
        "lineNumber": 14,
        "author": {
          "gitId": "shawnpunchew11"
        },
        "content": "        this.exitMessage \u003d \"\\tBye. Hope to see you again soon!\";"
      },
      {
        "lineNumber": 15,
        "author": {
          "gitId": "shawnpunchew11"
        },
        "content": "        this.bar \u003d \"\\t______________________________\";"
      },
      {
        "lineNumber": 16,
        "author": {
          "gitId": "shawnpunchew11"
        },
        "content": "        this.sc \u003d new Scanner(System.in);"
      },
      {
        "lineNumber": 17,
        "author": {
          "gitId": "shawnpunchew11"
        },
        "content": "        this.taskList \u003d new ListManager(sc);"
      },
      {
        "lineNumber": 18,
        "author": {
          "gitId": "shawnpunchew11"
        },
        "content": "    }"
      },
      {
        "lineNumber": 19,
        "author": {
          "gitId": "shawnpunchew11"
        },
        "content": "    public void initialise() {"
      },
      {
        "lineNumber": 20,
        "author": {
          "gitId": "shawnpunchew11"
        },
        "content": "        System.out.println(bar);"
      },
      {
        "lineNumber": 21,
        "author": {
          "gitId": "shawnpunchew11"
        },
        "content": "        System.out.println(startMessage);"
      },
      {
        "lineNumber": 22,
        "author": {
          "gitId": "shawnpunchew11"
        },
        "content": "    }"
      },
      {
        "lineNumber": 23,
        "author": {
          "gitId": "shawnpunchew11"
        },
        "content": "    public void run() {"
      },
      {
        "lineNumber": 24,
        "author": {
          "gitId": "shawnpunchew11"
        },
        "content": "        String input \u003d sc.nextLine();"
      },
      {
        "lineNumber": 25,
        "author": {
          "gitId": "shawnpunchew11"
        },
        "content": "        while (!input.equals(\"quit\")) {"
      },
      {
        "lineNumber": 26,
        "author": {
          "gitId": "shawnpunchew11"
        },
        "content": "            String[] strArray \u003d input.split(\" \",0);"
      },
      {
        "lineNumber": 27,
        "author": {
          "gitId": "shawnpunchew11"
        },
        "content": "            System.out.println(bar);"
      },
      {
        "lineNumber": 28,
        "author": {
          "gitId": "shawnpunchew11"
        },
        "content": "            if (input.equals(\"list\")) {"
      },
      {
        "lineNumber": 29,
        "author": {
          "gitId": "shawnpunchew11"
        },
        "content": "                taskList.iterate();"
      },
      {
        "lineNumber": 30,
        "author": {
          "gitId": "shawnpunchew11"
        },
        "content": "                input \u003d sc.nextLine();"
      },
      {
        "lineNumber": 31,
        "author": {
          "gitId": "shawnpunchew11"
        },
        "content": "            } else if (strArray[0].equals(\"done\")) {"
      },
      {
        "lineNumber": 32,
        "author": {
          "gitId": "shawnpunchew11"
        },
        "content": "                taskList.done(Integer.parseInt(strArray[1]));"
      },
      {
        "lineNumber": 33,
        "author": {
          "gitId": "shawnpunchew11"
        },
        "content": "                input \u003d sc.nextLine();"
      },
      {
        "lineNumber": 34,
        "author": {
          "gitId": "shawnpunchew11"
        },
        "content": "            } else if (strArray[0].equals(\"delete\")) {"
      },
      {
        "lineNumber": 35,
        "author": {
          "gitId": "shawnpunchew11"
        },
        "content": "                taskList.delete(Integer.parseInt(strArray[1]));"
      },
      {
        "lineNumber": 36,
        "author": {
          "gitId": "shawnpunchew11"
        },
        "content": "                input \u003d sc.nextLine();"
      },
      {
        "lineNumber": 37,
        "author": {
          "gitId": "shawnpunchew11"
        },
        "content": "            } else {"
      },
      {
        "lineNumber": 38,
        "author": {
          "gitId": "shawnpunchew11"
        },
        "content": "                taskList.add(input);"
      },
      {
        "lineNumber": 39,
        "author": {
          "gitId": "shawnpunchew11"
        },
        "content": "                input \u003d sc.nextLine();"
      },
      {
        "lineNumber": 40,
        "author": {
          "gitId": "shawnpunchew11"
        },
        "content": "            }"
      },
      {
        "lineNumber": 41,
        "author": {
          "gitId": "shawnpunchew11"
        },
        "content": "        }"
      },
      {
        "lineNumber": 42,
        "author": {
          "gitId": "shawnpunchew11"
        },
        "content": "        this.exit();"
      },
      {
        "lineNumber": 43,
        "author": {
          "gitId": "shawnpunchew11"
        },
        "content": "    }"
      },
      {
        "lineNumber": 44,
        "author": {
          "gitId": "shawnpunchew11"
        },
        "content": ""
      },
      {
        "lineNumber": 45,
        "author": {
          "gitId": "shawnpunchew11"
        },
        "content": "    public void exit() {"
      },
      {
        "lineNumber": 46,
        "author": {
          "gitId": "shawnpunchew11"
        },
        "content": "        System.out.println(bar);"
      },
      {
        "lineNumber": 47,
        "author": {
          "gitId": "shawnpunchew11"
        },
        "content": "        System.out.println(exitMessage);"
      },
      {
        "lineNumber": 48,
        "author": {
          "gitId": "shawnpunchew11"
        },
        "content": "        System.out.println(bar);"
      },
      {
        "lineNumber": 49,
        "author": {
          "gitId": "shawnpunchew11"
        },
        "content": "    }"
      },
      {
        "lineNumber": 50,
        "author": {
          "gitId": "shawnpunchew11"
        },
        "content": "}"
      }
    ],
    "authorContributionMap": {
      "shawnpunchew11": 50
    }
  },
  {
    "path": "src/main/java/Task.java",
    "fileType": "java",
    "lines": [
      {
        "lineNumber": 1,
        "author": {
          "gitId": "shawnpunchew11"
        },
        "content": "public abstract class Task {"
      },
      {
        "lineNumber": 2,
        "author": {
          "gitId": "shawnpunchew11"
        },
        "content": "    String name;"
      },
      {
        "lineNumber": 3,
        "author": {
          "gitId": "shawnpunchew11"
        },
        "content": "    String type;"
      },
      {
        "lineNumber": 4,
        "author": {
          "gitId": "shawnpunchew11"
        },
        "content": "    Boolean done;"
      },
      {
        "lineNumber": 5,
        "author": {
          "gitId": "shawnpunchew11"
        },
        "content": ""
      },
      {
        "lineNumber": 6,
        "author": {
          "gitId": "shawnpunchew11"
        },
        "content": "    public Task(String name) {"
      },
      {
        "lineNumber": 7,
        "author": {
          "gitId": "shawnpunchew11"
        },
        "content": "        this.name \u003d name;"
      },
      {
        "lineNumber": 8,
        "author": {
          "gitId": "shawnpunchew11"
        },
        "content": "        this.done \u003d false;"
      },
      {
        "lineNumber": 9,
        "author": {
          "gitId": "shawnpunchew11"
        },
        "content": "    }"
      },
      {
        "lineNumber": 10,
        "author": {
          "gitId": "shawnpunchew11"
        },
        "content": "}"
      }
    ],
    "authorContributionMap": {
      "shawnpunchew11": 10
    }
  },
  {
    "path": "src/main/java/ToDos.java",
    "fileType": "java",
    "lines": [
      {
        "lineNumber": 1,
        "author": {
          "gitId": "shawnpunchew11"
        },
        "content": "public class ToDos extends Task {"
      },
      {
        "lineNumber": 2,
        "author": {
          "gitId": "shawnpunchew11"
        },
        "content": ""
      },
      {
        "lineNumber": 3,
        "author": {
          "gitId": "shawnpunchew11"
        },
        "content": "    public ToDos(String name) {"
      },
      {
        "lineNumber": 4,
        "author": {
          "gitId": "shawnpunchew11"
        },
        "content": "        super(name);"
      },
      {
        "lineNumber": 5,
        "author": {
          "gitId": "shawnpunchew11"
        },
        "content": "        this.type \u003d \"[T]\";"
      },
      {
        "lineNumber": 6,
        "author": {
          "gitId": "shawnpunchew11"
        },
        "content": "    }"
      },
      {
        "lineNumber": 7,
        "author": {
          "gitId": "shawnpunchew11"
        },
        "content": ""
      },
      {
        "lineNumber": 8,
        "author": {
          "gitId": "shawnpunchew11"
        },
        "content": "    @Override"
      },
      {
        "lineNumber": 9,
        "author": {
          "gitId": "shawnpunchew11"
        },
        "content": "    public String toString() {"
      },
      {
        "lineNumber": 10,
        "author": {
          "gitId": "shawnpunchew11"
        },
        "content": "        String output \u003d \"\";"
      },
      {
        "lineNumber": 11,
        "author": {
          "gitId": "shawnpunchew11"
        },
        "content": "        if (this.done) {"
      },
      {
        "lineNumber": 12,
        "author": {
          "gitId": "shawnpunchew11"
        },
        "content": "            output \u003d this.type + \"[✓]\" + this.name;"
      },
      {
        "lineNumber": 13,
        "author": {
          "gitId": "shawnpunchew11"
        },
        "content": "        } else {"
      },
      {
        "lineNumber": 14,
        "author": {
          "gitId": "shawnpunchew11"
        },
        "content": "            output \u003d this.type + \"[X]\" + this.name;"
      },
      {
        "lineNumber": 15,
        "author": {
          "gitId": "shawnpunchew11"
        },
        "content": "        }"
      },
      {
        "lineNumber": 16,
        "author": {
          "gitId": "shawnpunchew11"
        },
        "content": "        return output;"
      },
      {
        "lineNumber": 17,
        "author": {
          "gitId": "shawnpunchew11"
        },
        "content": "    }"
      },
      {
        "lineNumber": 18,
        "author": {
          "gitId": "shawnpunchew11"
        },
        "content": "}"
      }
    ],
    "authorContributionMap": {
      "shawnpunchew11": 18
    }
  }
]
