[
  {
    "path": "src/main/java/DeadlinesTask.java",
    "fileType": "java",
    "lines": [
      {
        "lineNumber": 1,
        "author": {
          "gitId": "Austin Santoso"
        },
        "content": "public class DeadlinesTask extends Task {"
      },
      {
        "lineNumber": 2,
        "author": {
          "gitId": "Austin Santoso"
        },
        "content": "    String taskName;"
      },
      {
        "lineNumber": 3,
        "author": {
          "gitId": "Austin Santoso"
        },
        "content": "    String taskTime;"
      },
      {
        "lineNumber": 4,
        "author": {
          "gitId": "Austin Santoso"
        },
        "content": ""
      },
      {
        "lineNumber": 5,
        "author": {
          "gitId": "Austin Santoso"
        },
        "content": "    public DeadlinesTask(String task) {"
      },
      {
        "lineNumber": 6,
        "author": {
          "gitId": "Austin Santoso"
        },
        "content": "        super(task);"
      },
      {
        "lineNumber": 7,
        "author": {
          "gitId": "Austin Santoso"
        },
        "content": "        String[] taskSplit \u003d task.split(\"/\");"
      },
      {
        "lineNumber": 8,
        "author": {
          "gitId": "Austin Santoso"
        },
        "content": "        taskName \u003d taskSplit[0].trim();"
      },
      {
        "lineNumber": 9,
        "author": {
          "gitId": "Austin Santoso"
        },
        "content": "        String taskTimeOriginal \u003d taskSplit[1];"
      },
      {
        "lineNumber": 10,
        "author": {
          "gitId": "Austin Santoso"
        },
        "content": "        int firstWordLength \u003d taskTimeOriginal.split(\" \")[0].length();"
      },
      {
        "lineNumber": 11,
        "author": {
          "gitId": "Austin Santoso"
        },
        "content": "        taskTime \u003d taskTimeOriginal.split(\" \")[0] + \": \" + taskTimeOriginal.substring(firstWordLength).trim();"
      },
      {
        "lineNumber": 12,
        "author": {
          "gitId": "Austin Santoso"
        },
        "content": "    }"
      },
      {
        "lineNumber": 13,
        "author": {
          "gitId": "Austin Santoso"
        },
        "content": ""
      },
      {
        "lineNumber": 14,
        "author": {
          "gitId": "Austin Santoso"
        },
        "content": "    @Override"
      },
      {
        "lineNumber": 15,
        "author": {
          "gitId": "Austin Santoso"
        },
        "content": "    public String toString() {"
      },
      {
        "lineNumber": 16,
        "author": {
          "gitId": "Austin Santoso"
        },
        "content": "        String output \u003d \"[D]\";"
      },
      {
        "lineNumber": 17,
        "author": {
          "gitId": "Austin Santoso"
        },
        "content": "        if (super.completed) {"
      },
      {
        "lineNumber": 18,
        "author": {
          "gitId": "Austin Santoso"
        },
        "content": "            output +\u003d \"[✓]\";"
      },
      {
        "lineNumber": 19,
        "author": {
          "gitId": "Austin Santoso"
        },
        "content": "        } else {"
      },
      {
        "lineNumber": 20,
        "author": {
          "gitId": "Austin Santoso"
        },
        "content": "            output +\u003d \"[✗]\";"
      },
      {
        "lineNumber": 21,
        "author": {
          "gitId": "Austin Santoso"
        },
        "content": "        }"
      },
      {
        "lineNumber": 22,
        "author": {
          "gitId": "Austin Santoso"
        },
        "content": "        output +\u003d \" \" + this.taskName + \" (\" + this.taskTime + \")\";"
      },
      {
        "lineNumber": 23,
        "author": {
          "gitId": "Austin Santoso"
        },
        "content": "        return output;"
      },
      {
        "lineNumber": 24,
        "author": {
          "gitId": "Austin Santoso"
        },
        "content": "    }"
      },
      {
        "lineNumber": 25,
        "author": {
          "gitId": "Austin Santoso"
        },
        "content": "}"
      }
    ],
    "authorContributionMap": {
      "Austin Santoso": 25
    }
  },
  {
    "path": "src/main/java/Duke.java",
    "fileType": "java",
    "lines": [
      {
        "lineNumber": 1,
        "author": {
          "gitId": "Austin Santoso"
        },
        "content": "import java.util.Scanner;"
      },
      {
        "lineNumber": 2,
        "author": {
          "gitId": "Austin Santoso"
        },
        "content": ""
      },
      {
        "lineNumber": 3,
        "author": {
          "gitId": "-"
        },
        "content": "public class Duke {"
      },
      {
        "lineNumber": 4,
        "author": {
          "gitId": "-"
        },
        "content": "    public static void main(String[] args) {"
      },
      {
        "lineNumber": 5,
        "author": {
          "gitId": "Austin Santoso"
        },
        "content": "        Scanner sc \u003d new Scanner(System.in);"
      },
      {
        "lineNumber": 6,
        "author": {
          "gitId": "-"
        },
        "content": "        String logo \u003d \" ____        _        \\n\""
      },
      {
        "lineNumber": 7,
        "author": {
          "gitId": "-"
        },
        "content": "                + \"|  _ \\\\ _   _| | _____ \\n\""
      },
      {
        "lineNumber": 8,
        "author": {
          "gitId": "-"
        },
        "content": "                + \"| | | | | | | |/ / _ \\\\\\n\""
      },
      {
        "lineNumber": 9,
        "author": {
          "gitId": "-"
        },
        "content": "                + \"| |_| | |_| |   \u003c  __/\\n\""
      },
      {
        "lineNumber": 10,
        "author": {
          "gitId": "-"
        },
        "content": "                + \"|____/ \\\\__,_|_|\\\\_\\\\___|\\n\";"
      },
      {
        "lineNumber": 11,
        "author": {
          "gitId": "-"
        },
        "content": "        System.out.println(\"Hello from\\n\" + logo);"
      },
      {
        "lineNumber": 12,
        "author": {
          "gitId": "Austin Santoso"
        },
        "content": "        System.out.println(\"\\n\");"
      },
      {
        "lineNumber": 13,
        "author": {
          "gitId": "Austin Santoso"
        },
        "content": "        System.out.println(\"How may I help you?\\n\");"
      },
      {
        "lineNumber": 14,
        "author": {
          "gitId": "Austin Santoso"
        },
        "content": "        System.out.println(\"--------------------------------------\\n\");"
      },
      {
        "lineNumber": 15,
        "author": {
          "gitId": "Austin Santoso"
        },
        "content": "        Task[] tasks \u003d new Task[100];"
      },
      {
        "lineNumber": 16,
        "author": {
          "gitId": "Austin Santoso"
        },
        "content": "        int numberOfTask \u003d 0;"
      },
      {
        "lineNumber": 17,
        "author": {
          "gitId": "Austin Santoso"
        },
        "content": "        boolean shouldStop \u003d false;"
      },
      {
        "lineNumber": 18,
        "author": {
          "gitId": "Austin Santoso"
        },
        "content": "        while (!shouldStop) {"
      },
      {
        "lineNumber": 19,
        "author": {
          "gitId": "Austin Santoso"
        },
        "content": "            String input \u003d sc.nextLine().trim();"
      },
      {
        "lineNumber": 20,
        "author": {
          "gitId": "Austin Santoso"
        },
        "content": "            String command \u003d input.split(\" \")[0]; //the first word of the user input"
      },
      {
        "lineNumber": 21,
        "author": {
          "gitId": "Austin Santoso"
        },
        "content": "            String description \u003d input.substring(command.length()).trim();"
      },
      {
        "lineNumber": 22,
        "author": {
          "gitId": "Austin Santoso"
        },
        "content": "            System.out.println(\"\\n--------------------------------------\");"
      },
      {
        "lineNumber": 23,
        "author": {
          "gitId": "Austin Santoso"
        },
        "content": "            switch (command) {"
      },
      {
        "lineNumber": 24,
        "author": {
          "gitId": "Austin Santoso"
        },
        "content": "                case \"bye\":"
      },
      {
        "lineNumber": 25,
        "author": {
          "gitId": "Austin Santoso"
        },
        "content": "                    System.out.println(\"    Bye! See you again soon!!\");"
      },
      {
        "lineNumber": 26,
        "author": {
          "gitId": "Austin Santoso"
        },
        "content": "                    System.out.println(\"--------------------------------------\");"
      },
      {
        "lineNumber": 27,
        "author": {
          "gitId": "Austin Santoso"
        },
        "content": "                    shouldStop \u003d true;"
      },
      {
        "lineNumber": 28,
        "author": {
          "gitId": "Austin Santoso"
        },
        "content": "                    break;"
      },
      {
        "lineNumber": 29,
        "author": {
          "gitId": "Austin Santoso"
        },
        "content": "                case \"list\":"
      },
      {
        "lineNumber": 30,
        "author": {
          "gitId": "Austin Santoso"
        },
        "content": "                    System.out.println(\"    Here are the tasks in your list:\");"
      },
      {
        "lineNumber": 31,
        "author": {
          "gitId": "Austin Santoso"
        },
        "content": "                    for (int i \u003d 0; i \u003c numberOfTask; i++) {"
      },
      {
        "lineNumber": 32,
        "author": {
          "gitId": "Austin Santoso"
        },
        "content": "                        System.out.println(\"    \" + (i + 1) + \".\" + tasks[i]);"
      },
      {
        "lineNumber": 33,
        "author": {
          "gitId": "Austin Santoso"
        },
        "content": "                    }"
      },
      {
        "lineNumber": 34,
        "author": {
          "gitId": "Austin Santoso"
        },
        "content": "                    System.out.println(\"--------------------------------------\");"
      },
      {
        "lineNumber": 35,
        "author": {
          "gitId": "Austin Santoso"
        },
        "content": "                    break;"
      },
      {
        "lineNumber": 36,
        "author": {
          "gitId": "Austin Santoso"
        },
        "content": "                case \"done\":"
      },
      {
        "lineNumber": 37,
        "author": {
          "gitId": "Austin Santoso"
        },
        "content": "                    int taskNumber \u003d Integer.parseInt(description) - 1;"
      },
      {
        "lineNumber": 38,
        "author": {
          "gitId": "Austin Santoso"
        },
        "content": "                    tasks[taskNumber].complete();"
      },
      {
        "lineNumber": 39,
        "author": {
          "gitId": "Austin Santoso"
        },
        "content": "                    System.out.println(\"    Nice! I\u0027ve marked this task as done:\");"
      },
      {
        "lineNumber": 40,
        "author": {
          "gitId": "Austin Santoso"
        },
        "content": "                    System.out.println(\"      \" + tasks[taskNumber].toString());"
      },
      {
        "lineNumber": 41,
        "author": {
          "gitId": "Austin Santoso"
        },
        "content": "                    System.out.println(\"--------------------------------------\");"
      },
      {
        "lineNumber": 42,
        "author": {
          "gitId": "Austin Santoso"
        },
        "content": "                    break;"
      },
      {
        "lineNumber": 43,
        "author": {
          "gitId": "Austin Santoso"
        },
        "content": "                case \"todo\":"
      },
      {
        "lineNumber": 44,
        "author": {
          "gitId": "Austin Santoso"
        },
        "content": "                    System.out.println(\"    Got it. I\u0027ve added this task: \");"
      },
      {
        "lineNumber": 45,
        "author": {
          "gitId": "Austin Santoso"
        },
        "content": "                    tasks[numberOfTask] \u003d new ToDoTask(description);"
      },
      {
        "lineNumber": 46,
        "author": {
          "gitId": "Austin Santoso"
        },
        "content": "                    System.out.println(\"      \" + tasks[numberOfTask].toString());"
      },
      {
        "lineNumber": 47,
        "author": {
          "gitId": "Austin Santoso"
        },
        "content": "                    numberOfTask++;"
      },
      {
        "lineNumber": 48,
        "author": {
          "gitId": "Austin Santoso"
        },
        "content": "                    System.out.println(\"    Now you have \" + numberOfTask + \" tasks in the list.\");"
      },
      {
        "lineNumber": 49,
        "author": {
          "gitId": "Austin Santoso"
        },
        "content": "                    System.out.println(\"--------------------------------------\");"
      },
      {
        "lineNumber": 50,
        "author": {
          "gitId": "Austin Santoso"
        },
        "content": "                    break;"
      },
      {
        "lineNumber": 51,
        "author": {
          "gitId": "Austin Santoso"
        },
        "content": "                case \"event\":"
      },
      {
        "lineNumber": 52,
        "author": {
          "gitId": "Austin Santoso"
        },
        "content": "                    System.out.println(\"    Got it. I\u0027ve added this task: \");"
      },
      {
        "lineNumber": 53,
        "author": {
          "gitId": "Austin Santoso"
        },
        "content": "                    tasks[numberOfTask] \u003d new EventsTask(description);"
      },
      {
        "lineNumber": 54,
        "author": {
          "gitId": "Austin Santoso"
        },
        "content": "                    System.out.println(\"      \" + tasks[numberOfTask].toString());"
      },
      {
        "lineNumber": 55,
        "author": {
          "gitId": "Austin Santoso"
        },
        "content": "                    numberOfTask++;"
      },
      {
        "lineNumber": 56,
        "author": {
          "gitId": "Austin Santoso"
        },
        "content": "                    System.out.println(\"    Now you have \" + numberOfTask + \" tasks in the list.\");"
      },
      {
        "lineNumber": 57,
        "author": {
          "gitId": "Austin Santoso"
        },
        "content": "                    System.out.println(\"--------------------------------------\");"
      },
      {
        "lineNumber": 58,
        "author": {
          "gitId": "Austin Santoso"
        },
        "content": "                    break;"
      },
      {
        "lineNumber": 59,
        "author": {
          "gitId": "Austin Santoso"
        },
        "content": "                case \"deadline\":"
      },
      {
        "lineNumber": 60,
        "author": {
          "gitId": "Austin Santoso"
        },
        "content": "                    System.out.println(\"    Got it. I\u0027ve added this task: \");"
      },
      {
        "lineNumber": 61,
        "author": {
          "gitId": "Austin Santoso"
        },
        "content": "                    tasks[numberOfTask] \u003d new DeadlinesTask(description);"
      },
      {
        "lineNumber": 62,
        "author": {
          "gitId": "Austin Santoso"
        },
        "content": "                    System.out.println(\"      \" + tasks[numberOfTask].toString());"
      },
      {
        "lineNumber": 63,
        "author": {
          "gitId": "Austin Santoso"
        },
        "content": "                    numberOfTask++;"
      },
      {
        "lineNumber": 64,
        "author": {
          "gitId": "Austin Santoso"
        },
        "content": "                    System.out.println(\"    Now you have \" + numberOfTask + \" tasks in the list.\");"
      },
      {
        "lineNumber": 65,
        "author": {
          "gitId": "Austin Santoso"
        },
        "content": "                    System.out.println(\"--------------------------------------\");"
      },
      {
        "lineNumber": 66,
        "author": {
          "gitId": "Austin Santoso"
        },
        "content": "                    break;"
      },
      {
        "lineNumber": 67,
        "author": {
          "gitId": "Austin Santoso"
        },
        "content": "                default:"
      },
      {
        "lineNumber": 68,
        "author": {
          "gitId": "Austin Santoso"
        },
        "content": "                    System.out.println(\"    unknown command\");"
      },
      {
        "lineNumber": 69,
        "author": {
          "gitId": "Austin Santoso"
        },
        "content": ""
      },
      {
        "lineNumber": 70,
        "author": {
          "gitId": "Austin Santoso"
        },
        "content": "                    System.out.println(\"--------------------------------------\");"
      },
      {
        "lineNumber": 71,
        "author": {
          "gitId": "Austin Santoso"
        },
        "content": "                    break;"
      },
      {
        "lineNumber": 72,
        "author": {
          "gitId": "Austin Santoso"
        },
        "content": "            }"
      },
      {
        "lineNumber": 73,
        "author": {
          "gitId": "Austin Santoso"
        },
        "content": "        }"
      },
      {
        "lineNumber": 74,
        "author": {
          "gitId": "-"
        },
        "content": "    }"
      },
      {
        "lineNumber": 75,
        "author": {
          "gitId": "-"
        },
        "content": "}"
      }
    ],
    "authorContributionMap": {
      "Austin Santoso": 65,
      "-": 10
    }
  },
  {
    "path": "src/main/java/EventsTask.java",
    "fileType": "java",
    "lines": [
      {
        "lineNumber": 1,
        "author": {
          "gitId": "Austin Santoso"
        },
        "content": "public class EventsTask extends Task {"
      },
      {
        "lineNumber": 2,
        "author": {
          "gitId": "Austin Santoso"
        },
        "content": "    String taskName;"
      },
      {
        "lineNumber": 3,
        "author": {
          "gitId": "Austin Santoso"
        },
        "content": "    String taskTime;"
      },
      {
        "lineNumber": 4,
        "author": {
          "gitId": "Austin Santoso"
        },
        "content": ""
      },
      {
        "lineNumber": 5,
        "author": {
          "gitId": "Austin Santoso"
        },
        "content": "    public EventsTask(String task) {"
      },
      {
        "lineNumber": 6,
        "author": {
          "gitId": "Austin Santoso"
        },
        "content": "        super(task);"
      },
      {
        "lineNumber": 7,
        "author": {
          "gitId": "Austin Santoso"
        },
        "content": "        String[] taskSplit \u003d task.split(\"/\");"
      },
      {
        "lineNumber": 8,
        "author": {
          "gitId": "Austin Santoso"
        },
        "content": "        taskName \u003d taskSplit[0].trim();"
      },
      {
        "lineNumber": 9,
        "author": {
          "gitId": "Austin Santoso"
        },
        "content": "        String taskTimeOriginal \u003d taskSplit[1];"
      },
      {
        "lineNumber": 10,
        "author": {
          "gitId": "Austin Santoso"
        },
        "content": "        int firstWordLength \u003d taskTimeOriginal.split(\" \")[0].length();"
      },
      {
        "lineNumber": 11,
        "author": {
          "gitId": "Austin Santoso"
        },
        "content": "        taskTime \u003d taskTimeOriginal.split(\" \")[0] + \": \" + taskTimeOriginal.substring(firstWordLength).trim();"
      },
      {
        "lineNumber": 12,
        "author": {
          "gitId": "Austin Santoso"
        },
        "content": "    }"
      },
      {
        "lineNumber": 13,
        "author": {
          "gitId": "Austin Santoso"
        },
        "content": ""
      },
      {
        "lineNumber": 14,
        "author": {
          "gitId": "Austin Santoso"
        },
        "content": "    @Override"
      },
      {
        "lineNumber": 15,
        "author": {
          "gitId": "Austin Santoso"
        },
        "content": "    public String toString() {"
      },
      {
        "lineNumber": 16,
        "author": {
          "gitId": "Austin Santoso"
        },
        "content": "        String output \u003d \"[E]\";"
      },
      {
        "lineNumber": 17,
        "author": {
          "gitId": "Austin Santoso"
        },
        "content": "        if (super.completed) {"
      },
      {
        "lineNumber": 18,
        "author": {
          "gitId": "Austin Santoso"
        },
        "content": "            output +\u003d \"[✓]\";"
      },
      {
        "lineNumber": 19,
        "author": {
          "gitId": "Austin Santoso"
        },
        "content": "        } else {"
      },
      {
        "lineNumber": 20,
        "author": {
          "gitId": "Austin Santoso"
        },
        "content": "            output +\u003d \"[✗]\";"
      },
      {
        "lineNumber": 21,
        "author": {
          "gitId": "Austin Santoso"
        },
        "content": "        }"
      },
      {
        "lineNumber": 22,
        "author": {
          "gitId": "Austin Santoso"
        },
        "content": "        output +\u003d \" \" + this.taskName + \" (\" + this.taskTime + \")\";"
      },
      {
        "lineNumber": 23,
        "author": {
          "gitId": "Austin Santoso"
        },
        "content": "        return output;"
      },
      {
        "lineNumber": 24,
        "author": {
          "gitId": "Austin Santoso"
        },
        "content": "    }"
      },
      {
        "lineNumber": 25,
        "author": {
          "gitId": "Austin Santoso"
        },
        "content": "}"
      }
    ],
    "authorContributionMap": {
      "Austin Santoso": 25
    }
  },
  {
    "path": "src/main/java/Task.java",
    "fileType": "java",
    "lines": [
      {
        "lineNumber": 1,
        "author": {
          "gitId": "Austin Santoso"
        },
        "content": "public class Task {"
      },
      {
        "lineNumber": 2,
        "author": {
          "gitId": "Austin Santoso"
        },
        "content": "    boolean completed \u003d false;"
      },
      {
        "lineNumber": 3,
        "author": {
          "gitId": "Austin Santoso"
        },
        "content": "    String task;"
      },
      {
        "lineNumber": 4,
        "author": {
          "gitId": "Austin Santoso"
        },
        "content": ""
      },
      {
        "lineNumber": 5,
        "author": {
          "gitId": "Austin Santoso"
        },
        "content": "    public Task(String task) {"
      },
      {
        "lineNumber": 6,
        "author": {
          "gitId": "Austin Santoso"
        },
        "content": "        this.task \u003d task;"
      },
      {
        "lineNumber": 7,
        "author": {
          "gitId": "Austin Santoso"
        },
        "content": "    }"
      },
      {
        "lineNumber": 8,
        "author": {
          "gitId": "Austin Santoso"
        },
        "content": ""
      },
      {
        "lineNumber": 9,
        "author": {
          "gitId": "Austin Santoso"
        },
        "content": "    public void complete() {"
      },
      {
        "lineNumber": 10,
        "author": {
          "gitId": "Austin Santoso"
        },
        "content": "        this.completed \u003d true;"
      },
      {
        "lineNumber": 11,
        "author": {
          "gitId": "Austin Santoso"
        },
        "content": "    }"
      },
      {
        "lineNumber": 12,
        "author": {
          "gitId": "Austin Santoso"
        },
        "content": ""
      },
      {
        "lineNumber": 13,
        "author": {
          "gitId": "Austin Santoso"
        },
        "content": "    @Override"
      },
      {
        "lineNumber": 14,
        "author": {
          "gitId": "Austin Santoso"
        },
        "content": "    public String toString() {"
      },
      {
        "lineNumber": 15,
        "author": {
          "gitId": "Austin Santoso"
        },
        "content": "        if (completed) {"
      },
      {
        "lineNumber": 16,
        "author": {
          "gitId": "Austin Santoso"
        },
        "content": "            return \"[✓] \" + this.task;"
      },
      {
        "lineNumber": 17,
        "author": {
          "gitId": "Austin Santoso"
        },
        "content": "        } else {"
      },
      {
        "lineNumber": 18,
        "author": {
          "gitId": "Austin Santoso"
        },
        "content": "            return \"[✗] \" + this.task;"
      },
      {
        "lineNumber": 19,
        "author": {
          "gitId": "Austin Santoso"
        },
        "content": "        }"
      },
      {
        "lineNumber": 20,
        "author": {
          "gitId": "Austin Santoso"
        },
        "content": "    }"
      },
      {
        "lineNumber": 21,
        "author": {
          "gitId": "Austin Santoso"
        },
        "content": "}"
      }
    ],
    "authorContributionMap": {
      "Austin Santoso": 21
    }
  },
  {
    "path": "src/main/java/ToDoTask.java",
    "fileType": "java",
    "lines": [
      {
        "lineNumber": 1,
        "author": {
          "gitId": "Austin Santoso"
        },
        "content": "public class ToDoTask extends Task {"
      },
      {
        "lineNumber": 2,
        "author": {
          "gitId": "Austin Santoso"
        },
        "content": "    public ToDoTask(String task) {"
      },
      {
        "lineNumber": 3,
        "author": {
          "gitId": "Austin Santoso"
        },
        "content": "        super(task);"
      },
      {
        "lineNumber": 4,
        "author": {
          "gitId": "Austin Santoso"
        },
        "content": "    }"
      },
      {
        "lineNumber": 5,
        "author": {
          "gitId": "Austin Santoso"
        },
        "content": ""
      },
      {
        "lineNumber": 6,
        "author": {
          "gitId": "Austin Santoso"
        },
        "content": "    @Override"
      },
      {
        "lineNumber": 7,
        "author": {
          "gitId": "Austin Santoso"
        },
        "content": "    public String toString() {"
      },
      {
        "lineNumber": 8,
        "author": {
          "gitId": "Austin Santoso"
        },
        "content": "        String output \u003d \"[T]\";"
      },
      {
        "lineNumber": 9,
        "author": {
          "gitId": "Austin Santoso"
        },
        "content": "        if (super.completed) {"
      },
      {
        "lineNumber": 10,
        "author": {
          "gitId": "Austin Santoso"
        },
        "content": "            output +\u003d \"[✓]\";"
      },
      {
        "lineNumber": 11,
        "author": {
          "gitId": "Austin Santoso"
        },
        "content": "        } else {"
      },
      {
        "lineNumber": 12,
        "author": {
          "gitId": "Austin Santoso"
        },
        "content": "            output +\u003d \"[✗]\";"
      },
      {
        "lineNumber": 13,
        "author": {
          "gitId": "Austin Santoso"
        },
        "content": "        }"
      },
      {
        "lineNumber": 14,
        "author": {
          "gitId": "Austin Santoso"
        },
        "content": "        output +\u003d \" \" + super.task;"
      },
      {
        "lineNumber": 15,
        "author": {
          "gitId": "Austin Santoso"
        },
        "content": "        return output;"
      },
      {
        "lineNumber": 16,
        "author": {
          "gitId": "Austin Santoso"
        },
        "content": "    }"
      },
      {
        "lineNumber": 17,
        "author": {
          "gitId": "Austin Santoso"
        },
        "content": "}"
      }
    ],
    "authorContributionMap": {
      "Austin Santoso": 17
    }
  }
]
