{
  "authorDailyContributionsMap": {
    "minpyaemoe": [
      {
        "insertions": 396,
        "deletions": 92,
        "date": "2019-08-19",
        "commitResults": [
          {
            "hash": "199e262e720cb9c72ded3735a275cc720d30e7a1",
            "messageTitle": "Level-1",
            "messageBody": "",
            "insertions": 28,
            "deletions": 6
          },
          {
            "hash": "5443717d2c697d7582ee66ca67f4a64dbcc422b6",
            "messageTitle": "Level-2",
            "messageBody": "",
            "insertions": 48,
            "deletions": 5
          },
          {
            "hash": "3dbb4b21def2d2de51286b0a5f74c55d6f683436",
            "messageTitle": "Level-2",
            "messageBody": "",
            "insertions": 1,
            "deletions": 1
          },
          {
            "hash": "1f5f1a69fc93f5da8843af5f525b29fb11f85e7b",
            "messageTitle": "Level-2",
            "messageBody": "",
            "insertions": 1,
            "deletions": 1
          },
          {
            "hash": "aed786e1daed22c3e6502cc38bb3d41e1ec17617",
            "messageTitle": "Level-2",
            "messageBody": "",
            "insertions": 1,
            "deletions": 0
          },
          {
            "hash": "4f1294e40d09ab4747b8557ae2b16a6cc1639ddc",
            "messageTitle": "Level-3",
            "messageBody": "",
            "insertions": 43,
            "deletions": 10
          },
          {
            "hash": "49ec5ed91cbe8356f53741912b8842b8d7322cb9",
            "messageTitle": "Level-4",
            "messageBody": "",
            "insertions": 139,
            "deletions": 24
          },
          {
            "hash": "6912278951232d67dff4ee81b2bba3f3e236c166",
            "messageTitle": "TextUiTesting",
            "messageBody": "",
            "insertions": 21,
            "deletions": 0
          },
          {
            "hash": "fbf19761519bacd2c18c89da28b3d42f0049ff09",
            "messageTitle": "Level-5",
            "messageBody": "",
            "insertions": 94,
            "deletions": 44
          },
          {
            "hash": "0f203cc6a05f738cba2fd75e9361c764aa0abcd0",
            "messageTitle": "Level-6",
            "messageBody": "",
            "insertions": 20,
            "deletions": 1
          }
        ]
      },
      {
        "insertions": 249,
        "deletions": 101,
        "date": "2019-08-25",
        "commitResults": [
          {
            "hash": "867998d6bbb7348ff2a381324750e1b9e0dcbc28",
            "messageTitle": "Level-7",
            "messageBody": "",
            "insertions": 216,
            "deletions": 87
          },
          {
            "hash": "692b252630f55696a5f64a0ee53050b0e2133ee8",
            "messageTitle": "Level-8",
            "messageBody": "",
            "insertions": 33,
            "deletions": 12
          },
          {
            "hash": "31c74da54d4814a13a7e5cdbbfbf2a4c7817088e",
            "messageTitle": "Level-8",
            "messageBody": "",
            "insertions": 0,
            "deletions": 2
          }
        ]
      }
    ]
  },
  "authorFinalContributionMap": {
    "minpyaemoe": 471
  },
  "authorFileTypeContributionMap": {
    "minpyaemoe": {
      "java": 447,
      "md": 0,
      "fxml": 0,
      "sh": 0,
      "bat": 21,
      "gradle": 0,
      "txt": 3
    }
  },
  "authorContributionVariance": {
    "minpyaemoe": 29041.959
  },
  "authorDisplayNameMap": {
    "minpyaemoe": "MIN  ..  MOE"
  }
}
