{
  "authorDailyContributionsMap": {
    "charliechoong": [
      {
        "insertions": 145,
        "deletions": 42,
        "date": "2019-08-21",
        "commitResults": [
          {
            "hash": "04d8ed1e274c227dba458a5a8fba3c31380788b7",
            "messageTitle": "Level-1",
            "messageBody": "",
            "insertions": 13,
            "deletions": 6
          },
          {
            "hash": "ebed79200655dc5daa4af92df35c4f71d2301cd7",
            "messageTitle": "Level-2",
            "messageBody": "",
            "insertions": 21,
            "deletions": 2
          },
          {
            "hash": "ae72b4222164038aea70e12727ff331faafc791a",
            "messageTitle": "Level-2",
            "messageBody": "",
            "insertions": 17,
            "deletions": 17
          },
          {
            "hash": "017c63d5d7edd8b123cf28da8c5116f2a0822208",
            "messageTitle": "Level-3",
            "messageBody": "",
            "insertions": 39,
            "deletions": 14
          },
          {
            "hash": "6f9dbd8ccd88f1bf629dac64956134e2124c7a2c",
            "messageTitle": "Level-4",
            "messageBody": "",
            "insertions": 55,
            "deletions": 3
          }
        ]
      },
      {
        "insertions": 65,
        "deletions": 50,
        "date": "2019-08-22",
        "commitResults": [
          {
            "hash": "b886928bbe1a7be911a899629f17e8608ceeb195",
            "messageTitle": "Level-5",
            "messageBody": "",
            "insertions": 33,
            "deletions": 24
          },
          {
            "hash": "d8e4a46b9aab55f7bdffa30cca65a06ea3309cbc",
            "messageTitle": "Level-6",
            "messageBody": "",
            "insertions": 24,
            "deletions": 17
          },
          {
            "hash": "b012e721bfcc7b0f94ba99370c6b80ab1f19361c",
            "messageTitle": "Level-6",
            "messageBody": "",
            "insertions": 8,
            "deletions": 9
          }
        ]
      },
      {
        "insertions": 356,
        "deletions": 169,
        "date": "2019-08-28",
        "commitResults": [
          {
            "hash": "5270b84cd5b7b530bd3bd4651c916e1092e64cc3",
            "messageTitle": "Able to write to harddisk when a task is added",
            "messageBody": "",
            "insertions": 64,
            "deletions": 29
          },
          {
            "hash": "9c535c46a75be0315090437ed113b2ecb72f7060",
            "messageTitle": "Able to write to harddisk when a task is added",
            "messageBody": "",
            "insertions": 29,
            "deletions": 26
          },
          {
            "hash": "b395f615ba886ecfc57eeac359cf4cfb4248b7d8",
            "messageTitle": "Add Date.java and Time.java classes",
            "messageBody": "",
            "insertions": 50,
            "deletions": 5
          },
          {
            "hash": "b9d9d80d2da6915df4e07048c8cfb7a8682efc9b",
            "messageTitle": "Add Date.java and Time.java classes",
            "messageBody": "",
            "insertions": 5,
            "deletions": 5
          },
          {
            "hash": "b214c254922abe5af123e7730601afa760ff4326",
            "messageTitle": "Add TaskList class",
            "messageBody": "",
            "insertions": 15,
            "deletions": 13
          },
          {
            "hash": "0779855002fecd0bfd7ed617dfc6ab02b24d644a",
            "messageTitle": "Add Parser.java and UI.java",
            "messageBody": "",
            "insertions": 120,
            "deletions": 71
          },
          {
            "hash": "13ded07865f2dd60042f141bd3e19b57b2a4a8bc",
            "messageTitle": "Add Storage.java",
            "messageBody": "",
            "insertions": 69,
            "deletions": 16
          },
          {
            "hash": "1ad0c675d7c5752c0fad5b027cf16d6425774bd7",
            "messageTitle": "Change \u0027 | \u0027 to \u0027 @ \u0027 as divider",
            "messageBody": "",
            "insertions": 4,
            "deletions": 4
          }
        ]
      },
      {
        "insertions": 114,
        "deletions": 104,
        "date": "2019-08-31",
        "commitResults": [
          {
            "hash": "ef943c9d93a90aac8bb91400552055a91ec51cc0",
            "messageTitle": "Change \u0027 @ \u0027 to \u0027 | \u0027 as divider for writing to hard disk. Removed Date.java and Time.java and use Date Java API in place.",
            "messageBody": "",
            "insertions": 57,
            "deletions": 80
          },
          {
            "hash": "613c6c7c3e52f56c6f0b34a7f3854b46e470e993",
            "messageTitle": "Added packages",
            "messageBody": "",
            "insertions": 34,
            "deletions": 3
          },
          {
            "hash": "ba488a52d1862418e091d53b624d987d1a74da38",
            "messageTitle": "Added packages",
            "messageBody": "",
            "insertions": 23,
            "deletions": 21
          }
        ]
      },
      {
        "insertions": 128,
        "deletions": 30,
        "date": "2019-09-01",
        "commitResults": [
          {
            "hash": "5cbcb1188942cc8e707aacc664d910575336c3b8",
            "messageTitle": "Add JUnit tests for DateParser and Todo class methods",
            "messageBody": "",
            "insertions": 1,
            "deletions": 1
          },
          {
            "hash": "82c74d1bc25ec2ab33594c9f36c80825b1d44daa",
            "messageTitle": "Add JUnit tests for DateParser and Todo class methods",
            "messageBody": "",
            "insertions": 30,
            "deletions": 0
          },
          {
            "hash": "c4487c912e0b0b4c59eafdfaaa30edd004a1df4a",
            "messageTitle": "Add JUnit tests for DateParser and Todo class methods",
            "messageBody": "",
            "insertions": 30,
            "deletions": 29
          },
          {
            "hash": "cc7f77bbd5a134737656a5a97c1b07d784ae800a",
            "messageTitle": "Add JUnit tests for DateParser and Todo class methods",
            "messageBody": "",
            "insertions": 4,
            "deletions": 0
          },
          {
            "hash": "a905559dd4cf7778dfb883a48071cf7b52bdb336",
            "messageTitle": "Adds Java documentation for TaskList.java and Parser.java.",
            "messageBody": "",
            "insertions": 40,
            "deletions": 0
          },
          {
            "hash": "9de1663d29d1d3741397f76f90721e612bdb2815",
            "messageTitle": "Adds a new command \"find\" to allow user to search for tasks containing a keyword input by user.",
            "messageBody": "",
            "insertions": 23,
            "deletions": 0
          }
        ]
      },
      {
        "insertions": 95,
        "deletions": 47,
        "date": "2019-09-03",
        "commitResults": [
          {
            "hash": "eee48c8170623d80df897524622fe2a135a181fd",
            "messageTitle": "Set up Gradle to run program",
            "messageBody": "",
            "insertions": 4,
            "deletions": 0
          },
          {
            "hash": "a661797c2bded745cf874dd81804295830a7dd6d",
            "messageTitle": "Add Checkstyle through Gradle",
            "messageBody": "",
            "insertions": 63,
            "deletions": 46
          },
          {
            "hash": "2253b86a8cf3102c4458926859c0a76839f3785c",
            "messageTitle": "Correct Checkstyle errors",
            "messageBody": "",
            "insertions": 28,
            "deletions": 1
          }
        ]
      },
      {
        "insertions": 142,
        "deletions": 27,
        "date": "2019-09-04",
        "commitResults": [
          {
            "hash": "de3b3aba57bf9075bfb27f8f4a51b7ff6fe7b919",
            "messageTitle": "Set up Gradle to run unit tests",
            "messageBody": "",
            "insertions": 8,
            "deletions": 19
          },
          {
            "hash": "011b4da56941e7ea700ccb09755cfde346dd45f8",
            "messageTitle": "Implement JavaFx to display \"Hello World!\"",
            "messageBody": "",
            "insertions": 33,
            "deletions": 4
          },
          {
            "hash": "ca5892c19e3ca87f7926ebf77be2831cbd134a20",
            "messageTitle": "Implement fully functional GUI for Duke",
            "messageBody": "",
            "insertions": 101,
            "deletions": 4
          }
        ]
      },
      {
        "insertions": 217,
        "deletions": 111,
        "date": "2019-09-05",
        "commitResults": [
          {
            "hash": "0cf1cc62455db446c6e50fd74cfbe2ab98cc6993",
            "messageTitle": "Implement FXML in re-building scene",
            "messageBody": "",
            "insertions": 217,
            "deletions": 111
          }
        ]
      }
    ]
  },
  "authorFinalContributionMap": {
    "charliechoong": 686
  },
  "authorFileTypeContributionMap": {
    "charliechoong": {
      "java": 620,
      "md": 0,
      "fxml": 35,
      "sh": 0,
      "bat": 0,
      "gradle": 24,
      "txt": 7
    }
  },
  "authorContributionVariance": {
    "charliechoong": 18621.25
  },
  "authorDisplayNameMap": {
    "charliechoong": "CS2103T-T12-2 CHOON ... N YAO"
  }
}
