{
  "authorDailyContributionsMap": {
    "Jeffry Lum": [],
    "Joanna-YJA": [
      {
        "insertions": 271,
        "deletions": 53,
        "date": "2019-08-20",
        "commitResults": [
          {
            "hash": "19cce2a91d7f8dc36d5707584c37a7dadda6a1d2",
            "messageTitle": "Level 1 updates",
            "messageBody": "",
            "insertions": 27,
            "deletions": 6
          },
          {
            "hash": "c9aa0e6368a979b4d0ac9bd79ba2fb7c017f4bcd",
            "messageTitle": "Level 1 updates",
            "messageBody": "",
            "insertions": 5,
            "deletions": 1
          },
          {
            "hash": "2e060e2584ae312f7f352be3367922167795083b",
            "messageTitle": "Level 2 updates",
            "messageBody": "",
            "insertions": 11,
            "deletions": 1
          },
          {
            "hash": "305f50b38f7bb768b1c71b69ec8671d697374f11",
            "messageTitle": "Level 3 updates",
            "messageBody": "",
            "insertions": 44,
            "deletions": 5
          },
          {
            "hash": "7e518f53dc9a620e2cab8b401a9b3961279089e4",
            "messageTitle": "Level 4 updates",
            "messageBody": "",
            "insertions": 94,
            "deletions": 11
          },
          {
            "hash": "2252310e81b11f9433d24dfa98096d8bc81bd28b",
            "messageTitle": "Level 5 updates",
            "messageBody": "",
            "insertions": 81,
            "deletions": 26
          },
          {
            "hash": "7b235191b66ef9ed57c48c15da476221da4c3c81",
            "messageTitle": "Level 5 updates",
            "messageBody": "",
            "insertions": 2,
            "deletions": 2
          },
          {
            "hash": "4c3e4a8e3db8a5fb049d6c781c3d67e38d19df0e",
            "messageTitle": "Level 6 updates",
            "messageBody": "",
            "insertions": 7,
            "deletions": 1
          }
        ]
      }
    ]
  },
  "authorFinalContributionMap": {
    "Jeffry Lum": 0,
    "Joanna-YJA": 224
  },
  "authorFileTypeContributionMap": {
    "Jeffry Lum": {
      "java": 0,
      "md": 0,
      "fxml": 0,
      "sh": 0,
      "bat": 0,
      "gradle": 0,
      "txt": 0
    },
    "Joanna-YJA": {
      "java": 224,
      "md": 0,
      "fxml": 0,
      "sh": 0,
      "bat": 0,
      "gradle": 0,
      "txt": 0
    }
  },
  "authorContributionVariance": {
    "Jeffry Lum": 0.0,
    "Joanna-YJA": 16796.16
  },
  "authorDisplayNameMap": {
    "Jeffry Lum": "Jeffry Lum",
    "Joanna-YJA": "Joanna-YJA"
  }
}
