[
  {
    "path": "build.gradle",
    "fileType": "gradle",
    "lines": [
      {
        "lineNumber": 1,
        "author": {
          "gitId": "-"
        },
        "content": "plugins {"
      },
      {
        "lineNumber": 2,
        "author": {
          "gitId": "-"
        },
        "content": "    id \u0027java\u0027"
      },
      {
        "lineNumber": 3,
        "author": {
          "gitId": "-"
        },
        "content": "    id \u0027application\u0027"
      },
      {
        "lineNumber": 4,
        "author": {
          "gitId": "troomtroom"
        },
        "content": "    id \u0027checkstyle\u0027"
      },
      {
        "lineNumber": 5,
        "author": {
          "gitId": "troomtroom"
        },
        "content": "    id \u0027com.github.johnrengelman.shadow\u0027 version \u00275.1.0\u0027"
      },
      {
        "lineNumber": 6,
        "author": {
          "gitId": "troomtroom"
        },
        "content": "}"
      },
      {
        "lineNumber": 7,
        "author": {
          "gitId": "troomtroom"
        },
        "content": ""
      },
      {
        "lineNumber": 8,
        "author": {
          "gitId": "troomtroom"
        },
        "content": "shadowJar {"
      },
      {
        "lineNumber": 9,
        "author": {
          "gitId": "troomtroom"
        },
        "content": "    archiveBaseName \u003d \"duke\""
      },
      {
        "lineNumber": 10,
        "author": {
          "gitId": "troomtroom"
        },
        "content": "    archiveVersion \u003d \"0.1.3\""
      },
      {
        "lineNumber": 11,
        "author": {
          "gitId": "troomtroom"
        },
        "content": "    archiveClassifier \u003d null"
      },
      {
        "lineNumber": 12,
        "author": {
          "gitId": "troomtroom"
        },
        "content": "    archiveAppendix \u003d null"
      },
      {
        "lineNumber": 13,
        "author": {
          "gitId": "troomtroom"
        },
        "content": "}"
      },
      {
        "lineNumber": 14,
        "author": {
          "gitId": "troomtroom"
        },
        "content": ""
      },
      {
        "lineNumber": 15,
        "author": {
          "gitId": "troomtroom"
        },
        "content": "checkstyle{"
      },
      {
        "lineNumber": 16,
        "author": {
          "gitId": "troomtroom"
        },
        "content": "    toolVersion \u003d \u00278.23\u0027"
      },
      {
        "lineNumber": 17,
        "author": {
          "gitId": "-"
        },
        "content": "}"
      },
      {
        "lineNumber": 18,
        "author": {
          "gitId": "-"
        },
        "content": ""
      },
      {
        "lineNumber": 19,
        "author": {
          "gitId": "-"
        },
        "content": "group \u0027seedu.duke\u0027"
      },
      {
        "lineNumber": 20,
        "author": {
          "gitId": "-"
        },
        "content": "version \u00270.1.0\u0027"
      },
      {
        "lineNumber": 21,
        "author": {
          "gitId": "-"
        },
        "content": ""
      },
      {
        "lineNumber": 22,
        "author": {
          "gitId": "-"
        },
        "content": "repositories {"
      },
      {
        "lineNumber": 23,
        "author": {
          "gitId": "-"
        },
        "content": "    mavenCentral()"
      },
      {
        "lineNumber": 24,
        "author": {
          "gitId": "-"
        },
        "content": "}"
      },
      {
        "lineNumber": 25,
        "author": {
          "gitId": "-"
        },
        "content": ""
      },
      {
        "lineNumber": 26,
        "author": {
          "gitId": "-"
        },
        "content": "application {"
      },
      {
        "lineNumber": 27,
        "author": {
          "gitId": "-"
        },
        "content": "    // Change this to your main class."
      },
      {
        "lineNumber": 28,
        "author": {
          "gitId": "troomtroom"
        },
        "content": "    mainClassName \u003d \"src/main/java/Duke.java\""
      },
      {
        "lineNumber": 29,
        "author": {
          "gitId": "-"
        },
        "content": "}"
      }
    ],
    "authorContributionMap": {
      "-": 15,
      "troomtroom": 14
    }
  },
  {
    "path": "src/main/java/Deadline.java",
    "fileType": "java",
    "lines": [
      {
        "lineNumber": 1,
        "author": {
          "gitId": "troomtroom"
        },
        "content": "class Deadline extends Task{"
      },
      {
        "lineNumber": 2,
        "author": {
          "gitId": "troomtroom"
        },
        "content": "    "
      },
      {
        "lineNumber": 3,
        "author": {
          "gitId": "troomtroom"
        },
        "content": "    String time;"
      },
      {
        "lineNumber": 4,
        "author": {
          "gitId": "troomtroom"
        },
        "content": ""
      },
      {
        "lineNumber": 5,
        "author": {
          "gitId": "troomtroom"
        },
        "content": "    public Deadline(String description, boolean isDone,String type,String time){"
      },
      {
        "lineNumber": 6,
        "author": {
          "gitId": "troomtroom"
        },
        "content": "        super(description,isDone,type);"
      },
      {
        "lineNumber": 7,
        "author": {
          "gitId": "troomtroom"
        },
        "content": "        this.type \u003d \"Deadline\";"
      },
      {
        "lineNumber": 8,
        "author": {
          "gitId": "troomtroom"
        },
        "content": "        this.time \u003d time;"
      },
      {
        "lineNumber": 9,
        "author": {
          "gitId": "troomtroom"
        },
        "content": "    }"
      },
      {
        "lineNumber": 10,
        "author": {
          "gitId": "troomtroom"
        },
        "content": "    public String toString(){"
      },
      {
        "lineNumber": 11,
        "author": {
          "gitId": "troomtroom"
        },
        "content": "        return(\"[\" + \"D\" + \"][\" + "
      },
      {
        "lineNumber": 12,
        "author": {
          "gitId": "troomtroom"
        },
        "content": "                this.getStatusIcon() +"
      },
      {
        "lineNumber": 13,
        "author": {
          "gitId": "troomtroom"
        },
        "content": "                \"] \" + "
      },
      {
        "lineNumber": 14,
        "author": {
          "gitId": "troomtroom"
        },
        "content": "                this.description + "
      },
      {
        "lineNumber": 15,
        "author": {
          "gitId": "troomtroom"
        },
        "content": "                \" (by: \" + this.time +\")\""
      },
      {
        "lineNumber": 16,
        "author": {
          "gitId": "troomtroom"
        },
        "content": "                );"
      },
      {
        "lineNumber": 17,
        "author": {
          "gitId": "troomtroom"
        },
        "content": "    }"
      },
      {
        "lineNumber": 18,
        "author": {
          "gitId": "troomtroom"
        },
        "content": "}"
      }
    ],
    "authorContributionMap": {
      "troomtroom": 18
    }
  },
  {
    "path": "src/main/java/Duke.java",
    "fileType": "java",
    "lines": [
      {
        "lineNumber": 1,
        "author": {
          "gitId": "troomtroom"
        },
        "content": "import java.io.*;"
      },
      {
        "lineNumber": 2,
        "author": {
          "gitId": "troomtroom"
        },
        "content": "import java.util.*;"
      },
      {
        "lineNumber": 3,
        "author": {
          "gitId": "troomtroom"
        },
        "content": "import java.util.Date;"
      },
      {
        "lineNumber": 4,
        "author": {
          "gitId": "-"
        },
        "content": "public class Duke {"
      },
      {
        "lineNumber": 5,
        "author": {
          "gitId": "troomtroom"
        },
        "content": "    static String line \u003d \"    ____________________________________________________________\";"
      },
      {
        "lineNumber": 6,
        "author": {
          "gitId": "troomtroom"
        },
        "content": "    public static LinkedList\u003cTask\u003e storage \u003d new LinkedList\u003cTask\u003e(); "
      },
      {
        "lineNumber": 7,
        "author": {
          "gitId": "-"
        },
        "content": "    public static void main(String[] args) {"
      },
      {
        "lineNumber": 8,
        "author": {
          "gitId": "troomtroom"
        },
        "content": "        "
      },
      {
        "lineNumber": 9,
        "author": {
          "gitId": "troomtroom"
        },
        "content": "        Scanner sc \u003d new Scanner(System.in);"
      },
      {
        "lineNumber": 10,
        "author": {
          "gitId": "-"
        },
        "content": "        String logo \u003d \" ____        _        \\n\""
      },
      {
        "lineNumber": 11,
        "author": {
          "gitId": "-"
        },
        "content": "                + \"|  _ \\\\ _   _| | _____ \\n\""
      },
      {
        "lineNumber": 12,
        "author": {
          "gitId": "-"
        },
        "content": "                + \"| | | | | | | |/ / _ \\\\\\n\""
      },
      {
        "lineNumber": 13,
        "author": {
          "gitId": "-"
        },
        "content": "                + \"| |_| | |_| |   \u003c  __/\\n\""
      },
      {
        "lineNumber": 14,
        "author": {
          "gitId": "-"
        },
        "content": "                + \"|____/ \\\\__,_|_|\\\\_\\\\___|\\n\";"
      },
      {
        "lineNumber": 15,
        "author": {
          "gitId": "-"
        },
        "content": "        System.out.println(\"Hello from\\n\" + logo);"
      },
      {
        "lineNumber": 16,
        "author": {
          "gitId": "troomtroom"
        },
        "content": "        System.out.println(line);"
      },
      {
        "lineNumber": 17,
        "author": {
          "gitId": "troomtroom"
        },
        "content": ""
      },
      {
        "lineNumber": 18,
        "author": {
          "gitId": "troomtroom"
        },
        "content": "        int count \u003d 0;"
      },
      {
        "lineNumber": 19,
        "author": {
          "gitId": "troomtroom"
        },
        "content": "        int taskaddnum \u003d 0;"
      },
      {
        "lineNumber": 20,
        "author": {
          "gitId": "troomtroom"
        },
        "content": "        while(true){"
      },
      {
        "lineNumber": 21,
        "author": {
          "gitId": "troomtroom"
        },
        "content": "            String inputstring \u003d sc.nextLine();"
      },
      {
        "lineNumber": 22,
        "author": {
          "gitId": "troomtroom"
        },
        "content": "            if(inputstring.equals(\"bye\")){"
      },
      {
        "lineNumber": 23,
        "author": {
          "gitId": "troomtroom"
        },
        "content": "                // END //"
      },
      {
        "lineNumber": 24,
        "author": {
          "gitId": "troomtroom"
        },
        "content": "                output(\"Bye. Hope to see you again soon!\");"
      },
      {
        "lineNumber": 25,
        "author": {
          "gitId": "troomtroom"
        },
        "content": "                break;"
      },
      {
        "lineNumber": 26,
        "author": {
          "gitId": "troomtroom"
        },
        "content": "            }"
      },
      {
        "lineNumber": 27,
        "author": {
          "gitId": "troomtroom"
        },
        "content": "            else if(inputstring.equals(\"list\")){"
      },
      {
        "lineNumber": 28,
        "author": {
          "gitId": "troomtroom"
        },
        "content": "                //   SHOW LIST //"
      },
      {
        "lineNumber": 29,
        "author": {
          "gitId": "troomtroom"
        },
        "content": "                displaycurrentlist();"
      },
      {
        "lineNumber": 30,
        "author": {
          "gitId": "troomtroom"
        },
        "content": "            }"
      },
      {
        "lineNumber": 31,
        "author": {
          "gitId": "troomtroom"
        },
        "content": "            else if(inputstring.split(\" \")[0].equals(\"done\")){"
      },
      {
        "lineNumber": 32,
        "author": {
          "gitId": "troomtroom"
        },
        "content": "                // MARKIN TASK DONE //"
      },
      {
        "lineNumber": 33,
        "author": {
          "gitId": "troomtroom"
        },
        "content": "                //System.out.println(Integer.parseInt(inputstring.split(\" \")[1]));"
      },
      {
        "lineNumber": 34,
        "author": {
          "gitId": "troomtroom"
        },
        "content": "                try{"
      },
      {
        "lineNumber": 35,
        "author": {
          "gitId": "troomtroom"
        },
        "content": "                    markdone(Integer.parseInt(inputstring.split(\" \")[1]));"
      },
      {
        "lineNumber": 36,
        "author": {
          "gitId": "troomtroom"
        },
        "content": "                }"
      },
      {
        "lineNumber": 37,
        "author": {
          "gitId": "troomtroom"
        },
        "content": "                catch(Exception e){"
      },
      {
        "lineNumber": 38,
        "author": {
          "gitId": "troomtroom"
        },
        "content": "                    output(\"☹ OOPS!!! The description of a done cannot be empty.\");"
      },
      {
        "lineNumber": 39,
        "author": {
          "gitId": "troomtroom"
        },
        "content": "                }"
      },
      {
        "lineNumber": 40,
        "author": {
          "gitId": "troomtroom"
        },
        "content": "            }"
      },
      {
        "lineNumber": 41,
        "author": {
          "gitId": "troomtroom"
        },
        "content": "            else if(inputstring.split(\" \")[0].equals(\"delete\")) {"
      },
      {
        "lineNumber": 42,
        "author": {
          "gitId": "troomtroom"
        },
        "content": "                try{"
      },
      {
        "lineNumber": 43,
        "author": {
          "gitId": "troomtroom"
        },
        "content": "                    delete(Integer.parseInt(inputstring.split(\" \")[1]));"
      },
      {
        "lineNumber": 44,
        "author": {
          "gitId": "troomtroom"
        },
        "content": "                }"
      },
      {
        "lineNumber": 45,
        "author": {
          "gitId": "troomtroom"
        },
        "content": "                catch(Exception e){"
      },
      {
        "lineNumber": 46,
        "author": {
          "gitId": "troomtroom"
        },
        "content": "                    output(\"☹ OOPS!!! The description of a delete cannot be empty.\");"
      },
      {
        "lineNumber": 47,
        "author": {
          "gitId": "troomtroom"
        },
        "content": "                }"
      },
      {
        "lineNumber": 48,
        "author": {
          "gitId": "troomtroom"
        },
        "content": "            }"
      },
      {
        "lineNumber": 49,
        "author": {
          "gitId": "troomtroom"
        },
        "content": "            else if(inputstring.split(\" \")[0].equals(\"todo\")){"
      },
      {
        "lineNumber": 50,
        "author": {
          "gitId": "troomtroom"
        },
        "content": "                // ADD TASK TO LIST //"
      },
      {
        "lineNumber": 51,
        "author": {
          "gitId": "troomtroom"
        },
        "content": "                try{"
      },
      {
        "lineNumber": 52,
        "author": {
          "gitId": "troomtroom"
        },
        "content": "                    System.out.println(inputstring.substring(5));"
      },
      {
        "lineNumber": 53,
        "author": {
          "gitId": "troomtroom"
        },
        "content": "                    add(taskaddnum+1, "
      },
      {
        "lineNumber": 54,
        "author": {
          "gitId": "troomtroom"
        },
        "content": "                        inputstring.substring(5),"
      },
      {
        "lineNumber": 55,
        "author": {
          "gitId": "troomtroom"
        },
        "content": "                        false,"
      },
      {
        "lineNumber": 56,
        "author": {
          "gitId": "troomtroom"
        },
        "content": "                        \"ToDO\","
      },
      {
        "lineNumber": 57,
        "author": {
          "gitId": "troomtroom"
        },
        "content": "                        \"__\","
      },
      {
        "lineNumber": 58,
        "author": {
          "gitId": "troomtroom"
        },
        "content": "                        \"__\");"
      },
      {
        "lineNumber": 59,
        "author": {
          "gitId": "troomtroom"
        },
        "content": "                    taskaddnum ++;"
      },
      {
        "lineNumber": 60,
        "author": {
          "gitId": "troomtroom"
        },
        "content": "                }"
      },
      {
        "lineNumber": 61,
        "author": {
          "gitId": "troomtroom"
        },
        "content": "                catch(Exception e){"
      },
      {
        "lineNumber": 62,
        "author": {
          "gitId": "troomtroom"
        },
        "content": "                    output(\"☹ OOPS!!! The description of a todo cannot be empty.\");"
      },
      {
        "lineNumber": 63,
        "author": {
          "gitId": "troomtroom"
        },
        "content": "                }"
      },
      {
        "lineNumber": 64,
        "author": {
          "gitId": "troomtroom"
        },
        "content": "            }   "
      },
      {
        "lineNumber": 65,
        "author": {
          "gitId": "troomtroom"
        },
        "content": "            else if(inputstring.split(\" \")[0].equals(\"deadline\")){"
      },
      {
        "lineNumber": 66,
        "author": {
          "gitId": "troomtroom"
        },
        "content": "                try{"
      },
      {
        "lineNumber": 67,
        "author": {
          "gitId": "troomtroom"
        },
        "content": "                    add(taskaddnum+1, "
      },
      {
        "lineNumber": 68,
        "author": {
          "gitId": "troomtroom"
        },
        "content": "                        inputstring.split(\"/by\")[0].substring(9),"
      },
      {
        "lineNumber": 69,
        "author": {
          "gitId": "troomtroom"
        },
        "content": "                        false,"
      },
      {
        "lineNumber": 70,
        "author": {
          "gitId": "troomtroom"
        },
        "content": "                        \"Deadline\","
      },
      {
        "lineNumber": 71,
        "author": {
          "gitId": "troomtroom"
        },
        "content": "                        \"__\","
      },
      {
        "lineNumber": 72,
        "author": {
          "gitId": "troomtroom"
        },
        "content": "                        inputstring.split(\"/by \")[1]);"
      },
      {
        "lineNumber": 73,
        "author": {
          "gitId": "troomtroom"
        },
        "content": "                    taskaddnum ++;"
      },
      {
        "lineNumber": 74,
        "author": {
          "gitId": "troomtroom"
        },
        "content": "                }"
      },
      {
        "lineNumber": 75,
        "author": {
          "gitId": "troomtroom"
        },
        "content": "                catch(Exception e){"
      },
      {
        "lineNumber": 76,
        "author": {
          "gitId": "troomtroom"
        },
        "content": "                    output(\"☹ OOPS!!! The description of a deadline cannot be empty.\");"
      },
      {
        "lineNumber": 77,
        "author": {
          "gitId": "troomtroom"
        },
        "content": "                }"
      },
      {
        "lineNumber": 78,
        "author": {
          "gitId": "troomtroom"
        },
        "content": "            }"
      },
      {
        "lineNumber": 79,
        "author": {
          "gitId": "troomtroom"
        },
        "content": "            else if(inputstring.split(\" \")[0].equals(\"event\")){"
      },
      {
        "lineNumber": 80,
        "author": {
          "gitId": "troomtroom"
        },
        "content": "                try{"
      },
      {
        "lineNumber": 81,
        "author": {
          "gitId": "troomtroom"
        },
        "content": "                    add(taskaddnum+1, "
      },
      {
        "lineNumber": 82,
        "author": {
          "gitId": "troomtroom"
        },
        "content": "                        inputstring.split(\"/at\")[0].substring(6),"
      },
      {
        "lineNumber": 83,
        "author": {
          "gitId": "troomtroom"
        },
        "content": "                        false,"
      },
      {
        "lineNumber": 84,
        "author": {
          "gitId": "troomtroom"
        },
        "content": "                        \"Event\","
      },
      {
        "lineNumber": 85,
        "author": {
          "gitId": "troomtroom"
        },
        "content": "                        inputstring.split(\"/at \")[1],"
      },
      {
        "lineNumber": 86,
        "author": {
          "gitId": "troomtroom"
        },
        "content": "                        \"__\");"
      },
      {
        "lineNumber": 87,
        "author": {
          "gitId": "troomtroom"
        },
        "content": "                    taskaddnum ++;"
      },
      {
        "lineNumber": 88,
        "author": {
          "gitId": "troomtroom"
        },
        "content": "                }"
      },
      {
        "lineNumber": 89,
        "author": {
          "gitId": "troomtroom"
        },
        "content": "                catch(Exception e){"
      },
      {
        "lineNumber": 90,
        "author": {
          "gitId": "troomtroom"
        },
        "content": "                    output(\"☹ OOPS!!! The description of a event cannot be empty.\");"
      },
      {
        "lineNumber": 91,
        "author": {
          "gitId": "troomtroom"
        },
        "content": "                }"
      },
      {
        "lineNumber": 92,
        "author": {
          "gitId": "troomtroom"
        },
        "content": "            }"
      },
      {
        "lineNumber": 93,
        "author": {
          "gitId": "troomtroom"
        },
        "content": "            else{"
      },
      {
        "lineNumber": 94,
        "author": {
          "gitId": "troomtroom"
        },
        "content": "                output(\"☹ OOPS!!! I\u0027m sorry, but I don\u0027t know what that means :-(\");"
      },
      {
        "lineNumber": 95,
        "author": {
          "gitId": "troomtroom"
        },
        "content": "            }"
      },
      {
        "lineNumber": 96,
        "author": {
          "gitId": "troomtroom"
        },
        "content": "            count +\u003d1;  "
      },
      {
        "lineNumber": 97,
        "author": {
          "gitId": "troomtroom"
        },
        "content": "        }"
      },
      {
        "lineNumber": 98,
        "author": {
          "gitId": "troomtroom"
        },
        "content": "    }"
      },
      {
        "lineNumber": 99,
        "author": {
          "gitId": "troomtroom"
        },
        "content": ""
      },
      {
        "lineNumber": 100,
        "author": {
          "gitId": "troomtroom"
        },
        "content": "    public static void output(String word){"
      },
      {
        "lineNumber": 101,
        "author": {
          "gitId": "troomtroom"
        },
        "content": "        System.out.println(line);"
      },
      {
        "lineNumber": 102,
        "author": {
          "gitId": "troomtroom"
        },
        "content": "        System.out.println(\"    \"+word);"
      },
      {
        "lineNumber": 103,
        "author": {
          "gitId": "troomtroom"
        },
        "content": "        System.out.println(line);"
      },
      {
        "lineNumber": 104,
        "author": {
          "gitId": "troomtroom"
        },
        "content": "    }"
      },
      {
        "lineNumber": 105,
        "author": {
          "gitId": "troomtroom"
        },
        "content": ""
      },
      {
        "lineNumber": 106,
        "author": {
          "gitId": "troomtroom"
        },
        "content": "    public static void add(int count, String input, boolean status,String Type,String range,String time){"
      },
      {
        "lineNumber": 107,
        "author": {
          "gitId": "troomtroom"
        },
        "content": "        //System.out.println(input);"
      },
      {
        "lineNumber": 108,
        "author": {
          "gitId": "troomtroom"
        },
        "content": "        if(Type.equals(\"ToDO\")){"
      },
      {
        "lineNumber": 109,
        "author": {
          "gitId": "troomtroom"
        },
        "content": "            storage.add(new ToDO(input,status,Type));"
      },
      {
        "lineNumber": 110,
        "author": {
          "gitId": "troomtroom"
        },
        "content": "            output(\"added: \"+ storage.get(count-1));"
      },
      {
        "lineNumber": 111,
        "author": {
          "gitId": "troomtroom"
        },
        "content": "        }"
      },
      {
        "lineNumber": 112,
        "author": {
          "gitId": "troomtroom"
        },
        "content": "        else if(Type.equals(\"Event\")){"
      },
      {
        "lineNumber": 113,
        "author": {
          "gitId": "troomtroom"
        },
        "content": "            storage.add(new Event(input,status,Type,range));"
      },
      {
        "lineNumber": 114,
        "author": {
          "gitId": "troomtroom"
        },
        "content": "            output(\"added: \"+ storage.get(count-1));"
      },
      {
        "lineNumber": 115,
        "author": {
          "gitId": "troomtroom"
        },
        "content": "        }  "
      },
      {
        "lineNumber": 116,
        "author": {
          "gitId": "troomtroom"
        },
        "content": "        else if(Type.equals(\"Deadline\")){"
      },
      {
        "lineNumber": 117,
        "author": {
          "gitId": "troomtroom"
        },
        "content": "            storage.add(new Deadline(input,status,Type,time));"
      },
      {
        "lineNumber": 118,
        "author": {
          "gitId": "troomtroom"
        },
        "content": "            output(\"added: \"+ storage.get(count-1));"
      },
      {
        "lineNumber": 119,
        "author": {
          "gitId": "troomtroom"
        },
        "content": "        }"
      },
      {
        "lineNumber": 120,
        "author": {
          "gitId": "troomtroom"
        },
        "content": "        else{"
      },
      {
        "lineNumber": 121,
        "author": {
          "gitId": "troomtroom"
        },
        "content": "            output(\"check error 1\");"
      },
      {
        "lineNumber": 122,
        "author": {
          "gitId": "troomtroom"
        },
        "content": "        }"
      },
      {
        "lineNumber": 123,
        "author": {
          "gitId": "troomtroom"
        },
        "content": "    }"
      },
      {
        "lineNumber": 124,
        "author": {
          "gitId": "troomtroom"
        },
        "content": ""
      },
      {
        "lineNumber": 125,
        "author": {
          "gitId": "troomtroom"
        },
        "content": "    public static void displaycurrentlist(){"
      },
      {
        "lineNumber": 126,
        "author": {
          "gitId": "troomtroom"
        },
        "content": "        if(storage.size()\u003e0){"
      },
      {
        "lineNumber": 127,
        "author": {
          "gitId": "troomtroom"
        },
        "content": "            System.out.println(line);"
      },
      {
        "lineNumber": 128,
        "author": {
          "gitId": "troomtroom"
        },
        "content": "            for(int i \u003d 0; i\u003cstorage.size();i++)"
      },
      {
        "lineNumber": 129,
        "author": {
          "gitId": "troomtroom"
        },
        "content": "                System.out.println((i+1) + \".\" + storage.get(i));"
      },
      {
        "lineNumber": 130,
        "author": {
          "gitId": "troomtroom"
        },
        "content": "            System.out.println(line);"
      },
      {
        "lineNumber": 131,
        "author": {
          "gitId": "troomtroom"
        },
        "content": "        }"
      },
      {
        "lineNumber": 132,
        "author": {
          "gitId": "troomtroom"
        },
        "content": "        else{"
      },
      {
        "lineNumber": 133,
        "author": {
          "gitId": "troomtroom"
        },
        "content": "            output(\"empty list\");"
      },
      {
        "lineNumber": 134,
        "author": {
          "gitId": "troomtroom"
        },
        "content": "        }"
      },
      {
        "lineNumber": 135,
        "author": {
          "gitId": "-"
        },
        "content": "    }"
      },
      {
        "lineNumber": 136,
        "author": {
          "gitId": "troomtroom"
        },
        "content": ""
      },
      {
        "lineNumber": 137,
        "author": {
          "gitId": "troomtroom"
        },
        "content": "    public static void delete(int index){"
      },
      {
        "lineNumber": 138,
        "author": {
          "gitId": "troomtroom"
        },
        "content": "        index --;"
      },
      {
        "lineNumber": 139,
        "author": {
          "gitId": "troomtroom"
        },
        "content": "        "
      },
      {
        "lineNumber": 140,
        "author": {
          "gitId": "troomtroom"
        },
        "content": "        System.out.println(line);"
      },
      {
        "lineNumber": 141,
        "author": {
          "gitId": "troomtroom"
        },
        "content": "        System.out.println(\"Noted. I\u0027ve removed this task: \");"
      },
      {
        "lineNumber": 142,
        "author": {
          "gitId": "troomtroom"
        },
        "content": "        System.out.println(storage.get(index));"
      },
      {
        "lineNumber": 143,
        "author": {
          "gitId": "troomtroom"
        },
        "content": "        storage.remove(index);"
      },
      {
        "lineNumber": 144,
        "author": {
          "gitId": "troomtroom"
        },
        "content": "        System.out.println(\"Now you have \" + storage.size() + \" tasks in the list.\");"
      },
      {
        "lineNumber": 145,
        "author": {
          "gitId": "troomtroom"
        },
        "content": "        System.out.println(line);"
      },
      {
        "lineNumber": 146,
        "author": {
          "gitId": "troomtroom"
        },
        "content": "        "
      },
      {
        "lineNumber": 147,
        "author": {
          "gitId": "troomtroom"
        },
        "content": "    }"
      },
      {
        "lineNumber": 148,
        "author": {
          "gitId": "troomtroom"
        },
        "content": "    "
      },
      {
        "lineNumber": 149,
        "author": {
          "gitId": "troomtroom"
        },
        "content": "    public static void markdone(int index){"
      },
      {
        "lineNumber": 150,
        "author": {
          "gitId": "troomtroom"
        },
        "content": "        index --;"
      },
      {
        "lineNumber": 151,
        "author": {
          "gitId": "troomtroom"
        },
        "content": "        if(storage.size()\u003e0){"
      },
      {
        "lineNumber": 152,
        "author": {
          "gitId": "troomtroom"
        },
        "content": "            System.out.println(line);"
      },
      {
        "lineNumber": 153,
        "author": {
          "gitId": "troomtroom"
        },
        "content": "            System.out.println(\"     Nice! I\u0027ve marked this task as done:\");"
      },
      {
        "lineNumber": 154,
        "author": {
          "gitId": "troomtroom"
        },
        "content": "            Task temp \u003d storage.get(index);"
      },
      {
        "lineNumber": 155,
        "author": {
          "gitId": "troomtroom"
        },
        "content": "            temp.changedone();"
      },
      {
        "lineNumber": 156,
        "author": {
          "gitId": "troomtroom"
        },
        "content": "            storage.set(index,temp);"
      },
      {
        "lineNumber": 157,
        "author": {
          "gitId": "troomtroom"
        },
        "content": "            System.out.println(storage.get(index));"
      },
      {
        "lineNumber": 158,
        "author": {
          "gitId": "troomtroom"
        },
        "content": "            /** "
      },
      {
        "lineNumber": 159,
        "author": {
          "gitId": "troomtroom"
        },
        "content": "                String current \u003d storage.get(index).substring(3);"
      },
      {
        "lineNumber": 160,
        "author": {
          "gitId": "troomtroom"
        },
        "content": "                System.out.println(\"     Nice! I\u0027ve marked this task as done:\");    "
      },
      {
        "lineNumber": 161,
        "author": {
          "gitId": "troomtroom"
        },
        "content": "                "
      },
      {
        "lineNumber": 162,
        "author": {
          "gitId": "troomtroom"
        },
        "content": "                String donecurrent \u003d \"[\\u2713]\"+current;"
      },
      {
        "lineNumber": 163,
        "author": {
          "gitId": "troomtroom"
        },
        "content": "                storage.add(index, donecurrent);"
      },
      {
        "lineNumber": 164,
        "author": {
          "gitId": "troomtroom"
        },
        "content": "                System.out.println(\"       \"+donecurrent);"
      },
      {
        "lineNumber": 165,
        "author": {
          "gitId": "troomtroom"
        },
        "content": "            */"
      },
      {
        "lineNumber": 166,
        "author": {
          "gitId": "troomtroom"
        },
        "content": "            System.out.println(line);"
      },
      {
        "lineNumber": 167,
        "author": {
          "gitId": "troomtroom"
        },
        "content": "            "
      },
      {
        "lineNumber": 168,
        "author": {
          "gitId": "troomtroom"
        },
        "content": "        }"
      },
      {
        "lineNumber": 169,
        "author": {
          "gitId": "troomtroom"
        },
        "content": "        else{"
      },
      {
        "lineNumber": 170,
        "author": {
          "gitId": "troomtroom"
        },
        "content": "            output(\"storage is empty, does not exist\");"
      },
      {
        "lineNumber": 171,
        "author": {
          "gitId": "troomtroom"
        },
        "content": "        }"
      },
      {
        "lineNumber": 172,
        "author": {
          "gitId": "troomtroom"
        },
        "content": ""
      },
      {
        "lineNumber": 173,
        "author": {
          "gitId": "-"
        },
        "content": "    }"
      },
      {
        "lineNumber": 174,
        "author": {
          "gitId": "-"
        },
        "content": "}"
      }
    ],
    "authorContributionMap": {
      "-": 11,
      "troomtroom": 163
    }
  },
  {
    "path": "src/main/java/Event.java",
    "fileType": "java",
    "lines": [
      {
        "lineNumber": 1,
        "author": {
          "gitId": "troomtroom"
        },
        "content": "class Event extends Task{"
      },
      {
        "lineNumber": 2,
        "author": {
          "gitId": "troomtroom"
        },
        "content": "    "
      },
      {
        "lineNumber": 3,
        "author": {
          "gitId": "troomtroom"
        },
        "content": "    String range;"
      },
      {
        "lineNumber": 4,
        "author": {
          "gitId": "troomtroom"
        },
        "content": "    public Event(String description, boolean isDone,String type,String range){"
      },
      {
        "lineNumber": 5,
        "author": {
          "gitId": "troomtroom"
        },
        "content": "        super(description,isDone,type);"
      },
      {
        "lineNumber": 6,
        "author": {
          "gitId": "troomtroom"
        },
        "content": "        this.type \u003d \"Event\";"
      },
      {
        "lineNumber": 7,
        "author": {
          "gitId": "troomtroom"
        },
        "content": "        this.range \u003d range;"
      },
      {
        "lineNumber": 8,
        "author": {
          "gitId": "troomtroom"
        },
        "content": "    }"
      },
      {
        "lineNumber": 9,
        "author": {
          "gitId": "troomtroom"
        },
        "content": "    public String toString(){"
      },
      {
        "lineNumber": 10,
        "author": {
          "gitId": "troomtroom"
        },
        "content": "        return( \"[\" + \"E\" + \"][\" + "
      },
      {
        "lineNumber": 11,
        "author": {
          "gitId": "troomtroom"
        },
        "content": "                this.getStatusIcon() + \"] \" + "
      },
      {
        "lineNumber": 12,
        "author": {
          "gitId": "troomtroom"
        },
        "content": "                this.description + "
      },
      {
        "lineNumber": 13,
        "author": {
          "gitId": "troomtroom"
        },
        "content": "                \" (at: \"+this.range + \")\""
      },
      {
        "lineNumber": 14,
        "author": {
          "gitId": "troomtroom"
        },
        "content": "                );"
      },
      {
        "lineNumber": 15,
        "author": {
          "gitId": "troomtroom"
        },
        "content": "    }"
      },
      {
        "lineNumber": 16,
        "author": {
          "gitId": "troomtroom"
        },
        "content": "}"
      }
    ],
    "authorContributionMap": {
      "troomtroom": 16
    }
  },
  {
    "path": "src/main/java/Task.java",
    "fileType": "java",
    "lines": [
      {
        "lineNumber": 1,
        "author": {
          "gitId": "troomtroom"
        },
        "content": "abstract class Task {"
      },
      {
        "lineNumber": 2,
        "author": {
          "gitId": "troomtroom"
        },
        "content": "    String description;"
      },
      {
        "lineNumber": 3,
        "author": {
          "gitId": "troomtroom"
        },
        "content": "    boolean isDone;"
      },
      {
        "lineNumber": 4,
        "author": {
          "gitId": "troomtroom"
        },
        "content": "    String type;"
      },
      {
        "lineNumber": 5,
        "author": {
          "gitId": "troomtroom"
        },
        "content": "    public Task(String description, boolean isDone, String type) {"
      },
      {
        "lineNumber": 6,
        "author": {
          "gitId": "troomtroom"
        },
        "content": "        this.description \u003d description;"
      },
      {
        "lineNumber": 7,
        "author": {
          "gitId": "troomtroom"
        },
        "content": "        this.isDone \u003d false;"
      },
      {
        "lineNumber": 8,
        "author": {
          "gitId": "troomtroom"
        },
        "content": "        this.type \u003d type;"
      },
      {
        "lineNumber": 9,
        "author": {
          "gitId": "troomtroom"
        },
        "content": "    }"
      },
      {
        "lineNumber": 10,
        "author": {
          "gitId": "troomtroom"
        },
        "content": ""
      },
      {
        "lineNumber": 11,
        "author": {
          "gitId": "troomtroom"
        },
        "content": "    public String getStatusIcon() {"
      },
      {
        "lineNumber": 12,
        "author": {
          "gitId": "troomtroom"
        },
        "content": "        return (isDone ? \"\\u2713 yes\" : \"\\u2718 no\"); //return tick or X symbols"
      },
      {
        "lineNumber": 13,
        "author": {
          "gitId": "troomtroom"
        },
        "content": "    }"
      },
      {
        "lineNumber": 14,
        "author": {
          "gitId": "troomtroom"
        },
        "content": ""
      },
      {
        "lineNumber": 15,
        "author": {
          "gitId": "troomtroom"
        },
        "content": "    public String getdescreption(){"
      },
      {
        "lineNumber": 16,
        "author": {
          "gitId": "troomtroom"
        },
        "content": "        return this.description;"
      },
      {
        "lineNumber": 17,
        "author": {
          "gitId": "troomtroom"
        },
        "content": "    }"
      },
      {
        "lineNumber": 18,
        "author": {
          "gitId": "troomtroom"
        },
        "content": "    public String getLetterType(){"
      },
      {
        "lineNumber": 19,
        "author": {
          "gitId": "troomtroom"
        },
        "content": "        System.out.println(this.getClass());"
      },
      {
        "lineNumber": 20,
        "author": {
          "gitId": "troomtroom"
        },
        "content": "        if(this.type.equals(\"ToDO\")){"
      },
      {
        "lineNumber": 21,
        "author": {
          "gitId": "troomtroom"
        },
        "content": "            return \"T\";"
      },
      {
        "lineNumber": 22,
        "author": {
          "gitId": "troomtroom"
        },
        "content": "        }"
      },
      {
        "lineNumber": 23,
        "author": {
          "gitId": "troomtroom"
        },
        "content": "        else if(this.type.equals(\"Event\")){"
      },
      {
        "lineNumber": 24,
        "author": {
          "gitId": "troomtroom"
        },
        "content": "            return \"D\";"
      },
      {
        "lineNumber": 25,
        "author": {
          "gitId": "troomtroom"
        },
        "content": "        }"
      },
      {
        "lineNumber": 26,
        "author": {
          "gitId": "troomtroom"
        },
        "content": "        else{"
      },
      {
        "lineNumber": 27,
        "author": {
          "gitId": "troomtroom"
        },
        "content": "            return \"E\";"
      },
      {
        "lineNumber": 28,
        "author": {
          "gitId": "troomtroom"
        },
        "content": "        }"
      },
      {
        "lineNumber": 29,
        "author": {
          "gitId": "troomtroom"
        },
        "content": "    }"
      },
      {
        "lineNumber": 30,
        "author": {
          "gitId": "troomtroom"
        },
        "content": ""
      },
      {
        "lineNumber": 31,
        "author": {
          "gitId": "troomtroom"
        },
        "content": "    public String toString(){"
      },
      {
        "lineNumber": 32,
        "author": {
          "gitId": "troomtroom"
        },
        "content": "        return(\"[\" + this.type.charAt(0) + \"][\" + this.getStatusIcon() + \"] \" + this.description);"
      },
      {
        "lineNumber": 33,
        "author": {
          "gitId": "troomtroom"
        },
        "content": "    }"
      },
      {
        "lineNumber": 34,
        "author": {
          "gitId": "troomtroom"
        },
        "content": ""
      },
      {
        "lineNumber": 35,
        "author": {
          "gitId": "troomtroom"
        },
        "content": "    public boolean changedone(){"
      },
      {
        "lineNumber": 36,
        "author": {
          "gitId": "troomtroom"
        },
        "content": "        this.isDone \u003d !(isDone);"
      },
      {
        "lineNumber": 37,
        "author": {
          "gitId": "troomtroom"
        },
        "content": "        return this.isDone;"
      },
      {
        "lineNumber": 38,
        "author": {
          "gitId": "troomtroom"
        },
        "content": "        //isDone ? this.isDone \u003d false : this.isDone \u003d true;"
      },
      {
        "lineNumber": 39,
        "author": {
          "gitId": "troomtroom"
        },
        "content": "    }"
      },
      {
        "lineNumber": 40,
        "author": {
          "gitId": "troomtroom"
        },
        "content": ""
      },
      {
        "lineNumber": 41,
        "author": {
          "gitId": "troomtroom"
        },
        "content": "/**         if(this.isDone \u003d\u003d false){"
      },
      {
        "lineNumber": 42,
        "author": {
          "gitId": "troomtroom"
        },
        "content": "            return(this.index + \".[\\u2718]\"+this.descreption);"
      },
      {
        "lineNumber": 43,
        "author": {
          "gitId": "troomtroom"
        },
        "content": "        }"
      },
      {
        "lineNumber": 44,
        "author": {
          "gitId": "troomtroom"
        },
        "content": "        else{"
      },
      {
        "lineNumber": 45,
        "author": {
          "gitId": "troomtroom"
        },
        "content": "            return(this.index + \".[\\u2713] \"+this.descreption);"
      },
      {
        "lineNumber": 46,
        "author": {
          "gitId": "troomtroom"
        },
        "content": "        }"
      },
      {
        "lineNumber": 47,
        "author": {
          "gitId": "troomtroom"
        },
        "content": "    }"
      },
      {
        "lineNumber": 48,
        "author": {
          "gitId": "troomtroom"
        },
        "content": "*/"
      },
      {
        "lineNumber": 49,
        "author": {
          "gitId": "troomtroom"
        },
        "content": ""
      },
      {
        "lineNumber": 50,
        "author": {
          "gitId": "troomtroom"
        },
        "content": "    //..."
      },
      {
        "lineNumber": 51,
        "author": {
          "gitId": "troomtroom"
        },
        "content": "}"
      }
    ],
    "authorContributionMap": {
      "troomtroom": 51
    }
  },
  {
    "path": "src/main/java/ToDO.java",
    "fileType": "java",
    "lines": [
      {
        "lineNumber": 1,
        "author": {
          "gitId": "troomtroom"
        },
        "content": "class ToDO extends Task{"
      },
      {
        "lineNumber": 2,
        "author": {
          "gitId": "troomtroom"
        },
        "content": "    public ToDO(String description, boolean isDone,String type){"
      },
      {
        "lineNumber": 3,
        "author": {
          "gitId": "troomtroom"
        },
        "content": "        super(description,isDone,type);"
      },
      {
        "lineNumber": 4,
        "author": {
          "gitId": "troomtroom"
        },
        "content": "        this.type \u003d \"ToDO\";"
      },
      {
        "lineNumber": 5,
        "author": {
          "gitId": "troomtroom"
        },
        "content": "    }"
      },
      {
        "lineNumber": 6,
        "author": {
          "gitId": "troomtroom"
        },
        "content": "    public String toString(){"
      },
      {
        "lineNumber": 7,
        "author": {
          "gitId": "troomtroom"
        },
        "content": "        //System.out.println(this.description);"
      },
      {
        "lineNumber": 8,
        "author": {
          "gitId": "troomtroom"
        },
        "content": "        return(\"[\" + \"T\" + \"][\" + this.getStatusIcon() + \"] \" + this.description);"
      },
      {
        "lineNumber": 9,
        "author": {
          "gitId": "troomtroom"
        },
        "content": "    }"
      },
      {
        "lineNumber": 10,
        "author": {
          "gitId": "troomtroom"
        },
        "content": "}"
      }
    ],
    "authorContributionMap": {
      "troomtroom": 10
    }
  }
]
