{
  "authorDailyContributionsMap": {
    "khiangleon": [
      {
        "insertions": 346,
        "deletions": 92,
        "date": "2019-08-29",
        "commitResults": [
          {
            "hash": "01975163a6923bb99ec161663fc166aaeb371c32",
            "messageTitle": "Modify main Add methods sendLine, sendGreet, sendBye, sendMessage",
            "messageBody": "",
            "insertions": 44,
            "deletions": 0
          },
          {
            "hash": "639ab3e3b3f211bd43c5863ddd16edee68305361",
            "messageTitle": "Add, list",
            "messageBody": "",
            "insertions": 35,
            "deletions": 1
          },
          {
            "hash": "b80d5ff567a741f4ab79b4c78f1c364063ec86aa",
            "messageTitle": "Mark as Done",
            "messageBody": "",
            "insertions": 48,
            "deletions": 7
          },
          {
            "hash": "2e910b509ceafeb86c96d91b82ebcc1bd19e7983",
            "messageTitle": "ToDos, Events, Deadlines",
            "messageBody": "",
            "insertions": 142,
            "deletions": 22
          },
          {
            "hash": "3270848502f0d1314d213b1f99b2a9839dbaba17",
            "messageTitle": "Handle Errors",
            "messageBody": "",
            "insertions": 77,
            "deletions": 62
          }
        ]
      },
      {
        "insertions": 259,
        "deletions": 54,
        "date": "2019-09-02",
        "commitResults": [
          {
            "hash": "807d7f8ce5c612e540ffb6a878cbf7726b78f4d8",
            "messageTitle": "Delete",
            "messageBody": "",
            "insertions": 82,
            "deletions": 24
          },
          {
            "hash": "52dad54216949db58d2f47ccdf7963b7da4ce2fe",
            "messageTitle": "Text UI Testing",
            "messageBody": "",
            "insertions": 119,
            "deletions": 0
          },
          {
            "hash": "89ab637822bcdd025027003462bd130fbc81a3d3",
            "messageTitle": "Add more error handling",
            "messageBody": "",
            "insertions": 58,
            "deletions": 30
          }
        ]
      },
      {
        "insertions": 106,
        "deletions": 0,
        "date": "2019-09-04",
        "commitResults": [
          {
            "hash": "9dcbca50c2eaacb101adf96dd56e855801179a16",
            "messageTitle": "Save",
            "messageBody": "",
            "insertions": 106,
            "deletions": 0
          }
        ]
      },
      {
        "insertions": 137,
        "deletions": 4,
        "date": "2019-09-05",
        "commitResults": [
          {
            "hash": "912365d56389e3a62e87f9952d74186847b3e96e",
            "messageTitle": "Dates and Times",
            "messageBody": "",
            "insertions": 137,
            "deletions": 4
          }
        ]
      }
    ]
  },
  "authorFinalContributionMap": {
    "khiangleon": 696
  },
  "authorFileTypeContributionMap": {
    "khiangleon": {
      "java": 567,
      "md": 0,
      "fxml": 0,
      "sh": 0,
      "bat": 21,
      "gradle": 0,
      "txt": 108
    }
  },
  "authorContributionVariance": {
    "khiangleon": 13023.869
  },
  "authorDisplayNameMap": {
    "khiangleon": "CS2103-F10-3 SIM K ...  LEON"
  }
}
