{
  "authorDailyContributionsMap": {
    "cheongliyuan": [
      {
        "insertions": 195,
        "deletions": 58,
        "date": "2019-08-23",
        "commitResults": [
          {
            "hash": "dc571e82742969d080865d63ee4b0d3cefc13b7f",
            "messageTitle": "Level 1",
            "messageBody": "",
            "insertions": 54,
            "deletions": 7
          },
          {
            "hash": "8fbb5928fe57de96295d33fe86dd969792a92b5b",
            "messageTitle": "level 2",
            "messageBody": "",
            "insertions": 40,
            "deletions": 16
          },
          {
            "hash": "d0632741ea108ce8a24b030cdc8748f7c4ad9707",
            "messageTitle": "feeling abit uncertain without implementing try catch..",
            "messageBody": "",
            "insertions": 101,
            "deletions": 35
          }
        ]
      },
      {
        "insertions": 12,
        "deletions": 5,
        "date": "2019-08-24",
        "commitResults": [
          {
            "hash": "2ff98f1584acabf4c95d221b9911b61f917221bc",
            "messageTitle": "fixed some mistakes",
            "messageBody": "",
            "insertions": 12,
            "deletions": 5
          }
        ]
      },
      {
        "insertions": 193,
        "deletions": 58,
        "date": "2019-08-27",
        "commitResults": [
          {
            "hash": "51bf7f32748e1a59b362bd7088841269b6810c2f",
            "messageTitle": "Remove old parsers (inputIsBye() etc) and combine into addTask() Add 3 subclasses for each type of task E/D/T Swap ifelse in main for switchcase, as there is no need for priority Add enum Tasktype for parsing purposes Swap for loop for collection Tasktype userTask Add numOfTasks to help keep track",
            "messageBody": "",
            "insertions": 185,
            "deletions": 52
          },
          {
            "hash": "6c5e203a22708d1353d15fd7761a662d68e3784b",
            "messageTitle": "Missed out some final cleaning Cleanup test println",
            "messageBody": "",
            "insertions": 8,
            "deletions": 6
          }
        ]
      },
      {
        "insertions": 242,
        "deletions": 164,
        "date": "2019-08-28",
        "commitResults": [
          {
            "hash": "2b63b88b828d40550ef7058dd6ecaf77e6292161",
            "messageTitle": "bug fixes",
            "messageBody": "",
            "insertions": 28,
            "deletions": 7
          },
          {
            "hash": "7ed40ce5f846375d9dd7e0890a7f3efa8f7180bb",
            "messageTitle": "Revert \"bug fixes\"",
            "messageBody": "This reverts commit 2b63b88b828d40550ef7058dd6ecaf77e6292161.\n",
            "insertions": 7,
            "deletions": 28
          },
          {
            "hash": "6e7b7a77ac7fa1cef2af0e404a77fd375ca8c9ee",
            "messageTitle": "bug fixes",
            "messageBody": "",
            "insertions": 7,
            "deletions": 7
          },
          {
            "hash": "ffb384b4d7feed63fb3f7427d02aa23cb434cc4d",
            "messageTitle": "Add minimal exceptions + \u0027done\u0027 case",
            "messageBody": "",
            "insertions": 83,
            "deletions": 25
          },
          {
            "hash": "d2d09ad2dabf11f2a4ceff7951ca08a7717d7819",
            "messageTitle": "Add deleteTask Add exception for deleteTask Fix some printf errors",
            "messageBody": "",
            "insertions": 41,
            "deletions": 11
          },
          {
            "hash": "da67d21580e952b80fd1b621933b288696c20aba",
            "messageTitle": "Move methods around for readability Not confident on public/private access...",
            "messageBody": "",
            "insertions": 76,
            "deletions": 86
          }
        ]
      },
      {
        "insertions": 31,
        "deletions": 31,
        "date": "2019-08-31",
        "commitResults": [
          {
            "hash": "17b85523dd8eee4fbf3cae71347063a341c0dc39",
            "messageTitle": "Shift methods around to improve readability Prepare for branching",
            "messageBody": "",
            "insertions": 31,
            "deletions": 31
          }
        ]
      },
      {
        "insertions": 58,
        "deletions": 23,
        "date": "2019-09-01",
        "commitResults": [
          {
            "hash": "7feec0a07b5e56228b6c9578bd8a533d2237af34",
            "messageTitle": "Change access modifier for some methods from public to package private Add ability to save list to txt file. Add updateSaveFile for various user inputs(addTask/Delete/Done) Add generateListForFile and writeStringToFile as supporting methods Change getStatusIcons to \u00271\u0027 and \u00270\u0027. Unable to see symbols in both intellji and txt file.",
            "messageBody": "",
            "insertions": 58,
            "deletions": 23
          }
        ]
      },
      {
        "insertions": 39,
        "deletions": 9,
        "date": "2019-09-02",
        "commitResults": [
          {
            "hash": "b1aef548029b1272e5e09a4f8f5863580f0fe0b6",
            "messageTitle": "Add DateTimeFormatter to parse date and time add DateTimeParseDukeException to catch wrong date input formats",
            "messageBody": "",
            "insertions": 39,
            "deletions": 9
          }
        ]
      }
    ]
  },
  "authorFinalContributionMap": {
    "cheongliyuan": 418
  },
  "authorFileTypeContributionMap": {
    "cheongliyuan": {
      "java": 417,
      "md": 0,
      "fxml": 0,
      "sh": 0,
      "bat": 0,
      "gradle": 1,
      "txt": 0
    }
  },
  "authorContributionVariance": {
    "cheongliyuan": 13077.988
  },
  "authorDisplayNameMap": {
    "cheongliyuan": "CS2103-T11 CHEON ...  YUAN"
  }
}
