{
  "authorDailyContributionsMap": {
    "jxofficial": [
      {
        "insertions": 160,
        "deletions": 57,
        "date": "2019-08-19",
        "commitResults": [
          {
            "hash": "fa5c12310125f2708603236ed100872fc3ffa7eb",
            "messageTitle": "Add outputHandler Implemented Level-1",
            "messageBody": "",
            "insertions": 36,
            "deletions": 6
          },
          {
            "hash": "60b2e26a0211af4e22e2449864a7b738400d9f99",
            "messageTitle": "Implemented Add and List functionalities",
            "messageBody": "",
            "insertions": 65,
            "deletions": 15
          },
          {
            "hash": "1885a3e9d89f345561da74bcbdaf093ebc78621c",
            "messageTitle": "Renamed OutputHandler class to OutputUtilities",
            "messageBody": "",
            "insertions": 2,
            "deletions": 5
          },
          {
            "hash": "ac20712ef79298bb5fb4636c8721ce708c475294",
            "messageTitle": "Renamed TodoList class to TaskList Implemented markTaskAsCompleted method",
            "messageBody": "",
            "insertions": 33,
            "deletions": 0
          },
          {
            "hash": "277c49662b5b37ca2e71025247b180dbd57b3b5f",
            "messageTitle": "Updated formatting for Task toString() method Implemented markAsCompleted method",
            "messageBody": "",
            "insertions": 12,
            "deletions": 1
          },
          {
            "hash": "62bdd96c2448972cc478730c634da16b14111dfb",
            "messageTitle": "Implemented todo completion functionality",
            "messageBody": "",
            "insertions": 12,
            "deletions": 30
          }
        ]
      },
      {
        "insertions": 212,
        "deletions": 105,
        "date": "2019-08-21",
        "commitResults": [
          {
            "hash": "b55b9d0afb05a851b490f83934fcd1b3051acee2",
            "messageTitle": "Added classes Todo, Event, Deadline",
            "messageBody": "",
            "insertions": 48,
            "deletions": 0
          },
          {
            "hash": "c438ca7546d1ce70217cd4ab6766200ff15c894a",
            "messageTitle": "Implemented tracking for different types of tasks",
            "messageBody": "",
            "insertions": 72,
            "deletions": 37
          },
          {
            "hash": "4d5425a16c5ec4573b4a909cba11657ace6bf13c",
            "messageTitle": "Formatted output for markTaskAsCompleted Now displays entire task for Deadlines and Events instead of just the taskName",
            "messageBody": "",
            "insertions": 14,
            "deletions": 16
          },
          {
            "hash": "eeb176af0ff02de34e7b27df63c96922900629b2",
            "messageTitle": "Implemented Exception Handling Added class InvalidCommandException, EmptyTodoTextException, DukeException",
            "messageBody": "",
            "insertions": 64,
            "deletions": 50
          },
          {
            "hash": "5905919aa77ff0f3d36ed09b820184c3af6c4d0e",
            "messageTitle": "Implemented delete tasks functionality",
            "messageBody": "",
            "insertions": 14,
            "deletions": 2
          }
        ]
      },
      {
        "insertions": 30,
        "deletions": 13,
        "date": "2019-08-24",
        "commitResults": [
          {
            "hash": "87ae7b8754c8027360e7090d93413e4075b572e4",
            "messageTitle": "Refactored error handling Placed all exception classes in DukeException.java Added handling for TaskDoesNotExistException",
            "messageBody": "",
            "insertions": 30,
            "deletions": 13
          }
        ]
      }
    ]
  },
  "authorFinalContributionMap": {
    "jxofficial": 233
  },
  "authorFileTypeContributionMap": {
    "jxofficial": {
      "java": 233,
      "md": 0,
      "fxml": 0,
      "sh": 0,
      "bat": 0,
      "gradle": 0,
      "txt": 0
    }
  },
  "authorContributionVariance": {
    "jxofficial": 12492.765
  },
  "authorDisplayNameMap": {
    "jxofficial": "KENG .. XIAN"
  }
}
