{
  "authorDailyContributionsMap": {
    "jxofficial": [
      {
        "insertions": 160,
        "deletions": 57,
        "date": "2019-08-19",
        "commitResults": [
          {
            "hash": "fa5c12310125f2708603236ed100872fc3ffa7eb",
            "messageTitle": "Add outputHandler Implemented Level-1",
            "messageBody": "",
            "insertions": 36,
            "deletions": 6
          },
          {
            "hash": "60b2e26a0211af4e22e2449864a7b738400d9f99",
            "messageTitle": "Implemented Add and List functionalities",
            "messageBody": "",
            "insertions": 65,
            "deletions": 15
          },
          {
            "hash": "1885a3e9d89f345561da74bcbdaf093ebc78621c",
            "messageTitle": "Renamed OutputHandler class to OutputUtilities",
            "messageBody": "",
            "insertions": 2,
            "deletions": 5
          },
          {
            "hash": "ac20712ef79298bb5fb4636c8721ce708c475294",
            "messageTitle": "Renamed TodoList class to TaskList Implemented markTaskAsCompleted method",
            "messageBody": "",
            "insertions": 33,
            "deletions": 0
          },
          {
            "hash": "277c49662b5b37ca2e71025247b180dbd57b3b5f",
            "messageTitle": "Updated formatting for Task toString() method Implemented markAsCompleted method",
            "messageBody": "",
            "insertions": 12,
            "deletions": 1
          },
          {
            "hash": "62bdd96c2448972cc478730c634da16b14111dfb",
            "messageTitle": "Implemented todo completion functionality",
            "messageBody": "",
            "insertions": 12,
            "deletions": 30
          }
        ]
      },
      {
        "insertions": 212,
        "deletions": 105,
        "date": "2019-08-21",
        "commitResults": [
          {
            "hash": "b55b9d0afb05a851b490f83934fcd1b3051acee2",
            "messageTitle": "Added classes Todo, Event, Deadline",
            "messageBody": "",
            "insertions": 48,
            "deletions": 0
          },
          {
            "hash": "c438ca7546d1ce70217cd4ab6766200ff15c894a",
            "messageTitle": "Implemented tracking for different types of tasks",
            "messageBody": "",
            "insertions": 72,
            "deletions": 37
          },
          {
            "hash": "4d5425a16c5ec4573b4a909cba11657ace6bf13c",
            "messageTitle": "Formatted output for markTaskAsCompleted Now displays entire task for Deadlines and Events instead of just the taskName",
            "messageBody": "",
            "insertions": 14,
            "deletions": 16
          },
          {
            "hash": "eeb176af0ff02de34e7b27df63c96922900629b2",
            "messageTitle": "Implemented Exception Handling Added class InvalidCommandException, EmptyTodoTextException, DukeException",
            "messageBody": "",
            "insertions": 64,
            "deletions": 50
          },
          {
            "hash": "5905919aa77ff0f3d36ed09b820184c3af6c4d0e",
            "messageTitle": "Implemented delete tasks functionality",
            "messageBody": "",
            "insertions": 14,
            "deletions": 2
          }
        ]
      },
      {
        "insertions": 108,
        "deletions": 30,
        "date": "2019-08-24",
        "commitResults": [
          {
            "hash": "87ae7b8754c8027360e7090d93413e4075b572e4",
            "messageTitle": "Refactored error handling Placed all exception classes in DukeException.java Added handling for TaskDoesNotExistException",
            "messageBody": "",
            "insertions": 30,
            "deletions": 13
          },
          {
            "hash": "e6dd19ed52a8fedaa8fc54b2cd8d62454ff77584",
            "messageTitle": "Implemented write to local file feature Refactored type of task as enum",
            "messageBody": "",
            "insertions": 78,
            "deletions": 17
          }
        ]
      },
      {
        "insertions": 209,
        "deletions": 57,
        "date": "2019-08-25",
        "commitResults": [
          {
            "hash": "3b67aad5b543718c613e21ccf0bd3770b3e832a2",
            "messageTitle": "Implemented functionality: reading tasks from hard disk Added FileReaderHandler helper class Refactored OutputUtilities class to handle most of the message printing functionality Completed Level-7: Saving and retrieving tasks on hard disk",
            "messageBody": "",
            "insertions": 209,
            "deletions": 57
          }
        ]
      },
      {
        "insertions": 44,
        "deletions": 14,
        "date": "2019-08-26",
        "commitResults": [
          {
            "hash": "e65643f3bc7227f12918a9c508bfc84402a42292",
            "messageTitle": "Removed unecesssary import statements Added return statement to terminate program when file cannot be created",
            "messageBody": "",
            "insertions": 1,
            "deletions": 3
          },
          {
            "hash": "177079935653037cdebf811b5f5ab376bca75290",
            "messageTitle": "Implemented Level-8 Date Deadline and Event class now have Date fields",
            "messageBody": "",
            "insertions": 43,
            "deletions": 11
          }
        ]
      },
      {
        "insertions": 244,
        "deletions": 111,
        "date": "2019-08-27",
        "commitResults": [
          {
            "hash": "d6adc3c87b337419a80a99f838f176a96add10de",
            "messageTitle": "Implemented A-MoreOOP Created command class and subclasses ExitCommand, InvalidCommand, etc Refactored class names: UI, Storage",
            "messageBody": "",
            "insertions": 244,
            "deletions": 111
          }
        ]
      },
      {
        "insertions": 283,
        "deletions": 51,
        "date": "2019-08-28",
        "commitResults": [
          {
            "hash": "1cdca0e8f1c27d725bdfc768dfa8c173e9658384",
            "messageTitle": "Implemented A-Packages Created duke.command package Stopped tracking duke/duke.txt",
            "messageBody": "",
            "insertions": 106,
            "deletions": 32
          },
          {
            "hash": "70372077fccde3b2bd0d6d46058504c2546591b5",
            "messageTitle": "Implemented 3 tests for A-JUnit Added CreateEventCommandTest.java Added TaskListTest.java Added delete functionality which I missed out on for the previous versions",
            "messageBody": "",
            "insertions": 177,
            "deletions": 19
          }
        ]
      },
      {
        "insertions": 648,
        "deletions": 168,
        "date": "2019-08-29",
        "commitResults": [
          {
            "hash": "bd329ad26aceb7dd287f0f5c7d0346e0e6c5a74f",
            "messageTitle": "Added JavaDoc comments",
            "messageBody": "",
            "insertions": 515,
            "deletions": 83
          },
          {
            "hash": "7006434da645c83ae01dbaa3d48b094283147673",
            "messageTitle": "Implemented search tasks functionality Added FindTaskCommand class",
            "messageBody": "",
            "insertions": 4,
            "deletions": 0
          },
          {
            "hash": "191a6f8895580b85eb823fdce40afe55beb11631",
            "messageTitle": "Implemented search tasks functionality Added FindTaskCommand.java",
            "messageBody": "",
            "insertions": 66,
            "deletions": 20
          },
          {
            "hash": "3aad4b11a57364f94d21fba68db6de79eb9a932d",
            "messageTitle": "Refactored code to follow coding standard",
            "messageBody": "",
            "insertions": 63,
            "deletions": 65
          }
        ]
      },
      {
        "insertions": 46,
        "deletions": 21,
        "date": "2019-09-02",
        "commitResults": [
          {
            "hash": "522836cbd059022d5a012d6bc6759f14fd031e41",
            "messageTitle": "Fix tests not running in Intellij",
            "messageBody": "",
            "insertions": 37,
            "deletions": 17
          },
          {
            "hash": "030837cac00356bad9d926e8dec526483478bcf2",
            "messageTitle": "Add JUnit support to gradle build file Update gitignore to ignore dukeTest.txt",
            "messageBody": "",
            "insertions": 9,
            "deletions": 1
          },
          {
            "hash": "33fd831044e852829894c168fbb9150956363d28",
            "messageTitle": "Update gitignore to ignore data/duke.txt",
            "messageBody": "",
            "insertions": 0,
            "deletions": 3
          }
        ]
      },
      {
        "insertions": 623,
        "deletions": 493,
        "date": "2019-09-07",
        "commitResults": [
          {
            "hash": "80f03f6101a2c8e814a61d193c6044fa53b274a9",
            "messageTitle": "Add GUI Refactor UI.java to Message.java",
            "messageBody": "",
            "insertions": 623,
            "deletions": 493
          }
        ]
      },
      {
        "insertions": 157,
        "deletions": 103,
        "date": "2019-09-10",
        "commitResults": [
          {
            "hash": "506bf2c8cd89f0bdca03b113ab28d1c4256025c2",
            "messageTitle": "Add assertions for TaskList class Format according to checkstyle for Command and Exception packages",
            "messageBody": "",
            "insertions": 116,
            "deletions": 65
          },
          {
            "hash": "5ce08bfb8fa1c6732d381108369dfaf8f19317bc",
            "messageTitle": "Refactor code to adhere to check style",
            "messageBody": "",
            "insertions": 41,
            "deletions": 38
          }
        ]
      },
      {
        "insertions": 203,
        "deletions": 128,
        "date": "2019-09-11",
        "commitResults": [
          {
            "hash": "c559441926d507dd9b5aeaca955caac5ebe1d075",
            "messageTitle": "branch-A-CodeQuality (#5)",
            "messageBody": "* Refactor code to adhere to check style\r\n\r\n* Fix event and deadlines not being parsed correctly from file to duke\r\n\r\n* Fix failing tests due to input dates not being standardized\r\n\r\n* Refactor usages of Date class (deprecated) to LocalDateTime class\r\nRefactor code to adhere to check style\r\n",
            "insertions": 203,
            "deletions": 128
          }
        ]
      }
    ]
  },
  "authorFinalContributionMap": {
    "jxofficial": 1611
  },
  "authorFileTypeContributionMap": {
    "jxofficial": {
      "java": 1520,
      "md": 1,
      "fxml": 41,
      "sh": 0,
      "bat": 17,
      "gradle": 32,
      "txt": 0
    }
  },
  "authorContributionVariance": {
    "jxofficial": 70163.336
  },
  "authorDisplayNameMap": {
    "jxofficial": "CS2103-F10-3 KENG  ...  XIAN"
  }
}
