{
  "authorDailyContributionsMap": {
    "kohyida1997": [
      {
        "insertions": 174,
        "deletions": 13,
        "date": "2019-08-17",
        "commitResults": [
          {
            "hash": "158d4c38cd7a3b15a416a50c0af94835b79b5456",
            "messageTitle": "level-1",
            "messageBody": "",
            "insertions": 18,
            "deletions": 1
          },
          {
            "hash": "3c94a251361c3c635d627972c5bd58a725449d57",
            "messageTitle": "level-2",
            "messageBody": "",
            "insertions": 18,
            "deletions": 3
          },
          {
            "hash": "c51c8422dbc391b2abe7bb738148991afabcfe15",
            "messageTitle": "level-3",
            "messageBody": "",
            "insertions": 43,
            "deletions": 5
          },
          {
            "hash": "5496c235f597a1f5e7512ee195d9ac8afb74df48",
            "messageTitle": "level-4",
            "messageBody": "",
            "insertions": 95,
            "deletions": 4
          }
        ]
      },
      {
        "insertions": 132,
        "deletions": 63,
        "date": "2019-08-18",
        "commitResults": [
          {
            "hash": "677e11a47d30ac336514cb1d827ace9c228aa5fe",
            "messageTitle": "level-5",
            "messageBody": "",
            "insertions": 98,
            "deletions": 62
          },
          {
            "hash": "86496177f5461f0838638c5ebd2406d98800ea7b",
            "messageTitle": "level-6",
            "messageBody": "",
            "insertions": 34,
            "deletions": 1
          }
        ]
      },
      {
        "insertions": 315,
        "deletions": 135,
        "date": "2019-08-24",
        "commitResults": [
          {
            "hash": "a4413e0455ba50430207aa041c0b2d1f204b941f",
            "messageTitle": "Level-7",
            "messageBody": "",
            "insertions": 212,
            "deletions": 118
          },
          {
            "hash": "cffdb112aa0e57e87c2ce3f062df187c53389f66",
            "messageTitle": "Level-8",
            "messageBody": "",
            "insertions": 103,
            "deletions": 17
          }
        ]
      },
      {
        "insertions": 625,
        "deletions": 289,
        "date": "2019-08-27",
        "commitResults": [
          {
            "hash": "335b548d3b7095fd07efaec71cd7175e181aa8a1",
            "messageTitle": "More-OOP",
            "messageBody": "",
            "insertions": 493,
            "deletions": 263
          },
          {
            "hash": "749db8f021d288ac3ee26612ce90ac62fbb8cdb6",
            "messageTitle": "Java Packages (optional)",
            "messageBody": "",
            "insertions": 132,
            "deletions": 26
          }
        ]
      },
      {
        "insertions": 103,
        "deletions": 3,
        "date": "2019-08-28",
        "commitResults": [
          {
            "hash": "3cebdae9adacda8d0ddc74f282d1ca3a64d02d58",
            "messageTitle": "JUnit Testing",
            "messageBody": "",
            "insertions": 78,
            "deletions": 2
          },
          {
            "hash": "732866c7b77b09bdfcb49362ccbfbc53e7b56cab",
            "messageTitle": "Edited build.gradle settings",
            "messageBody": "",
            "insertions": 25,
            "deletions": 1
          }
        ]
      },
      {
        "insertions": 903,
        "deletions": 269,
        "date": "2019-08-29",
        "commitResults": [
          {
            "hash": "257a97aed41d2966f022ce08223820d500f88b8c",
            "messageTitle": "A-JavaDoc",
            "messageBody": "",
            "insertions": 535,
            "deletions": 41
          },
          {
            "hash": "0251c0136d8fa5634b2374bc38d0a2ba2e4cb71a",
            "messageTitle": "branch-A-CodingStandard",
            "messageBody": "",
            "insertions": 234,
            "deletions": 189
          },
          {
            "hash": "33bdb17c38b2fdee5fdd93164c7ee139d2b77085",
            "messageTitle": "Level-9",
            "messageBody": "",
            "insertions": 96,
            "deletions": 10
          },
          {
            "hash": "76e4dfd035054a60a1f99780beeffdc49c191f5b",
            "messageTitle": "Adhere to Checkstyle",
            "messageBody": "",
            "insertions": 38,
            "deletions": 29
          }
        ]
      }
    ]
  },
  "authorFinalContributionMap": {
    "kohyida1997": 1529
  },
  "authorFileTypeContributionMap": {
    "kohyida1997": {
      "java": 1495,
      "md": 0,
      "fxml": 0,
      "sh": 0,
      "bat": 0,
      "gradle": 29,
      "txt": 5
    }
  },
  "authorContributionVariance": {
    "kohyida1997": 131609.0
  },
  "authorDisplayNameMap": {
    "kohyida1997": "KOH Y ... YI DA"
  }
}
