{
  "authorDailyContributionsMap": {
    "jeunhoe": [
      {
        "insertions": 217,
        "deletions": 26,
        "date": "2019-08-20",
        "commitResults": [
          {
            "hash": "4d8376d9c2cabe5c4698d9ff80409afc51df6d2d",
            "messageTitle": "Add Greet, Echo, Exit features",
            "messageBody": "",
            "insertions": 44,
            "deletions": 1
          },
          {
            "hash": "947d926417f442eaa98813b052281e820803d447",
            "messageTitle": "Add List feature",
            "messageBody": "",
            "insertions": 42,
            "deletions": 12
          },
          {
            "hash": "9a12b5373fb400644fd775f11a2ece9f3696e7e0",
            "messageTitle": "Add Mark as Done feature",
            "messageBody": "",
            "insertions": 48,
            "deletions": 4
          },
          {
            "hash": "0958a3e078e2ef025f8f604384f4b71ddcf4c605",
            "messageTitle": "Add ToDos, Events, Deadlines",
            "messageBody": "",
            "insertions": 83,
            "deletions": 9
          }
        ]
      },
      {
        "insertions": 147,
        "deletions": 45,
        "date": "2019-08-21",
        "commitResults": [
          {
            "hash": "2024ec799c6daa8ae8c0373fa5f47d5df265b8e0",
            "messageTitle": "Add Error Handling for InvalidInput, EmptyTask and InvalidTask",
            "messageBody": "",
            "insertions": 132,
            "deletions": 41
          },
          {
            "hash": "35fea16ed9fbc0617cf90282d0f9fe8da44da8e8",
            "messageTitle": "Add Delete feature",
            "messageBody": "",
            "insertions": 15,
            "deletions": 4
          }
        ]
      },
      {
        "insertions": 271,
        "deletions": 27,
        "date": "2019-08-26",
        "commitResults": [
          {
            "hash": "da6305540d26dc2e4d30bf58a8113aee08bb795e",
            "messageTitle": "Add automatic Save feature on close and Load feature on start",
            "messageBody": "",
            "insertions": 143,
            "deletions": 7
          },
          {
            "hash": "d919954444a293338eb066bfc6318a3c819c474b",
            "messageTitle": "Add Date and Time support for Deadline and Event",
            "messageBody": "",
            "insertions": 120,
            "deletions": 12
          },
          {
            "hash": "bcca620c1b9894ca698135f0f21590f7aef4b162",
            "messageTitle": "Restructure Deadline and Event to allow saving and loading of DateTime",
            "messageBody": "",
            "insertions": 8,
            "deletions": 8
          }
        ]
      },
      {
        "insertions": 995,
        "deletions": 381,
        "date": "2019-08-28",
        "commitResults": [
          {
            "hash": "1b88e6731ba00548fdc6c11532f008ebc9d33ed0",
            "messageTitle": "Restructure code to comply with OOP principles Add UI, Parser, Storage, TaskList and Commands",
            "messageBody": "",
            "insertions": 309,
            "deletions": 182
          },
          {
            "hash": "43b3d0f17c0764766260b4759116ffbd87593905",
            "messageTitle": "Add JUnit testing for Parser and ToDo",
            "messageBody": "",
            "insertions": 45,
            "deletions": 1
          },
          {
            "hash": "a7df844dbc004a317839e0b08cca5d4ee890baef",
            "messageTitle": "Add directory and file creation for Storage to use with distributable .jar",
            "messageBody": "",
            "insertions": 3,
            "deletions": 1
          },
          {
            "hash": "58cf4fa7bbd9880443dd58a3fd6a6b0975f61dd7",
            "messageTitle": "Add JavaDoc comments to code",
            "messageBody": "",
            "insertions": 466,
            "deletions": 58
          },
          {
            "hash": "54195c726da818773ccde6cf920bfa488c033a7b",
            "messageTitle": "Tweak code to comply with chosen coding standard",
            "messageBody": "",
            "insertions": 130,
            "deletions": 139
          },
          {
            "hash": "89a9883ec281ddd9d8c021a2c2323a5e2cc783d5",
            "messageTitle": "Add Find function",
            "messageBody": "",
            "insertions": 42,
            "deletions": 0
          }
        ]
      }
    ]
  },
  "authorFinalContributionMap": {
    "jeunhoe": 1159
  },
  "authorFileTypeContributionMap": {
    "jeunhoe": {
      "java": 1159,
      "md": 0,
      "fxml": 0,
      "sh": 0,
      "bat": 0,
      "gradle": 0,
      "txt": 0
    }
  },
  "authorContributionVariance": {
    "jeunhoe": 133534.5
  },
  "authorDisplayNameMap": {
    "jeunhoe": "POON ..  HOE"
  }
}
