[
  {
    "path": "data/duke.txt",
    "fileType": "txt",
    "lines": [
      {
        "lineNumber": 1,
        "author": {
          "gitId": "ryoarmanda"
        },
        "content": "T | 1 | read book"
      },
      {
        "lineNumber": 2,
        "author": {
          "gitId": "ryoarmanda"
        },
        "content": "D | 0 | return book | 06/06/2019 1800"
      },
      {
        "lineNumber": 3,
        "author": {
          "gitId": "ryoarmanda"
        },
        "content": "E | 0 | project meeting | 06/08/2019 1400 | 06/08/2019 1600"
      },
      {
        "lineNumber": 4,
        "author": {
          "gitId": "ryoarmanda"
        },
        "content": "T | 1 | join sports club"
      }
    ],
    "authorContributionMap": {
      "ryoarmanda": 4
    }
  },
  {
    "path": "src/main/java/AddCommand.java",
    "fileType": "java",
    "lines": [
      {
        "lineNumber": 1,
        "author": {
          "gitId": "ryoarmanda"
        },
        "content": "public class AddCommand extends Command {"
      },
      {
        "lineNumber": 2,
        "author": {
          "gitId": "ryoarmanda"
        },
        "content": "    private TaskType type;"
      },
      {
        "lineNumber": 3,
        "author": {
          "gitId": "ryoarmanda"
        },
        "content": "    private String description;"
      },
      {
        "lineNumber": 4,
        "author": {
          "gitId": "ryoarmanda"
        },
        "content": "    private String time;"
      },
      {
        "lineNumber": 5,
        "author": {
          "gitId": "ryoarmanda"
        },
        "content": "    private String timeEnd;"
      },
      {
        "lineNumber": 6,
        "author": {
          "gitId": "ryoarmanda"
        },
        "content": ""
      },
      {
        "lineNumber": 7,
        "author": {
          "gitId": "ryoarmanda"
        },
        "content": "    public AddCommand(TaskType type, String... args) {"
      },
      {
        "lineNumber": 8,
        "author": {
          "gitId": "ryoarmanda"
        },
        "content": "        super(false);"
      },
      {
        "lineNumber": 9,
        "author": {
          "gitId": "ryoarmanda"
        },
        "content": "        this.type \u003d type;"
      },
      {
        "lineNumber": 10,
        "author": {
          "gitId": "ryoarmanda"
        },
        "content": "        this.description \u003d args[0];"
      },
      {
        "lineNumber": 11,
        "author": {
          "gitId": "ryoarmanda"
        },
        "content": "        this.time \u003d args.length \u003e 1 ? args[1] : \"\";"
      },
      {
        "lineNumber": 12,
        "author": {
          "gitId": "ryoarmanda"
        },
        "content": "        this.timeEnd \u003d args.length \u003e 2 ? args[2] : \"\";"
      },
      {
        "lineNumber": 13,
        "author": {
          "gitId": "ryoarmanda"
        },
        "content": "    }"
      },
      {
        "lineNumber": 14,
        "author": {
          "gitId": "ryoarmanda"
        },
        "content": ""
      },
      {
        "lineNumber": 15,
        "author": {
          "gitId": "ryoarmanda"
        },
        "content": "    public void execute(TaskList tasks, Ui ui, Storage storage) throws DukeException {"
      },
      {
        "lineNumber": 16,
        "author": {
          "gitId": "ryoarmanda"
        },
        "content": "        Task task;"
      },
      {
        "lineNumber": 17,
        "author": {
          "gitId": "ryoarmanda"
        },
        "content": ""
      },
      {
        "lineNumber": 18,
        "author": {
          "gitId": "ryoarmanda"
        },
        "content": "        switch (this.type) {"
      },
      {
        "lineNumber": 19,
        "author": {
          "gitId": "ryoarmanda"
        },
        "content": "        case TODO:"
      },
      {
        "lineNumber": 20,
        "author": {
          "gitId": "ryoarmanda"
        },
        "content": "            task \u003d new Todo(this.description);"
      },
      {
        "lineNumber": 21,
        "author": {
          "gitId": "ryoarmanda"
        },
        "content": "            break;"
      },
      {
        "lineNumber": 22,
        "author": {
          "gitId": "ryoarmanda"
        },
        "content": "        case DEADLINE:"
      },
      {
        "lineNumber": 23,
        "author": {
          "gitId": "ryoarmanda"
        },
        "content": "            task \u003d new Deadline(this.description, this.time);"
      },
      {
        "lineNumber": 24,
        "author": {
          "gitId": "ryoarmanda"
        },
        "content": "            break;"
      },
      {
        "lineNumber": 25,
        "author": {
          "gitId": "ryoarmanda"
        },
        "content": "        case EVENT:"
      },
      {
        "lineNumber": 26,
        "author": {
          "gitId": "ryoarmanda"
        },
        "content": "            task \u003d new Event(this.description, this.time, this.timeEnd);"
      },
      {
        "lineNumber": 27,
        "author": {
          "gitId": "ryoarmanda"
        },
        "content": "            break;"
      },
      {
        "lineNumber": 28,
        "author": {
          "gitId": "ryoarmanda"
        },
        "content": "        default:"
      },
      {
        "lineNumber": 29,
        "author": {
          "gitId": "ryoarmanda"
        },
        "content": "            // TODO: Create error message"
      },
      {
        "lineNumber": 30,
        "author": {
          "gitId": "ryoarmanda"
        },
        "content": "            throw new DukeException(\"Wrong task type.\");"
      },
      {
        "lineNumber": 31,
        "author": {
          "gitId": "ryoarmanda"
        },
        "content": "        }"
      },
      {
        "lineNumber": 32,
        "author": {
          "gitId": "ryoarmanda"
        },
        "content": ""
      },
      {
        "lineNumber": 33,
        "author": {
          "gitId": "ryoarmanda"
        },
        "content": "        tasks.addTask(task);"
      },
      {
        "lineNumber": 34,
        "author": {
          "gitId": "ryoarmanda"
        },
        "content": "        storage.write(tasks);"
      },
      {
        "lineNumber": 35,
        "author": {
          "gitId": "ryoarmanda"
        },
        "content": "        ui.displayAddTask(task, tasks.totalTasks());"
      },
      {
        "lineNumber": 36,
        "author": {
          "gitId": "ryoarmanda"
        },
        "content": "    }"
      },
      {
        "lineNumber": 37,
        "author": {
          "gitId": "ryoarmanda"
        },
        "content": "}"
      }
    ],
    "authorContributionMap": {
      "ryoarmanda": 37
    }
  },
  {
    "path": "src/main/java/ByeCommand.java",
    "fileType": "java",
    "lines": [
      {
        "lineNumber": 1,
        "author": {
          "gitId": "ryoarmanda"
        },
        "content": "public class ByeCommand extends Command {"
      },
      {
        "lineNumber": 2,
        "author": {
          "gitId": "ryoarmanda"
        },
        "content": "    public ByeCommand() {"
      },
      {
        "lineNumber": 3,
        "author": {
          "gitId": "ryoarmanda"
        },
        "content": "        super(true);"
      },
      {
        "lineNumber": 4,
        "author": {
          "gitId": "ryoarmanda"
        },
        "content": "    }"
      },
      {
        "lineNumber": 5,
        "author": {
          "gitId": "ryoarmanda"
        },
        "content": ""
      },
      {
        "lineNumber": 6,
        "author": {
          "gitId": "ryoarmanda"
        },
        "content": "    public void execute(TaskList tasks, Ui ui, Storage storage) {"
      },
      {
        "lineNumber": 7,
        "author": {
          "gitId": "ryoarmanda"
        },
        "content": "        ui.displayBye();"
      },
      {
        "lineNumber": 8,
        "author": {
          "gitId": "ryoarmanda"
        },
        "content": "    }"
      },
      {
        "lineNumber": 9,
        "author": {
          "gitId": "ryoarmanda"
        },
        "content": "}"
      }
    ],
    "authorContributionMap": {
      "ryoarmanda": 9
    }
  },
  {
    "path": "src/main/java/Command.java",
    "fileType": "java",
    "lines": [
      {
        "lineNumber": 1,
        "author": {
          "gitId": "ryoarmanda"
        },
        "content": "public abstract class Command {"
      },
      {
        "lineNumber": 2,
        "author": {
          "gitId": "ryoarmanda"
        },
        "content": "    private boolean isExit;"
      },
      {
        "lineNumber": 3,
        "author": {
          "gitId": "ryoarmanda"
        },
        "content": ""
      },
      {
        "lineNumber": 4,
        "author": {
          "gitId": "ryoarmanda"
        },
        "content": "    public Command(boolean isExit) {"
      },
      {
        "lineNumber": 5,
        "author": {
          "gitId": "ryoarmanda"
        },
        "content": "        this.isExit \u003d isExit;"
      },
      {
        "lineNumber": 6,
        "author": {
          "gitId": "ryoarmanda"
        },
        "content": "    }"
      },
      {
        "lineNumber": 7,
        "author": {
          "gitId": "ryoarmanda"
        },
        "content": ""
      },
      {
        "lineNumber": 8,
        "author": {
          "gitId": "ryoarmanda"
        },
        "content": "    public boolean isExit() {"
      },
      {
        "lineNumber": 9,
        "author": {
          "gitId": "ryoarmanda"
        },
        "content": "        return this.isExit;"
      },
      {
        "lineNumber": 10,
        "author": {
          "gitId": "ryoarmanda"
        },
        "content": "    }"
      },
      {
        "lineNumber": 11,
        "author": {
          "gitId": "ryoarmanda"
        },
        "content": ""
      },
      {
        "lineNumber": 12,
        "author": {
          "gitId": "ryoarmanda"
        },
        "content": "    abstract void execute(TaskList tasks, Ui ui, Storage storage);"
      },
      {
        "lineNumber": 13,
        "author": {
          "gitId": "ryoarmanda"
        },
        "content": "}"
      }
    ],
    "authorContributionMap": {
      "ryoarmanda": 13
    }
  },
  {
    "path": "src/main/java/CommandType.java",
    "fileType": "java",
    "lines": [
      {
        "lineNumber": 1,
        "author": {
          "gitId": "ryoarmanda"
        },
        "content": "public enum CommandType {"
      },
      {
        "lineNumber": 2,
        "author": {
          "gitId": "ryoarmanda"
        },
        "content": "    LIST(\"list\"),"
      },
      {
        "lineNumber": 3,
        "author": {
          "gitId": "ryoarmanda"
        },
        "content": "    TODO(\"todo\"),"
      },
      {
        "lineNumber": 4,
        "author": {
          "gitId": "ryoarmanda"
        },
        "content": "    DEADLINE(\"deadline\"),"
      },
      {
        "lineNumber": 5,
        "author": {
          "gitId": "ryoarmanda"
        },
        "content": "    EVENT(\"event\"),"
      },
      {
        "lineNumber": 6,
        "author": {
          "gitId": "ryoarmanda"
        },
        "content": "    DONE(\"done\"),"
      },
      {
        "lineNumber": 7,
        "author": {
          "gitId": "ryoarmanda"
        },
        "content": "    DELETE(\"delete\"),"
      },
      {
        "lineNumber": 8,
        "author": {
          "gitId": "ryoarmanda"
        },
        "content": "    BYE(\"bye\");"
      },
      {
        "lineNumber": 9,
        "author": {
          "gitId": "ryoarmanda"
        },
        "content": ""
      },
      {
        "lineNumber": 10,
        "author": {
          "gitId": "ryoarmanda"
        },
        "content": "    private final String cmd;"
      },
      {
        "lineNumber": 11,
        "author": {
          "gitId": "ryoarmanda"
        },
        "content": ""
      },
      {
        "lineNumber": 12,
        "author": {
          "gitId": "ryoarmanda"
        },
        "content": "    CommandType(String cmd) {"
      },
      {
        "lineNumber": 13,
        "author": {
          "gitId": "ryoarmanda"
        },
        "content": "        this.cmd \u003d cmd;"
      },
      {
        "lineNumber": 14,
        "author": {
          "gitId": "ryoarmanda"
        },
        "content": "    }"
      },
      {
        "lineNumber": 15,
        "author": {
          "gitId": "ryoarmanda"
        },
        "content": ""
      },
      {
        "lineNumber": 16,
        "author": {
          "gitId": "ryoarmanda"
        },
        "content": "    @Override"
      },
      {
        "lineNumber": 17,
        "author": {
          "gitId": "ryoarmanda"
        },
        "content": "    public String toString() {"
      },
      {
        "lineNumber": 18,
        "author": {
          "gitId": "ryoarmanda"
        },
        "content": "        return this.cmd;"
      },
      {
        "lineNumber": 19,
        "author": {
          "gitId": "ryoarmanda"
        },
        "content": "    }"
      },
      {
        "lineNumber": 20,
        "author": {
          "gitId": "ryoarmanda"
        },
        "content": "}"
      }
    ],
    "authorContributionMap": {
      "ryoarmanda": 20
    }
  },
  {
    "path": "src/main/java/Deadline.java",
    "fileType": "java",
    "lines": [
      {
        "lineNumber": 1,
        "author": {
          "gitId": "ryoarmanda"
        },
        "content": "import java.time.LocalDateTime;"
      },
      {
        "lineNumber": 2,
        "author": {
          "gitId": "ryoarmanda"
        },
        "content": ""
      },
      {
        "lineNumber": 3,
        "author": {
          "gitId": "ryoarmanda"
        },
        "content": "public class Deadline extends Task {"
      },
      {
        "lineNumber": 4,
        "author": {
          "gitId": "ryoarmanda"
        },
        "content": "    private LocalDateTime time;"
      },
      {
        "lineNumber": 5,
        "author": {
          "gitId": "ryoarmanda"
        },
        "content": ""
      },
      {
        "lineNumber": 6,
        "author": {
          "gitId": "ryoarmanda"
        },
        "content": "    public Deadline(String description, String time) {"
      },
      {
        "lineNumber": 7,
        "author": {
          "gitId": "ryoarmanda"
        },
        "content": "        super(description);"
      },
      {
        "lineNumber": 8,
        "author": {
          "gitId": "ryoarmanda"
        },
        "content": "        this.time \u003d LocalDateTime.parse(time, Task.DATETIME_FORMAT);"
      },
      {
        "lineNumber": 9,
        "author": {
          "gitId": "ryoarmanda"
        },
        "content": "    }"
      },
      {
        "lineNumber": 10,
        "author": {
          "gitId": "ryoarmanda"
        },
        "content": ""
      },
      {
        "lineNumber": 11,
        "author": {
          "gitId": "ryoarmanda"
        },
        "content": "    public String getFormattedTime() {"
      },
      {
        "lineNumber": 12,
        "author": {
          "gitId": "ryoarmanda"
        },
        "content": "        return this.time.format(Task.DATETIME_FORMAT);"
      },
      {
        "lineNumber": 13,
        "author": {
          "gitId": "ryoarmanda"
        },
        "content": "    }"
      },
      {
        "lineNumber": 14,
        "author": {
          "gitId": "ryoarmanda"
        },
        "content": ""
      },
      {
        "lineNumber": 15,
        "author": {
          "gitId": "ryoarmanda"
        },
        "content": "    public String storageFormat() {"
      },
      {
        "lineNumber": 16,
        "author": {
          "gitId": "ryoarmanda"
        },
        "content": "        return String.format(\"D | %s | %s\", super.storageFormat(), getFormattedTime());"
      },
      {
        "lineNumber": 17,
        "author": {
          "gitId": "ryoarmanda"
        },
        "content": "    }"
      },
      {
        "lineNumber": 18,
        "author": {
          "gitId": "ryoarmanda"
        },
        "content": ""
      },
      {
        "lineNumber": 19,
        "author": {
          "gitId": "ryoarmanda"
        },
        "content": "    public String displayFormat() {"
      },
      {
        "lineNumber": 20,
        "author": {
          "gitId": "ryoarmanda"
        },
        "content": "        return \"[D]\" + String.format(\"%s (by: %s)\", super.displayFormat(), getFormattedTime());"
      },
      {
        "lineNumber": 21,
        "author": {
          "gitId": "ryoarmanda"
        },
        "content": "    }"
      },
      {
        "lineNumber": 22,
        "author": {
          "gitId": "ryoarmanda"
        },
        "content": "}"
      }
    ],
    "authorContributionMap": {
      "ryoarmanda": 22
    }
  },
  {
    "path": "src/main/java/DeleteCommand.java",
    "fileType": "java",
    "lines": [
      {
        "lineNumber": 1,
        "author": {
          "gitId": "ryoarmanda"
        },
        "content": "public class DeleteCommand extends Command {"
      },
      {
        "lineNumber": 2,
        "author": {
          "gitId": "ryoarmanda"
        },
        "content": "    private int taskIndex;"
      },
      {
        "lineNumber": 3,
        "author": {
          "gitId": "ryoarmanda"
        },
        "content": ""
      },
      {
        "lineNumber": 4,
        "author": {
          "gitId": "ryoarmanda"
        },
        "content": "    public DeleteCommand(int taskIndex) {"
      },
      {
        "lineNumber": 5,
        "author": {
          "gitId": "ryoarmanda"
        },
        "content": "        super(false);"
      },
      {
        "lineNumber": 6,
        "author": {
          "gitId": "ryoarmanda"
        },
        "content": "        this.taskIndex \u003d taskIndex;"
      },
      {
        "lineNumber": 7,
        "author": {
          "gitId": "ryoarmanda"
        },
        "content": "    }"
      },
      {
        "lineNumber": 8,
        "author": {
          "gitId": "ryoarmanda"
        },
        "content": ""
      },
      {
        "lineNumber": 9,
        "author": {
          "gitId": "ryoarmanda"
        },
        "content": "    public void execute(TaskList tasks, Ui ui, Storage storage) {"
      },
      {
        "lineNumber": 10,
        "author": {
          "gitId": "ryoarmanda"
        },
        "content": "        Task task \u003d tasks.getTask(this.taskIndex);"
      },
      {
        "lineNumber": 11,
        "author": {
          "gitId": "ryoarmanda"
        },
        "content": "        tasks.deleteTask(this.taskIndex);"
      },
      {
        "lineNumber": 12,
        "author": {
          "gitId": "ryoarmanda"
        },
        "content": "        ui.displayDeleteTask(task, tasks.totalTasks());"
      },
      {
        "lineNumber": 13,
        "author": {
          "gitId": "ryoarmanda"
        },
        "content": "    }"
      },
      {
        "lineNumber": 14,
        "author": {
          "gitId": "ryoarmanda"
        },
        "content": "}"
      }
    ],
    "authorContributionMap": {
      "ryoarmanda": 14
    }
  },
  {
    "path": "src/main/java/DoneCommand.java",
    "fileType": "java",
    "lines": [
      {
        "lineNumber": 1,
        "author": {
          "gitId": "ryoarmanda"
        },
        "content": "public class DoneCommand extends Command {"
      },
      {
        "lineNumber": 2,
        "author": {
          "gitId": "ryoarmanda"
        },
        "content": "    private int taskIndex;"
      },
      {
        "lineNumber": 3,
        "author": {
          "gitId": "ryoarmanda"
        },
        "content": ""
      },
      {
        "lineNumber": 4,
        "author": {
          "gitId": "ryoarmanda"
        },
        "content": "    public DoneCommand(int taskIndex) {"
      },
      {
        "lineNumber": 5,
        "author": {
          "gitId": "ryoarmanda"
        },
        "content": "        super(false);"
      },
      {
        "lineNumber": 6,
        "author": {
          "gitId": "ryoarmanda"
        },
        "content": "        this.taskIndex \u003d taskIndex;"
      },
      {
        "lineNumber": 7,
        "author": {
          "gitId": "ryoarmanda"
        },
        "content": "    }"
      },
      {
        "lineNumber": 8,
        "author": {
          "gitId": "ryoarmanda"
        },
        "content": ""
      },
      {
        "lineNumber": 9,
        "author": {
          "gitId": "ryoarmanda"
        },
        "content": "    public void execute(TaskList tasks, Ui ui, Storage storage) {"
      },
      {
        "lineNumber": 10,
        "author": {
          "gitId": "ryoarmanda"
        },
        "content": "        Task task \u003d tasks.getTask(this.taskIndex);"
      },
      {
        "lineNumber": 11,
        "author": {
          "gitId": "ryoarmanda"
        },
        "content": "        task.markAsDone();"
      },
      {
        "lineNumber": 12,
        "author": {
          "gitId": "ryoarmanda"
        },
        "content": "        storage.write(tasks);"
      },
      {
        "lineNumber": 13,
        "author": {
          "gitId": "ryoarmanda"
        },
        "content": "        ui.displayMarkedDone(task);"
      },
      {
        "lineNumber": 14,
        "author": {
          "gitId": "ryoarmanda"
        },
        "content": "    }"
      },
      {
        "lineNumber": 15,
        "author": {
          "gitId": "ryoarmanda"
        },
        "content": "}"
      }
    ],
    "authorContributionMap": {
      "ryoarmanda": 15
    }
  },
  {
    "path": "src/main/java/Duke.java",
    "fileType": "java",
    "lines": [
      {
        "lineNumber": 1,
        "author": {
          "gitId": "-"
        },
        "content": "public class Duke {"
      },
      {
        "lineNumber": 2,
        "author": {
          "gitId": "ryoarmanda"
        },
        "content": "    private Ui ui;"
      },
      {
        "lineNumber": 3,
        "author": {
          "gitId": "ryoarmanda"
        },
        "content": "    private Storage storage;"
      },
      {
        "lineNumber": 4,
        "author": {
          "gitId": "ryoarmanda"
        },
        "content": "    private TaskList tasks;"
      },
      {
        "lineNumber": 5,
        "author": {
          "gitId": "ryoarmanda"
        },
        "content": ""
      },
      {
        "lineNumber": 6,
        "author": {
          "gitId": "ryoarmanda"
        },
        "content": "    public Duke(String filePath) {"
      },
      {
        "lineNumber": 7,
        "author": {
          "gitId": "ryoarmanda"
        },
        "content": "        this.ui \u003d new Ui();"
      },
      {
        "lineNumber": 8,
        "author": {
          "gitId": "ryoarmanda"
        },
        "content": "        this.storage \u003d new Storage(filePath);"
      },
      {
        "lineNumber": 9,
        "author": {
          "gitId": "ryoarmanda"
        },
        "content": "        try {"
      },
      {
        "lineNumber": 10,
        "author": {
          "gitId": "ryoarmanda"
        },
        "content": "            this.tasks \u003d new TaskList(storage.read());"
      },
      {
        "lineNumber": 11,
        "author": {
          "gitId": "ryoarmanda"
        },
        "content": "        } catch (DukeException e) {"
      },
      {
        "lineNumber": 12,
        "author": {
          "gitId": "ryoarmanda"
        },
        "content": "            this.ui.displayLoadingError();"
      },
      {
        "lineNumber": 13,
        "author": {
          "gitId": "ryoarmanda"
        },
        "content": "            this.tasks \u003d new TaskList();"
      },
      {
        "lineNumber": 14,
        "author": {
          "gitId": "ryoarmanda"
        },
        "content": "        }"
      },
      {
        "lineNumber": 15,
        "author": {
          "gitId": "ryoarmanda"
        },
        "content": "    }"
      },
      {
        "lineNumber": 16,
        "author": {
          "gitId": "ryoarmanda"
        },
        "content": ""
      },
      {
        "lineNumber": 17,
        "author": {
          "gitId": "ryoarmanda"
        },
        "content": "    private void run() {"
      },
      {
        "lineNumber": 18,
        "author": {
          "gitId": "ryoarmanda"
        },
        "content": "        this.ui.displayWelcome();"
      },
      {
        "lineNumber": 19,
        "author": {
          "gitId": "ryoarmanda"
        },
        "content": ""
      },
      {
        "lineNumber": 20,
        "author": {
          "gitId": "ryoarmanda"
        },
        "content": "        boolean isExit \u003d false;"
      },
      {
        "lineNumber": 21,
        "author": {
          "gitId": "ryoarmanda"
        },
        "content": "        while (!isExit) {"
      },
      {
        "lineNumber": 22,
        "author": {
          "gitId": "ryoarmanda"
        },
        "content": "            try {"
      },
      {
        "lineNumber": 23,
        "author": {
          "gitId": "ryoarmanda"
        },
        "content": "                String input \u003d this.ui.readInput();"
      },
      {
        "lineNumber": 24,
        "author": {
          "gitId": "ryoarmanda"
        },
        "content": "                this.ui.displayLine();"
      },
      {
        "lineNumber": 25,
        "author": {
          "gitId": "ryoarmanda"
        },
        "content": "                Command c \u003d Parser.parseCommand(input);"
      },
      {
        "lineNumber": 26,
        "author": {
          "gitId": "ryoarmanda"
        },
        "content": "                c.execute(this.tasks, this.ui, this.storage);"
      },
      {
        "lineNumber": 27,
        "author": {
          "gitId": "ryoarmanda"
        },
        "content": "                isExit \u003d c.isExit();"
      },
      {
        "lineNumber": 28,
        "author": {
          "gitId": "ryoarmanda"
        },
        "content": "            } catch (DukeException e) {"
      },
      {
        "lineNumber": 29,
        "author": {
          "gitId": "ryoarmanda"
        },
        "content": "                this.ui.displayError(e.getMessage());"
      },
      {
        "lineNumber": 30,
        "author": {
          "gitId": "ryoarmanda"
        },
        "content": "            } finally {"
      },
      {
        "lineNumber": 31,
        "author": {
          "gitId": "ryoarmanda"
        },
        "content": "                this.ui.displayLine();"
      },
      {
        "lineNumber": 32,
        "author": {
          "gitId": "ryoarmanda"
        },
        "content": "            }"
      },
      {
        "lineNumber": 33,
        "author": {
          "gitId": "ryoarmanda"
        },
        "content": "        }"
      },
      {
        "lineNumber": 34,
        "author": {
          "gitId": "ryoarmanda"
        },
        "content": "    }"
      },
      {
        "lineNumber": 35,
        "author": {
          "gitId": "ryoarmanda"
        },
        "content": ""
      },
      {
        "lineNumber": 36,
        "author": {
          "gitId": "-"
        },
        "content": "    public static void main(String[] args) {"
      },
      {
        "lineNumber": 37,
        "author": {
          "gitId": "ryoarmanda"
        },
        "content": "        new Duke(\"./data/duke.txt\").run();"
      },
      {
        "lineNumber": 38,
        "author": {
          "gitId": "-"
        },
        "content": "    }"
      },
      {
        "lineNumber": 39,
        "author": {
          "gitId": "-"
        },
        "content": "}"
      }
    ],
    "authorContributionMap": {
      "-": 4,
      "ryoarmanda": 35
    }
  },
  {
    "path": "src/main/java/DukeException.java",
    "fileType": "java",
    "lines": [
      {
        "lineNumber": 1,
        "author": {
          "gitId": "ryoarmanda"
        },
        "content": "public class DukeException extends RuntimeException {"
      },
      {
        "lineNumber": 2,
        "author": {
          "gitId": "ryoarmanda"
        },
        "content": "    public DukeException(String message) {"
      },
      {
        "lineNumber": 3,
        "author": {
          "gitId": "ryoarmanda"
        },
        "content": "        super(message);"
      },
      {
        "lineNumber": 4,
        "author": {
          "gitId": "ryoarmanda"
        },
        "content": "    }"
      },
      {
        "lineNumber": 5,
        "author": {
          "gitId": "ryoarmanda"
        },
        "content": "}"
      }
    ],
    "authorContributionMap": {
      "ryoarmanda": 5
    }
  },
  {
    "path": "src/main/java/Event.java",
    "fileType": "java",
    "lines": [
      {
        "lineNumber": 1,
        "author": {
          "gitId": "ryoarmanda"
        },
        "content": "import java.time.LocalDateTime;"
      },
      {
        "lineNumber": 2,
        "author": {
          "gitId": "ryoarmanda"
        },
        "content": ""
      },
      {
        "lineNumber": 3,
        "author": {
          "gitId": "ryoarmanda"
        },
        "content": "public class Event extends Task {"
      },
      {
        "lineNumber": 4,
        "author": {
          "gitId": "ryoarmanda"
        },
        "content": "    private LocalDateTime startTime;"
      },
      {
        "lineNumber": 5,
        "author": {
          "gitId": "ryoarmanda"
        },
        "content": "    private LocalDateTime endTime;"
      },
      {
        "lineNumber": 6,
        "author": {
          "gitId": "ryoarmanda"
        },
        "content": ""
      },
      {
        "lineNumber": 7,
        "author": {
          "gitId": "ryoarmanda"
        },
        "content": "    public Event(String description, String startTime, String endTime) {"
      },
      {
        "lineNumber": 8,
        "author": {
          "gitId": "ryoarmanda"
        },
        "content": "        super(description);"
      },
      {
        "lineNumber": 9,
        "author": {
          "gitId": "ryoarmanda"
        },
        "content": "        this.startTime \u003d LocalDateTime.parse(startTime, Task.DATETIME_FORMAT);"
      },
      {
        "lineNumber": 10,
        "author": {
          "gitId": "ryoarmanda"
        },
        "content": "        this.endTime \u003d LocalDateTime.parse(endTime, Task.DATETIME_FORMAT);"
      },
      {
        "lineNumber": 11,
        "author": {
          "gitId": "ryoarmanda"
        },
        "content": "    }"
      },
      {
        "lineNumber": 12,
        "author": {
          "gitId": "ryoarmanda"
        },
        "content": ""
      },
      {
        "lineNumber": 13,
        "author": {
          "gitId": "ryoarmanda"
        },
        "content": "    public String getFormattedStartTime() {"
      },
      {
        "lineNumber": 14,
        "author": {
          "gitId": "ryoarmanda"
        },
        "content": "        return this.startTime.format(Task.DATETIME_FORMAT);"
      },
      {
        "lineNumber": 15,
        "author": {
          "gitId": "ryoarmanda"
        },
        "content": "    }"
      },
      {
        "lineNumber": 16,
        "author": {
          "gitId": "ryoarmanda"
        },
        "content": ""
      },
      {
        "lineNumber": 17,
        "author": {
          "gitId": "ryoarmanda"
        },
        "content": "    public String getFormattedEndTime() {"
      },
      {
        "lineNumber": 18,
        "author": {
          "gitId": "ryoarmanda"
        },
        "content": "        return this.endTime.format(Task.DATETIME_FORMAT);"
      },
      {
        "lineNumber": 19,
        "author": {
          "gitId": "ryoarmanda"
        },
        "content": "    }"
      },
      {
        "lineNumber": 20,
        "author": {
          "gitId": "ryoarmanda"
        },
        "content": ""
      },
      {
        "lineNumber": 21,
        "author": {
          "gitId": "ryoarmanda"
        },
        "content": "    public String storageFormat() {"
      },
      {
        "lineNumber": 22,
        "author": {
          "gitId": "ryoarmanda"
        },
        "content": "        return String.format(\"E | %s | %s | %s\","
      },
      {
        "lineNumber": 23,
        "author": {
          "gitId": "ryoarmanda"
        },
        "content": "                super.storageFormat(), getFormattedStartTime(), getFormattedEndTime());"
      },
      {
        "lineNumber": 24,
        "author": {
          "gitId": "ryoarmanda"
        },
        "content": "    }"
      },
      {
        "lineNumber": 25,
        "author": {
          "gitId": "ryoarmanda"
        },
        "content": ""
      },
      {
        "lineNumber": 26,
        "author": {
          "gitId": "ryoarmanda"
        },
        "content": "    public String displayFormat() {"
      },
      {
        "lineNumber": 27,
        "author": {
          "gitId": "ryoarmanda"
        },
        "content": "        return \"[E]\" + String.format(\"%s (at: %s - %s)\","
      },
      {
        "lineNumber": 28,
        "author": {
          "gitId": "ryoarmanda"
        },
        "content": "                super.displayFormat(), getFormattedStartTime(), getFormattedEndTime());"
      },
      {
        "lineNumber": 29,
        "author": {
          "gitId": "ryoarmanda"
        },
        "content": "    }"
      },
      {
        "lineNumber": 30,
        "author": {
          "gitId": "ryoarmanda"
        },
        "content": "}"
      }
    ],
    "authorContributionMap": {
      "ryoarmanda": 30
    }
  },
  {
    "path": "src/main/java/ListCommand.java",
    "fileType": "java",
    "lines": [
      {
        "lineNumber": 1,
        "author": {
          "gitId": "ryoarmanda"
        },
        "content": "public class ListCommand extends Command {"
      },
      {
        "lineNumber": 2,
        "author": {
          "gitId": "ryoarmanda"
        },
        "content": "    public ListCommand() {"
      },
      {
        "lineNumber": 3,
        "author": {
          "gitId": "ryoarmanda"
        },
        "content": "        super(false);"
      },
      {
        "lineNumber": 4,
        "author": {
          "gitId": "ryoarmanda"
        },
        "content": "    }"
      },
      {
        "lineNumber": 5,
        "author": {
          "gitId": "ryoarmanda"
        },
        "content": ""
      },
      {
        "lineNumber": 6,
        "author": {
          "gitId": "ryoarmanda"
        },
        "content": "    public void execute(TaskList tasks, Ui ui, Storage storage) {"
      },
      {
        "lineNumber": 7,
        "author": {
          "gitId": "ryoarmanda"
        },
        "content": "        ui.displayTasks(tasks);"
      },
      {
        "lineNumber": 8,
        "author": {
          "gitId": "ryoarmanda"
        },
        "content": "    }"
      },
      {
        "lineNumber": 9,
        "author": {
          "gitId": "ryoarmanda"
        },
        "content": "}"
      }
    ],
    "authorContributionMap": {
      "ryoarmanda": 9
    }
  },
  {
    "path": "src/main/java/Parser.java",
    "fileType": "java",
    "lines": [
      {
        "lineNumber": 1,
        "author": {
          "gitId": "ryoarmanda"
        },
        "content": "public class Parser {"
      },
      {
        "lineNumber": 2,
        "author": {
          "gitId": "ryoarmanda"
        },
        "content": "    public static Command parseCommand(String input) throws DukeException {"
      },
      {
        "lineNumber": 3,
        "author": {
          "gitId": "ryoarmanda"
        },
        "content": "        String[] tokens \u003d input.split(\" \", 2);"
      },
      {
        "lineNumber": 4,
        "author": {
          "gitId": "ryoarmanda"
        },
        "content": "        String[] args, times;"
      },
      {
        "lineNumber": 5,
        "author": {
          "gitId": "ryoarmanda"
        },
        "content": "        switch (tokens[0]) {"
      },
      {
        "lineNumber": 6,
        "author": {
          "gitId": "ryoarmanda"
        },
        "content": "        case \"list\":"
      },
      {
        "lineNumber": 7,
        "author": {
          "gitId": "ryoarmanda"
        },
        "content": "            return new ListCommand();"
      },
      {
        "lineNumber": 8,
        "author": {
          "gitId": "ryoarmanda"
        },
        "content": "        case \"todo\":"
      },
      {
        "lineNumber": 9,
        "author": {
          "gitId": "ryoarmanda"
        },
        "content": "            checkExistence(tokens, 2, \"Please supply data for the task.\");"
      },
      {
        "lineNumber": 10,
        "author": {
          "gitId": "ryoarmanda"
        },
        "content": "            return new AddCommand(TaskType.TODO, tokens[1]);"
      },
      {
        "lineNumber": 11,
        "author": {
          "gitId": "ryoarmanda"
        },
        "content": "        case \"deadline\":"
      },
      {
        "lineNumber": 12,
        "author": {
          "gitId": "ryoarmanda"
        },
        "content": "            checkExistence(tokens, 2, \"Please supply data for the task.\");"
      },
      {
        "lineNumber": 13,
        "author": {
          "gitId": "ryoarmanda"
        },
        "content": "            args \u003d tokens[1].split(\" /by \");"
      },
      {
        "lineNumber": 14,
        "author": {
          "gitId": "ryoarmanda"
        },
        "content": "            checkExistence(args, 1, \"Please supply description for the task.\");"
      },
      {
        "lineNumber": 15,
        "author": {
          "gitId": "ryoarmanda"
        },
        "content": "            checkExistence(args, 2, \"Please supply the deadline for the task.\");"
      },
      {
        "lineNumber": 16,
        "author": {
          "gitId": "ryoarmanda"
        },
        "content": "            return new AddCommand(TaskType.DEADLINE, args[0], args[1]);"
      },
      {
        "lineNumber": 17,
        "author": {
          "gitId": "ryoarmanda"
        },
        "content": "        case \"event\":"
      },
      {
        "lineNumber": 18,
        "author": {
          "gitId": "ryoarmanda"
        },
        "content": "            checkExistence(tokens, 2, \"Please supply data for the task.\");"
      },
      {
        "lineNumber": 19,
        "author": {
          "gitId": "ryoarmanda"
        },
        "content": "            args \u003d tokens[1].split(\" /at \");"
      },
      {
        "lineNumber": 20,
        "author": {
          "gitId": "ryoarmanda"
        },
        "content": "            checkExistence(args, 1, \"Please supply description for the task.\");"
      },
      {
        "lineNumber": 21,
        "author": {
          "gitId": "ryoarmanda"
        },
        "content": "            checkExistence(args, 2, \"Please supply the date range for the task.\");"
      },
      {
        "lineNumber": 22,
        "author": {
          "gitId": "ryoarmanda"
        },
        "content": "            times \u003d args[1].split(\" - \");"
      },
      {
        "lineNumber": 23,
        "author": {
          "gitId": "ryoarmanda"
        },
        "content": "            checkExistence(times, 1, \"Please supply the start date for the task.\");"
      },
      {
        "lineNumber": 24,
        "author": {
          "gitId": "ryoarmanda"
        },
        "content": "            checkExistence(times, 2, \"Please supply the end date for the task.\");"
      },
      {
        "lineNumber": 25,
        "author": {
          "gitId": "ryoarmanda"
        },
        "content": "            return new AddCommand(TaskType.EVENT, args[0], times[0], times[1]);"
      },
      {
        "lineNumber": 26,
        "author": {
          "gitId": "ryoarmanda"
        },
        "content": "        case \"done\":"
      },
      {
        "lineNumber": 27,
        "author": {
          "gitId": "ryoarmanda"
        },
        "content": "            checkExistence(tokens, 2, \"Please supply data for the task.\");"
      },
      {
        "lineNumber": 28,
        "author": {
          "gitId": "ryoarmanda"
        },
        "content": "            return new DoneCommand(Integer.parseInt(tokens[1]));"
      },
      {
        "lineNumber": 29,
        "author": {
          "gitId": "ryoarmanda"
        },
        "content": "        case \"delete\":"
      },
      {
        "lineNumber": 30,
        "author": {
          "gitId": "ryoarmanda"
        },
        "content": "            checkExistence(tokens, 2, \"Please supply data for the task.\");"
      },
      {
        "lineNumber": 31,
        "author": {
          "gitId": "ryoarmanda"
        },
        "content": "            return new DeleteCommand(Integer.parseInt(tokens[1]));"
      },
      {
        "lineNumber": 32,
        "author": {
          "gitId": "ryoarmanda"
        },
        "content": "        case \"bye\":"
      },
      {
        "lineNumber": 33,
        "author": {
          "gitId": "ryoarmanda"
        },
        "content": "            return new ByeCommand();"
      },
      {
        "lineNumber": 34,
        "author": {
          "gitId": "ryoarmanda"
        },
        "content": "        default:"
      },
      {
        "lineNumber": 35,
        "author": {
          "gitId": "ryoarmanda"
        },
        "content": "            throw new DukeException(\"I\u0027m sorry, but I don\u0027t know what it means.\");"
      },
      {
        "lineNumber": 36,
        "author": {
          "gitId": "ryoarmanda"
        },
        "content": "        }"
      },
      {
        "lineNumber": 37,
        "author": {
          "gitId": "ryoarmanda"
        },
        "content": "    }"
      },
      {
        "lineNumber": 38,
        "author": {
          "gitId": "ryoarmanda"
        },
        "content": ""
      },
      {
        "lineNumber": 39,
        "author": {
          "gitId": "ryoarmanda"
        },
        "content": "    public static Task parseTask(String input) throws DukeException {"
      },
      {
        "lineNumber": 40,
        "author": {
          "gitId": "ryoarmanda"
        },
        "content": "        String[] cmd \u003d input.split(\" \\\\| \");"
      },
      {
        "lineNumber": 41,
        "author": {
          "gitId": "ryoarmanda"
        },
        "content": ""
      },
      {
        "lineNumber": 42,
        "author": {
          "gitId": "ryoarmanda"
        },
        "content": "        Task task;"
      },
      {
        "lineNumber": 43,
        "author": {
          "gitId": "ryoarmanda"
        },
        "content": "        switch(cmd[0]) {"
      },
      {
        "lineNumber": 44,
        "author": {
          "gitId": "ryoarmanda"
        },
        "content": "        case \"T\":"
      },
      {
        "lineNumber": 45,
        "author": {
          "gitId": "ryoarmanda"
        },
        "content": "            task \u003d new Todo(cmd[2]);"
      },
      {
        "lineNumber": 46,
        "author": {
          "gitId": "ryoarmanda"
        },
        "content": "            break;"
      },
      {
        "lineNumber": 47,
        "author": {
          "gitId": "ryoarmanda"
        },
        "content": "        case \"D\":"
      },
      {
        "lineNumber": 48,
        "author": {
          "gitId": "ryoarmanda"
        },
        "content": "            task \u003d new Deadline(cmd[2], cmd[3]);"
      },
      {
        "lineNumber": 49,
        "author": {
          "gitId": "ryoarmanda"
        },
        "content": "            break;"
      },
      {
        "lineNumber": 50,
        "author": {
          "gitId": "ryoarmanda"
        },
        "content": "        case \"E\":"
      },
      {
        "lineNumber": 51,
        "author": {
          "gitId": "ryoarmanda"
        },
        "content": "            task \u003d new Event(cmd[2], cmd[3], cmd[4]);"
      },
      {
        "lineNumber": 52,
        "author": {
          "gitId": "ryoarmanda"
        },
        "content": "            break;"
      },
      {
        "lineNumber": 53,
        "author": {
          "gitId": "ryoarmanda"
        },
        "content": "        default:"
      },
      {
        "lineNumber": 54,
        "author": {
          "gitId": "ryoarmanda"
        },
        "content": "            // TODO: Create error message"
      },
      {
        "lineNumber": 55,
        "author": {
          "gitId": "ryoarmanda"
        },
        "content": "            throw new DukeException(\"There is a faulty data in file.\");"
      },
      {
        "lineNumber": 56,
        "author": {
          "gitId": "ryoarmanda"
        },
        "content": "        }"
      },
      {
        "lineNumber": 57,
        "author": {
          "gitId": "ryoarmanda"
        },
        "content": ""
      },
      {
        "lineNumber": 58,
        "author": {
          "gitId": "ryoarmanda"
        },
        "content": "        if (cmd[1].equals(\"1\")) {"
      },
      {
        "lineNumber": 59,
        "author": {
          "gitId": "ryoarmanda"
        },
        "content": "            task.markAsDone();"
      },
      {
        "lineNumber": 60,
        "author": {
          "gitId": "ryoarmanda"
        },
        "content": "        }"
      },
      {
        "lineNumber": 61,
        "author": {
          "gitId": "ryoarmanda"
        },
        "content": ""
      },
      {
        "lineNumber": 62,
        "author": {
          "gitId": "ryoarmanda"
        },
        "content": "        return task;"
      },
      {
        "lineNumber": 63,
        "author": {
          "gitId": "ryoarmanda"
        },
        "content": "    }"
      },
      {
        "lineNumber": 64,
        "author": {
          "gitId": "ryoarmanda"
        },
        "content": ""
      },
      {
        "lineNumber": 65,
        "author": {
          "gitId": "ryoarmanda"
        },
        "content": "    private static void checkExistence(String[] args, int length, String errMessage) throws DukeException {"
      },
      {
        "lineNumber": 66,
        "author": {
          "gitId": "ryoarmanda"
        },
        "content": "        if (args.length \u003c length) {"
      },
      {
        "lineNumber": 67,
        "author": {
          "gitId": "ryoarmanda"
        },
        "content": "            throw new DukeException(errMessage);"
      },
      {
        "lineNumber": 68,
        "author": {
          "gitId": "ryoarmanda"
        },
        "content": "        }"
      },
      {
        "lineNumber": 69,
        "author": {
          "gitId": "ryoarmanda"
        },
        "content": "    }"
      },
      {
        "lineNumber": 70,
        "author": {
          "gitId": "ryoarmanda"
        },
        "content": "}"
      }
    ],
    "authorContributionMap": {
      "ryoarmanda": 70
    }
  },
  {
    "path": "src/main/java/Storage.java",
    "fileType": "java",
    "lines": [
      {
        "lineNumber": 1,
        "author": {
          "gitId": "ryoarmanda"
        },
        "content": "import java.io.File;"
      },
      {
        "lineNumber": 2,
        "author": {
          "gitId": "ryoarmanda"
        },
        "content": "import java.io.FileNotFoundException;"
      },
      {
        "lineNumber": 3,
        "author": {
          "gitId": "ryoarmanda"
        },
        "content": "import java.io.FileWriter;"
      },
      {
        "lineNumber": 4,
        "author": {
          "gitId": "ryoarmanda"
        },
        "content": "import java.io.IOException;"
      },
      {
        "lineNumber": 5,
        "author": {
          "gitId": "ryoarmanda"
        },
        "content": "import java.util.Scanner;"
      },
      {
        "lineNumber": 6,
        "author": {
          "gitId": "ryoarmanda"
        },
        "content": "import java.util.ArrayList;"
      },
      {
        "lineNumber": 7,
        "author": {
          "gitId": "ryoarmanda"
        },
        "content": ""
      },
      {
        "lineNumber": 8,
        "author": {
          "gitId": "ryoarmanda"
        },
        "content": "public class Storage {"
      },
      {
        "lineNumber": 9,
        "author": {
          "gitId": "ryoarmanda"
        },
        "content": "    private String filePath;"
      },
      {
        "lineNumber": 10,
        "author": {
          "gitId": "ryoarmanda"
        },
        "content": ""
      },
      {
        "lineNumber": 11,
        "author": {
          "gitId": "ryoarmanda"
        },
        "content": "    public Storage(String filePath) {"
      },
      {
        "lineNumber": 12,
        "author": {
          "gitId": "ryoarmanda"
        },
        "content": "        this.filePath \u003d filePath;"
      },
      {
        "lineNumber": 13,
        "author": {
          "gitId": "ryoarmanda"
        },
        "content": "    }"
      },
      {
        "lineNumber": 14,
        "author": {
          "gitId": "ryoarmanda"
        },
        "content": ""
      },
      {
        "lineNumber": 15,
        "author": {
          "gitId": "ryoarmanda"
        },
        "content": "    public ArrayList\u003cTask\u003e read() throws DukeException {"
      },
      {
        "lineNumber": 16,
        "author": {
          "gitId": "ryoarmanda"
        },
        "content": "        File f \u003d new File(this.filePath);"
      },
      {
        "lineNumber": 17,
        "author": {
          "gitId": "ryoarmanda"
        },
        "content": "        ArrayList\u003cTask\u003e tasks \u003d new ArrayList\u003cTask\u003e();"
      },
      {
        "lineNumber": 18,
        "author": {
          "gitId": "ryoarmanda"
        },
        "content": "        try {"
      },
      {
        "lineNumber": 19,
        "author": {
          "gitId": "ryoarmanda"
        },
        "content": "            Scanner sc \u003d new Scanner(f);"
      },
      {
        "lineNumber": 20,
        "author": {
          "gitId": "ryoarmanda"
        },
        "content": "            while (sc.hasNextLine()) {"
      },
      {
        "lineNumber": 21,
        "author": {
          "gitId": "ryoarmanda"
        },
        "content": "                tasks.add(Parser.parseTask(sc.nextLine()));"
      },
      {
        "lineNumber": 22,
        "author": {
          "gitId": "ryoarmanda"
        },
        "content": "            }"
      },
      {
        "lineNumber": 23,
        "author": {
          "gitId": "ryoarmanda"
        },
        "content": "        } catch (FileNotFoundException e) {"
      },
      {
        "lineNumber": 24,
        "author": {
          "gitId": "ryoarmanda"
        },
        "content": "            // TODO: Create error message"
      },
      {
        "lineNumber": 25,
        "author": {
          "gitId": "ryoarmanda"
        },
        "content": "            throw new DukeException(\"Storage file not found.\");"
      },
      {
        "lineNumber": 26,
        "author": {
          "gitId": "ryoarmanda"
        },
        "content": "        }"
      },
      {
        "lineNumber": 27,
        "author": {
          "gitId": "ryoarmanda"
        },
        "content": ""
      },
      {
        "lineNumber": 28,
        "author": {
          "gitId": "ryoarmanda"
        },
        "content": "        return tasks;"
      },
      {
        "lineNumber": 29,
        "author": {
          "gitId": "ryoarmanda"
        },
        "content": "    }"
      },
      {
        "lineNumber": 30,
        "author": {
          "gitId": "ryoarmanda"
        },
        "content": ""
      },
      {
        "lineNumber": 31,
        "author": {
          "gitId": "ryoarmanda"
        },
        "content": "    public void write(TaskList taskList) throws DukeException {"
      },
      {
        "lineNumber": 32,
        "author": {
          "gitId": "ryoarmanda"
        },
        "content": "        try {"
      },
      {
        "lineNumber": 33,
        "author": {
          "gitId": "ryoarmanda"
        },
        "content": "            FileWriter fw \u003d new FileWriter(this.filePath);"
      },
      {
        "lineNumber": 34,
        "author": {
          "gitId": "ryoarmanda"
        },
        "content": "            for (int i \u003d 0; i \u003c taskList.totalTasks(); i++) {"
      },
      {
        "lineNumber": 35,
        "author": {
          "gitId": "ryoarmanda"
        },
        "content": "                Task t \u003d taskList.getTask(i);"
      },
      {
        "lineNumber": 36,
        "author": {
          "gitId": "ryoarmanda"
        },
        "content": "                fw.write(t.storageFormat() + \u0027\\n\u0027);"
      },
      {
        "lineNumber": 37,
        "author": {
          "gitId": "ryoarmanda"
        },
        "content": "            }"
      },
      {
        "lineNumber": 38,
        "author": {
          "gitId": "ryoarmanda"
        },
        "content": "            fw.close();"
      },
      {
        "lineNumber": 39,
        "author": {
          "gitId": "ryoarmanda"
        },
        "content": "        } catch (IOException e) {"
      },
      {
        "lineNumber": 40,
        "author": {
          "gitId": "ryoarmanda"
        },
        "content": "            // TODO: Create error message"
      },
      {
        "lineNumber": 41,
        "author": {
          "gitId": "ryoarmanda"
        },
        "content": "            throw new DukeException(\"Cannot save tasks to file.\");"
      },
      {
        "lineNumber": 42,
        "author": {
          "gitId": "ryoarmanda"
        },
        "content": "        }"
      },
      {
        "lineNumber": 43,
        "author": {
          "gitId": "ryoarmanda"
        },
        "content": "    }"
      },
      {
        "lineNumber": 44,
        "author": {
          "gitId": "ryoarmanda"
        },
        "content": "}"
      }
    ],
    "authorContributionMap": {
      "ryoarmanda": 44
    }
  },
  {
    "path": "src/main/java/Task.java",
    "fileType": "java",
    "lines": [
      {
        "lineNumber": 1,
        "author": {
          "gitId": "ryoarmanda"
        },
        "content": "import java.time.format.DateTimeFormatter;"
      },
      {
        "lineNumber": 2,
        "author": {
          "gitId": "ryoarmanda"
        },
        "content": ""
      },
      {
        "lineNumber": 3,
        "author": {
          "gitId": "ryoarmanda"
        },
        "content": "public class Task {"
      },
      {
        "lineNumber": 4,
        "author": {
          "gitId": "ryoarmanda"
        },
        "content": "    public static final DateTimeFormatter DATETIME_FORMAT \u003d DateTimeFormatter.ofPattern(\"dd/MM/yyyy HHmm\");"
      },
      {
        "lineNumber": 5,
        "author": {
          "gitId": "ryoarmanda"
        },
        "content": ""
      },
      {
        "lineNumber": 6,
        "author": {
          "gitId": "ryoarmanda"
        },
        "content": "    protected String description;"
      },
      {
        "lineNumber": 7,
        "author": {
          "gitId": "ryoarmanda"
        },
        "content": "    protected boolean isDone;"
      },
      {
        "lineNumber": 8,
        "author": {
          "gitId": "ryoarmanda"
        },
        "content": ""
      },
      {
        "lineNumber": 9,
        "author": {
          "gitId": "ryoarmanda"
        },
        "content": "    public Task(String description) {"
      },
      {
        "lineNumber": 10,
        "author": {
          "gitId": "ryoarmanda"
        },
        "content": "        this.description \u003d description;"
      },
      {
        "lineNumber": 11,
        "author": {
          "gitId": "ryoarmanda"
        },
        "content": "        this.isDone \u003d false;"
      },
      {
        "lineNumber": 12,
        "author": {
          "gitId": "ryoarmanda"
        },
        "content": "    }"
      },
      {
        "lineNumber": 13,
        "author": {
          "gitId": "ryoarmanda"
        },
        "content": ""
      },
      {
        "lineNumber": 14,
        "author": {
          "gitId": "ryoarmanda"
        },
        "content": "    public void markAsDone() {"
      },
      {
        "lineNumber": 15,
        "author": {
          "gitId": "ryoarmanda"
        },
        "content": "        this.isDone \u003d true;"
      },
      {
        "lineNumber": 16,
        "author": {
          "gitId": "ryoarmanda"
        },
        "content": "    }"
      },
      {
        "lineNumber": 17,
        "author": {
          "gitId": "ryoarmanda"
        },
        "content": ""
      },
      {
        "lineNumber": 18,
        "author": {
          "gitId": "ryoarmanda"
        },
        "content": "    public String storageFormat() {"
      },
      {
        "lineNumber": 19,
        "author": {
          "gitId": "ryoarmanda"
        },
        "content": "        return String.format(\"%s | %s\", this.isDone ? \"1\" : \"0\", this.description);"
      },
      {
        "lineNumber": 20,
        "author": {
          "gitId": "ryoarmanda"
        },
        "content": "    }"
      },
      {
        "lineNumber": 21,
        "author": {
          "gitId": "ryoarmanda"
        },
        "content": ""
      },
      {
        "lineNumber": 22,
        "author": {
          "gitId": "ryoarmanda"
        },
        "content": "    public String displayFormat() {"
      },
      {
        "lineNumber": 23,
        "author": {
          "gitId": "ryoarmanda"
        },
        "content": "        return String.format(\"[%s] %s\", this.isDone ? \"\\u2714\" : \"\\u2718\", this.description);"
      },
      {
        "lineNumber": 24,
        "author": {
          "gitId": "ryoarmanda"
        },
        "content": "    }"
      },
      {
        "lineNumber": 25,
        "author": {
          "gitId": "ryoarmanda"
        },
        "content": "}"
      }
    ],
    "authorContributionMap": {
      "ryoarmanda": 25
    }
  },
  {
    "path": "src/main/java/TaskList.java",
    "fileType": "java",
    "lines": [
      {
        "lineNumber": 1,
        "author": {
          "gitId": "ryoarmanda"
        },
        "content": "import java.util.ArrayList;"
      },
      {
        "lineNumber": 2,
        "author": {
          "gitId": "ryoarmanda"
        },
        "content": ""
      },
      {
        "lineNumber": 3,
        "author": {
          "gitId": "ryoarmanda"
        },
        "content": "public class TaskList {"
      },
      {
        "lineNumber": 4,
        "author": {
          "gitId": "ryoarmanda"
        },
        "content": "    private ArrayList\u003cTask\u003e tasks;"
      },
      {
        "lineNumber": 5,
        "author": {
          "gitId": "ryoarmanda"
        },
        "content": ""
      },
      {
        "lineNumber": 6,
        "author": {
          "gitId": "ryoarmanda"
        },
        "content": "    public TaskList() {"
      },
      {
        "lineNumber": 7,
        "author": {
          "gitId": "ryoarmanda"
        },
        "content": "        this.tasks \u003d new ArrayList\u003cTask\u003e();"
      },
      {
        "lineNumber": 8,
        "author": {
          "gitId": "ryoarmanda"
        },
        "content": "    }"
      },
      {
        "lineNumber": 9,
        "author": {
          "gitId": "ryoarmanda"
        },
        "content": ""
      },
      {
        "lineNumber": 10,
        "author": {
          "gitId": "ryoarmanda"
        },
        "content": "    public TaskList(ArrayList\u003cTask\u003e tasks) {"
      },
      {
        "lineNumber": 11,
        "author": {
          "gitId": "ryoarmanda"
        },
        "content": "        this.tasks \u003d tasks;"
      },
      {
        "lineNumber": 12,
        "author": {
          "gitId": "ryoarmanda"
        },
        "content": "    }"
      },
      {
        "lineNumber": 13,
        "author": {
          "gitId": "ryoarmanda"
        },
        "content": ""
      },
      {
        "lineNumber": 14,
        "author": {
          "gitId": "ryoarmanda"
        },
        "content": "    public void addTask(Task t) {"
      },
      {
        "lineNumber": 15,
        "author": {
          "gitId": "ryoarmanda"
        },
        "content": "        this.tasks.add(t);"
      },
      {
        "lineNumber": 16,
        "author": {
          "gitId": "ryoarmanda"
        },
        "content": "    }"
      },
      {
        "lineNumber": 17,
        "author": {
          "gitId": "ryoarmanda"
        },
        "content": ""
      },
      {
        "lineNumber": 18,
        "author": {
          "gitId": "ryoarmanda"
        },
        "content": "    public Task getTask(int idx) {"
      },
      {
        "lineNumber": 19,
        "author": {
          "gitId": "ryoarmanda"
        },
        "content": "        return this.tasks.get(idx);"
      },
      {
        "lineNumber": 20,
        "author": {
          "gitId": "ryoarmanda"
        },
        "content": "    }"
      },
      {
        "lineNumber": 21,
        "author": {
          "gitId": "ryoarmanda"
        },
        "content": ""
      },
      {
        "lineNumber": 22,
        "author": {
          "gitId": "ryoarmanda"
        },
        "content": "    public int totalTasks() {"
      },
      {
        "lineNumber": 23,
        "author": {
          "gitId": "ryoarmanda"
        },
        "content": "        return this.tasks.size();"
      },
      {
        "lineNumber": 24,
        "author": {
          "gitId": "ryoarmanda"
        },
        "content": "    }"
      },
      {
        "lineNumber": 25,
        "author": {
          "gitId": "ryoarmanda"
        },
        "content": ""
      },
      {
        "lineNumber": 26,
        "author": {
          "gitId": "ryoarmanda"
        },
        "content": "    public void deleteTask(int idx) {"
      },
      {
        "lineNumber": 27,
        "author": {
          "gitId": "ryoarmanda"
        },
        "content": "        this.tasks.remove(idx);"
      },
      {
        "lineNumber": 28,
        "author": {
          "gitId": "ryoarmanda"
        },
        "content": "    }"
      },
      {
        "lineNumber": 29,
        "author": {
          "gitId": "ryoarmanda"
        },
        "content": "}"
      }
    ],
    "authorContributionMap": {
      "ryoarmanda": 29
    }
  },
  {
    "path": "src/main/java/TaskType.java",
    "fileType": "java",
    "lines": [
      {
        "lineNumber": 1,
        "author": {
          "gitId": "ryoarmanda"
        },
        "content": "public enum TaskType {"
      },
      {
        "lineNumber": 2,
        "author": {
          "gitId": "ryoarmanda"
        },
        "content": "    TODO,"
      },
      {
        "lineNumber": 3,
        "author": {
          "gitId": "ryoarmanda"
        },
        "content": "    EVENT,"
      },
      {
        "lineNumber": 4,
        "author": {
          "gitId": "ryoarmanda"
        },
        "content": "    DEADLINE"
      },
      {
        "lineNumber": 5,
        "author": {
          "gitId": "ryoarmanda"
        },
        "content": "}"
      }
    ],
    "authorContributionMap": {
      "ryoarmanda": 5
    }
  },
  {
    "path": "src/main/java/Todo.java",
    "fileType": "java",
    "lines": [
      {
        "lineNumber": 1,
        "author": {
          "gitId": "ryoarmanda"
        },
        "content": "public class Todo extends Task {"
      },
      {
        "lineNumber": 2,
        "author": {
          "gitId": "ryoarmanda"
        },
        "content": "    public Todo(String description) {"
      },
      {
        "lineNumber": 3,
        "author": {
          "gitId": "ryoarmanda"
        },
        "content": "        super(description);"
      },
      {
        "lineNumber": 4,
        "author": {
          "gitId": "ryoarmanda"
        },
        "content": "    }"
      },
      {
        "lineNumber": 5,
        "author": {
          "gitId": "ryoarmanda"
        },
        "content": ""
      },
      {
        "lineNumber": 6,
        "author": {
          "gitId": "ryoarmanda"
        },
        "content": "    public String storageFormat() {"
      },
      {
        "lineNumber": 7,
        "author": {
          "gitId": "ryoarmanda"
        },
        "content": "        return String.format(\"T | %s\", super.storageFormat());"
      },
      {
        "lineNumber": 8,
        "author": {
          "gitId": "ryoarmanda"
        },
        "content": "    }"
      },
      {
        "lineNumber": 9,
        "author": {
          "gitId": "ryoarmanda"
        },
        "content": ""
      },
      {
        "lineNumber": 10,
        "author": {
          "gitId": "ryoarmanda"
        },
        "content": "    public String displayFormat() {"
      },
      {
        "lineNumber": 11,
        "author": {
          "gitId": "ryoarmanda"
        },
        "content": "        return \"[T]\" + super.displayFormat();"
      },
      {
        "lineNumber": 12,
        "author": {
          "gitId": "ryoarmanda"
        },
        "content": "    }"
      },
      {
        "lineNumber": 13,
        "author": {
          "gitId": "ryoarmanda"
        },
        "content": "}"
      }
    ],
    "authorContributionMap": {
      "ryoarmanda": 13
    }
  },
  {
    "path": "src/main/java/Ui.java",
    "fileType": "java",
    "lines": [
      {
        "lineNumber": 1,
        "author": {
          "gitId": "ryoarmanda"
        },
        "content": "import java.util.Scanner;"
      },
      {
        "lineNumber": 2,
        "author": {
          "gitId": "ryoarmanda"
        },
        "content": ""
      },
      {
        "lineNumber": 3,
        "author": {
          "gitId": "ryoarmanda"
        },
        "content": "public class Ui {"
      },
      {
        "lineNumber": 4,
        "author": {
          "gitId": "ryoarmanda"
        },
        "content": "    Scanner sc;"
      },
      {
        "lineNumber": 5,
        "author": {
          "gitId": "ryoarmanda"
        },
        "content": ""
      },
      {
        "lineNumber": 6,
        "author": {
          "gitId": "ryoarmanda"
        },
        "content": "    public Ui() {"
      },
      {
        "lineNumber": 7,
        "author": {
          "gitId": "ryoarmanda"
        },
        "content": "        this.sc \u003d new Scanner(System.in);"
      },
      {
        "lineNumber": 8,
        "author": {
          "gitId": "ryoarmanda"
        },
        "content": "    }"
      },
      {
        "lineNumber": 9,
        "author": {
          "gitId": "ryoarmanda"
        },
        "content": ""
      },
      {
        "lineNumber": 10,
        "author": {
          "gitId": "ryoarmanda"
        },
        "content": "    public String readInput() {"
      },
      {
        "lineNumber": 11,
        "author": {
          "gitId": "ryoarmanda"
        },
        "content": "        return this.sc.nextLine();"
      },
      {
        "lineNumber": 12,
        "author": {
          "gitId": "ryoarmanda"
        },
        "content": "    }"
      },
      {
        "lineNumber": 13,
        "author": {
          "gitId": "ryoarmanda"
        },
        "content": ""
      },
      {
        "lineNumber": 14,
        "author": {
          "gitId": "ryoarmanda"
        },
        "content": "    public void displayLine() {"
      },
      {
        "lineNumber": 15,
        "author": {
          "gitId": "ryoarmanda"
        },
        "content": "        String line \u003d \"____________________________________________________________\";"
      },
      {
        "lineNumber": 16,
        "author": {
          "gitId": "ryoarmanda"
        },
        "content": "        System.out.println(line);"
      },
      {
        "lineNumber": 17,
        "author": {
          "gitId": "ryoarmanda"
        },
        "content": "    }"
      },
      {
        "lineNumber": 18,
        "author": {
          "gitId": "ryoarmanda"
        },
        "content": ""
      },
      {
        "lineNumber": 19,
        "author": {
          "gitId": "ryoarmanda"
        },
        "content": "    public void displayLoadingError() {"
      },
      {
        "lineNumber": 20,
        "author": {
          "gitId": "ryoarmanda"
        },
        "content": "        this.displayLine();"
      },
      {
        "lineNumber": 21,
        "author": {
          "gitId": "ryoarmanda"
        },
        "content": "        System.out.println(\"There was an error in loading data from file.\");"
      },
      {
        "lineNumber": 22,
        "author": {
          "gitId": "ryoarmanda"
        },
        "content": "        this.displayLine();"
      },
      {
        "lineNumber": 23,
        "author": {
          "gitId": "ryoarmanda"
        },
        "content": "    }"
      },
      {
        "lineNumber": 24,
        "author": {
          "gitId": "ryoarmanda"
        },
        "content": ""
      },
      {
        "lineNumber": 25,
        "author": {
          "gitId": "ryoarmanda"
        },
        "content": "    public void displayWelcome() {"
      },
      {
        "lineNumber": 26,
        "author": {
          "gitId": "ryoarmanda"
        },
        "content": "        this.displayLine();"
      },
      {
        "lineNumber": 27,
        "author": {
          "gitId": "ryoarmanda"
        },
        "content": "        System.out.println(\"Hello! I\u0027m Duke\");"
      },
      {
        "lineNumber": 28,
        "author": {
          "gitId": "ryoarmanda"
        },
        "content": "        System.out.println(\"What can I do for you?\");"
      },
      {
        "lineNumber": 29,
        "author": {
          "gitId": "ryoarmanda"
        },
        "content": "        this.displayLine();"
      },
      {
        "lineNumber": 30,
        "author": {
          "gitId": "ryoarmanda"
        },
        "content": "    }"
      },
      {
        "lineNumber": 31,
        "author": {
          "gitId": "ryoarmanda"
        },
        "content": ""
      },
      {
        "lineNumber": 32,
        "author": {
          "gitId": "ryoarmanda"
        },
        "content": "    public void displayError(String message) {"
      },
      {
        "lineNumber": 33,
        "author": {
          "gitId": "ryoarmanda"
        },
        "content": "        System.out.println(\"\\u2639 OOPS!!! \" + message);"
      },
      {
        "lineNumber": 34,
        "author": {
          "gitId": "ryoarmanda"
        },
        "content": "    }"
      },
      {
        "lineNumber": 35,
        "author": {
          "gitId": "ryoarmanda"
        },
        "content": ""
      },
      {
        "lineNumber": 36,
        "author": {
          "gitId": "ryoarmanda"
        },
        "content": "    public void displayTasks(TaskList taskList) {"
      },
      {
        "lineNumber": 37,
        "author": {
          "gitId": "ryoarmanda"
        },
        "content": "        System.out.println(\"Here are the tasks in your list:\");"
      },
      {
        "lineNumber": 38,
        "author": {
          "gitId": "ryoarmanda"
        },
        "content": "        for (int i \u003d 0; i \u003c taskList.totalTasks(); i++) {"
      },
      {
        "lineNumber": 39,
        "author": {
          "gitId": "ryoarmanda"
        },
        "content": "            Task t \u003d taskList.getTask(i);"
      },
      {
        "lineNumber": 40,
        "author": {
          "gitId": "ryoarmanda"
        },
        "content": "            System.out.printf(\"%d.%s\\n\", i + 1, t.displayFormat());"
      },
      {
        "lineNumber": 41,
        "author": {
          "gitId": "ryoarmanda"
        },
        "content": "        }"
      },
      {
        "lineNumber": 42,
        "author": {
          "gitId": "ryoarmanda"
        },
        "content": "    }"
      },
      {
        "lineNumber": 43,
        "author": {
          "gitId": "ryoarmanda"
        },
        "content": ""
      },
      {
        "lineNumber": 44,
        "author": {
          "gitId": "ryoarmanda"
        },
        "content": "    public void displayAddTask(Task t, int taskCount) {"
      },
      {
        "lineNumber": 45,
        "author": {
          "gitId": "ryoarmanda"
        },
        "content": "        System.out.println(\"Got it. I\u0027ve added this task:\");"
      },
      {
        "lineNumber": 46,
        "author": {
          "gitId": "ryoarmanda"
        },
        "content": "        System.out.println(\"  \" + t.displayFormat());"
      },
      {
        "lineNumber": 47,
        "author": {
          "gitId": "ryoarmanda"
        },
        "content": "        System.out.println(\"Now you have \" + taskCount + \" tasks in the list.\");"
      },
      {
        "lineNumber": 48,
        "author": {
          "gitId": "ryoarmanda"
        },
        "content": "    }"
      },
      {
        "lineNumber": 49,
        "author": {
          "gitId": "ryoarmanda"
        },
        "content": ""
      },
      {
        "lineNumber": 50,
        "author": {
          "gitId": "ryoarmanda"
        },
        "content": "    public void displayMarkedDone(Task t) {"
      },
      {
        "lineNumber": 51,
        "author": {
          "gitId": "ryoarmanda"
        },
        "content": "        System.out.println(\"Nice! I\u0027ve marked this task as done:\");"
      },
      {
        "lineNumber": 52,
        "author": {
          "gitId": "ryoarmanda"
        },
        "content": "        System.out.println(\"  \" + t.displayFormat());"
      },
      {
        "lineNumber": 53,
        "author": {
          "gitId": "ryoarmanda"
        },
        "content": "    }"
      },
      {
        "lineNumber": 54,
        "author": {
          "gitId": "ryoarmanda"
        },
        "content": ""
      },
      {
        "lineNumber": 55,
        "author": {
          "gitId": "ryoarmanda"
        },
        "content": "    public void displayDeleteTask(Task t, int taskCount) {"
      },
      {
        "lineNumber": 56,
        "author": {
          "gitId": "ryoarmanda"
        },
        "content": "        System.out.println(\"Noted. I\u0027ve removed this task:\");"
      },
      {
        "lineNumber": 57,
        "author": {
          "gitId": "ryoarmanda"
        },
        "content": "        System.out.println(\"  \" + t.displayFormat());"
      },
      {
        "lineNumber": 58,
        "author": {
          "gitId": "ryoarmanda"
        },
        "content": "        System.out.println(\"Now you have \" + taskCount + \" tasks in the list\");"
      },
      {
        "lineNumber": 59,
        "author": {
          "gitId": "ryoarmanda"
        },
        "content": "    }"
      },
      {
        "lineNumber": 60,
        "author": {
          "gitId": "ryoarmanda"
        },
        "content": ""
      },
      {
        "lineNumber": 61,
        "author": {
          "gitId": "ryoarmanda"
        },
        "content": "    public void displayBye() {"
      },
      {
        "lineNumber": 62,
        "author": {
          "gitId": "ryoarmanda"
        },
        "content": "        System.out.println(\"Bye. Hope to see you again soon!\");"
      },
      {
        "lineNumber": 63,
        "author": {
          "gitId": "ryoarmanda"
        },
        "content": "    }"
      },
      {
        "lineNumber": 64,
        "author": {
          "gitId": "ryoarmanda"
        },
        "content": "}"
      }
    ],
    "authorContributionMap": {
      "ryoarmanda": 64
    }
  },
  {
    "path": "text-ui-test/EXPECTED.txt",
    "fileType": "txt",
    "lines": [
      {
        "lineNumber": 1,
        "author": {
          "gitId": "ryoarmanda"
        },
        "content": "____________________________________________________________"
      },
      {
        "lineNumber": 2,
        "author": {
          "gitId": "ryoarmanda"
        },
        "content": " Hello! I\u0027m Duke"
      },
      {
        "lineNumber": 3,
        "author": {
          "gitId": "ryoarmanda"
        },
        "content": " What can I do for you?"
      },
      {
        "lineNumber": 4,
        "author": {
          "gitId": "ryoarmanda"
        },
        "content": "____________________________________________________________"
      },
      {
        "lineNumber": 5,
        "author": {
          "gitId": "ryoarmanda"
        },
        "content": ""
      },
      {
        "lineNumber": 6,
        "author": {
          "gitId": "ryoarmanda"
        },
        "content": "____________________________________________________________"
      },
      {
        "lineNumber": 7,
        "author": {
          "gitId": "ryoarmanda"
        },
        "content": " Here are the tasks in your list:"
      },
      {
        "lineNumber": 8,
        "author": {
          "gitId": "ryoarmanda"
        },
        "content": "____________________________________________________________"
      },
      {
        "lineNumber": 9,
        "author": {
          "gitId": "ryoarmanda"
        },
        "content": ""
      },
      {
        "lineNumber": 10,
        "author": {
          "gitId": "ryoarmanda"
        },
        "content": "____________________________________________________________"
      },
      {
        "lineNumber": 11,
        "author": {
          "gitId": "ryoarmanda"
        },
        "content": " Got it. I\u0027ve added this task:"
      },
      {
        "lineNumber": 12,
        "author": {
          "gitId": "ryoarmanda"
        },
        "content": "   [T][?] Test Todo"
      },
      {
        "lineNumber": 13,
        "author": {
          "gitId": "ryoarmanda"
        },
        "content": " Now you have 1 tasks in the list."
      },
      {
        "lineNumber": 14,
        "author": {
          "gitId": "ryoarmanda"
        },
        "content": "____________________________________________________________"
      },
      {
        "lineNumber": 15,
        "author": {
          "gitId": "ryoarmanda"
        },
        "content": ""
      },
      {
        "lineNumber": 16,
        "author": {
          "gitId": "ryoarmanda"
        },
        "content": "____________________________________________________________"
      },
      {
        "lineNumber": 17,
        "author": {
          "gitId": "ryoarmanda"
        },
        "content": " Got it. I\u0027ve added this task:"
      },
      {
        "lineNumber": 18,
        "author": {
          "gitId": "ryoarmanda"
        },
        "content": "   [D][?] Test Deadline (by: Test Deadline)"
      },
      {
        "lineNumber": 19,
        "author": {
          "gitId": "ryoarmanda"
        },
        "content": " Now you have 2 tasks in the list."
      },
      {
        "lineNumber": 20,
        "author": {
          "gitId": "ryoarmanda"
        },
        "content": "____________________________________________________________"
      },
      {
        "lineNumber": 21,
        "author": {
          "gitId": "ryoarmanda"
        },
        "content": ""
      },
      {
        "lineNumber": 22,
        "author": {
          "gitId": "ryoarmanda"
        },
        "content": "____________________________________________________________"
      },
      {
        "lineNumber": 23,
        "author": {
          "gitId": "ryoarmanda"
        },
        "content": " Got it. I\u0027ve added this task:"
      },
      {
        "lineNumber": 24,
        "author": {
          "gitId": "ryoarmanda"
        },
        "content": "   [E][?] Test Event (at: Test Event)"
      },
      {
        "lineNumber": 25,
        "author": {
          "gitId": "ryoarmanda"
        },
        "content": " Now you have 3 tasks in the list."
      },
      {
        "lineNumber": 26,
        "author": {
          "gitId": "ryoarmanda"
        },
        "content": "____________________________________________________________"
      },
      {
        "lineNumber": 27,
        "author": {
          "gitId": "ryoarmanda"
        },
        "content": ""
      },
      {
        "lineNumber": 28,
        "author": {
          "gitId": "ryoarmanda"
        },
        "content": "____________________________________________________________"
      },
      {
        "lineNumber": 29,
        "author": {
          "gitId": "ryoarmanda"
        },
        "content": " Here are the tasks in your list:"
      },
      {
        "lineNumber": 30,
        "author": {
          "gitId": "ryoarmanda"
        },
        "content": " 1.[T][?] Test Todo"
      },
      {
        "lineNumber": 31,
        "author": {
          "gitId": "ryoarmanda"
        },
        "content": " 2.[D][?] Test Deadline (by: Test Deadline)"
      },
      {
        "lineNumber": 32,
        "author": {
          "gitId": "ryoarmanda"
        },
        "content": " 3.[E][?] Test Event (at: Test Event)"
      },
      {
        "lineNumber": 33,
        "author": {
          "gitId": "ryoarmanda"
        },
        "content": "____________________________________________________________"
      },
      {
        "lineNumber": 34,
        "author": {
          "gitId": "ryoarmanda"
        },
        "content": ""
      },
      {
        "lineNumber": 35,
        "author": {
          "gitId": "ryoarmanda"
        },
        "content": "____________________________________________________________"
      },
      {
        "lineNumber": 36,
        "author": {
          "gitId": "ryoarmanda"
        },
        "content": " Nice! I\u0027ve marked this task as done:"
      },
      {
        "lineNumber": 37,
        "author": {
          "gitId": "ryoarmanda"
        },
        "content": "   [T][?] Test Todo"
      },
      {
        "lineNumber": 38,
        "author": {
          "gitId": "ryoarmanda"
        },
        "content": "____________________________________________________________"
      },
      {
        "lineNumber": 39,
        "author": {
          "gitId": "ryoarmanda"
        },
        "content": ""
      },
      {
        "lineNumber": 40,
        "author": {
          "gitId": "ryoarmanda"
        },
        "content": "____________________________________________________________"
      },
      {
        "lineNumber": 41,
        "author": {
          "gitId": "ryoarmanda"
        },
        "content": " Here are the tasks in your list:"
      },
      {
        "lineNumber": 42,
        "author": {
          "gitId": "ryoarmanda"
        },
        "content": " 1.[T][?] Test Todo"
      },
      {
        "lineNumber": 43,
        "author": {
          "gitId": "ryoarmanda"
        },
        "content": " 2.[D][?] Test Deadline (by: Test Deadline)"
      },
      {
        "lineNumber": 44,
        "author": {
          "gitId": "ryoarmanda"
        },
        "content": " 3.[E][?] Test Event (at: Test Event)"
      },
      {
        "lineNumber": 45,
        "author": {
          "gitId": "ryoarmanda"
        },
        "content": "____________________________________________________________"
      },
      {
        "lineNumber": 46,
        "author": {
          "gitId": "ryoarmanda"
        },
        "content": ""
      },
      {
        "lineNumber": 47,
        "author": {
          "gitId": "ryoarmanda"
        },
        "content": "____________________________________________________________"
      },
      {
        "lineNumber": 48,
        "author": {
          "gitId": "ryoarmanda"
        },
        "content": " Bye. Hope to see you again soon!"
      },
      {
        "lineNumber": 49,
        "author": {
          "gitId": "ryoarmanda"
        },
        "content": "____________________________________________________________"
      },
      {
        "lineNumber": 50,
        "author": {
          "gitId": "ryoarmanda"
        },
        "content": ""
      }
    ],
    "authorContributionMap": {
      "ryoarmanda": 50
    }
  },
  {
    "path": "text-ui-test/input.txt",
    "fileType": "txt",
    "lines": [
      {
        "lineNumber": 1,
        "author": {
          "gitId": "ryoarmanda"
        },
        "content": "list"
      },
      {
        "lineNumber": 2,
        "author": {
          "gitId": "ryoarmanda"
        },
        "content": "todo Test Todo"
      },
      {
        "lineNumber": 3,
        "author": {
          "gitId": "ryoarmanda"
        },
        "content": "deadline Test Deadline /by Test Deadline"
      },
      {
        "lineNumber": 4,
        "author": {
          "gitId": "ryoarmanda"
        },
        "content": "event Test Event /at Test Event"
      },
      {
        "lineNumber": 5,
        "author": {
          "gitId": "ryoarmanda"
        },
        "content": "list"
      },
      {
        "lineNumber": 6,
        "author": {
          "gitId": "ryoarmanda"
        },
        "content": "done 1"
      },
      {
        "lineNumber": 7,
        "author": {
          "gitId": "ryoarmanda"
        },
        "content": "list"
      },
      {
        "lineNumber": 8,
        "author": {
          "gitId": "ryoarmanda"
        },
        "content": "bye"
      },
      {
        "lineNumber": 9,
        "author": {
          "gitId": "ryoarmanda"
        },
        "content": ""
      }
    ],
    "authorContributionMap": {
      "ryoarmanda": 9
    }
  },
  {
    "path": "text-ui-test/runtest.bat",
    "fileType": "bat",
    "lines": [
      {
        "lineNumber": 1,
        "author": {
          "gitId": "ryoarmanda"
        },
        "content": "@ECHO OFF"
      },
      {
        "lineNumber": 2,
        "author": {
          "gitId": "ryoarmanda"
        },
        "content": ""
      },
      {
        "lineNumber": 3,
        "author": {
          "gitId": "ryoarmanda"
        },
        "content": "REM create bin directory if it doesn\u0027t exist"
      },
      {
        "lineNumber": 4,
        "author": {
          "gitId": "ryoarmanda"
        },
        "content": "if not exist ..\\bin mkdir ..\\bin"
      },
      {
        "lineNumber": 5,
        "author": {
          "gitId": "ryoarmanda"
        },
        "content": ""
      },
      {
        "lineNumber": 6,
        "author": {
          "gitId": "ryoarmanda"
        },
        "content": "REM delete output from previous run"
      },
      {
        "lineNumber": 7,
        "author": {
          "gitId": "ryoarmanda"
        },
        "content": "del ACTUAL.TXT"
      },
      {
        "lineNumber": 8,
        "author": {
          "gitId": "ryoarmanda"
        },
        "content": ""
      },
      {
        "lineNumber": 9,
        "author": {
          "gitId": "ryoarmanda"
        },
        "content": "REM compile the code into the bin folder"
      },
      {
        "lineNumber": 10,
        "author": {
          "gitId": "ryoarmanda"
        },
        "content": "javac  -cp ..\\src -Xlint:none -d ..\\bin ..\\src\\main\\java\\*.java"
      },
      {
        "lineNumber": 11,
        "author": {
          "gitId": "ryoarmanda"
        },
        "content": "IF ERRORLEVEL 1 ("
      },
      {
        "lineNumber": 12,
        "author": {
          "gitId": "ryoarmanda"
        },
        "content": "    echo ********** BUILD FAILURE **********"
      },
      {
        "lineNumber": 13,
        "author": {
          "gitId": "ryoarmanda"
        },
        "content": "    exit /b 1"
      },
      {
        "lineNumber": 14,
        "author": {
          "gitId": "ryoarmanda"
        },
        "content": ")"
      },
      {
        "lineNumber": 15,
        "author": {
          "gitId": "ryoarmanda"
        },
        "content": "REM no error here, errorlevel \u003d\u003d 0"
      },
      {
        "lineNumber": 16,
        "author": {
          "gitId": "ryoarmanda"
        },
        "content": ""
      },
      {
        "lineNumber": 17,
        "author": {
          "gitId": "ryoarmanda"
        },
        "content": "REM run the program, feed commands from input.txt file and redirect the output to the ACTUAL.TXT"
      },
      {
        "lineNumber": 18,
        "author": {
          "gitId": "ryoarmanda"
        },
        "content": "java -classpath ..\\bin Duke \u003c input.txt \u003e ACTUAL.TXT"
      },
      {
        "lineNumber": 19,
        "author": {
          "gitId": "ryoarmanda"
        },
        "content": ""
      },
      {
        "lineNumber": 20,
        "author": {
          "gitId": "ryoarmanda"
        },
        "content": "REM compare the output to the expected output"
      },
      {
        "lineNumber": 21,
        "author": {
          "gitId": "ryoarmanda"
        },
        "content": "FC ACTUAL.TXT EXPECTED.TXT"
      }
    ],
    "authorContributionMap": {
      "ryoarmanda": 21
    }
  },
  {
    "path": "text-ui-test/runtest.sh",
    "fileType": "sh",
    "lines": [
      {
        "lineNumber": 1,
        "author": {
          "gitId": "ryoarmanda"
        },
        "content": "#!/usr/bin/env bash"
      },
      {
        "lineNumber": 2,
        "author": {
          "gitId": "ryoarmanda"
        },
        "content": ""
      },
      {
        "lineNumber": 3,
        "author": {
          "gitId": "ryoarmanda"
        },
        "content": "if [ ! -d \"../bin\" ]"
      },
      {
        "lineNumber": 4,
        "author": {
          "gitId": "ryoarmanda"
        },
        "content": "then"
      },
      {
        "lineNumber": 5,
        "author": {
          "gitId": "ryoarmanda"
        },
        "content": "\tmkdir ../bin"
      },
      {
        "lineNumber": 6,
        "author": {
          "gitId": "ryoarmanda"
        },
        "content": "fi"
      },
      {
        "lineNumber": 7,
        "author": {
          "gitId": "ryoarmanda"
        },
        "content": ""
      },
      {
        "lineNumber": 8,
        "author": {
          "gitId": "ryoarmanda"
        },
        "content": "if [ -e \"./ACTUAL.TXT\" ]"
      },
      {
        "lineNumber": 9,
        "author": {
          "gitId": "ryoarmanda"
        },
        "content": "then"
      },
      {
        "lineNumber": 10,
        "author": {
          "gitId": "ryoarmanda"
        },
        "content": "\trm ACTUAL.TXT"
      },
      {
        "lineNumber": 11,
        "author": {
          "gitId": "ryoarmanda"
        },
        "content": "fi"
      },
      {
        "lineNumber": 12,
        "author": {
          "gitId": "ryoarmanda"
        },
        "content": ""
      },
      {
        "lineNumber": 13,
        "author": {
          "gitId": "ryoarmanda"
        },
        "content": "if ! javac -cp ../src -Xlint:none -d ../bin ../src/main/java/*.java"
      },
      {
        "lineNumber": 14,
        "author": {
          "gitId": "ryoarmanda"
        },
        "content": "then"
      },
      {
        "lineNumber": 15,
        "author": {
          "gitId": "ryoarmanda"
        },
        "content": "\techo \"********** BUILD FAILURE **********\""
      },
      {
        "lineNumber": 16,
        "author": {
          "gitId": "ryoarmanda"
        },
        "content": "\texit 1"
      },
      {
        "lineNumber": 17,
        "author": {
          "gitId": "ryoarmanda"
        },
        "content": "fi"
      },
      {
        "lineNumber": 18,
        "author": {
          "gitId": "ryoarmanda"
        },
        "content": ""
      },
      {
        "lineNumber": 19,
        "author": {
          "gitId": "ryoarmanda"
        },
        "content": "java -classpath ../bin Duke \u003c input.txt \u003e ACTUAL.TXT"
      },
      {
        "lineNumber": 20,
        "author": {
          "gitId": "ryoarmanda"
        },
        "content": ""
      },
      {
        "lineNumber": 21,
        "author": {
          "gitId": "ryoarmanda"
        },
        "content": "diff ACTUAL.TXT EXPECTED.TXT"
      },
      {
        "lineNumber": 22,
        "author": {
          "gitId": "ryoarmanda"
        },
        "content": "if [ $? -eq 0 ]"
      },
      {
        "lineNumber": 23,
        "author": {
          "gitId": "ryoarmanda"
        },
        "content": "then"
      },
      {
        "lineNumber": 24,
        "author": {
          "gitId": "ryoarmanda"
        },
        "content": "\techo \"Test result: PASSED\""
      },
      {
        "lineNumber": 25,
        "author": {
          "gitId": "ryoarmanda"
        },
        "content": "\texit 0"
      },
      {
        "lineNumber": 26,
        "author": {
          "gitId": "ryoarmanda"
        },
        "content": "else"
      },
      {
        "lineNumber": 27,
        "author": {
          "gitId": "ryoarmanda"
        },
        "content": "\techo \"Test result: FAILED\""
      },
      {
        "lineNumber": 28,
        "author": {
          "gitId": "ryoarmanda"
        },
        "content": "\texit 1"
      },
      {
        "lineNumber": 29,
        "author": {
          "gitId": "ryoarmanda"
        },
        "content": "fi"
      }
    ],
    "authorContributionMap": {
      "ryoarmanda": 29
    }
  }
]
