{
  "authorDailyContributionsMap": {
    "ryoarmanda": [
      {
        "insertions": 356,
        "deletions": 58,
        "date": "2019-08-22",
        "commitResults": [
          {
            "hash": "d60b0e7fbf5f032ef9530b62ed5915f9330cc4d2",
            "messageTitle": "Implement Level 1 - Greet, Echo, Exit",
            "messageBody": "",
            "insertions": 33,
            "deletions": 6
          },
          {
            "hash": "e87c7df09bdff3949c098f5d3b7172f2c1997f76",
            "messageTitle": "Implement Level 2 - Add, List",
            "messageBody": "",
            "insertions": 28,
            "deletions": 3
          },
          {
            "hash": "c84a2971698e0b1a8e060eb568a0cfdbf2489247",
            "messageTitle": "Implement A-Classes",
            "messageBody": "",
            "insertions": 15,
            "deletions": 5
          },
          {
            "hash": "6b74e878f89a8fa2c0228bd088339106096a34bc",
            "messageTitle": "Implement Level 3 - Mark as Done",
            "messageBody": "",
            "insertions": 63,
            "deletions": 15
          },
          {
            "hash": "4c89100e8c6130aab52d6ab0172cdf865be6db73",
            "messageTitle": "Implement Level 4 - ToDos, Events, Deadlines",
            "messageBody": "",
            "insertions": 65,
            "deletions": 11
          },
          {
            "hash": "61c2bc4d0daf955c78a7ebfad5076e41896c7ccc",
            "messageTitle": "Implement A-TextUITesting",
            "messageBody": "",
            "insertions": 109,
            "deletions": 0
          },
          {
            "hash": "b5b64fd26c017e9f6f800a8d86a7c7e41835caa0",
            "messageTitle": "Implement Level 5 - Handle Errors",
            "messageBody": "",
            "insertions": 18,
            "deletions": 5
          },
          {
            "hash": "17a73c91e6d490884f373c11b94d016536edc19b",
            "messageTitle": "Implement Level 6 - Delete",
            "messageBody": "",
            "insertions": 25,
            "deletions": 13
          }
        ]
      },
      {
        "insertions": 374,
        "deletions": 267,
        "date": "2019-08-28",
        "commitResults": [
          {
            "hash": "d21f0e8680a7dd40755da9ac1bca536ec710b45b",
            "messageTitle": "Improve A-TextUiTesting",
            "messageBody": "",
            "insertions": 62,
            "deletions": 62
          },
          {
            "hash": "f454b607006882c47de7087f7e4fc07095be4db2",
            "messageTitle": "Implement Level 7 - Save",
            "messageBody": "",
            "insertions": 281,
            "deletions": 194
          },
          {
            "hash": "aef4c039cec1a8690194d9db8ac913259546ba95",
            "messageTitle": "Implement Level 8 - Dates and Times",
            "messageBody": "",
            "insertions": 31,
            "deletions": 11
          }
        ]
      },
      {
        "insertions": 388,
        "deletions": 229,
        "date": "2019-08-30",
        "commitResults": [
          {
            "hash": "ae5bc9ec4bf504883716e2d5f11a446f9047b7bd",
            "messageTitle": "Implement A-MoreOOP",
            "messageBody": "",
            "insertions": 388,
            "deletions": 229
          }
        ]
      },
      {
        "insertions": 221,
        "deletions": 17,
        "date": "2019-09-01",
        "commitResults": [
          {
            "hash": "978ff3ecff34da3cd1fd7f829e7c89f08d6c1365",
            "messageTitle": "Implement A-JUnit",
            "messageBody": "",
            "insertions": 67,
            "deletions": 0
          },
          {
            "hash": "9749d6753e828f13e796c72180857f167a8ea617",
            "messageTitle": "Improve A-MoreOOP and Implement A-Packages",
            "messageBody": "",
            "insertions": 91,
            "deletions": 12
          },
          {
            "hash": "8e7a3de26776b3f2dd0fc1716d563f5ac88860e7",
            "messageTitle": "Change wildcard imports to specific imports",
            "messageBody": "",
            "insertions": 19,
            "deletions": 3
          },
          {
            "hash": "2c2cf90085dd4b9e9fa74aae9038ef94a8c7e626",
            "messageTitle": "Implement find feature",
            "messageBody": "",
            "insertions": 44,
            "deletions": 2
          }
        ]
      },
      {
        "insertions": 533,
        "deletions": 100,
        "date": "2019-09-04",
        "commitResults": [
          {
            "hash": "7e86b0e57c16e21fef636290883160ddafaad877",
            "messageTitle": "Add Javadocs",
            "messageBody": "",
            "insertions": 190,
            "deletions": 0
          },
          {
            "hash": "6aa7190bef87d0bcd6339acb7e11252745bfa793",
            "messageTitle": "Complete Gradle integration and tweak code to adhere to checkstyle",
            "messageBody": "",
            "insertions": 105,
            "deletions": 10
          },
          {
            "hash": "0136332ebb6c9e7d878e3be6507d725d02f393e6",
            "messageTitle": "Implement GUI",
            "messageBody": "",
            "insertions": 238,
            "deletions": 90
          }
        ]
      },
      {
        "insertions": 87,
        "deletions": 21,
        "date": "2019-09-11",
        "commitResults": [
          {
            "hash": "076a212424fb4f03aad43ce90bb53cb6e57f8049",
            "messageTitle": "Implement assertions and improve startup message (#4)",
            "messageBody": "",
            "insertions": 87,
            "deletions": 21
          }
        ]
      },
      {
        "insertions": 66,
        "deletions": 37,
        "date": "2019-09-18",
        "commitResults": [
          {
            "hash": "e22e08955a1ed85858db6b0b11613ba1607dccd2",
            "messageTitle": "Improve GUI",
            "messageBody": "",
            "insertions": 66,
            "deletions": 37
          }
        ]
      },
      {
        "insertions": 2,
        "deletions": 1,
        "date": "2019-09-19",
        "commitResults": [
          {
            "hash": "46991c946e1e1d4ce8b20f1d5b4b6e2ea7d20419",
            "messageTitle": "Add App title",
            "messageBody": "",
            "insertions": 2,
            "deletions": 1
          }
        ]
      },
      {
        "insertions": 735,
        "deletions": 290,
        "date": "2019-09-22",
        "commitResults": [
          {
            "hash": "94afcc123c475497fbdbc1425d05fb4f7b4808eb",
            "messageTitle": "Implement C-Priority, improve classes, packaging and exceptions",
            "messageBody": "",
            "insertions": 561,
            "deletions": 229
          },
          {
            "hash": "5146813f01d497fd11449a3e0c58630d0a1018d2",
            "messageTitle": "Add more Javadocs",
            "messageBody": "",
            "insertions": 81,
            "deletions": 9
          },
          {
            "hash": "e87ed25b5c60f159b72443d259dd4a5acaa4cca3",
            "messageTitle": "Improve GUI packaging",
            "messageBody": "",
            "insertions": 46,
            "deletions": 38
          },
          {
            "hash": "8863cdc0a5770a185a49b3c9c69ab5cad22956bb",
            "messageTitle": "Implement shutdown process",
            "messageBody": "",
            "insertions": 41,
            "deletions": 8
          },
          {
            "hash": "5c7dde33b7cd8cf9bc1bd6611e776f1a800bf6e1",
            "messageTitle": "Change app class name",
            "messageBody": "",
            "insertions": 6,
            "deletions": 6
          }
        ]
      },
      {
        "insertions": 2,
        "deletions": 0,
        "date": "2019-09-23",
        "commitResults": [
          {
            "hash": "b7f2ce41edc2ab61aebeb7716d7838b1c63bc6f5",
            "messageTitle": "Update border UI",
            "messageBody": "",
            "insertions": 2,
            "deletions": 0
          }
        ]
      },
      {
        "insertions": 380,
        "deletions": 157,
        "date": "2019-09-30",
        "commitResults": [
          {
            "hash": "8a308550956e1777438a361c3558cdc4ac37fbd8",
            "messageTitle": "Customize personality",
            "messageBody": "",
            "insertions": 8,
            "deletions": 9
          },
          {
            "hash": "db2274a4b73294983c3985016ff1854706c5da24",
            "messageTitle": "Redesign C-Priority",
            "messageBody": "",
            "insertions": 155,
            "deletions": 95
          },
          {
            "hash": "57752196d48485b3f7df3dd23615865b7c667026",
            "messageTitle": "Cross-platform support",
            "messageBody": "",
            "insertions": 41,
            "deletions": 9
          },
          {
            "hash": "44a7a154e9ae395561e2f1e9eefff70b727d7e34",
            "messageTitle": "Fix responses, parsing logic, and storage mechanism",
            "messageBody": "",
            "insertions": 40,
            "deletions": 31
          },
          {
            "hash": "e7a260c4633e0a7809fef3911ef7a9d8d8b66a51",
            "messageTitle": "Create user guide",
            "messageBody": "",
            "insertions": 136,
            "deletions": 13
          }
        ]
      }
    ]
  },
  "authorFinalContributionMap": {
    "ryoarmanda": 1986
  },
  "authorFileTypeContributionMap": {
    "ryoarmanda": {
      "java": 1649,
      "md": 131,
      "fxml": 53,
      "sh": 29,
      "bat": 21,
      "gradle": 42,
      "txt": 61
    }
  },
  "authorContributionVariance": {
    "ryoarmanda": 51645.37
  },
  "authorDisplayNameMap": {
    "ryoarmanda": "CS2103T-T11-1 RYO C ... MANDA"
  }
}
