{
  "authorDailyContributionsMap": {
    "ryoarmanda": [
      {
        "insertions": 356,
        "deletions": 58,
        "date": "2019-08-22",
        "commitResults": [
          {
            "hash": "d60b0e7fbf5f032ef9530b62ed5915f9330cc4d2",
            "messageTitle": "Implement Level 1 - Greet, Echo, Exit",
            "messageBody": "",
            "insertions": 33,
            "deletions": 6
          },
          {
            "hash": "e87c7df09bdff3949c098f5d3b7172f2c1997f76",
            "messageTitle": "Implement Level 2 - Add, List",
            "messageBody": "",
            "insertions": 28,
            "deletions": 3
          },
          {
            "hash": "c84a2971698e0b1a8e060eb568a0cfdbf2489247",
            "messageTitle": "Implement A-Classes",
            "messageBody": "",
            "insertions": 15,
            "deletions": 5
          },
          {
            "hash": "6b74e878f89a8fa2c0228bd088339106096a34bc",
            "messageTitle": "Implement Level 3 - Mark as Done",
            "messageBody": "",
            "insertions": 63,
            "deletions": 15
          },
          {
            "hash": "4c89100e8c6130aab52d6ab0172cdf865be6db73",
            "messageTitle": "Implement Level 4 - ToDos, Events, Deadlines",
            "messageBody": "",
            "insertions": 65,
            "deletions": 11
          },
          {
            "hash": "61c2bc4d0daf955c78a7ebfad5076e41896c7ccc",
            "messageTitle": "Implement A-TextUITesting",
            "messageBody": "",
            "insertions": 109,
            "deletions": 0
          },
          {
            "hash": "b5b64fd26c017e9f6f800a8d86a7c7e41835caa0",
            "messageTitle": "Implement Level 5 - Handle Errors",
            "messageBody": "",
            "insertions": 18,
            "deletions": 5
          },
          {
            "hash": "17a73c91e6d490884f373c11b94d016536edc19b",
            "messageTitle": "Implement Level 6 - Delete",
            "messageBody": "",
            "insertions": 25,
            "deletions": 13
          }
        ]
      },
      {
        "insertions": 374,
        "deletions": 267,
        "date": "2019-08-28",
        "commitResults": [
          {
            "hash": "d21f0e8680a7dd40755da9ac1bca536ec710b45b",
            "messageTitle": "Improve A-TextUiTesting",
            "messageBody": "",
            "insertions": 62,
            "deletions": 62
          },
          {
            "hash": "f454b607006882c47de7087f7e4fc07095be4db2",
            "messageTitle": "Implement Level 7 - Save",
            "messageBody": "",
            "insertions": 281,
            "deletions": 194
          },
          {
            "hash": "aef4c039cec1a8690194d9db8ac913259546ba95",
            "messageTitle": "Implement Level 8 - Dates and Times",
            "messageBody": "",
            "insertions": 31,
            "deletions": 11
          }
        ]
      },
      {
        "insertions": 388,
        "deletions": 229,
        "date": "2019-08-30",
        "commitResults": [
          {
            "hash": "ae5bc9ec4bf504883716e2d5f11a446f9047b7bd",
            "messageTitle": "Implement A-MoreOOP",
            "messageBody": "",
            "insertions": 388,
            "deletions": 229
          }
        ]
      }
    ]
  },
  "authorFinalContributionMap": {
    "ryoarmanda": 572
  },
  "authorFileTypeContributionMap": {
    "ryoarmanda": {
      "java": 459,
      "md": 0,
      "fxml": 0,
      "sh": 29,
      "bat": 21,
      "gradle": 0,
      "txt": 63
    }
  },
  "authorContributionVariance": {
    "ryoarmanda": 51772.914
  },
  "authorDisplayNameMap": {
    "ryoarmanda": "CS2103T-T11 RYO C ... MANDA"
  }
}
