{
  "authorDailyContributionsMap": {
    "marcfyk": [
      {
        "insertions": 29,
        "deletions": 1,
        "date": "2019-08-17",
        "commitResults": [
          {
            "hash": "e356102d70c24e773a5f583b66dd6ba865d0ff73",
            "messageTitle": "A-Gradle",
            "messageBody": "",
            "insertions": 29,
            "deletions": 1
          }
        ]
      },
      {
        "insertions": 108,
        "deletions": 0,
        "date": "2019-08-18",
        "commitResults": [
          {
            "hash": "c9d897c980de900f9903e382fe404584df1dde17",
            "messageTitle": "added runtest.bat script for testing",
            "messageBody": "",
            "insertions": 21,
            "deletions": 0
          },
          {
            "hash": "088dec629e15a16d6879deafb86f67a337da83bc",
            "messageTitle": "added EXPECTED.txt containing expected output",
            "messageBody": "",
            "insertions": 7,
            "deletions": 0
          },
          {
            "hash": "f539f6b1a31291261f9427d0218593ab867636ac",
            "messageTitle": "added input.txt to contain input",
            "messageBody": "",
            "insertions": 0,
            "deletions": 0
          },
          {
            "hash": "985c5d5a5c6e8d72a334edb5acae1f8fc7a59709",
            "messageTitle": "Updated Duke class, added methods to handle greeting, echo and exit behaviour",
            "messageBody": "",
            "insertions": 60,
            "deletions": 0
          },
          {
            "hash": "478d03327702f15fe36710b535f9c56116a0bdbf",
            "messageTitle": "tests for greet echo exit behaviour",
            "messageBody": "",
            "insertions": 20,
            "deletions": 0
          }
        ]
      },
      {
        "insertions": 328,
        "deletions": 93,
        "date": "2019-08-19",
        "commitResults": [
          {
            "hash": "d36fafa320adc567b48c8c52e4cd9e9e774f5ea1",
            "messageTitle": "Modified Duke class behaviour.",
            "messageBody": "",
            "insertions": 33,
            "deletions": 21
          },
          {
            "hash": "a245a92112940940a19922b79f99d7b9fcb9ec77",
            "messageTitle": "Added TextList class to store user input.",
            "messageBody": "",
            "insertions": 43,
            "deletions": 0
          },
          {
            "hash": "bc7dc821d2b7875a17f9d376a3d61cd2b1030d31",
            "messageTitle": "updated test script for testing.",
            "messageBody": "",
            "insertions": 10,
            "deletions": 4
          },
          {
            "hash": "b9dd5e07663f46d9a112f1e3bdef9ef976a74e8b",
            "messageTitle": "added task class",
            "messageBody": "",
            "insertions": 41,
            "deletions": 0
          },
          {
            "hash": "3a7912bfef1ac929f98fd1ccf5e92090ba8600bf",
            "messageTitle": "removed textlist class and replaced with task list",
            "messageBody": "",
            "insertions": 58,
            "deletions": 43
          },
          {
            "hash": "134899436e56d94452cad135822eaf59893e60c7",
            "messageTitle": "adjusted duke behaviour",
            "messageBody": "",
            "insertions": 34,
            "deletions": 13
          },
          {
            "hash": "3cf179eed576d13128cf61e74d4d2972497bc038",
            "messageTitle": "added test behaviour (tick and X set to ?) (tested with Y and N and test case passed)",
            "messageBody": "",
            "insertions": 27,
            "deletions": 2
          },
          {
            "hash": "f98fdd48602f13e33df9d17541627971a5ceb560",
            "messageTitle": "minor acces level updates",
            "messageBody": "",
            "insertions": 2,
            "deletions": 2
          },
          {
            "hash": "bf4044e31628eaed407c9150b5b3e1d54aa4a619",
            "messageTitle": "updated Duke behaviour",
            "messageBody": "",
            "insertions": 7,
            "deletions": 8
          },
          {
            "hash": "349a8631bc732c794d2dc5e649982da38812fbfe",
            "messageTitle": "Added ToDo Deadline Event classes as sub classes of Task.",
            "messageBody": "",
            "insertions": 73,
            "deletions": 0
          }
        ]
      },
      {
        "insertions": 201,
        "deletions": 34,
        "date": "2019-08-20",
        "commitResults": [
          {
            "hash": "ffb5e42a25963f12f362a3c9a42d6aed7ca1ab02",
            "messageTitle": "Added factory class",
            "messageBody": "",
            "insertions": 66,
            "deletions": 0
          },
          {
            "hash": "a3c849a2536992b3f1346f1eaf94eb31e05e0da8",
            "messageTitle": "modified behaviour",
            "messageBody": "",
            "insertions": 27,
            "deletions": 8
          },
          {
            "hash": "bb2dd1e22705f50c82a7419921fd1a4fbab0f5d9",
            "messageTitle": "modified behaviour",
            "messageBody": "",
            "insertions": 6,
            "deletions": 6
          },
          {
            "hash": "0c74463d9dbbe819964242144ec356ac8e83604b",
            "messageTitle": "set up test cases",
            "messageBody": "",
            "insertions": 37,
            "deletions": 20
          },
          {
            "hash": "4ff7040676bebd59c997be574f30c9fb1018de72",
            "messageTitle": "Added Custom Exception classes.",
            "messageBody": "",
            "insertions": 65,
            "deletions": 0
          }
        ]
      },
      {
        "insertions": 222,
        "deletions": 24,
        "date": "2019-08-21",
        "commitResults": [
          {
            "hash": "ef7d8dd1a8a38d79c26cf3f8ef072369b09b9503",
            "messageTitle": "Updated custom exception constructors",
            "messageBody": "",
            "insertions": 77,
            "deletions": 0
          },
          {
            "hash": "99e640afadc13126b0b01092771baf1077032e38",
            "messageTitle": "added modifications to behaviour, custom exception handling.",
            "messageBody": "",
            "insertions": 37,
            "deletions": 12
          },
          {
            "hash": "e0491d101f7216ab29b4866bc4b72b49d91d60b1",
            "messageTitle": "Update Task.java",
            "messageBody": "",
            "insertions": 4,
            "deletions": 4
          },
          {
            "hash": "5f3b3c548afb9a60fb1cbde8028962ce96c11eaa",
            "messageTitle": "added new test",
            "messageBody": "",
            "insertions": 21,
            "deletions": 1
          },
          {
            "hash": "551e629dc41808fde1b8593067806f815d6b2b3b",
            "messageTitle": "modified tasklist",
            "messageBody": "",
            "insertions": 21,
            "deletions": 5
          },
          {
            "hash": "328ab19d59731ecc954eb9507764626898934883",
            "messageTitle": "modified behaviour",
            "messageBody": "",
            "insertions": 47,
            "deletions": 1
          },
          {
            "hash": "f0fd7ab68c9a061e1d1d93ea9ffd0c13c64b7afb",
            "messageTitle": "updated test case",
            "messageBody": "",
            "insertions": 15,
            "deletions": 1
          }
        ]
      },
      {
        "insertions": 12,
        "deletions": 14,
        "date": "2019-08-22",
        "commitResults": [
          {
            "hash": "e6fa370e1d59e59480452c55c8f175f545da4727",
            "messageTitle": "refactored code and javadocs",
            "messageBody": "",
            "insertions": 12,
            "deletions": 14
          }
        ]
      }
    ],
    "Jeffry Lum": []
  },
  "authorFinalContributionMap": {
    "marcfyk": 735,
    "Jeffry Lum": 100
  },
  "authorFileTypeContributionMap": {
    "marcfyk": {
      "java": 583,
      "md": 0,
      "fxml": 0,
      "sh": 0,
      "bat": 21,
      "gradle": 22,
      "txt": 109
    },
    "Jeffry Lum": {
      "java": 0,
      "md": 0,
      "fxml": 0,
      "sh": 0,
      "bat": 84,
      "gradle": 16,
      "txt": 0
    }
  },
  "authorContributionVariance": {
    "marcfyk": 20555.062,
    "Jeffry Lum": 0.0
  },
  "authorDisplayNameMap": {
    "marcfyk": "marcfyk",
    "Jeffry Lum": "Jeffry Lum"
  }
}
