{
  "authorDailyContributionsMap": {
    "alvinnyk": [
      {
        "insertions": 61,
        "deletions": 8,
        "date": "2019-08-28",
        "commitResults": [
          {
            "hash": "e38aecc63a70e9bda73751ca3588a0dfc3adede4",
            "messageTitle": "Level-1",
            "messageBody": "",
            "insertions": 24,
            "deletions": 0
          },
          {
            "hash": "f99d923aaa88b1a6c4e473db32af005eaee78d16",
            "messageTitle": "Level-2",
            "messageBody": "",
            "insertions": 15,
            "deletions": 2
          },
          {
            "hash": "85c82a414e3e0d32eb86e0189a412201f274ba80",
            "messageTitle": "Level-3",
            "messageBody": "",
            "insertions": 22,
            "deletions": 6
          }
        ]
      }
    ]
  },
  "authorFinalContributionMap": {
    "alvinnyk": 53
  },
  "authorFileTypeContributionMap": {
    "alvinnyk": {
      "java": 53,
      "md": 0,
      "fxml": 0,
      "sh": 0,
      "bat": 0,
      "gradle": 0,
      "txt": 0
    }
  },
  "authorContributionVariance": {
    "alvinnyk": 338.05914
  },
  "authorDisplayNameMap": {
    "alvinnyk": "ALVI ..  KIT"
  }
}
