{
  "authorDailyContributionsMap": {
    "cambrian-dk": [
      {
        "insertions": 381,
        "deletions": 195,
        "date": "2019-08-20",
        "commitResults": [
          {
            "hash": "1affd0bdbf5804382ba7af3c70c806712ffbabaa",
            "messageTitle": "Implement level 1",
            "messageBody": "",
            "insertions": 20,
            "deletions": 7
          },
          {
            "hash": "4f8aa2e46885cd820b7450e72759ef5e2afd2c0f",
            "messageTitle": "Implemented level 2",
            "messageBody": "",
            "insertions": 38,
            "deletions": 13
          },
          {
            "hash": "66cc1aba67abd99acddb1d6f2986b2848581d56b",
            "messageTitle": "Implemented level 3 and A-Classes",
            "messageBody": "",
            "insertions": 27,
            "deletions": 0
          },
          {
            "hash": "e9c8173beb20f5d6dd43b995313bfee23ed632c4",
            "messageTitle": "Implemented Level 4 and A-Inheritance",
            "messageBody": "",
            "insertions": 139,
            "deletions": 18
          },
          {
            "hash": "f580db4c617834f996bb2af27edc21acf3ebbfe3",
            "messageTitle": "Revert \"Implemented Level 4 and A-Inheritance\"",
            "messageBody": "This reverts commit e9c8173beb20f5d6dd43b995313bfee23ed632c4.\n",
            "insertions": 18,
            "deletions": 139
          },
          {
            "hash": "1b62dec4eb6fe4d9344ac1bc058b7c584c2ca423",
            "messageTitle": "Implemented Level 4 and A-inheritance",
            "messageBody": "",
            "insertions": 139,
            "deletions": 18
          }
        ]
      },
      {
        "insertions": 213,
        "deletions": 84,
        "date": "2019-08-21",
        "commitResults": [
          {
            "hash": "fb6e8396f226f57729367596692f02e2d1b54fa9",
            "messageTitle": "Formatting fixes for Level-4 and A-Inheritance",
            "messageBody": "",
            "insertions": 2,
            "deletions": 2
          },
          {
            "hash": "c0132bd4a64df63e45496ec955c2a40b35a5bff3",
            "messageTitle": "Implemented A-TextUiTesting",
            "messageBody": "",
            "insertions": 67,
            "deletions": 0
          },
          {
            "hash": "7abd224cb3c0ac2d178430a26b77d65f6618aa80",
            "messageTitle": "Implemented Level-5 and A-Exceptions",
            "messageBody": "",
            "insertions": 108,
            "deletions": 76
          },
          {
            "hash": "5b1a2d3511bc6d3c0df5d41e24ee1fc3881b7d4d",
            "messageTitle": "Implemented Level-6 and A-Collections",
            "messageBody": "",
            "insertions": 36,
            "deletions": 6
          }
        ]
      },
      {
        "insertions": 118,
        "deletions": 4,
        "date": "2019-08-27",
        "commitResults": [
          {
            "hash": "6ce934be1f13a8149f9abbe9f41e5072937b977a",
            "messageTitle": "minor changes",
            "messageBody": "",
            "insertions": 3,
            "deletions": 1
          },
          {
            "hash": "79e087e43b829396cd688bd7e0beea1824b944ea",
            "messageTitle": "initial changes for level 7",
            "messageBody": "",
            "insertions": 106,
            "deletions": 2
          },
          {
            "hash": "7cc2889119c96cebf6edc251446f6bce01f9a411",
            "messageTitle": "initial commits for level 8",
            "messageBody": "",
            "insertions": 4,
            "deletions": 0
          },
          {
            "hash": "fca9e74ad410ca680338fd49528cff84fd2dd0b4",
            "messageTitle": "initial commits for A-MoreOOP",
            "messageBody": "",
            "insertions": 2,
            "deletions": 0
          },
          {
            "hash": "2af0e5c6a68400c62ef372dcfd0af293dfdebfd1",
            "messageTitle": "initial commits for A-JUnit",
            "messageBody": "",
            "insertions": 3,
            "deletions": 1
          }
        ]
      },
      {
        "insertions": 50,
        "deletions": 16,
        "date": "2019-08-28",
        "commitResults": [
          {
            "hash": "51936a95b035edcc5680a0bb314299c1c4505b25",
            "messageTitle": "Final changes for level 7",
            "messageBody": "",
            "insertions": 14,
            "deletions": 11
          },
          {
            "hash": "a4f88e911bbd211ae14d69d4b570ac4b3a6253d8",
            "messageTitle": "Final commits for Level-8",
            "messageBody": "",
            "insertions": 36,
            "deletions": 5
          }
        ]
      },
      {
        "insertions": 451,
        "deletions": 188,
        "date": "2019-09-01",
        "commitResults": [
          {
            "hash": "50cfbdd347ab8446612c280e11cc021c254b770c",
            "messageTitle": "apply final changes for A-MoreOOP",
            "messageBody": "",
            "insertions": 357,
            "deletions": 178
          },
          {
            "hash": "27e37bc7a404cbe0521c79ddff9a9aa15847db4f",
            "messageTitle": "apply changes for A-Packages",
            "messageBody": "",
            "insertions": 94,
            "deletions": 10
          }
        ]
      },
      {
        "insertions": 10,
        "deletions": 2,
        "date": "2019-09-03",
        "commitResults": [
          {
            "hash": "f6c9890b2616f7215dd1b087510f65ac2cf2317b",
            "messageTitle": "add initial code for A-JUnit and A-Gradle",
            "messageBody": "",
            "insertions": 10,
            "deletions": 2
          }
        ]
      },
      {
        "insertions": 641,
        "deletions": 65,
        "date": "2019-09-04",
        "commitResults": [
          {
            "hash": "9bc82360d6b731a2630194f4a8bdb2f651c8dbcd",
            "messageTitle": "add final changes for A-JUnit",
            "messageBody": "",
            "insertions": 50,
            "deletions": 7
          },
          {
            "hash": "5f9d9fcb14258e24a6861e3896038285cea628b3",
            "messageTitle": "Add final changes for Level-9",
            "messageBody": "",
            "insertions": 46,
            "deletions": 1
          },
          {
            "hash": "285674c96391082bc3dc300a022b2c2f70680c6e",
            "messageTitle": "Add changes for Level-9 to merge back into master",
            "messageBody": "",
            "insertions": 66,
            "deletions": 11
          },
          {
            "hash": "a8d0fc2553a99aed6dcee0ad30a447221f097277",
            "messageTitle": "Add final changes for A-JavaDoc",
            "messageBody": "",
            "insertions": 479,
            "deletions": 46
          }
        ]
      }
    ]
  },
  "authorFinalContributionMap": {
    "cambrian-dk": 1313
  },
  "authorFileTypeContributionMap": {
    "cambrian-dk": {
      "java": 1216,
      "md": 0,
      "fxml": 0,
      "sh": 34,
      "bat": 0,
      "gradle": 17,
      "txt": 46
    }
  },
  "authorContributionVariance": {
    "cambrian-dk": 52689.49
  },
  "authorDisplayNameMap": {
    "cambrian-dk": "CS2103T-W13-4 DARYL ... I KAI"
  }
}
