{
  "authorDailyContributionsMap": {
    "cambrian-dk": [
      {
        "insertions": 381,
        "deletions": 195,
        "date": "2019-08-20",
        "commitResults": [
          {
            "hash": "1affd0bdbf5804382ba7af3c70c806712ffbabaa",
            "messageTitle": "Implement level 1",
            "messageBody": "",
            "insertions": 20,
            "deletions": 7
          },
          {
            "hash": "4f8aa2e46885cd820b7450e72759ef5e2afd2c0f",
            "messageTitle": "Implemented level 2",
            "messageBody": "",
            "insertions": 38,
            "deletions": 13
          },
          {
            "hash": "66cc1aba67abd99acddb1d6f2986b2848581d56b",
            "messageTitle": "Implemented level 3 and A-Classes",
            "messageBody": "",
            "insertions": 27,
            "deletions": 0
          },
          {
            "hash": "e9c8173beb20f5d6dd43b995313bfee23ed632c4",
            "messageTitle": "Implemented Level 4 and A-Inheritance",
            "messageBody": "",
            "insertions": 139,
            "deletions": 18
          },
          {
            "hash": "f580db4c617834f996bb2af27edc21acf3ebbfe3",
            "messageTitle": "Revert \"Implemented Level 4 and A-Inheritance\"",
            "messageBody": "This reverts commit e9c8173beb20f5d6dd43b995313bfee23ed632c4.\n",
            "insertions": 18,
            "deletions": 139
          },
          {
            "hash": "1b62dec4eb6fe4d9344ac1bc058b7c584c2ca423",
            "messageTitle": "Implemented Level 4 and A-inheritance",
            "messageBody": "",
            "insertions": 139,
            "deletions": 18
          }
        ]
      },
      {
        "insertions": 213,
        "deletions": 84,
        "date": "2019-08-21",
        "commitResults": [
          {
            "hash": "fb6e8396f226f57729367596692f02e2d1b54fa9",
            "messageTitle": "Formatting fixes for Level-4 and A-Inheritance",
            "messageBody": "",
            "insertions": 2,
            "deletions": 2
          },
          {
            "hash": "c0132bd4a64df63e45496ec955c2a40b35a5bff3",
            "messageTitle": "Implemented A-TextUiTesting",
            "messageBody": "",
            "insertions": 67,
            "deletions": 0
          },
          {
            "hash": "7abd224cb3c0ac2d178430a26b77d65f6618aa80",
            "messageTitle": "Implemented Level-5 and A-Exceptions",
            "messageBody": "",
            "insertions": 108,
            "deletions": 76
          },
          {
            "hash": "5b1a2d3511bc6d3c0df5d41e24ee1fc3881b7d4d",
            "messageTitle": "Implemented Level-6 and A-Collections",
            "messageBody": "",
            "insertions": 36,
            "deletions": 6
          }
        ]
      },
      {
        "insertions": 114,
        "deletions": 4,
        "date": "2019-08-27",
        "commitResults": [
          {
            "hash": "6ce934be1f13a8149f9abbe9f41e5072937b977a",
            "messageTitle": "minor changes",
            "messageBody": "",
            "insertions": 3,
            "deletions": 1
          },
          {
            "hash": "79e087e43b829396cd688bd7e0beea1824b944ea",
            "messageTitle": "initial changes for level 7",
            "messageBody": "",
            "insertions": 106,
            "deletions": 2
          },
          {
            "hash": "fca9e74ad410ca680338fd49528cff84fd2dd0b4",
            "messageTitle": "initial commits for A-MoreOOP",
            "messageBody": "",
            "insertions": 2,
            "deletions": 0
          },
          {
            "hash": "2af0e5c6a68400c62ef372dcfd0af293dfdebfd1",
            "messageTitle": "initial commits for A-JUnit",
            "messageBody": "",
            "insertions": 3,
            "deletions": 1
          }
        ]
      },
      {
        "insertions": 14,
        "deletions": 11,
        "date": "2019-08-28",
        "commitResults": [
          {
            "hash": "51936a95b035edcc5680a0bb314299c1c4505b25",
            "messageTitle": "Final changes for level 7",
            "messageBody": "",
            "insertions": 14,
            "deletions": 11
          }
        ]
      }
    ]
  },
  "authorFinalContributionMap": {
    "cambrian-dk": 435
  },
  "authorFileTypeContributionMap": {
    "cambrian-dk": {
      "java": 354,
      "md": 0,
      "fxml": 0,
      "sh": 34,
      "bat": 0,
      "gradle": 1,
      "txt": 46
    }
  },
  "authorContributionVariance": {
    "cambrian-dk": 27317.676
  },
  "authorDisplayNameMap": {
    "cambrian-dk": "DARY ..  KAI"
  }
}
