{
  "authorDailyContributionsMap": {
    "seeziyang": [
      {
        "insertions": 390,
        "deletions": 67,
        "date": "2019-08-19",
        "commitResults": [
          {
            "hash": "3ba90b0901ccf33c0bc85fcf68c872bc4193b2cb",
            "messageTitle": "Add Level 1. Greet, Echo, Exit",
            "messageBody": "",
            "insertions": 28,
            "deletions": 1
          },
          {
            "hash": "83fbd3ba21aec2adb967cbc2a6c2895b9993b2a4",
            "messageTitle": "Add Level 2. Add, List",
            "messageBody": "",
            "insertions": 40,
            "deletions": 11
          },
          {
            "hash": "63de287d02c546cdf8e5709d94d83eccd984479c",
            "messageTitle": "Add Level 3. Mark as Done",
            "messageBody": "",
            "insertions": 36,
            "deletions": 4
          },
          {
            "hash": "c35b9d3c49ba107137edb8725447c5080b972106",
            "messageTitle": "Add Level 4. ToDos, Events, Deadlines",
            "messageBody": "",
            "insertions": 59,
            "deletions": 6
          },
          {
            "hash": "91174fc1c158033fd45f94e4c0a4a0d4e32e31ce",
            "messageTitle": "Refactor code",
            "messageBody": "",
            "insertions": 30,
            "deletions": 25
          },
          {
            "hash": "8d6ea87905b821587d4342e3777b88a73c59bb04",
            "messageTitle": "Add A-TextUiTesting",
            "messageBody": "",
            "insertions": 93,
            "deletions": 0
          },
          {
            "hash": "72e029767237fb5a35ffd589eb801a64052aa93f",
            "messageTitle": "Add Level 5. Handle Errors and A-Exceptions",
            "messageBody": "Add Level 5. Handle Errors and A-Exceptions\n",
            "insertions": 70,
            "deletions": 20
          },
          {
            "hash": "e68aafa0eee689ccf1b346bf864fc10e7489be03",
            "messageTitle": "Add Level 6. Delete",
            "messageBody": "",
            "insertions": 18,
            "deletions": 0
          },
          {
            "hash": "d4aae49a2a156b11dd28ba453c0af9cc222bf2d1",
            "messageTitle": "Update Text UI Testing",
            "messageBody": "",
            "insertions": 16,
            "deletions": 0
          }
        ]
      }
    ],
    "Jeffry Lum": []
  },
  "authorFinalContributionMap": {
    "seeziyang": 328,
    "Jeffry Lum": 1
  },
  "authorFileTypeContributionMap": {
    "seeziyang": {
      "java": 219,
      "md": 0,
      "fxml": 0,
      "sh": 0,
      "bat": 21,
      "gradle": 0,
      "txt": 88
    },
    "Jeffry Lum": {
      "java": 1,
      "md": 0,
      "fxml": 0,
      "sh": 0,
      "bat": 0,
      "gradle": 0,
      "txt": 0
    }
  },
  "authorContributionVariance": {
    "seeziyang": 39159.188,
    "Jeffry Lum": 0.0
  },
  "authorDisplayNameMap": {
    "seeziyang": "seeziyang",
    "Jeffry Lum": "Jeffry Lum"
  }
}
