{
  "authorDailyContributionsMap": {
    "Davidcwh": [
      {
        "insertions": 329,
        "deletions": 91,
        "date": "2019-08-17",
        "commitResults": [
          {
            "hash": "f79f1ddabb33d0de0497a3a29c66a84422eb39e3",
            "messageTitle": "Level-1 done",
            "messageBody": "",
            "insertions": 28,
            "deletions": 0
          },
          {
            "hash": "89be77111a6095346c53d24eaa74222365ca82ea",
            "messageTitle": "Level-2 done",
            "messageBody": "",
            "insertions": 13,
            "deletions": 3
          },
          {
            "hash": "e55a30e26f973b21ac44d570508c21086e2e7d26",
            "messageTitle": "Level-3 done",
            "messageBody": "",
            "insertions": 40,
            "deletions": 8
          },
          {
            "hash": "be6931fc2b4a8571826ba7c7d5debb2f4a03ecee",
            "messageTitle": "Level-4 done",
            "messageBody": "",
            "insertions": 101,
            "deletions": 7
          },
          {
            "hash": "fe8c47c9121fa26566cbbfa9fd540047121d21f0",
            "messageTitle": "Level-5 done",
            "messageBody": "",
            "insertions": 120,
            "deletions": 68
          },
          {
            "hash": "98cdda104822c115f6ac8c3a1f23040471fd20ce",
            "messageTitle": "Level-6 done",
            "messageBody": "",
            "insertions": 27,
            "deletions": 5
          }
        ]
      },
      {
        "insertions": 341,
        "deletions": 32,
        "date": "2019-08-24",
        "commitResults": [
          {
            "hash": "6bc45423dccc434a526d8ff4fb88df5e248c4a39",
            "messageTitle": "Level-7 done",
            "messageBody": "",
            "insertions": 126,
            "deletions": 7
          },
          {
            "hash": "4d93245aed6d485ef63b831f188212217d6bd7c0",
            "messageTitle": "Level-8 done",
            "messageBody": "",
            "insertions": 183,
            "deletions": 4
          },
          {
            "hash": "67e8800326a56a1846663a8bab63a25d942872a3",
            "messageTitle": "Fixed bugs that occured after merging Level-7 and Level-8 branches",
            "messageBody": "",
            "insertions": 32,
            "deletions": 21
          }
        ]
      },
      {
        "insertions": 527,
        "deletions": 250,
        "date": "2019-08-25",
        "commitResults": [
          {
            "hash": "5f00fd2d9753161b8261bbaee67e8218390bb1dc",
            "messageTitle": "A-MoreOOP done",
            "messageBody": "",
            "insertions": 444,
            "deletions": 248
          },
          {
            "hash": "019a5f7504768d98eba48152ad355257a166254e",
            "messageTitle": "A-JUnit Testing done",
            "messageBody": "",
            "insertions": 83,
            "deletions": 2
          }
        ]
      },
      {
        "insertions": 584,
        "deletions": 36,
        "date": "2019-08-26",
        "commitResults": [
          {
            "hash": "ff411c653300f4b23174a1eab2e13045bdb38f9c",
            "messageTitle": "A-JavaDoc done",
            "messageBody": "",
            "insertions": 316,
            "deletions": 2
          },
          {
            "hash": "6bc8cd4895efd7ad188bad77db18a88f0402371a",
            "messageTitle": "A-CodingStandard done",
            "messageBody": "",
            "insertions": 155,
            "deletions": 20
          },
          {
            "hash": "ce174398acbc7386eac8e297bbfa098ad16a7865",
            "messageTitle": "Level-9 done",
            "messageBody": "",
            "insertions": 74,
            "deletions": 2
          },
          {
            "hash": "6ee182b39e2eb43f3c7a0e03026023ff07ff28fd",
            "messageTitle": "Added JavaDoc comments for Level-9 code",
            "messageBody": "",
            "insertions": 36,
            "deletions": 10
          },
          {
            "hash": "06cd9961c4dbd995e8770a48329bdc943a2659da",
            "messageTitle": "Fixed checkstyle errors after adding JavaDoc comments for Level-9 code",
            "messageBody": "",
            "insertions": 3,
            "deletions": 2
          }
        ]
      },
      {
        "insertions": 316,
        "deletions": 92,
        "date": "2019-08-31",
        "commitResults": [
          {
            "hash": "43b7aec5db2d620c9fb46d56ae9809e39c8e492f",
            "messageTitle": "Level-10 done",
            "messageBody": "",
            "insertions": 316,
            "deletions": 92
          }
        ]
      }
    ]
  },
  "authorFinalContributionMap": {
    "Davidcwh": 1476
  },
  "authorFileTypeContributionMap": {
    "Davidcwh": {
      "java": 1440,
      "md": 0,
      "fxml": 0,
      "sh": 0,
      "bat": 0,
      "gradle": 32,
      "txt": 4
    }
  },
  "authorContributionVariance": {
    "Davidcwh": 65516.977
  },
  "authorDisplayNameMap": {
    "Davidcwh": "CS2103T-F12 CHIA  ... DAVID"
  }
}
