[
  {
    "path": "src/main/java/Deadline.java",
    "fileType": "java",
    "lines": [
      {
        "lineNumber": 1,
        "author": {
          "gitId": "ngswbryan"
        },
        "content": "public class Deadline extends Task {"
      },
      {
        "lineNumber": 2,
        "author": {
          "gitId": "ngswbryan"
        },
        "content": ""
      },
      {
        "lineNumber": 3,
        "author": {
          "gitId": "ngswbryan"
        },
        "content": "    protected String by;"
      },
      {
        "lineNumber": 4,
        "author": {
          "gitId": "ngswbryan"
        },
        "content": ""
      },
      {
        "lineNumber": 5,
        "author": {
          "gitId": "ngswbryan"
        },
        "content": "    public Deadline(String description, String by) {"
      },
      {
        "lineNumber": 6,
        "author": {
          "gitId": "ngswbryan"
        },
        "content": "        super(description);"
      },
      {
        "lineNumber": 7,
        "author": {
          "gitId": "ngswbryan"
        },
        "content": "        this.by \u003d by;"
      },
      {
        "lineNumber": 8,
        "author": {
          "gitId": "ngswbryan"
        },
        "content": "    }"
      },
      {
        "lineNumber": 9,
        "author": {
          "gitId": "ngswbryan"
        },
        "content": ""
      },
      {
        "lineNumber": 10,
        "author": {
          "gitId": "ngswbryan"
        },
        "content": "    @Override"
      },
      {
        "lineNumber": 11,
        "author": {
          "gitId": "ngswbryan"
        },
        "content": "    public String toString() {"
      },
      {
        "lineNumber": 12,
        "author": {
          "gitId": "ngswbryan"
        },
        "content": "        return \"[D]\" + super.toString() + \" (by: \" + by + \")\";"
      },
      {
        "lineNumber": 13,
        "author": {
          "gitId": "ngswbryan"
        },
        "content": "    }"
      },
      {
        "lineNumber": 14,
        "author": {
          "gitId": "ngswbryan"
        },
        "content": "}"
      }
    ],
    "authorContributionMap": {
      "ngswbryan": 14
    }
  },
  {
    "path": "src/main/java/Duke.java",
    "fileType": "java",
    "lines": [
      {
        "lineNumber": 1,
        "author": {
          "gitId": "ngswbryan"
        },
        "content": "import java.util.Scanner;"
      },
      {
        "lineNumber": 2,
        "author": {
          "gitId": "ngswbryan"
        },
        "content": "import java.util.ArrayList;"
      },
      {
        "lineNumber": 3,
        "author": {
          "gitId": "ngswbryan"
        },
        "content": ""
      },
      {
        "lineNumber": 4,
        "author": {
          "gitId": "-"
        },
        "content": "public class Duke {"
      },
      {
        "lineNumber": 5,
        "author": {
          "gitId": "ngswbryan"
        },
        "content": "    public static void main(String[] args) throws DukeException{"
      },
      {
        "lineNumber": 6,
        "author": {
          "gitId": "ngswbryan"
        },
        "content": "        Scanner sc \u003d new Scanner(System.in);"
      },
      {
        "lineNumber": 7,
        "author": {
          "gitId": "ngswbryan"
        },
        "content": "        ArrayList\u003cTask\u003e store \u003d new ArrayList\u003c\u003e();"
      },
      {
        "lineNumber": 8,
        "author": {
          "gitId": "ngswbryan"
        },
        "content": ""
      },
      {
        "lineNumber": 9,
        "author": {
          "gitId": "ngswbryan"
        },
        "content": "        System.out.println(\"Hello! I\u0027m Duke\\n\" + \"What can I do for you?\");"
      },
      {
        "lineNumber": 10,
        "author": {
          "gitId": "ngswbryan"
        },
        "content": "        try {"
      },
      {
        "lineNumber": 11,
        "author": {
          "gitId": "ngswbryan"
        },
        "content": "            while(true) {"
      },
      {
        "lineNumber": 12,
        "author": {
          "gitId": "ngswbryan"
        },
        "content": "                String next \u003d sc.next();"
      },
      {
        "lineNumber": 13,
        "author": {
          "gitId": "ngswbryan"
        },
        "content": "                if (next.equals(\"list\")) {"
      },
      {
        "lineNumber": 14,
        "author": {
          "gitId": "ngswbryan"
        },
        "content": "                    if (store.size() \u003d\u003d 0) {"
      },
      {
        "lineNumber": 15,
        "author": {
          "gitId": "ngswbryan"
        },
        "content": "                        throw new DukeException(\"☹ OOPS!!! Your list is still empty!\");"
      },
      {
        "lineNumber": 16,
        "author": {
          "gitId": "ngswbryan"
        },
        "content": "                    }"
      },
      {
        "lineNumber": 17,
        "author": {
          "gitId": "ngswbryan"
        },
        "content": "                    System.out.println(\"Here are the tasks in your list:\");"
      },
      {
        "lineNumber": 18,
        "author": {
          "gitId": "ngswbryan"
        },
        "content": "                    for (int i \u003d 0; i \u003c store.size(); i++) {"
      },
      {
        "lineNumber": 19,
        "author": {
          "gitId": "ngswbryan"
        },
        "content": "                        int taskNumber \u003d i + 1;"
      },
      {
        "lineNumber": 20,
        "author": {
          "gitId": "ngswbryan"
        },
        "content": "                        String taskString \u003d Integer.toString(taskNumber);"
      },
      {
        "lineNumber": 21,
        "author": {
          "gitId": "ngswbryan"
        },
        "content": "                        System.out.println(taskString + \".[\" + store.get(i).getStatusIcon() + \"] \" + store.get(i).toString());"
      },
      {
        "lineNumber": 22,
        "author": {
          "gitId": "ngswbryan"
        },
        "content": "                    }"
      },
      {
        "lineNumber": 23,
        "author": {
          "gitId": "ngswbryan"
        },
        "content": "                } else if (next.equals(\"done\")) {"
      },
      {
        "lineNumber": 24,
        "author": {
          "gitId": "ngswbryan"
        },
        "content": "                    int taskNo \u003d sc.nextInt();"
      },
      {
        "lineNumber": 25,
        "author": {
          "gitId": "ngswbryan"
        },
        "content": "                    if (taskNo \u003e store.size()) {"
      },
      {
        "lineNumber": 26,
        "author": {
          "gitId": "ngswbryan"
        },
        "content": "                        throw new DukeException(\"☹ OOPS!!! No such item in the list!\");"
      },
      {
        "lineNumber": 27,
        "author": {
          "gitId": "ngswbryan"
        },
        "content": "                    }"
      },
      {
        "lineNumber": 28,
        "author": {
          "gitId": "ngswbryan"
        },
        "content": "                    store.get(taskNo-1).markAsDone();"
      },
      {
        "lineNumber": 29,
        "author": {
          "gitId": "ngswbryan"
        },
        "content": "                    System.out.println(\"Nice! I\u0027ve marked this task as done: \");"
      },
      {
        "lineNumber": 30,
        "author": {
          "gitId": "ngswbryan"
        },
        "content": "                    System.out.println(\"  \" + store.get(taskNo-1).toString());"
      },
      {
        "lineNumber": 31,
        "author": {
          "gitId": "ngswbryan"
        },
        "content": "                } else if (next.equals(\"bye\")) {"
      },
      {
        "lineNumber": 32,
        "author": {
          "gitId": "ngswbryan"
        },
        "content": "                    System.out.println(\"Bye. Hope to see you again soon!\");"
      },
      {
        "lineNumber": 33,
        "author": {
          "gitId": "ngswbryan"
        },
        "content": "                    break;"
      },
      {
        "lineNumber": 34,
        "author": {
          "gitId": "ngswbryan"
        },
        "content": "                } else if (next.equals(\"todo\") || next.equals(\"deadline\") || next.equals(\"event\")){"
      },
      {
        "lineNumber": 35,
        "author": {
          "gitId": "ngswbryan"
        },
        "content": "                    Task newTask;"
      },
      {
        "lineNumber": 36,
        "author": {
          "gitId": "ngswbryan"
        },
        "content": "                    String remainder \u003d sc.nextLine();"
      },
      {
        "lineNumber": 37,
        "author": {
          "gitId": "ngswbryan"
        },
        "content": "                    if (next.equals(\"todo\")) {"
      },
      {
        "lineNumber": 38,
        "author": {
          "gitId": "ngswbryan"
        },
        "content": "                        if (remainder.trim().isEmpty()) {"
      },
      {
        "lineNumber": 39,
        "author": {
          "gitId": "ngswbryan"
        },
        "content": "                            throw new DukeException(\"☹ OOPS!!! The description of a todo cannot be empty.\");"
      },
      {
        "lineNumber": 40,
        "author": {
          "gitId": "ngswbryan"
        },
        "content": "                        }"
      },
      {
        "lineNumber": 41,
        "author": {
          "gitId": "ngswbryan"
        },
        "content": "                        newTask \u003d new Todo(remainder);"
      },
      {
        "lineNumber": 42,
        "author": {
          "gitId": "ngswbryan"
        },
        "content": "                    } else if (next.equals(\"deadline\")) {"
      },
      {
        "lineNumber": 43,
        "author": {
          "gitId": "ngswbryan"
        },
        "content": "                        int position \u003d remainder.indexOf(\"/\");"
      },
      {
        "lineNumber": 44,
        "author": {
          "gitId": "ngswbryan"
        },
        "content": "                        if (position \u003d\u003d -1) {"
      },
      {
        "lineNumber": 45,
        "author": {
          "gitId": "ngswbryan"
        },
        "content": "                            throw new DukeException(\"☹ OOPS!!! Not a valid deadline command\");"
      },
      {
        "lineNumber": 46,
        "author": {
          "gitId": "ngswbryan"
        },
        "content": "                        }"
      },
      {
        "lineNumber": 47,
        "author": {
          "gitId": "ngswbryan"
        },
        "content": "                        newTask \u003d new Deadline(remainder.substring(0,position), remainder.substring(position+3));"
      },
      {
        "lineNumber": 48,
        "author": {
          "gitId": "ngswbryan"
        },
        "content": "                    } else {"
      },
      {
        "lineNumber": 49,
        "author": {
          "gitId": "ngswbryan"
        },
        "content": "                        int position \u003d remainder.indexOf(\"/\");"
      },
      {
        "lineNumber": 50,
        "author": {
          "gitId": "ngswbryan"
        },
        "content": "                        if (position \u003d\u003d -1) {"
      },
      {
        "lineNumber": 51,
        "author": {
          "gitId": "ngswbryan"
        },
        "content": "                            throw new DukeException(\"☹ OOPS!!! Not a valid event command\");"
      },
      {
        "lineNumber": 52,
        "author": {
          "gitId": "ngswbryan"
        },
        "content": "                        }"
      },
      {
        "lineNumber": 53,
        "author": {
          "gitId": "ngswbryan"
        },
        "content": "                        newTask \u003d new Event(remainder.substring(0,position), remainder.substring(position+3));"
      },
      {
        "lineNumber": 54,
        "author": {
          "gitId": "ngswbryan"
        },
        "content": "                    }"
      },
      {
        "lineNumber": 55,
        "author": {
          "gitId": "ngswbryan"
        },
        "content": "                    store.add(newTask);"
      },
      {
        "lineNumber": 56,
        "author": {
          "gitId": "ngswbryan"
        },
        "content": "                    System.out.println(\"Got it. I\u0027ve added this task: \");"
      },
      {
        "lineNumber": 57,
        "author": {
          "gitId": "ngswbryan"
        },
        "content": "                    System.out.println(\"  \" + newTask.toString());"
      },
      {
        "lineNumber": 58,
        "author": {
          "gitId": "ngswbryan"
        },
        "content": "                    String size \u003d Integer.toString(store.size());"
      },
      {
        "lineNumber": 59,
        "author": {
          "gitId": "ngswbryan"
        },
        "content": "                    System.out.println(\"Now you have \" + size + \" tasks in the list.\");"
      },
      {
        "lineNumber": 60,
        "author": {
          "gitId": "ngswbryan"
        },
        "content": "                } else if (next.equals(\"delete\")){"
      },
      {
        "lineNumber": 61,
        "author": {
          "gitId": "ngswbryan"
        },
        "content": "                    int taskNo \u003d sc.nextInt();"
      },
      {
        "lineNumber": 62,
        "author": {
          "gitId": "ngswbryan"
        },
        "content": "                    if (taskNo \u003e store.size()) {"
      },
      {
        "lineNumber": 63,
        "author": {
          "gitId": "ngswbryan"
        },
        "content": "                        throw new DukeException(\"☹ OOPS!!! No such item in the list!\");"
      },
      {
        "lineNumber": 64,
        "author": {
          "gitId": "ngswbryan"
        },
        "content": "                    }"
      },
      {
        "lineNumber": 65,
        "author": {
          "gitId": "ngswbryan"
        },
        "content": "                    System.out.println(\"Noted. I\u0027ve removed this task: \");"
      },
      {
        "lineNumber": 66,
        "author": {
          "gitId": "ngswbryan"
        },
        "content": "                    System.out.println(\"  \" + store.get(taskNo-1).toString());"
      },
      {
        "lineNumber": 67,
        "author": {
          "gitId": "ngswbryan"
        },
        "content": "                    store.remove(taskNo-1);"
      },
      {
        "lineNumber": 68,
        "author": {
          "gitId": "ngswbryan"
        },
        "content": "                    String size \u003d Integer.toString(store.size());"
      },
      {
        "lineNumber": 69,
        "author": {
          "gitId": "ngswbryan"
        },
        "content": "                    System.out.println(\"Now you have \" + size + \" tasks in the list.\");"
      },
      {
        "lineNumber": 70,
        "author": {
          "gitId": "ngswbryan"
        },
        "content": "                } else {"
      },
      {
        "lineNumber": 71,
        "author": {
          "gitId": "ngswbryan"
        },
        "content": "                    throw new DukeException(\"☹ OOPS!!! I\u0027m sorry, but I don\u0027t know what that means :-(\");"
      },
      {
        "lineNumber": 72,
        "author": {
          "gitId": "ngswbryan"
        },
        "content": "                }"
      },
      {
        "lineNumber": 73,
        "author": {
          "gitId": "ngswbryan"
        },
        "content": "            }"
      },
      {
        "lineNumber": 74,
        "author": {
          "gitId": "ngswbryan"
        },
        "content": "        } catch(DukeException err) {"
      },
      {
        "lineNumber": 75,
        "author": {
          "gitId": "ngswbryan"
        },
        "content": "            System.out.println(err.getMessage());"
      },
      {
        "lineNumber": 76,
        "author": {
          "gitId": "ngswbryan"
        },
        "content": "        }"
      },
      {
        "lineNumber": 77,
        "author": {
          "gitId": "ngswbryan"
        },
        "content": ""
      },
      {
        "lineNumber": 78,
        "author": {
          "gitId": "-"
        },
        "content": "    }"
      },
      {
        "lineNumber": 79,
        "author": {
          "gitId": "-"
        },
        "content": "}"
      }
    ],
    "authorContributionMap": {
      "ngswbryan": 76,
      "-": 3
    }
  },
  {
    "path": "src/main/java/DukeException.java",
    "fileType": "java",
    "lines": [
      {
        "lineNumber": 1,
        "author": {
          "gitId": "ngswbryan"
        },
        "content": "public class DukeException extends Exception {"
      },
      {
        "lineNumber": 2,
        "author": {
          "gitId": "ngswbryan"
        },
        "content": "    public DukeException(String errorMessage) {"
      },
      {
        "lineNumber": 3,
        "author": {
          "gitId": "ngswbryan"
        },
        "content": "        super(errorMessage);"
      },
      {
        "lineNumber": 4,
        "author": {
          "gitId": "ngswbryan"
        },
        "content": "    }"
      },
      {
        "lineNumber": 5,
        "author": {
          "gitId": "ngswbryan"
        },
        "content": "}"
      }
    ],
    "authorContributionMap": {
      "ngswbryan": 5
    }
  },
  {
    "path": "src/main/java/Event.java",
    "fileType": "java",
    "lines": [
      {
        "lineNumber": 1,
        "author": {
          "gitId": "ngswbryan"
        },
        "content": "public class Event extends Task {"
      },
      {
        "lineNumber": 2,
        "author": {
          "gitId": "ngswbryan"
        },
        "content": ""
      },
      {
        "lineNumber": 3,
        "author": {
          "gitId": "ngswbryan"
        },
        "content": "    protected String at;"
      },
      {
        "lineNumber": 4,
        "author": {
          "gitId": "ngswbryan"
        },
        "content": ""
      },
      {
        "lineNumber": 5,
        "author": {
          "gitId": "ngswbryan"
        },
        "content": "    public Event(String description, String at) {"
      },
      {
        "lineNumber": 6,
        "author": {
          "gitId": "ngswbryan"
        },
        "content": "        super(description);"
      },
      {
        "lineNumber": 7,
        "author": {
          "gitId": "ngswbryan"
        },
        "content": "        this.at \u003d at;"
      },
      {
        "lineNumber": 8,
        "author": {
          "gitId": "ngswbryan"
        },
        "content": "    }"
      },
      {
        "lineNumber": 9,
        "author": {
          "gitId": "ngswbryan"
        },
        "content": ""
      },
      {
        "lineNumber": 10,
        "author": {
          "gitId": "ngswbryan"
        },
        "content": "    @Override"
      },
      {
        "lineNumber": 11,
        "author": {
          "gitId": "ngswbryan"
        },
        "content": "    public String toString() {"
      },
      {
        "lineNumber": 12,
        "author": {
          "gitId": "ngswbryan"
        },
        "content": "        return \"[E]\" + super.toString() + \" (at: \" + at + \")\";"
      },
      {
        "lineNumber": 13,
        "author": {
          "gitId": "ngswbryan"
        },
        "content": "    }"
      },
      {
        "lineNumber": 14,
        "author": {
          "gitId": "ngswbryan"
        },
        "content": "}"
      }
    ],
    "authorContributionMap": {
      "ngswbryan": 14
    }
  },
  {
    "path": "src/main/java/Task.java",
    "fileType": "java",
    "lines": [
      {
        "lineNumber": 1,
        "author": {
          "gitId": "ngswbryan"
        },
        "content": "public class Task {"
      },
      {
        "lineNumber": 2,
        "author": {
          "gitId": "ngswbryan"
        },
        "content": "    protected String description;"
      },
      {
        "lineNumber": 3,
        "author": {
          "gitId": "ngswbryan"
        },
        "content": "    protected boolean isDone;"
      },
      {
        "lineNumber": 4,
        "author": {
          "gitId": "ngswbryan"
        },
        "content": ""
      },
      {
        "lineNumber": 5,
        "author": {
          "gitId": "ngswbryan"
        },
        "content": "    public Task(String description) {"
      },
      {
        "lineNumber": 6,
        "author": {
          "gitId": "ngswbryan"
        },
        "content": "        this.description \u003d description;"
      },
      {
        "lineNumber": 7,
        "author": {
          "gitId": "ngswbryan"
        },
        "content": "        this.isDone \u003d false;"
      },
      {
        "lineNumber": 8,
        "author": {
          "gitId": "ngswbryan"
        },
        "content": "    }"
      },
      {
        "lineNumber": 9,
        "author": {
          "gitId": "ngswbryan"
        },
        "content": ""
      },
      {
        "lineNumber": 10,
        "author": {
          "gitId": "ngswbryan"
        },
        "content": "    public String getStatusIcon() {"
      },
      {
        "lineNumber": 11,
        "author": {
          "gitId": "ngswbryan"
        },
        "content": "        return (isDone ? \"\\u2713\" : \"\\u2718\"); //return tick or X symbols"
      },
      {
        "lineNumber": 12,
        "author": {
          "gitId": "ngswbryan"
        },
        "content": "    }"
      },
      {
        "lineNumber": 13,
        "author": {
          "gitId": "ngswbryan"
        },
        "content": ""
      },
      {
        "lineNumber": 14,
        "author": {
          "gitId": "ngswbryan"
        },
        "content": "    public void markAsDone() {"
      },
      {
        "lineNumber": 15,
        "author": {
          "gitId": "ngswbryan"
        },
        "content": "        this.isDone \u003d true;"
      },
      {
        "lineNumber": 16,
        "author": {
          "gitId": "ngswbryan"
        },
        "content": "    }"
      },
      {
        "lineNumber": 17,
        "author": {
          "gitId": "ngswbryan"
        },
        "content": ""
      },
      {
        "lineNumber": 18,
        "author": {
          "gitId": "ngswbryan"
        },
        "content": "    @Override"
      },
      {
        "lineNumber": 19,
        "author": {
          "gitId": "ngswbryan"
        },
        "content": "    public String toString() {"
      },
      {
        "lineNumber": 20,
        "author": {
          "gitId": "ngswbryan"
        },
        "content": "        return \"[\" + this.getStatusIcon() + \"] \" + this.description;"
      },
      {
        "lineNumber": 21,
        "author": {
          "gitId": "ngswbryan"
        },
        "content": "    }"
      },
      {
        "lineNumber": 22,
        "author": {
          "gitId": "ngswbryan"
        },
        "content": "}"
      }
    ],
    "authorContributionMap": {
      "ngswbryan": 22
    }
  },
  {
    "path": "src/main/java/Todo.java",
    "fileType": "java",
    "lines": [
      {
        "lineNumber": 1,
        "author": {
          "gitId": "ngswbryan"
        },
        "content": "public class Todo extends Task {"
      },
      {
        "lineNumber": 2,
        "author": {
          "gitId": "ngswbryan"
        },
        "content": ""
      },
      {
        "lineNumber": 3,
        "author": {
          "gitId": "ngswbryan"
        },
        "content": "    public Todo(String description) {"
      },
      {
        "lineNumber": 4,
        "author": {
          "gitId": "ngswbryan"
        },
        "content": "        super(description);"
      },
      {
        "lineNumber": 5,
        "author": {
          "gitId": "ngswbryan"
        },
        "content": "    }"
      },
      {
        "lineNumber": 6,
        "author": {
          "gitId": "ngswbryan"
        },
        "content": ""
      },
      {
        "lineNumber": 7,
        "author": {
          "gitId": "ngswbryan"
        },
        "content": "    @Override"
      },
      {
        "lineNumber": 8,
        "author": {
          "gitId": "ngswbryan"
        },
        "content": "    public String toString() {"
      },
      {
        "lineNumber": 9,
        "author": {
          "gitId": "ngswbryan"
        },
        "content": "        return \"[T]\" + super.toString();"
      },
      {
        "lineNumber": 10,
        "author": {
          "gitId": "ngswbryan"
        },
        "content": "    }"
      },
      {
        "lineNumber": 11,
        "author": {
          "gitId": "ngswbryan"
        },
        "content": "}"
      }
    ],
    "authorContributionMap": {
      "ngswbryan": 11
    }
  },
  {
    "path": "tutorials/javaFxTutorialPart3.md",
    "fileType": "md",
    "lines": [
      {
        "lineNumber": 1,
        "author": {
          "gitId": "-"
        },
        "content": "# JavaFX Tutorial 3 – Interacting with the user"
      },
      {
        "lineNumber": 2,
        "author": {
          "gitId": "-"
        },
        "content": ""
      },
      {
        "lineNumber": 3,
        "author": {
          "gitId": "-"
        },
        "content": "Picking up from where we left off last tutorial, we have successfully achieved the desired layout. Now let’s make the application respond to user input. "
      },
      {
        "lineNumber": 4,
        "author": {
          "gitId": "-"
        },
        "content": ""
      },
      {
        "lineNumber": 5,
        "author": {
          "gitId": "-"
        },
        "content": "Rather than to do everything in one try, let’s iterate and build up towards our final goal. "
      },
      {
        "lineNumber": 6,
        "author": {
          "gitId": "-"
        },
        "content": ""
      },
      {
        "lineNumber": 7,
        "author": {
          "gitId": "-"
        },
        "content": "## Iteration 1 – Echoing the User"
      },
      {
        "lineNumber": 8,
        "author": {
          "gitId": "-"
        },
        "content": ""
      },
      {
        "lineNumber": 9,
        "author": {
          "gitId": "-"
        },
        "content": "JavaFX has an _event-driven architecture style_. As such, we programmatically define _handler_ methods to execute as a response to certain _events_. When an event is detected, JavaFX will call the respective handlers."
      },
      {
        "lineNumber": 10,
        "author": {
          "gitId": "-"
        },
        "content": ""
      },
      {
        "lineNumber": 11,
        "author": {
          "gitId": "-"
        },
        "content": "For Duke, there are two events that we want to respond to, namely the user pressing `Enter` in the `TextField` and left-clicking the `Button`. These are the `onAction` event for the `TextField` and the `onMouseClicked` event for the `Button`."
      },
      {
        "lineNumber": 12,
        "author": {
          "gitId": "-"
        },
        "content": ""
      },
      {
        "lineNumber": 13,
        "author": {
          "gitId": "-"
        },
        "content": "For now, let’s have the application add a new `Label` with the text from the `TextField`. Update the `Main` class as follows. You\u0027ll need to add an `import javafx.scene.control.Label;` too."
      },
      {
        "lineNumber": 14,
        "author": {
          "gitId": "-"
        },
        "content": "```java"
      },
      {
        "lineNumber": 15,
        "author": {
          "gitId": "-"
        },
        "content": "@Override"
      },
      {
        "lineNumber": 16,
        "author": {
          "gitId": "-"
        },
        "content": "public void start(Stage stage) {"
      },
      {
        "lineNumber": 17,
        "author": {
          "gitId": "-"
        },
        "content": "    // Step 1 code here"
      },
      {
        "lineNumber": 18,
        "author": {
          "gitId": "-"
        },
        "content": ""
      },
      {
        "lineNumber": 19,
        "author": {
          "gitId": "-"
        },
        "content": "    //Step 2 code here"
      },
      {
        "lineNumber": 20,
        "author": {
          "gitId": "-"
        },
        "content": ""
      },
      {
        "lineNumber": 21,
        "author": {
          "gitId": "-"
        },
        "content": "    //Step 3. Add functionality to handle user input."
      },
      {
        "lineNumber": 22,
        "author": {
          "gitId": "-"
        },
        "content": "    sendButton.setOnMouseClicked((event) -\u003e {"
      },
      {
        "lineNumber": 23,
        "author": {
          "gitId": "-"
        },
        "content": "        dialogContainer.getChildren().add(getDialogLabel(userInput.getText()));"
      },
      {
        "lineNumber": 24,
        "author": {
          "gitId": "-"
        },
        "content": "        userInput.clear();"
      },
      {
        "lineNumber": 25,
        "author": {
          "gitId": "-"
        },
        "content": "    });"
      },
      {
        "lineNumber": 26,
        "author": {
          "gitId": "-"
        },
        "content": "    "
      },
      {
        "lineNumber": 27,
        "author": {
          "gitId": "-"
        },
        "content": "    userInput.setOnAction((event) -\u003e {"
      },
      {
        "lineNumber": 28,
        "author": {
          "gitId": "-"
        },
        "content": "        dialogContainer.getChildren().add(getDialogLabel(userInput.getText()));"
      },
      {
        "lineNumber": 29,
        "author": {
          "gitId": "-"
        },
        "content": "        userInput.clear();"
      },
      {
        "lineNumber": 30,
        "author": {
          "gitId": "-"
        },
        "content": "    });"
      },
      {
        "lineNumber": 31,
        "author": {
          "gitId": "-"
        },
        "content": "}"
      },
      {
        "lineNumber": 32,
        "author": {
          "gitId": "-"
        },
        "content": ""
      },
      {
        "lineNumber": 33,
        "author": {
          "gitId": "-"
        },
        "content": "/**"
      },
      {
        "lineNumber": 34,
        "author": {
          "gitId": "-"
        },
        "content": " * Iteration 1:"
      },
      {
        "lineNumber": 35,
        "author": {
          "gitId": "-"
        },
        "content": " * Creates a label with the specified text and adds it to the dialog container."
      },
      {
        "lineNumber": 36,
        "author": {
          "gitId": "-"
        },
        "content": " * @param text String containing text to add"
      },
      {
        "lineNumber": 37,
        "author": {
          "gitId": "-"
        },
        "content": " * @return a label with the specified text that has word wrap enabled."
      },
      {
        "lineNumber": 38,
        "author": {
          "gitId": "-"
        },
        "content": " */"
      },
      {
        "lineNumber": 39,
        "author": {
          "gitId": "-"
        },
        "content": "private Label getDialogLabel(String text) {"
      },
      {
        "lineNumber": 40,
        "author": {
          "gitId": "-"
        },
        "content": "    // You will need to import `javafx.scene.control.Label`."
      },
      {
        "lineNumber": 41,
        "author": {
          "gitId": "-"
        },
        "content": "    Label textToAdd \u003d new Label(text);"
      },
      {
        "lineNumber": 42,
        "author": {
          "gitId": "-"
        },
        "content": "    textToAdd.setWrapText(true);"
      },
      {
        "lineNumber": 43,
        "author": {
          "gitId": "-"
        },
        "content": ""
      },
      {
        "lineNumber": 44,
        "author": {
          "gitId": "-"
        },
        "content": "    return textToAdd;"
      },
      {
        "lineNumber": 45,
        "author": {
          "gitId": "-"
        },
        "content": "}"
      },
      {
        "lineNumber": 46,
        "author": {
          "gitId": "-"
        },
        "content": "```"
      },
      {
        "lineNumber": 47,
        "author": {
          "gitId": "-"
        },
        "content": ""
      },
      {
        "lineNumber": 48,
        "author": {
          "gitId": "-"
        },
        "content": "Run the program and give it a whirl!"
      },
      {
        "lineNumber": 49,
        "author": {
          "gitId": "-"
        },
        "content": ""
      },
      {
        "lineNumber": 50,
        "author": {
          "gitId": "-"
        },
        "content": "![Echo not scrolling as intended](assets/EchoNotScrolling.png)"
      },
      {
        "lineNumber": 51,
        "author": {
          "gitId": "-"
        },
        "content": ""
      },
      {
        "lineNumber": 52,
        "author": {
          "gitId": "-"
        },
        "content": "At first glance everything appears to work perfectly. However, when the `VBox` stretches beyond the confines of the `ScrollPane`, the `ScrollPane` does not scroll down automatically as expected. We can remedy this by attaching a handler on the `VBox` to react to its own size changing and scrolling the `ScrollPane` down."
      },
      {
        "lineNumber": 53,
        "author": {
          "gitId": "-"
        },
        "content": ""
      },
      {
        "lineNumber": 54,
        "author": {
          "gitId": "-"
        },
        "content": "Update the `start` method as shown below."
      },
      {
        "lineNumber": 55,
        "author": {
          "gitId": "-"
        },
        "content": ""
      },
      {
        "lineNumber": 56,
        "author": {
          "gitId": "-"
        },
        "content": "```java"
      },
      {
        "lineNumber": 57,
        "author": {
          "gitId": "-"
        },
        "content": "public void start(Stage stage) {"
      },
      {
        "lineNumber": 58,
        "author": {
          "gitId": "-"
        },
        "content": "    // current code ..."
      },
      {
        "lineNumber": 59,
        "author": {
          "gitId": "-"
        },
        "content": " "
      },
      {
        "lineNumber": 60,
        "author": {
          "gitId": "-"
        },
        "content": "    //Scroll down to the end every time dialogContainer\u0027s height changes."
      },
      {
        "lineNumber": 61,
        "author": {
          "gitId": "-"
        },
        "content": "    dialogContainer.heightProperty().addListener((observable) -\u003e scrollPane.setVvalue(1.0));"
      },
      {
        "lineNumber": 62,
        "author": {
          "gitId": "-"
        },
        "content": "}"
      },
      {
        "lineNumber": 63,
        "author": {
          "gitId": "-"
        },
        "content": "```"
      },
      {
        "lineNumber": 64,
        "author": {
          "gitId": "-"
        },
        "content": ""
      },
      {
        "lineNumber": 65,
        "author": {
          "gitId": "-"
        },
        "content": "Verify that the `ScrollPane` scrolls as intended."
      },
      {
        "lineNumber": 66,
        "author": {
          "gitId": "-"
        },
        "content": ""
      },
      {
        "lineNumber": 67,
        "author": {
          "gitId": "-"
        },
        "content": "## Iteration 2 – Adding Dialog Boxes"
      },
      {
        "lineNumber": 68,
        "author": {
          "gitId": "-"
        },
        "content": ""
      },
      {
        "lineNumber": 69,
        "author": {
          "gitId": "-"
        },
        "content": "In the mockup of the UI, notice that the dialog boxes are composed of two different controls (`ImageView` and `Label`) and reused multiple times. In situations like this, it is often beneficial to create our own custom control."
      },
      {
        "lineNumber": 70,
        "author": {
          "gitId": "-"
        },
        "content": ""
      },
      {
        "lineNumber": 71,
        "author": {
          "gitId": "-"
        },
        "content": "Let’s create our custom control `DialogBox`:"
      },
      {
        "lineNumber": 72,
        "author": {
          "gitId": "-"
        },
        "content": "```java"
      },
      {
        "lineNumber": 73,
        "author": {
          "gitId": "-"
        },
        "content": "import javafx.geometry.Pos;"
      },
      {
        "lineNumber": 74,
        "author": {
          "gitId": "-"
        },
        "content": "import javafx.scene.control.Label;"
      },
      {
        "lineNumber": 75,
        "author": {
          "gitId": "-"
        },
        "content": "import javafx.scene.image.ImageView;"
      },
      {
        "lineNumber": 76,
        "author": {
          "gitId": "-"
        },
        "content": "import javafx.scene.layout.HBox;"
      },
      {
        "lineNumber": 77,
        "author": {
          "gitId": "-"
        },
        "content": ""
      },
      {
        "lineNumber": 78,
        "author": {
          "gitId": "-"
        },
        "content": "public class DialogBox extends HBox {"
      },
      {
        "lineNumber": 79,
        "author": {
          "gitId": "-"
        },
        "content": ""
      },
      {
        "lineNumber": 80,
        "author": {
          "gitId": "-"
        },
        "content": "    private Label text;"
      },
      {
        "lineNumber": 81,
        "author": {
          "gitId": "-"
        },
        "content": "    private ImageView displayPicture;"
      },
      {
        "lineNumber": 82,
        "author": {
          "gitId": "-"
        },
        "content": ""
      },
      {
        "lineNumber": 83,
        "author": {
          "gitId": "-"
        },
        "content": "    public DialogBox(Label l, ImageView iv) {"
      },
      {
        "lineNumber": 84,
        "author": {
          "gitId": "-"
        },
        "content": "        text \u003d l;"
      },
      {
        "lineNumber": 85,
        "author": {
          "gitId": "-"
        },
        "content": "        displayPicture \u003d iv;"
      },
      {
        "lineNumber": 86,
        "author": {
          "gitId": "-"
        },
        "content": ""
      },
      {
        "lineNumber": 87,
        "author": {
          "gitId": "-"
        },
        "content": "        text.setWrapText(true);"
      },
      {
        "lineNumber": 88,
        "author": {
          "gitId": "-"
        },
        "content": "        displayPicture.setFitWidth(100.0);"
      },
      {
        "lineNumber": 89,
        "author": {
          "gitId": "-"
        },
        "content": "        displayPicture.setFitHeight(100.0);"
      },
      {
        "lineNumber": 90,
        "author": {
          "gitId": "-"
        },
        "content": ""
      },
      {
        "lineNumber": 91,
        "author": {
          "gitId": "-"
        },
        "content": "        this.setAlignment(Pos.TOP_RIGHT);"
      },
      {
        "lineNumber": 92,
        "author": {
          "gitId": "-"
        },
        "content": "        this.getChildren().addAll(text, displayPicture);"
      },
      {
        "lineNumber": 93,
        "author": {
          "gitId": "-"
        },
        "content": "    }"
      },
      {
        "lineNumber": 94,
        "author": {
          "gitId": "-"
        },
        "content": "}"
      },
      {
        "lineNumber": 95,
        "author": {
          "gitId": "-"
        },
        "content": "```"
      },
      {
        "lineNumber": 96,
        "author": {
          "gitId": "-"
        },
        "content": ""
      },
      {
        "lineNumber": 97,
        "author": {
          "gitId": "-"
        },
        "content": "We use the code in our main class just like any other control. Here are the steps to update the code to use the custom control in `Main.java`."
      },
      {
        "lineNumber": 98,
        "author": {
          "gitId": "-"
        },
        "content": ""
      },
      {
        "lineNumber": 99,
        "author": {
          "gitId": "-"
        },
        "content": "First, add these imports:"
      },
      {
        "lineNumber": 100,
        "author": {
          "gitId": "-"
        },
        "content": "```java"
      },
      {
        "lineNumber": 101,
        "author": {
          "gitId": "-"
        },
        "content": "import javafx.scene.image.Image;"
      },
      {
        "lineNumber": 102,
        "author": {
          "gitId": "-"
        },
        "content": "import javafx.scene.image.ImageView;"
      },
      {
        "lineNumber": 103,
        "author": {
          "gitId": "-"
        },
        "content": "```"
      },
      {
        "lineNumber": 104,
        "author": {
          "gitId": "-"
        },
        "content": ""
      },
      {
        "lineNumber": 105,
        "author": {
          "gitId": "-"
        },
        "content": "Next, add two images to the `main/resources/images` folder."
      },
      {
        "lineNumber": 106,
        "author": {
          "gitId": "-"
        },
        "content": "For this tutorial, we have two images `DaUser.png` and `DaDuke.png` to represent the user avatar and Duke\u0027s avatar respectively but you can use any image you want."
      },
      {
        "lineNumber": 107,
        "author": {
          "gitId": "-"
        },
        "content": ""
      },
      {
        "lineNumber": 108,
        "author": {
          "gitId": "-"
        },
        "content": "Image|Filename"
      },
      {
        "lineNumber": 109,
        "author": {
          "gitId": "-"
        },
        "content": "---|---"
      },
      {
        "lineNumber": 110,
        "author": {
          "gitId": "-"
        },
        "content": "![DaDuke](assets/DaUser.png) | `DaUser.png`"
      },
      {
        "lineNumber": 111,
        "author": {
          "gitId": "-"
        },
        "content": "![DaUser](assets/DaDuke.png) | `DaDuke.png`"
      },
      {
        "lineNumber": 112,
        "author": {
          "gitId": "-"
        },
        "content": ""
      },
      {
        "lineNumber": 113,
        "author": {
          "gitId": "-"
        },
        "content": ""
      },
      {
        "lineNumber": 114,
        "author": {
          "gitId": "-"
        },
        "content": "```java"
      },
      {
        "lineNumber": 115,
        "author": {
          "gitId": "-"
        },
        "content": "public class Duke extends Application {"
      },
      {
        "lineNumber": 116,
        "author": {
          "gitId": "-"
        },
        "content": "    // ..."
      },
      {
        "lineNumber": 117,
        "author": {
          "gitId": "-"
        },
        "content": "    private Image user \u003d new Image(this.getClass().getResourceAsStream(\"/images/DaUser.png\"));"
      },
      {
        "lineNumber": 118,
        "author": {
          "gitId": "-"
        },
        "content": "    private Image duke \u003d new Image(this.getClass().getResourceAsStream(\"/images/DaDuke.png\"));"
      },
      {
        "lineNumber": 119,
        "author": {
          "gitId": "-"
        },
        "content": "    // ..."
      },
      {
        "lineNumber": 120,
        "author": {
          "gitId": "-"
        },
        "content": "}"
      },
      {
        "lineNumber": 121,
        "author": {
          "gitId": "-"
        },
        "content": "```"
      },
      {
        "lineNumber": 122,
        "author": {
          "gitId": "-"
        },
        "content": ""
      },
      {
        "lineNumber": 123,
        "author": {
          "gitId": "-"
        },
        "content": "Add a new method to handle user input:"
      },
      {
        "lineNumber": 124,
        "author": {
          "gitId": "-"
        },
        "content": "```java"
      },
      {
        "lineNumber": 125,
        "author": {
          "gitId": "-"
        },
        "content": "/**"
      },
      {
        "lineNumber": 126,
        "author": {
          "gitId": "-"
        },
        "content": " * Iteration 2:"
      },
      {
        "lineNumber": 127,
        "author": {
          "gitId": "-"
        },
        "content": " * Creates two dialog boxes, one echoing user input and the other containing Duke\u0027s reply and then appends them to"
      },
      {
        "lineNumber": 128,
        "author": {
          "gitId": "-"
        },
        "content": " * the dialog container. Clears the user input after processing."
      },
      {
        "lineNumber": 129,
        "author": {
          "gitId": "-"
        },
        "content": " */"
      },
      {
        "lineNumber": 130,
        "author": {
          "gitId": "-"
        },
        "content": "private void handleUserInput() {"
      },
      {
        "lineNumber": 131,
        "author": {
          "gitId": "-"
        },
        "content": "    Label userText \u003d new Label(userInput.getText());"
      },
      {
        "lineNumber": 132,
        "author": {
          "gitId": "Jeffry Lum"
        },
        "content": "    Label dukeText \u003d new Label(getResponse(userInput.getText()));"
      },
      {
        "lineNumber": 133,
        "author": {
          "gitId": "-"
        },
        "content": "    dialogContainer.getChildren().addAll("
      },
      {
        "lineNumber": 134,
        "author": {
          "gitId": "-"
        },
        "content": "            new DialogBox(userText, new ImageView(user)),"
      },
      {
        "lineNumber": 135,
        "author": {
          "gitId": "-"
        },
        "content": "            new DialogBox(dukeText, new ImageView(duke))"
      },
      {
        "lineNumber": 136,
        "author": {
          "gitId": "-"
        },
        "content": "    );"
      },
      {
        "lineNumber": 137,
        "author": {
          "gitId": "-"
        },
        "content": "    userInput.clear();"
      },
      {
        "lineNumber": 138,
        "author": {
          "gitId": "-"
        },
        "content": "}"
      },
      {
        "lineNumber": 139,
        "author": {
          "gitId": "-"
        },
        "content": ""
      },
      {
        "lineNumber": 140,
        "author": {
          "gitId": "-"
        },
        "content": "/**"
      },
      {
        "lineNumber": 141,
        "author": {
          "gitId": "-"
        },
        "content": " * You should have your own function to generate a response to user input."
      },
      {
        "lineNumber": 142,
        "author": {
          "gitId": "-"
        },
        "content": " * Replace this stub with your completed method."
      },
      {
        "lineNumber": 143,
        "author": {
          "gitId": "-"
        },
        "content": " */"
      },
      {
        "lineNumber": 144,
        "author": {
          "gitId": "-"
        },
        "content": "private String getResponse(String input) {"
      },
      {
        "lineNumber": 145,
        "author": {
          "gitId": "-"
        },
        "content": "    return \"Duke heard: \" + input;"
      },
      {
        "lineNumber": 146,
        "author": {
          "gitId": "-"
        },
        "content": "}"
      },
      {
        "lineNumber": 147,
        "author": {
          "gitId": "-"
        },
        "content": "```"
      },
      {
        "lineNumber": 148,
        "author": {
          "gitId": "-"
        },
        "content": ""
      },
      {
        "lineNumber": 149,
        "author": {
          "gitId": "-"
        },
        "content": "Update the event handler code in the `start` method to use the new `handleUserInput` method:"
      },
      {
        "lineNumber": 150,
        "author": {
          "gitId": "-"
        },
        "content": "```java"
      },
      {
        "lineNumber": 151,
        "author": {
          "gitId": "-"
        },
        "content": ""
      },
      {
        "lineNumber": 152,
        "author": {
          "gitId": "-"
        },
        "content": "@Override"
      },
      {
        "lineNumber": 153,
        "author": {
          "gitId": "-"
        },
        "content": "public void start(Stage stage) {"
      },
      {
        "lineNumber": 154,
        "author": {
          "gitId": "-"
        },
        "content": "    //..."
      },
      {
        "lineNumber": 155,
        "author": {
          "gitId": "-"
        },
        "content": ""
      },
      {
        "lineNumber": 156,
        "author": {
          "gitId": "-"
        },
        "content": "    //Part 3. Add functionality to handle user input."
      },
      {
        "lineNumber": 157,
        "author": {
          "gitId": "-"
        },
        "content": "    sendButton.setOnMouseClicked((event) -\u003e {"
      },
      {
        "lineNumber": 158,
        "author": {
          "gitId": "-"
        },
        "content": "        handleUserInput();"
      },
      {
        "lineNumber": 159,
        "author": {
          "gitId": "-"
        },
        "content": "    });"
      },
      {
        "lineNumber": 160,
        "author": {
          "gitId": "-"
        },
        "content": ""
      },
      {
        "lineNumber": 161,
        "author": {
          "gitId": "-"
        },
        "content": "    userInput.setOnAction((event) -\u003e {"
      },
      {
        "lineNumber": 162,
        "author": {
          "gitId": "-"
        },
        "content": "        handleUserInput();"
      },
      {
        "lineNumber": 163,
        "author": {
          "gitId": "-"
        },
        "content": "    });"
      },
      {
        "lineNumber": 164,
        "author": {
          "gitId": "-"
        },
        "content": "}"
      },
      {
        "lineNumber": 165,
        "author": {
          "gitId": "-"
        },
        "content": "```"
      },
      {
        "lineNumber": 166,
        "author": {
          "gitId": "-"
        },
        "content": ""
      },
      {
        "lineNumber": 167,
        "author": {
          "gitId": "-"
        },
        "content": "Run the program and see how it works."
      },
      {
        "lineNumber": 168,
        "author": {
          "gitId": "-"
        },
        "content": ""
      },
      {
        "lineNumber": 169,
        "author": {
          "gitId": "-"
        },
        "content": "![DialogBoxes Iteration 2](assets/DialogBoxesIteration2.png) "
      },
      {
        "lineNumber": 170,
        "author": {
          "gitId": "-"
        },
        "content": ""
      },
      {
        "lineNumber": 171,
        "author": {
          "gitId": "-"
        },
        "content": "## Iteration 3 – Adding custom behavior to DialogBox"
      },
      {
        "lineNumber": 172,
        "author": {
          "gitId": "-"
        },
        "content": ""
      },
      {
        "lineNumber": 173,
        "author": {
          "gitId": "-"
        },
        "content": "One additional benefit of defining a custom control is that we can add behavior specific to our `DialogBox`. Let’s add a method to flip a dialog box such that the image on the left to differentiate between user input and Duke’s output."
      },
      {
        "lineNumber": 174,
        "author": {
          "gitId": "-"
        },
        "content": ""
      },
      {
        "lineNumber": 175,
        "author": {
          "gitId": "-"
        },
        "content": "```java"
      },
      {
        "lineNumber": 176,
        "author": {
          "gitId": "-"
        },
        "content": "/**"
      },
      {
        "lineNumber": 177,
        "author": {
          "gitId": "-"
        },
        "content": " * Flips the dialog box such that the ImageView is on the left and text on the right."
      },
      {
        "lineNumber": 178,
        "author": {
          "gitId": "-"
        },
        "content": " */"
      },
      {
        "lineNumber": 179,
        "author": {
          "gitId": "-"
        },
        "content": "private void flip() {"
      },
      {
        "lineNumber": 180,
        "author": {
          "gitId": "-"
        },
        "content": "    this.setAlignment(Pos.TOP_LEFT);"
      },
      {
        "lineNumber": 181,
        "author": {
          "gitId": "-"
        },
        "content": "    ObservableList\u003cNode\u003e tmp \u003d FXCollections.observableArrayList(this.getChildren());"
      },
      {
        "lineNumber": 182,
        "author": {
          "gitId": "-"
        },
        "content": "    FXCollections.reverse(tmp);"
      },
      {
        "lineNumber": 183,
        "author": {
          "gitId": "-"
        },
        "content": "    this.getChildren().setAll(tmp);"
      },
      {
        "lineNumber": 184,
        "author": {
          "gitId": "-"
        },
        "content": "}"
      },
      {
        "lineNumber": 185,
        "author": {
          "gitId": "-"
        },
        "content": ""
      },
      {
        "lineNumber": 186,
        "author": {
          "gitId": "-"
        },
        "content": "public static DialogBox getUserDialog(Label l, ImageView iv) {"
      },
      {
        "lineNumber": 187,
        "author": {
          "gitId": "-"
        },
        "content": "    return new DialogBox(l, iv);"
      },
      {
        "lineNumber": 188,
        "author": {
          "gitId": "-"
        },
        "content": "}"
      },
      {
        "lineNumber": 189,
        "author": {
          "gitId": "-"
        },
        "content": ""
      },
      {
        "lineNumber": 190,
        "author": {
          "gitId": "-"
        },
        "content": "public static DialogBox getDukeDialog(Label l, ImageView iv) {"
      },
      {
        "lineNumber": 191,
        "author": {
          "gitId": "-"
        },
        "content": "    var db \u003d new DialogBox(l, iv);"
      },
      {
        "lineNumber": 192,
        "author": {
          "gitId": "-"
        },
        "content": "    db.flip();"
      },
      {
        "lineNumber": 193,
        "author": {
          "gitId": "-"
        },
        "content": "    return db;"
      },
      {
        "lineNumber": 194,
        "author": {
          "gitId": "-"
        },
        "content": "}"
      },
      {
        "lineNumber": 195,
        "author": {
          "gitId": "-"
        },
        "content": "```"
      },
      {
        "lineNumber": 196,
        "author": {
          "gitId": "-"
        },
        "content": ""
      },
      {
        "lineNumber": 197,
        "author": {
          "gitId": "-"
        },
        "content": "You\u0027ll need to update the imports as follows:"
      },
      {
        "lineNumber": 198,
        "author": {
          "gitId": "-"
        },
        "content": "```java"
      },
      {
        "lineNumber": 199,
        "author": {
          "gitId": "-"
        },
        "content": "import javafx.collections.FXCollections;"
      },
      {
        "lineNumber": 200,
        "author": {
          "gitId": "-"
        },
        "content": "import javafx.collections.ObservableList;"
      },
      {
        "lineNumber": 201,
        "author": {
          "gitId": "-"
        },
        "content": "import javafx.geometry.Pos;"
      },
      {
        "lineNumber": 202,
        "author": {
          "gitId": "-"
        },
        "content": "import javafx.scene.Node;"
      },
      {
        "lineNumber": 203,
        "author": {
          "gitId": "-"
        },
        "content": "import javafx.scene.control.Label;"
      },
      {
        "lineNumber": 204,
        "author": {
          "gitId": "-"
        },
        "content": "import javafx.scene.image.ImageView;"
      },
      {
        "lineNumber": 205,
        "author": {
          "gitId": "-"
        },
        "content": "import javafx.scene.layout.HBox;"
      },
      {
        "lineNumber": 206,
        "author": {
          "gitId": "-"
        },
        "content": "```"
      },
      {
        "lineNumber": 207,
        "author": {
          "gitId": "-"
        },
        "content": ""
      },
      {
        "lineNumber": 208,
        "author": {
          "gitId": "-"
        },
        "content": "Now, we can go back to the `Main` class and change the event handler to use our new `DialogBox`. "
      },
      {
        "lineNumber": 209,
        "author": {
          "gitId": "-"
        },
        "content": ""
      },
      {
        "lineNumber": 210,
        "author": {
          "gitId": "-"
        },
        "content": "```java"
      },
      {
        "lineNumber": 211,
        "author": {
          "gitId": "-"
        },
        "content": "private void handleUserInput() {"
      },
      {
        "lineNumber": 212,
        "author": {
          "gitId": "-"
        },
        "content": "    Label userText \u003d new Label(userInput.getText());"
      },
      {
        "lineNumber": 213,
        "author": {
          "gitId": "Jeffry Lum"
        },
        "content": "    Label dukeText \u003d new Label(getResponse(userInput.getText()));"
      },
      {
        "lineNumber": 214,
        "author": {
          "gitId": "-"
        },
        "content": "    dialogContainer.getChildren().addAll("
      },
      {
        "lineNumber": 215,
        "author": {
          "gitId": "-"
        },
        "content": "            DialogBox.getUserDialog(userText, new ImageView(user)),"
      },
      {
        "lineNumber": 216,
        "author": {
          "gitId": "-"
        },
        "content": "            DialogBox.getDukeDialog(dukeText, new ImageView(duke))"
      },
      {
        "lineNumber": 217,
        "author": {
          "gitId": "-"
        },
        "content": "    );"
      },
      {
        "lineNumber": 218,
        "author": {
          "gitId": "-"
        },
        "content": "    userInput.clear();"
      },
      {
        "lineNumber": 219,
        "author": {
          "gitId": "-"
        },
        "content": "}"
      },
      {
        "lineNumber": 220,
        "author": {
          "gitId": "-"
        },
        "content": "```"
      },
      {
        "lineNumber": 221,
        "author": {
          "gitId": "-"
        },
        "content": ""
      },
      {
        "lineNumber": 222,
        "author": {
          "gitId": "-"
        },
        "content": "Run the application and play around with it. "
      },
      {
        "lineNumber": 223,
        "author": {
          "gitId": "-"
        },
        "content": ""
      },
      {
        "lineNumber": 224,
        "author": {
          "gitId": "-"
        },
        "content": "![DialogBoxes Iteration 3](assets/DialogBoxesIteration3.png)"
      },
      {
        "lineNumber": 225,
        "author": {
          "gitId": "-"
        },
        "content": ""
      },
      {
        "lineNumber": 226,
        "author": {
          "gitId": "-"
        },
        "content": "Congratulations! "
      },
      {
        "lineNumber": 227,
        "author": {
          "gitId": "-"
        },
        "content": "You have successfully implemented a fully functional GUI for Duke!  "
      },
      {
        "lineNumber": 228,
        "author": {
          "gitId": "-"
        },
        "content": ""
      },
      {
        "lineNumber": 229,
        "author": {
          "gitId": "-"
        },
        "content": "## Exercises"
      },
      {
        "lineNumber": 230,
        "author": {
          "gitId": "-"
        },
        "content": ""
      },
      {
        "lineNumber": 231,
        "author": {
          "gitId": "-"
        },
        "content": "1. While the GUI looks similar to the mockup, there are still parts that need to be refined. Try your hand at some of these tasks:"
      },
      {
        "lineNumber": 232,
        "author": {
          "gitId": "-"
        },
        "content": "   * Add padding between each DialogBox"
      },
      {
        "lineNumber": 233,
        "author": {
          "gitId": "-"
        },
        "content": "   * Add padding between each ImageView and its Label"
      },
      {
        "lineNumber": 234,
        "author": {
          "gitId": "-"
        },
        "content": "   * Clip the ImageView into a circle"
      },
      {
        "lineNumber": 235,
        "author": {
          "gitId": "-"
        },
        "content": "   * Add background color to each dialog box"
      },
      {
        "lineNumber": 236,
        "author": {
          "gitId": "-"
        },
        "content": ""
      },
      {
        "lineNumber": 237,
        "author": {
          "gitId": "-"
        },
        "content": "1. After attempting the changes, reflect critically on the following:"
      },
      {
        "lineNumber": 238,
        "author": {
          "gitId": "-"
        },
        "content": "   * What was the development workflow like?"
      },
      {
        "lineNumber": 239,
        "author": {
          "gitId": "-"
        },
        "content": "   * Is the code base well-organized?"
      },
      {
        "lineNumber": 240,
        "author": {
          "gitId": "-"
        },
        "content": ""
      },
      {
        "lineNumber": 241,
        "author": {
          "gitId": "-"
        },
        "content": "--------------------------------------------------------------------------------"
      },
      {
        "lineNumber": 242,
        "author": {
          "gitId": "-"
        },
        "content": "**Authors:**"
      },
      {
        "lineNumber": 243,
        "author": {
          "gitId": "-"
        },
        "content": "* Initial Version: Jeffry Lum"
      }
    ],
    "authorContributionMap": {
      "Jeffry Lum": 2,
      "-": 241
    }
  }
]
