{
  "authorDailyContributionsMap": {
    "ngswbryan": [
      {
        "insertions": 196,
        "deletions": 61,
        "date": "2019-08-21",
        "commitResults": [
          {
            "hash": "745027e9937a14b5d9ce8ad59a504c75e084e662",
            "messageTitle": "Level-1",
            "messageBody": "",
            "insertions": 15,
            "deletions": 6
          },
          {
            "hash": "9791eb6e1052851cdc28a345b76ae9fe864e77f7",
            "messageTitle": "Level-2",
            "messageBody": "",
            "insertions": 9,
            "deletions": 2
          },
          {
            "hash": "ee41831e21439aaa752da09ee8a595632fac0c84",
            "messageTitle": "Level-3",
            "messageBody": "",
            "insertions": 43,
            "deletions": 9
          },
          {
            "hash": "2b73d50873a0f3d78d1843b99cff4384ad8bf527",
            "messageTitle": "Level-4",
            "messageBody": "",
            "insertions": 58,
            "deletions": 5
          },
          {
            "hash": "50410c3bbbacd1ed3d3e4d47a8b03460355c51b3",
            "messageTitle": "Level-5",
            "messageBody": "",
            "insertions": 60,
            "deletions": 38
          },
          {
            "hash": "b2be42a902c5d8e99f3854800eb1d0d8e31afeeb",
            "messageTitle": "Level-6",
            "messageBody": "",
            "insertions": 11,
            "deletions": 1
          }
        ]
      },
      {
        "insertions": 358,
        "deletions": 90,
        "date": "2019-08-28",
        "commitResults": [
          {
            "hash": "11c822b8f54cf1f4dc4e1b3b1bfad547811b8e88",
            "messageTitle": "working file saving",
            "messageBody": "",
            "insertions": 194,
            "deletions": 4
          },
          {
            "hash": "cb5fb7426cfff3dee41402ef21ad35ba703d7fb1",
            "messageTitle": "removed Parser for level 7",
            "messageBody": "",
            "insertions": 0,
            "deletions": 0
          },
          {
            "hash": "9a8ca004539c51b64e654614d718ea347386e112",
            "messageTitle": "parser class for date and time",
            "messageBody": "",
            "insertions": 47,
            "deletions": 2
          },
          {
            "hash": "7da5855be10096dbe105e86b7d10a50de2eabffb",
            "messageTitle": "done lvl 7",
            "messageBody": "",
            "insertions": 34,
            "deletions": 47
          },
          {
            "hash": "499e16919eb38963a18c0b17a0a4a2d307aba1ed",
            "messageTitle": "Fixed minor bugs",
            "messageBody": "",
            "insertions": 10,
            "deletions": 20
          },
          {
            "hash": "186e7179726f7c1c34081164fa92f450eb86a6ae",
            "messageTitle": "A-MoreOOP",
            "messageBody": "",
            "insertions": 41,
            "deletions": 17
          },
          {
            "hash": "19f3fa2d71eba897b167fbecc7e0183ab6ba8725",
            "messageTitle": "A-JUnit",
            "messageBody": "",
            "insertions": 12,
            "deletions": 0
          },
          {
            "hash": "8ead1917a4d6ef8756eafc0ea2f68a58e61caab6",
            "messageTitle": "updated testing",
            "messageBody": "",
            "insertions": 20,
            "deletions": 0
          }
        ]
      }
    ]
  },
  "authorFinalContributionMap": {
    "ngswbryan": 417
  },
  "authorFileTypeContributionMap": {
    "ngswbryan": {
      "java": 413,
      "md": 0,
      "fxml": 0,
      "sh": 0,
      "bat": 0,
      "gradle": 0,
      "txt": 4
    }
  },
  "authorContributionVariance": {
    "ngswbryan": 17578.486
  },
  "authorDisplayNameMap": {
    "ngswbryan": "BRYA ..  WEI"
  }
}
