{
  "authorDailyContributionsMap": {
    "halfwhole": [
      {
        "insertions": 629,
        "deletions": 103,
        "date": "2019-08-17",
        "commitResults": [
          {
            "hash": "4706a75d6043989d5aad63b2f9c5d6ef0bdf7bb0",
            "messageTitle": "Finish Greet, Echo, Exit",
            "messageBody": "- Change build.gradle to allow reading from standard input\n",
            "insertions": 20,
            "deletions": 7
          },
          {
            "hash": "a48c7feaff429969518e9d00417b47740bfa5b35",
            "messageTitle": "Finish Add, List",
            "messageBody": "",
            "insertions": 9,
            "deletions": 1
          },
          {
            "hash": "09f8cc755b9e2ce8d2056b9a0223f42150c5c9b0",
            "messageTitle": "Add support for checkstyle",
            "messageBody": "",
            "insertions": 5,
            "deletions": 0
          },
          {
            "hash": "b424177fa08de806202d9035d00201920076ecca",
            "messageTitle": "Add comments for main method in Duke",
            "messageBody": "",
            "insertions": 5,
            "deletions": 0
          },
          {
            "hash": "2fa1001a3615757a82e65a736e3b30b508ace9b8",
            "messageTitle": "Add Task class to represent tasks",
            "messageBody": "",
            "insertions": 64,
            "deletions": 0
          },
          {
            "hash": "77b150a99cf44180171d1fcd7d9520d391bb1916",
            "messageTitle": "Finish Mark as Done",
            "messageBody": "",
            "insertions": 16,
            "deletions": 4
          },
          {
            "hash": "4cde4a5256be8d4c1b24d5520d2bc53f1ce80f28",
            "messageTitle": "Add ToDos and parse command inputs",
            "messageBody": "",
            "insertions": 39,
            "deletions": 15
          },
          {
            "hash": "49534b8c8045f58c83af15896c936537f97335a0",
            "messageTitle": "Refactor tasks and add deadlines",
            "messageBody": "",
            "insertions": 126,
            "deletions": 31
          },
          {
            "hash": "7763ce274f918456e6f4004b8dc1dae32bd3ce99",
            "messageTitle": "Finish ToDos, Events, Deadlines",
            "messageBody": "",
            "insertions": 18,
            "deletions": 3
          },
          {
            "hash": "aff5629f1743f0fa8aeeef9b2c0eea49aac7eb7d",
            "messageTitle": "Add text UI testing",
            "messageBody": "",
            "insertions": 174,
            "deletions": 0
          },
          {
            "hash": "c954c67927e3979811df61a432647c6074b04f04",
            "messageTitle": "Add the DukeException class to represent exceptions specific to Duke",
            "messageBody": "",
            "insertions": 9,
            "deletions": 0
          },
          {
            "hash": "acab80129a7258ade39263b1d00063ae4bde128c",
            "messageTitle": "Allow Duke to handle errors arising from incorrect user inputs",
            "messageBody": "",
            "insertions": 44,
            "deletions": 5
          },
          {
            "hash": "68b4d28bca5a4e36d8aed0191be5d1587e27c2b5",
            "messageTitle": "Use DukeException instead of Exception throughout",
            "messageBody": "",
            "insertions": 13,
            "deletions": 7
          },
          {
            "hash": "647c77acf2293ef1932a4543cd37816bd01f108f",
            "messageTitle": "Allow deleting of tasks from the list",
            "messageBody": "",
            "insertions": 48,
            "deletions": 3
          },
          {
            "hash": "d039d0c49b2373c8711c4366a2f26789d1de8dcc",
            "messageTitle": "Refactor list, done, and delete actions into separate methods",
            "messageBody": "",
            "insertions": 39,
            "deletions": 27
          }
        ]
      },
      {
        "insertions": 980,
        "deletions": 422,
        "date": "2019-08-24",
        "commitResults": [
          {
            "hash": "442adfd2c93aef7e91ed0a7825d2e6b28af610a2",
            "messageTitle": "Refactor validations and exceptions and change Command to CommandParser",
            "messageBody": "",
            "insertions": 23,
            "deletions": 67
          },
          {
            "hash": "ff7aa18174cbd7efb9e232eb5db23a26cdb2aae6",
            "messageTitle": "Finish Dates and Times",
            "messageBody": "",
            "insertions": 95,
            "deletions": 31
          },
          {
            "hash": "d27178c38f57aa59bf239acba62c21121ace4a61",
            "messageTitle": "Finish Save",
            "messageBody": "",
            "insertions": 101,
            "deletions": 7
          },
          {
            "hash": "6d6fbadafa5f0206b68be268ddcfc2cad56ab4ab",
            "messageTitle": "Refactor to use Storage, Parser, TaskList",
            "messageBody": "",
            "insertions": 389,
            "deletions": 141
          },
          {
            "hash": "8e4a289de9845f1f0234e3e3c0d438c2918e5e23",
            "messageTitle": "Refactor to make code more OOP",
            "messageBody": "",
            "insertions": 269,
            "deletions": 138
          },
          {
            "hash": "fdc99040a909ebde025066034a0210b5342ccf15",
            "messageTitle": "Organise classes into suitable Java packages",
            "messageBody": "",
            "insertions": 103,
            "deletions": 38
          }
        ]
      },
      {
        "insertions": 331,
        "deletions": 61,
        "date": "2019-08-25",
        "commitResults": [
          {
            "hash": "4472b261d129ad3aba31b55e5b7f0b8b2b0c24bb",
            "messageTitle": "Add JUnit and some tests",
            "messageBody": "",
            "insertions": 203,
            "deletions": 42
          },
          {
            "hash": "ac6e9a24271f0499a5d4e6e09373790145698cb4",
            "messageTitle": "Add packaging app as JAR file and fix off-by-one errors",
            "messageBody": "",
            "insertions": 36,
            "deletions": 16
          },
          {
            "hash": "506ae5c7f8bb62a1e51129f4fa74005b9806b1f5",
            "messageTitle": "Add JavaDoc comments to the code",
            "messageBody": "",
            "insertions": 43,
            "deletions": 0
          },
          {
            "hash": "0b1695cb46b5d46c7fe828e3fd361e6e1e4fb9c4",
            "messageTitle": "Tweak the code to comply with line length limit",
            "messageBody": "",
            "insertions": 6,
            "deletions": 2
          },
          {
            "hash": "19cf5ff28149e015157ea524b29c494091d55472",
            "messageTitle": "Finish Find",
            "messageBody": "",
            "insertions": 43,
            "deletions": 1
          }
        ]
      },
      {
        "insertions": 304,
        "deletions": 52,
        "date": "2019-08-31",
        "commitResults": [
          {
            "hash": "b7c695c64a509fe9fa252d2f78d228c5e572c901",
            "messageTitle": "Add Javadoc comment for UI component",
            "messageBody": "",
            "insertions": 5,
            "deletions": 0
          },
          {
            "hash": "5b1cb2fecebd384d50b7acd539f045f62a90feac",
            "messageTitle": "Set up Java FX",
            "messageBody": "",
            "insertions": 211,
            "deletions": 2
          },
          {
            "hash": "70e81613a5401a3c83a9d649e8ef28410fc39f1a",
            "messageTitle": "Add GUI to duke",
            "messageBody": "",
            "insertions": 88,
            "deletions": 50
          }
        ]
      }
    ]
  },
  "authorFinalContributionMap": {
    "halfwhole": 1614
  },
  "authorFileTypeContributionMap": {
    "halfwhole": {
      "java": 1165,
      "md": 0,
      "fxml": 35,
      "sh": 34,
      "bat": 0,
      "gradle": 32,
      "txt": 348
    }
  },
  "authorContributionVariance": {
    "halfwhole": 141419.23
  },
  "authorDisplayNameMap": {
    "halfwhole": "CS2103-F09-3 LIM Z ... I WEI"
  }
}
