{
  "authorDailyContributionsMap": {
    "Jit Yong": [
      {
        "insertions": 104,
        "deletions": 7,
        "date": "2019-08-20",
        "commitResults": [
          {
            "hash": "d5b2736d2c980e782f33e281de7529d7e7605ada",
            "messageTitle": "Level 1",
            "messageBody": "",
            "insertions": 104,
            "deletions": 7
          }
        ]
      },
      {
        "insertions": 18,
        "deletions": 9,
        "date": "2019-08-22",
        "commitResults": [
          {
            "hash": "f417abd01fe26dffc1f0d06449e3ff9f24f4c5f3",
            "messageTitle": "Level-1",
            "messageBody": "",
            "insertions": 18,
            "deletions": 9
          }
        ]
      }
    ],
    "Jeffry Lum": []
  },
  "authorFinalContributionMap": {
    "Jit Yong": 111,
    "Jeffry Lum": 102
  },
  "authorFileTypeContributionMap": {
    "Jit Yong": {
      "java": 45,
      "md": 0,
      "fxml": 0,
      "sh": 34,
      "bat": 0,
      "gradle": 27,
      "txt": 5
    },
    "Jeffry Lum": {
      "java": 2,
      "md": 0,
      "fxml": 0,
      "sh": 0,
      "bat": 84,
      "gradle": 16,
      "txt": 0
    }
  },
  "authorContributionVariance": {
    "Jit Yong": 1475.6327,
    "Jeffry Lum": 0.0
  },
  "authorDisplayNameMap": {
    "Jit Yong": "Jit Yong",
    "Jeffry Lum": "Jeffry Lum"
  }
}
