{
  "authorDailyContributionsMap": {
    "jityong": [
      {
        "insertions": 104,
        "deletions": 7,
        "date": "2019-08-20",
        "commitResults": [
          {
            "hash": "d5b2736d2c980e782f33e281de7529d7e7605ada",
            "messageTitle": "Level 1",
            "messageBody": "",
            "insertions": 104,
            "deletions": 7
          }
        ]
      },
      {
        "insertions": 505,
        "deletions": 326,
        "date": "2019-08-22",
        "commitResults": [
          {
            "hash": "f417abd01fe26dffc1f0d06449e3ff9f24f4c5f3",
            "messageTitle": "Level-1",
            "messageBody": "",
            "insertions": 18,
            "deletions": 9
          },
          {
            "hash": "9bc61540daf12ef6d5b2db8d7e0aa7e49172e1dc",
            "messageTitle": "Level-2",
            "messageBody": "",
            "insertions": 13,
            "deletions": 4
          },
          {
            "hash": "763e1aa203e2e3a63297f4e288a1756012668430",
            "messageTitle": "Level-3",
            "messageBody": "",
            "insertions": 36,
            "deletions": 5
          },
          {
            "hash": "f9aa6a7d8301f062b5fca63da8ae00fc4615d114",
            "messageTitle": "Level-4",
            "messageBody": "",
            "insertions": 53,
            "deletions": 5
          },
          {
            "hash": "9447d1a4b058005236fec4a09a84304e037aed05",
            "messageTitle": "Level-5",
            "messageBody": "",
            "insertions": 81,
            "deletions": 26
          },
          {
            "hash": "6d81f3625e149c08c3faee226a07960d4d89df91",
            "messageTitle": "Level-6",
            "messageBody": "",
            "insertions": 27,
            "deletions": 5
          },
          {
            "hash": "6366479011dd7f69a275f06b12021e3b96f7d7b8",
            "messageTitle": "Level-1",
            "messageBody": "",
            "insertions": 16,
            "deletions": 220
          },
          {
            "hash": "3869d232602a5dbc47435d12aec9d882303a0f54",
            "messageTitle": "Level-2",
            "messageBody": "",
            "insertions": 13,
            "deletions": 4
          },
          {
            "hash": "2a47723cead048a235073b8ab671771b66a1b453",
            "messageTitle": "Level-3",
            "messageBody": "",
            "insertions": 38,
            "deletions": 7
          },
          {
            "hash": "31f94452a28ad048ebda17a96ad7955b137576d3",
            "messageTitle": "Level-4",
            "messageBody": "",
            "insertions": 56,
            "deletions": 8
          },
          {
            "hash": "fafd7eaf543211a57a72252947ea3ba1dd975ca0",
            "messageTitle": "A-TextUiTesting",
            "messageBody": "",
            "insertions": 39,
            "deletions": 0
          },
          {
            "hash": "1bd69d3035c39fe7f978fa5f7d4cd876adf65461",
            "messageTitle": "Level-5",
            "messageBody": "",
            "insertions": 88,
            "deletions": 27
          },
          {
            "hash": "0f716fbdd8809b21e8cd143ca4c008a6aa3c5fa4",
            "messageTitle": "Level-6",
            "messageBody": "",
            "insertions": 27,
            "deletions": 6
          }
        ]
      },
      {
        "insertions": 92,
        "deletions": 10,
        "date": "2019-08-27",
        "commitResults": [
          {
            "hash": "085b52274082f6265683a0ecc210e581bc2f2e20",
            "messageTitle": "Level-8",
            "messageBody": "",
            "insertions": 92,
            "deletions": 10
          }
        ]
      },
      {
        "insertions": 606,
        "deletions": 371,
        "date": "2019-08-29",
        "commitResults": [
          {
            "hash": "f83934187b1d896f2cc02d576391415bd2d020f7",
            "messageTitle": "Level-7",
            "messageBody": "",
            "insertions": 103,
            "deletions": 9
          },
          {
            "hash": "2bbcc326d41b2e7f81b91d45e98ec025a5bff1a7",
            "messageTitle": "Level-7",
            "messageBody": "",
            "insertions": 1,
            "deletions": 44
          },
          {
            "hash": "23645259896c1f432f652e0e87dce44ecfb38b66",
            "messageTitle": "Level-8",
            "messageBody": "",
            "insertions": 0,
            "deletions": 2
          },
          {
            "hash": "70721c488e58eb987d1c1751d404f091fac8c511",
            "messageTitle": "Level-8",
            "messageBody": "",
            "insertions": 0,
            "deletions": 1
          },
          {
            "hash": "9dbd31155e1d199ca8f9ef813cd2d1621ed9a892",
            "messageTitle": "Ui and Storage",
            "messageBody": "",
            "insertions": 66,
            "deletions": 43
          },
          {
            "hash": "5d5d66e63ca593df6bce1c096934fcd1e59cea18",
            "messageTitle": "Parser",
            "messageBody": "",
            "insertions": 141,
            "deletions": 108
          },
          {
            "hash": "98be5d744b671ff84d9c5fbdbb182080ec7152d3",
            "messageTitle": "stretch goals",
            "messageBody": "",
            "insertions": 295,
            "deletions": 164
          }
        ]
      }
    ]
  },
  "authorFinalContributionMap": {
    "jityong": 562
  },
  "authorFileTypeContributionMap": {
    "jityong": {
      "java": 482,
      "md": 0,
      "fxml": 0,
      "sh": 34,
      "bat": 0,
      "gradle": 27,
      "txt": 19
    }
  },
  "authorContributionVariance": {
    "jityong": 98290.664
  },
  "authorDisplayNameMap": {
    "jityong": "LEOW  ...  YONG"
  }
}
