{
  "authorDailyContributionsMap": {
    "oscarsu97": [
      {
        "insertions": 235,
        "deletions": 61,
        "date": "2019-08-22",
        "commitResults": [
          {
            "hash": "98a0147451edfc8416dfedb7f593e6b03eea9d47",
            "messageTitle": "Level-1",
            "messageBody": "",
            "insertions": 12,
            "deletions": 6
          },
          {
            "hash": "93ab1e52048a610172d6263c4ed91dd91a426103",
            "messageTitle": "Level 2.Add,List",
            "messageBody": "",
            "insertions": 17,
            "deletions": 6
          },
          {
            "hash": "34754b60380c92c31240596c3e20d0c74045b223",
            "messageTitle": "Level3. Mark as Done",
            "messageBody": "",
            "insertions": 16,
            "deletions": 3
          },
          {
            "hash": "56b499d96fd92a8abfa71948df790e299466a13e",
            "messageTitle": "Level3.Mark as Done",
            "messageBody": "",
            "insertions": 21,
            "deletions": 3
          },
          {
            "hash": "076e63e52b104052bfff4ec7cd9afc366acfcd08",
            "messageTitle": "Level 4.ToDos, Events, Deadlines",
            "messageBody": "",
            "insertions": 56,
            "deletions": 5
          },
          {
            "hash": "ff7583525bd25c39760d9659d7ca9782ee88f189",
            "messageTitle": "Level 5.Handle Errors",
            "messageBody": "",
            "insertions": 84,
            "deletions": 34
          },
          {
            "hash": "48658d9cd9b7e846b0e650d5cf69182895aad50a",
            "messageTitle": "Level 5.Handle Errors",
            "messageBody": "",
            "insertions": 4,
            "deletions": 2
          },
          {
            "hash": "26cd59b7099a20c478e19beffa075127cfee199d",
            "messageTitle": "Level 5.Handle Errors",
            "messageBody": "",
            "insertions": 11,
            "deletions": 1
          },
          {
            "hash": "12ffe59b51ca12ef252d6c85eb09e50e73aa19be",
            "messageTitle": "Level 5.Handle Errors",
            "messageBody": "",
            "insertions": 1,
            "deletions": 1
          },
          {
            "hash": "9deed958990b4316c9bc2a1c807265651dc3f083",
            "messageTitle": "Level 6. Delete",
            "messageBody": "",
            "insertions": 13,
            "deletions": 0
          }
        ]
      },
      {
        "insertions": 190,
        "deletions": 55,
        "date": "2019-08-27",
        "commitResults": [
          {
            "hash": "2538479ddea89c35493822a69fa95073191264c1",
            "messageTitle": "Level 7. Able to load data from duke.txt and update the text file after user is done.",
            "messageBody": "",
            "insertions": 190,
            "deletions": 55
          }
        ]
      },
      {
        "insertions": 114,
        "deletions": 71,
        "date": "2019-08-28",
        "commitResults": [
          {
            "hash": "87c6c0a0f50eb0bb0f1780d1bcca1087ad474656",
            "messageTitle": "commit data/duke.txt",
            "messageBody": "",
            "insertions": 1,
            "deletions": 1
          },
          {
            "hash": "1e7e8309838a266e1b761ebc524c1dc51f28d459",
            "messageTitle": "clean up the code of Duke, Deadline, Event, Task class",
            "messageBody": "",
            "insertions": 104,
            "deletions": 56
          },
          {
            "hash": "daf0b7fe52680ef961026278663278e3eee9b2ae",
            "messageTitle": "remove error in printing output",
            "messageBody": "",
            "insertions": 9,
            "deletions": 14
          }
        ]
      },
      {
        "insertions": 40,
        "deletions": 17,
        "date": "2019-08-29",
        "commitResults": [
          {
            "hash": "d9747b869322ffb9c5b9bb2c54be778b9390cffc",
            "messageTitle": "Level 8. store dateTime string variable as LocalDateTime in Event and Deadline class",
            "messageBody": "",
            "insertions": 40,
            "deletions": 17
          }
        ]
      },
      {
        "insertions": 699,
        "deletions": 213,
        "date": "2019-08-30",
        "commitResults": [
          {
            "hash": "63e8cefcf5f8d35bd90e48d36275aaa30a399129",
            "messageTitle": "Add Parser, Storage, Ui Class for refactoring",
            "messageBody": "",
            "insertions": 361,
            "deletions": 193
          },
          {
            "hash": "07c66e4ad549b38b14858d51646066eff9e68c95",
            "messageTitle": "Update duke.txt with proper format",
            "messageBody": "",
            "insertions": 2,
            "deletions": 2
          },
          {
            "hash": "369b8329f87927fec274cc20529b671997da42d4",
            "messageTitle": "Divide classes into packages",
            "messageBody": "",
            "insertions": 43,
            "deletions": 0
          },
          {
            "hash": "a03c0b089e234f99d826ba2b3d995faa2a9fda7b",
            "messageTitle": "Add TaskListTest and EventTest class for testing",
            "messageBody": "",
            "insertions": 12,
            "deletions": 0
          },
          {
            "hash": "db2dd1685be26f363404cd436af2f953b974295b",
            "messageTitle": "Update library file for testing",
            "messageBody": "",
            "insertions": 32,
            "deletions": 6
          },
          {
            "hash": "9d3958b23fb69d47c5226cdcdd74a02fee06c58e",
            "messageTitle": "Add JavaDoc for all classes",
            "messageBody": "",
            "insertions": 249,
            "deletions": 12
          }
        ]
      },
      {
        "insertions": 124,
        "deletions": 68,
        "date": "2019-08-31",
        "commitResults": [
          {
            "hash": "9c8dd083f17280702526cc53210468ae93bd615a",
            "messageTitle": "Refactor code to follow coding standard",
            "messageBody": "",
            "insertions": 36,
            "deletions": 26
          },
          {
            "hash": "6d8167d7a5a7ce174ca3e6d874d2fc2dfa33b9bf",
            "messageTitle": "Find a task by searching for a keyword",
            "messageBody": "\u0027find\u0027 command added in Parser class\n",
            "insertions": 88,
            "deletions": 42
          }
        ]
      }
    ]
  },
  "authorFinalContributionMap": {
    "oscarsu97": 948
  },
  "authorFileTypeContributionMap": {
    "oscarsu97": {
      "java": 885,
      "md": 0,
      "fxml": 0,
      "sh": 0,
      "bat": 59,
      "gradle": 0,
      "txt": 4
    }
  },
  "authorContributionVariance": {
    "oscarsu97": 51948.43
  },
  "authorDisplayNameMap": {
    "oscarsu97": "CS2103T-T09-1 OSCAR ...  HONG"
  }
}
