{
  "authorDailyContributionsMap": {
    "AhmadHatziq": [
      {
        "insertions": 93,
        "deletions": 9,
        "date": "2019-08-23",
        "commitResults": [
          {
            "hash": "c38872f0974e92fdd57bd4dba6c32bd98f2fee43",
            "messageTitle": "Added level-1: Greet, Echo, Exit",
            "messageBody": "",
            "insertions": 23,
            "deletions": 0
          },
          {
            "hash": "69912cc374bb2d9c66cddcd7269294f8d7250939",
            "messageTitle": "Level-2: Add, List",
            "messageBody": "",
            "insertions": 24,
            "deletions": 4
          },
          {
            "hash": "a39274f5df8d09e8f66241f034a8d08c82b0bc5f",
            "messageTitle": "Level 3, add the ability to mark tasks as done",
            "messageBody": "",
            "insertions": 46,
            "deletions": 5
          }
        ]
      },
      {
        "insertions": 189,
        "deletions": 55,
        "date": "2019-08-24",
        "commitResults": [
          {
            "hash": "d2268c927ac7caeadb40e8607367c2b63833913f",
            "messageTitle": "Level 4, add support for tracking three types of tasks: ToDos, Events, Deadlines",
            "messageBody": "",
            "insertions": 92,
            "deletions": 8
          },
          {
            "hash": "824a612cfa5e4156692536f1cdf855591a2fc3d0",
            "messageTitle": "Level 5. Added error handling",
            "messageBody": "",
            "insertions": 74,
            "deletions": 46
          },
          {
            "hash": "2cb450072abad5f98caafb39a6ffe5f80df234e8",
            "messageTitle": "Level 6, add support for deleting tasks from the list.",
            "messageBody": "",
            "insertions": 23,
            "deletions": 1
          }
        ]
      },
      {
        "insertions": 25,
        "deletions": 11,
        "date": "2019-08-25",
        "commitResults": [
          {
            "hash": "b6b47eefb6e3628cbf437f2ba9f2ef6fe22ae052",
            "messageTitle": "Added enums",
            "messageBody": "",
            "insertions": 25,
            "deletions": 11
          }
        ]
      },
      {
        "insertions": 195,
        "deletions": 4,
        "date": "2019-08-27",
        "commitResults": [
          {
            "hash": "2a544a1aeba609806fd875f63904933f23c16431",
            "messageTitle": "Added testToString in TaskTest class",
            "messageBody": "",
            "insertions": 21,
            "deletions": 1
          },
          {
            "hash": "9bbdb1ae927e3bb4f1e744f2a133b490c81810d4",
            "messageTitle": "java/Duke.java: Add function to save tasks",
            "messageBody": "",
            "insertions": 174,
            "deletions": 3
          }
        ]
      },
      {
        "insertions": 581,
        "deletions": 420,
        "date": "2019-08-28",
        "commitResults": [
          {
            "hash": "bb620afed815d6d49f33b03ab3eea73f85f0e728",
            "messageTitle": "duke/deadline.java: Added parsing of deadline date",
            "messageBody": "",
            "insertions": 70,
            "deletions": 3
          },
          {
            "hash": "a0315d0c207558fee8ecf8c62d156a6fafb8babf",
            "messageTitle": "Moved printing of intro sequence to Ui.java",
            "messageBody": "",
            "insertions": 18,
            "deletions": 12
          },
          {
            "hash": "f24304af23b843496c810e9fc1fbd8371211bdb7",
            "messageTitle": "Fixed bug issues when merging branch7 \u0026 branch8",
            "messageBody": "",
            "insertions": 107,
            "deletions": 81
          },
          {
            "hash": "385b0e34a9a769ff4d79890f5431984d7224b58e",
            "messageTitle": "Fixed bug where reading txt file will have trailing spaces",
            "messageBody": "",
            "insertions": 7,
            "deletions": 9
          },
          {
            "hash": "4aa61e93ebab63c1e88c90aff762f6213795cfe0",
            "messageTitle": "Added a fix, where the task status is always saved as false",
            "messageBody": "",
            "insertions": 114,
            "deletions": 19
          },
          {
            "hash": "05e0b8dd59a58d678419af6cc11e7168dc73e99e",
            "messageTitle": "Moved the date parsing from the constructor to the parseBy method",
            "messageBody": "",
            "insertions": 56,
            "deletions": 117
          },
          {
            "hash": "1c00f888945eeb2ab301a45045fdd5b2e8cb8c91",
            "messageTitle": "Created the method Storage.load(), which handles loading the text file to an ArrayList\u003ctask\u003e",
            "messageBody": "",
            "insertions": 88,
            "deletions": 71
          },
          {
            "hash": "db96e3e0c2562f73cb3ace34c0435b6b1beee58c",
            "messageTitle": "Added a new method to Ui, showWelcome() which prints the welcome string",
            "messageBody": "",
            "insertions": 9,
            "deletions": 4
          },
          {
            "hash": "3104f0f1e36179590f81533c13c164bb2bf90c6b",
            "messageTitle": "Added Duke constructor and Duke.run() method",
            "messageBody": "",
            "insertions": 27,
            "deletions": 10
          },
          {
            "hash": "6bde107676a39eccda1d7bb61e5f2e0a42e68c3b",
            "messageTitle": "Implemented minimal level of More-OOP",
            "messageBody": "",
            "insertions": 31,
            "deletions": 50
          },
          {
            "hash": "ee801b0e7214e4c45e758ddec7780f636c2992b7",
            "messageTitle": "Before refactoring into packages",
            "messageBody": "",
            "insertions": 21,
            "deletions": 31
          },
          {
            "hash": "41e9c86b441d2c81948a4a355817a1578216484f",
            "messageTitle": "Organized classes into packages",
            "messageBody": "",
            "insertions": 33,
            "deletions": 13
          }
        ]
      },
      {
        "insertions": 63,
        "deletions": 29,
        "date": "2019-08-29",
        "commitResults": [
          {
            "hash": "16e36be1ee0eb3e286b77dac3a214db651c0080a",
            "messageTitle": "Added 2 testClasses; EventTest \u0026 TodoTest",
            "messageBody": "",
            "insertions": 63,
            "deletions": 29
          }
        ]
      }
    ]
  },
  "authorFinalContributionMap": {
    "AhmadHatziq": 618
  },
  "authorFileTypeContributionMap": {
    "AhmadHatziq": {
      "java": 616,
      "md": 0,
      "fxml": 0,
      "sh": 0,
      "bat": 0,
      "gradle": 0,
      "txt": 2
    }
  },
  "authorContributionVariance": {
    "AhmadHatziq": 65795.67
  },
  "authorDisplayNameMap": {
    "AhmadHatziq": "AHMA .. AMAD"
  }
}
