{
  "authorDailyContributionsMap": {
    "AhmadHatziq": [
      {
        "insertions": 93,
        "deletions": 9,
        "date": "2019-08-23",
        "commitResults": [
          {
            "hash": "c38872f0974e92fdd57bd4dba6c32bd98f2fee43",
            "messageTitle": "Added level-1: Greet, Echo, Exit",
            "messageBody": "",
            "insertions": 23,
            "deletions": 0
          },
          {
            "hash": "69912cc374bb2d9c66cddcd7269294f8d7250939",
            "messageTitle": "Level-2: Add, List",
            "messageBody": "",
            "insertions": 24,
            "deletions": 4
          },
          {
            "hash": "a39274f5df8d09e8f66241f034a8d08c82b0bc5f",
            "messageTitle": "Level 3, add the ability to mark tasks as done",
            "messageBody": "",
            "insertions": 46,
            "deletions": 5
          }
        ]
      },
      {
        "insertions": 189,
        "deletions": 55,
        "date": "2019-08-24",
        "commitResults": [
          {
            "hash": "d2268c927ac7caeadb40e8607367c2b63833913f",
            "messageTitle": "Level 4, add support for tracking three types of tasks: ToDos, Events, Deadlines",
            "messageBody": "",
            "insertions": 92,
            "deletions": 8
          },
          {
            "hash": "824a612cfa5e4156692536f1cdf855591a2fc3d0",
            "messageTitle": "Level 5. Added error handling",
            "messageBody": "",
            "insertions": 74,
            "deletions": 46
          },
          {
            "hash": "2cb450072abad5f98caafb39a6ffe5f80df234e8",
            "messageTitle": "Level 6, add support for deleting tasks from the list.",
            "messageBody": "",
            "insertions": 23,
            "deletions": 1
          }
        ]
      },
      {
        "insertions": 25,
        "deletions": 11,
        "date": "2019-08-25",
        "commitResults": [
          {
            "hash": "b6b47eefb6e3628cbf437f2ba9f2ef6fe22ae052",
            "messageTitle": "Added enums",
            "messageBody": "",
            "insertions": 25,
            "deletions": 11
          }
        ]
      },
      {
        "insertions": 195,
        "deletions": 4,
        "date": "2019-08-27",
        "commitResults": [
          {
            "hash": "2a544a1aeba609806fd875f63904933f23c16431",
            "messageTitle": "Added testToString in TaskTest class",
            "messageBody": "",
            "insertions": 21,
            "deletions": 1
          },
          {
            "hash": "9bbdb1ae927e3bb4f1e744f2a133b490c81810d4",
            "messageTitle": "java/Duke.java: Add function to save tasks",
            "messageBody": "",
            "insertions": 174,
            "deletions": 3
          }
        ]
      },
      {
        "insertions": 581,
        "deletions": 420,
        "date": "2019-08-28",
        "commitResults": [
          {
            "hash": "bb620afed815d6d49f33b03ab3eea73f85f0e728",
            "messageTitle": "duke/deadline.java: Added parsing of deadline date",
            "messageBody": "",
            "insertions": 70,
            "deletions": 3
          },
          {
            "hash": "a0315d0c207558fee8ecf8c62d156a6fafb8babf",
            "messageTitle": "Moved printing of intro sequence to Ui.java",
            "messageBody": "",
            "insertions": 18,
            "deletions": 12
          },
          {
            "hash": "f24304af23b843496c810e9fc1fbd8371211bdb7",
            "messageTitle": "Fixed bug issues when merging branch7 \u0026 branch8",
            "messageBody": "",
            "insertions": 107,
            "deletions": 81
          },
          {
            "hash": "385b0e34a9a769ff4d79890f5431984d7224b58e",
            "messageTitle": "Fixed bug where reading txt file will have trailing spaces",
            "messageBody": "",
            "insertions": 7,
            "deletions": 9
          },
          {
            "hash": "4aa61e93ebab63c1e88c90aff762f6213795cfe0",
            "messageTitle": "Added a fix, where the task status is always saved as false",
            "messageBody": "",
            "insertions": 114,
            "deletions": 19
          },
          {
            "hash": "05e0b8dd59a58d678419af6cc11e7168dc73e99e",
            "messageTitle": "Moved the date parsing from the constructor to the parseBy method",
            "messageBody": "",
            "insertions": 56,
            "deletions": 117
          },
          {
            "hash": "1c00f888945eeb2ab301a45045fdd5b2e8cb8c91",
            "messageTitle": "Created the method Storage.load(), which handles loading the text file to an ArrayList\u003ctask\u003e",
            "messageBody": "",
            "insertions": 88,
            "deletions": 71
          },
          {
            "hash": "db96e3e0c2562f73cb3ace34c0435b6b1beee58c",
            "messageTitle": "Added a new method to Ui, showWelcome() which prints the welcome string",
            "messageBody": "",
            "insertions": 9,
            "deletions": 4
          },
          {
            "hash": "3104f0f1e36179590f81533c13c164bb2bf90c6b",
            "messageTitle": "Added Duke constructor and Duke.run() method",
            "messageBody": "",
            "insertions": 27,
            "deletions": 10
          },
          {
            "hash": "6bde107676a39eccda1d7bb61e5f2e0a42e68c3b",
            "messageTitle": "Implemented minimal level of More-OOP",
            "messageBody": "",
            "insertions": 31,
            "deletions": 50
          },
          {
            "hash": "ee801b0e7214e4c45e758ddec7780f636c2992b7",
            "messageTitle": "Before refactoring into packages",
            "messageBody": "",
            "insertions": 21,
            "deletions": 31
          },
          {
            "hash": "41e9c86b441d2c81948a4a355817a1578216484f",
            "messageTitle": "Organized classes into packages",
            "messageBody": "",
            "insertions": 33,
            "deletions": 13
          }
        ]
      },
      {
        "insertions": 63,
        "deletions": 29,
        "date": "2019-08-29",
        "commitResults": [
          {
            "hash": "16e36be1ee0eb3e286b77dac3a214db651c0080a",
            "messageTitle": "Added 2 testClasses; EventTest \u0026 TodoTest",
            "messageBody": "",
            "insertions": 63,
            "deletions": 29
          }
        ]
      },
      {
        "insertions": 282,
        "deletions": 185,
        "date": "2019-08-30",
        "commitResults": [
          {
            "hash": "8f09be4c8a0b78409abc99afbd0d0ae2064fcfa2",
            "messageTitle": "Added a TaskList class for more OOP",
            "messageBody": "",
            "insertions": 81,
            "deletions": 24
          },
          {
            "hash": "7aa2ea8e3dbb960f45d5ad04155e77f2cf662ff2",
            "messageTitle": "Added Parser class for more OOP",
            "messageBody": "",
            "insertions": 50,
            "deletions": 36
          },
          {
            "hash": "6a39898c4fd121762286919b3c534568198b8f08",
            "messageTitle": "Changed variable name; \u0027at\u0027 to \u0027location\u0027, \u0027by\u0027 to \u0027dateTime\u0027",
            "messageBody": "",
            "insertions": 23,
            "deletions": 23
          },
          {
            "hash": "0843de065dc2b7acb89b19cb6d5e0d34bbb17f3a",
            "messageTitle": "Added a method \"printList\" into Ui.java class",
            "messageBody": "",
            "insertions": 20,
            "deletions": 9
          },
          {
            "hash": "75bc3b619b4e870057e801d4ad532e6d26b77094",
            "messageTitle": "Added 2 methods to Parser class; getFinishedTaskNum \u0026 getDeletedTaskNum",
            "messageBody": "",
            "insertions": 13,
            "deletions": 14
          },
          {
            "hash": "42c4c2763573e3bb72dccfa20044865f650e9dad",
            "messageTitle": "Added more methods to Ui.java class",
            "messageBody": "",
            "insertions": 58,
            "deletions": 36
          },
          {
            "hash": "46b5088ba16fd864ce8f9acb91c29486915683d3",
            "messageTitle": "Finished up with OOP",
            "messageBody": "",
            "insertions": 16,
            "deletions": 19
          },
          {
            "hash": "59494be017335572e18b3de73377bb2dc136909a",
            "messageTitle": "Ensured code complied to coding standards",
            "messageBody": "",
            "insertions": 21,
            "deletions": 24
          }
        ]
      },
      {
        "insertions": 519,
        "deletions": 88,
        "date": "2019-08-31",
        "commitResults": [
          {
            "hash": "7745f7946fe7049924f771f598b53b9ad4eaa74b",
            "messageTitle": "Implemented JavaDoc for Duke.java and Parser.java classes.",
            "messageBody": "",
            "insertions": 120,
            "deletions": 15
          },
          {
            "hash": "1e6f38497f2b7f628a23733a6eea909964657617",
            "messageTitle": "Finished up JavaDocs for all classes.",
            "messageBody": "",
            "insertions": 399,
            "deletions": 73
          }
        ]
      },
      {
        "insertions": 89,
        "deletions": 12,
        "date": "2019-09-01",
        "commitResults": [
          {
            "hash": "ac210f07070c3b0da345e2cc4fa10841de78ee3e",
            "messageTitle": "Added function to find similar tasks.",
            "messageBody": "",
            "insertions": 48,
            "deletions": 3
          },
          {
            "hash": "29c4fc959efc6bd8b091be1763a0735f0f71854a",
            "messageTitle": "Continuation of previous commit. Previous commit failed to push all files.",
            "messageBody": "",
            "insertions": 33,
            "deletions": 4
          },
          {
            "hash": "883c7a703d0ccc8dce6461bc1e0a80e0c3e0bba9",
            "messageTitle": "Comitted tasks.txt",
            "messageBody": "",
            "insertions": 2,
            "deletions": 0
          },
          {
            "hash": "59d395c4582feb8dbdea4ce05f47170239c5b113",
            "messageTitle": "Added comments for the method getArayList \u0026 findSimilarTasks in TaskList.java class.",
            "messageBody": "",
            "insertions": 6,
            "deletions": 5
          }
        ]
      },
      {
        "insertions": 251,
        "deletions": 163,
        "date": "2019-09-04",
        "commitResults": [
          {
            "hash": "1085ea6af597a5384e4ef93b0cd082b545734d66",
            "messageTitle": "Added gradle and checkStyle",
            "messageBody": "",
            "insertions": 184,
            "deletions": 150
          },
          {
            "hash": "4c04631c5b0fa90f7f5eda8cf912e5eafb854498",
            "messageTitle": "Added unit testing into Gradle",
            "messageBody": "",
            "insertions": 27,
            "deletions": 10
          },
          {
            "hash": "46812cea1b7568ed7cc4a156846e1e2b60a2d1a6",
            "messageTitle": "Added minor changes for Coding Style",
            "messageBody": "",
            "insertions": 12,
            "deletions": 0
          },
          {
            "hash": "444f2dc5e9ef36a76375b263dd0d32032e956527",
            "messageTitle": "Managed to print \"Hello World\" following Tutorial Part 1",
            "messageBody": "",
            "insertions": 27,
            "deletions": 2
          },
          {
            "hash": "d35fec73a228c5a47c9f02807263b076988ce9e0",
            "messageTitle": "no message",
            "messageBody": "",
            "insertions": 1,
            "deletions": 1
          }
        ]
      },
      {
        "insertions": 269,
        "deletions": 2,
        "date": "2019-09-05",
        "commitResults": [
          {
            "hash": "b6d4dfdebde0bf0e5c69756270b2ef28be695284",
            "messageTitle": "Finished javaFxTutorialPart3",
            "messageBody": "",
            "insertions": 269,
            "deletions": 2
          }
        ]
      },
      {
        "insertions": 1070,
        "deletions": 786,
        "date": "2019-09-08",
        "commitResults": [
          {
            "hash": "7e90e456e10497e16aba7d354fef626971c55cfe",
            "messageTitle": "Implemented basic GUI. Checkpoint before implementing FXML.",
            "messageBody": "",
            "insertions": 228,
            "deletions": 41
          },
          {
            "hash": "076290d3a66030042af8a6fbfa603e24459d519d",
            "messageTitle": "Implemented fxml. Added shadow effect to DialogBox through SceneBuilder. Added different background color through DialogBox.java.",
            "messageBody": "",
            "insertions": 32,
            "deletions": 99
          },
          {
            "hash": "64374a7c8c95325ddb236f9cd1e5cb520f24ffdb",
            "messageTitle": "Refactored code to ensure support for CLI and GUI.",
            "messageBody": "",
            "insertions": 298,
            "deletions": 114
          },
          {
            "hash": "ce90e908e8ee6b9b16f851d7beac26db9a03bac9",
            "messageTitle": "Added basic support for GUI. GUI now handles input and output just like CLI.",
            "messageBody": "",
            "insertions": 151,
            "deletions": 137
          },
          {
            "hash": "efcd461972cd3f7abf660677a6358eeac6263659",
            "messageTitle": "Updated some java docs.",
            "messageBody": "",
            "insertions": 19,
            "deletions": 4
          },
          {
            "hash": "2836af0c6d5ecd49ab3be7ecc2b2c98fc85cec0a",
            "messageTitle": "Refactored Ui.java into CommandLineUi.java and GraphicalUi.java.",
            "messageBody": "",
            "insertions": 305,
            "deletions": 257
          },
          {
            "hash": "00a61354a0dfbc9ff1909b507082b109903d7962",
            "messageTitle": "Implemented a workaround in display for GUI. ✓ and ✘ will be replaced with V and X only for GUI.",
            "messageBody": "",
            "insertions": 37,
            "deletions": 134
          }
        ]
      },
      {
        "insertions": 411,
        "deletions": 132,
        "date": "2019-09-09",
        "commitResults": [
          {
            "hash": "a3ce1207fc84c2026c1c63c15cad2e64d8a2a971",
            "messageTitle": "Finished up code quality and major refactoring.",
            "messageBody": "",
            "insertions": 324,
            "deletions": 58
          },
          {
            "hash": "4a9bebdd30a3b0f7caa6be77567afe1375faef35",
            "messageTitle": "Changed if-else statements to switch-case.",
            "messageBody": "",
            "insertions": 34,
            "deletions": 43
          },
          {
            "hash": "4f068690a3eeb471b203a2cdb5869b8bf9185a8a",
            "messageTitle": "Added Assertions",
            "messageBody": "",
            "insertions": 18,
            "deletions": 2
          },
          {
            "hash": "3481a2810b62601f550edc9dd1cfa06ae43ffe13",
            "messageTitle": "Implemented functional interface: DukeErrorInterface, along with lambda function.",
            "messageBody": "",
            "insertions": 22,
            "deletions": 15
          },
          {
            "hash": "d4b16aaee263961041ed761fa7d904dc8562bce8",
            "messageTitle": "no message",
            "messageBody": "",
            "insertions": 1,
            "deletions": 1
          },
          {
            "hash": "d00cbefaae2e91fb1248ed02b31b6b5983f4bb64",
            "messageTitle": "Changed find function for TaskList to use Java Streams.",
            "messageBody": "",
            "insertions": 12,
            "deletions": 13
          }
        ]
      },
      {
        "insertions": 173,
        "deletions": 78,
        "date": "2019-09-10",
        "commitResults": [
          {
            "hash": "56cabe8c0e26c340a3f63695d88d7ae9c93d09e8",
            "messageTitle": "Fix assertion error",
            "messageBody": "",
            "insertions": 8,
            "deletions": 10
          },
          {
            "hash": "646f1cc526b7d097702fd3c9e144a8ffa998e21b",
            "messageTitle": "Fix dialog box not scrollling properly if output is too long",
            "messageBody": "",
            "insertions": 12,
            "deletions": 18
          },
          {
            "hash": "494ee1e50a982aa1207119527fd549ac5bbc53b2",
            "messageTitle": "Add functionality to record created \u0026 modified date into txt file",
            "messageBody": "",
            "insertions": 139,
            "deletions": 41
          },
          {
            "hash": "253fe45567eb208a0a3ee0aeb3aa43e3b02e898b",
            "messageTitle": "Create another txt file to support future statistics saving",
            "messageBody": "",
            "insertions": 14,
            "deletions": 9
          }
        ]
      },
      {
        "insertions": 370,
        "deletions": 152,
        "date": "2019-09-11",
        "commitResults": [
          {
            "hash": "40f2d2756a831f50af3319eb9ba7b8f90cb64f5d",
            "messageTitle": "Change if-else in loadTasks() to a swtich-case",
            "messageBody": "",
            "insertions": 4,
            "deletions": 48
          },
          {
            "hash": "fe64b9d2a2501be31daa59e8814c9f2951589291",
            "messageTitle": "Change Task attribute from date to dateTime",
            "messageBody": "",
            "insertions": 46,
            "deletions": 41
          },
          {
            "hash": "9564b8a8c37760886012ea76049ae6f9c240e0e2",
            "messageTitle": "Add reading and writing of stats txt file",
            "messageBody": "",
            "insertions": 139,
            "deletions": 17
          },
          {
            "hash": "caf26abff77a940e2b6dfa9a1b2e3c576c69ea63",
            "messageTitle": "Add the functionality to view all stats from CLI",
            "messageBody": "",
            "insertions": 42,
            "deletions": 21
          },
          {
            "hash": "72b347a018b8d06ae0822a5a51f65b5887715bf2",
            "messageTitle": "Add the functionality to reset stats",
            "messageBody": "",
            "insertions": 59,
            "deletions": 11
          },
          {
            "hash": "8494657bbd288353e8801a6a527b305e03894950",
            "messageTitle": "Add stats to measure tasks deleted, command executed \u0026 marked done into CLI",
            "messageBody": "",
            "insertions": 63,
            "deletions": 13
          },
          {
            "hash": "96ed883d2caff95edee4963b0a856ec926d45919",
            "messageTitle": "Add joda-time as a dependency to gradle.",
            "messageBody": "",
            "insertions": 1,
            "deletions": 0
          },
          {
            "hash": "ade694fc63f734a353843d94f53a9d3190a843a5",
            "messageTitle": "Make Task an abstract class. Allow Task to return taskType",
            "messageBody": "",
            "insertions": 16,
            "deletions": 1
          }
        ]
      },
      {
        "insertions": 112,
        "deletions": 48,
        "date": "2019-09-12",
        "commitResults": [
          {
            "hash": "b7891e3a202d43404c08cffa608eb5ca7a60f698",
            "messageTitle": "Add functionality to count events completed in 1 day",
            "messageBody": "",
            "insertions": 72,
            "deletions": 3
          },
          {
            "hash": "cd0ef93fa6e543ecc5c75c2b0f918fd8d3f7dcb3",
            "messageTitle": "Refactor classes into package \"core\" and \"ui\"",
            "messageBody": "",
            "insertions": 40,
            "deletions": 45
          }
        ]
      },
      {
        "insertions": 371,
        "deletions": 2,
        "date": "2019-09-13",
        "commitResults": [
          {
            "hash": "a44fce2c8e27a5ae21ceb90a7117b7f970c435f4",
            "messageTitle": "Add Command classes but not shift operations from Duke to respective Command classes",
            "messageBody": "",
            "insertions": 371,
            "deletions": 2
          }
        ]
      },
      {
        "insertions": 1174,
        "deletions": 648,
        "date": "2019-09-14",
        "commitResults": [
          {
            "hash": "6a5dd9d0f24b6df9e64d69533502648fa298ce4b",
            "messageTitle": "Refactor CLI to use Command classes",
            "messageBody": "",
            "insertions": 216,
            "deletions": 16
          },
          {
            "hash": "51c5beeb052f20eae5f2c1fba92cc657adbf8527",
            "messageTitle": "Remove leftover code from Duke main, which has been ported to Command subclasses",
            "messageBody": "",
            "insertions": 21,
            "deletions": 382
          },
          {
            "hash": "e8e2bf75833de69e96e8dd351ea03acb0d7ed4ef",
            "messageTitle": "Fix spacing issues in GUI for \"stats all\" command",
            "messageBody": "",
            "insertions": 5,
            "deletions": 5
          },
          {
            "hash": "b3cd82fd4671f4299155b197a1b231efc42dc818",
            "messageTitle": "Remove redundant javaFx code in Duke main",
            "messageBody": "",
            "insertions": 0,
            "deletions": 29
          },
          {
            "hash": "5fce4992f7e55af83903b62f329690c62d0be37c",
            "messageTitle": "Tweak \u0026 perfect GUI output for \"stats all\" command",
            "messageBody": "",
            "insertions": 3,
            "deletions": 3
          },
          {
            "hash": "a9e0ecb428611d30871b78f948b133de46ecd4f7",
            "messageTitle": "Refactor code segment for loading data from txt files",
            "messageBody": "",
            "insertions": 32,
            "deletions": 29
          },
          {
            "hash": "99d1ee610c53c4024327adf5255b44209c296211",
            "messageTitle": "Implement getter functions wrt loading saved data from Duke main class",
            "messageBody": "",
            "insertions": 16,
            "deletions": 5
          },
          {
            "hash": "9cc9c6a90a9a6678fd61718fa3d1d2c9d57a80d5",
            "messageTitle": "Add java docs to Duke.java and refactor all of Duke.java",
            "messageBody": "",
            "insertions": 100,
            "deletions": 42
          },
          {
            "hash": "a3eefeea737af8312920998dc6de8e539313b5d3",
            "messageTitle": "Shift printing to Command Line from Duke to CommandLine Ui",
            "messageBody": "",
            "insertions": 4,
            "deletions": 0
          },
          {
            "hash": "be22244a9fc85f1036433248ec883d7d448e981c",
            "messageTitle": "Add java docs and refactoring to specified files",
            "messageBody": "",
            "insertions": 113,
            "deletions": 17
          },
          {
            "hash": "c73105f68f23f7770a327fe8f228e317ccc3d83a",
            "messageTitle": "Updated java docs for Command classes",
            "messageBody": "",
            "insertions": 287,
            "deletions": 30
          },
          {
            "hash": "b5556c384306ae9d90ea55debc0aa1fb753e8a1a",
            "messageTitle": "Updated java docs for core classes",
            "messageBody": "",
            "insertions": 5,
            "deletions": 1
          },
          {
            "hash": "2d3dba3b61edebfbc7911de94b2840390e4b3706",
            "messageTitle": "Add java docs to Parser class",
            "messageBody": "",
            "insertions": 19,
            "deletions": 0
          },
          {
            "hash": "ad1e9f933a30d276715ed042df4c3d2f4783d962",
            "messageTitle": "Add java docs to Statistic class",
            "messageBody": "",
            "insertions": 59,
            "deletions": 5
          },
          {
            "hash": "6ab741952c0a19532c991199dffa65c4230fe1f0",
            "messageTitle": "Update java docs for the respective classes",
            "messageBody": "",
            "insertions": 164,
            "deletions": 3
          },
          {
            "hash": "52d1fa6a569220896bbccbe1c96fe71113df659d",
            "messageTitle": "Updated checkStyle",
            "messageBody": "",
            "insertions": 104,
            "deletions": 70
          },
          {
            "hash": "6d71930e523739c0a4574bb2668e35b855d8a46c",
            "messageTitle": "Update javadocs in Test classes",
            "messageBody": "",
            "insertions": 7,
            "deletions": 6
          },
          {
            "hash": "edf39a59656ac8d628de6a8a79c7ea7d094c284f",
            "messageTitle": "Fix JUnit test classes",
            "messageBody": "",
            "insertions": 17,
            "deletions": 3
          },
          {
            "hash": "2d8c77461f94df011bc1668703f9419eba73bc75",
            "messageTitle": "Fix checkStyle violation",
            "messageBody": "",
            "insertions": 2,
            "deletions": 2
          }
        ]
      },
      {
        "insertions": 386,
        "deletions": 108,
        "date": "2019-09-16",
        "commitResults": [
          {
            "hash": "9df5b68a78cd8b85a510023a79f3fc0a2d5ede1c",
            "messageTitle": "Add \"stats deadline\" command which displays tasks completed from 1 day ago",
            "messageBody": "",
            "insertions": 112,
            "deletions": 14
          },
          {
            "hash": "44e9a6fd21655ed46299b8074fc69163b60f716d",
            "messageTitle": "Optimize code in Storage",
            "messageBody": "",
            "insertions": 1,
            "deletions": 1
          },
          {
            "hash": "4b9bced1996b981ebc2c000ddc8ee825ac0baf29",
            "messageTitle": "Extract methods to create deadline, event and todo classes from string",
            "messageBody": "",
            "insertions": 105,
            "deletions": 62
          },
          {
            "hash": "986377d0b6ed98da417723084cbc04f9dc62c41c",
            "messageTitle": "Add \"stats todo\" command which displays todos completed from one day ago",
            "messageBody": "",
            "insertions": 115,
            "deletions": 2
          },
          {
            "hash": "cabe6ce77b858199ee35c7719203bb01e71df9bd",
            "messageTitle": "Enable \"stats all\" command to show stats.",
            "messageBody": "",
            "insertions": 24,
            "deletions": 16
          },
          {
            "hash": "7f9dccc8029e4de3bb3cb750ed3edd7797c7ead2",
            "messageTitle": "Fix checkStyle violations",
            "messageBody": "",
            "insertions": 29,
            "deletions": 13
          }
        ]
      },
      {
        "insertions": 28,
        "deletions": 11,
        "date": "2019-09-19",
        "commitResults": [
          {
            "hash": "e7cf81f00cbd0ee4e5cdf7f62b6ae3b25cf61da0",
            "messageTitle": "Add checking of invalid dates for Deadline date field",
            "messageBody": "",
            "insertions": 28,
            "deletions": 11
          }
        ]
      },
      {
        "insertions": 30,
        "deletions": 25,
        "date": "2019-09-20",
        "commitResults": [
          {
            "hash": "f6b5fb1f6a7b92cb3aeaf5b3b5cf3200f338c530",
            "messageTitle": "Add samplecommands to Welcome String in GUI.",
            "messageBody": "",
            "insertions": 23,
            "deletions": 12
          },
          {
            "hash": "c75f4c4f7290a784b2d2dfd543bd8490bf7a2364",
            "messageTitle": "Added some sample data for user to pre-load",
            "messageBody": "",
            "insertions": 5,
            "deletions": 5
          },
          {
            "hash": "9e3ffc600fac074090e74aff028a22a2e23ae6a8",
            "messageTitle": "Change filename for UI pics",
            "messageBody": "",
            "insertions": 2,
            "deletions": 2
          },
          {
            "hash": "2bd53185627542111cbbf2c3874f533d524381be",
            "messageTitle": "Ignore stat txt file",
            "messageBody": "",
            "insertions": 0,
            "deletions": 6
          }
        ]
      },
      {
        "insertions": 92,
        "deletions": 131,
        "date": "2019-09-21",
        "commitResults": [
          {
            "hash": "b675a5076a7bf8b3da914ec7d2a0f8f2e7235e5d",
            "messageTitle": "Change UI pics and GUI \"bye\" string. Add function to auto exit GUI after \"bye\"",
            "messageBody": "",
            "insertions": 20,
            "deletions": 5
          },
          {
            "hash": "3f090e39717e6fa9dccd517cb64d94fede7597e4",
            "messageTitle": "Edit comment typo and attempt to test docs output",
            "messageBody": "",
            "insertions": 2,
            "deletions": 2
          },
          {
            "hash": "099c3366095b52868c836ae6f6853dbea6fb7144",
            "messageTitle": "Edit gradle.build to rebuild javaFX dependencies",
            "messageBody": "",
            "insertions": 6,
            "deletions": 5
          },
          {
            "hash": "db978909f492be4e078ac52bd16f95dd91db49be",
            "messageTitle": "Add java docs for checkValidDate method",
            "messageBody": "",
            "insertions": 7,
            "deletions": 1
          },
          {
            "hash": "d57803452c39afc59d90f042aeadd3c3f98d0646",
            "messageTitle": "Remove redundant code in DialogBox.java",
            "messageBody": "",
            "insertions": 0,
            "deletions": 99
          },
          {
            "hash": "dfb765f7a7d17c4a6e73859d7d12c194264c6ba5",
            "messageTitle": "Add pre-loaded stats txt file",
            "messageBody": "",
            "insertions": 1,
            "deletions": 1
          },
          {
            "hash": "3258c4106c4f6892f85203397c743dbd4c95954a",
            "messageTitle": "Change Interrupt Exception string",
            "messageBody": "",
            "insertions": 1,
            "deletions": 1
          },
          {
            "hash": "7096c3e71e7060944f25fcc45f32edb7fbca3ca3",
            "messageTitle": "Update user documentation",
            "messageBody": "",
            "insertions": 15,
            "deletions": 3
          },
          {
            "hash": "a27f1ffa4993225b390561fb132a3aa36a8132ed",
            "messageTitle": "Update README.md",
            "messageBody": "",
            "insertions": 3,
            "deletions": 3
          },
          {
            "hash": "fdd0acb948a4f9cbc4bc742011a6b5be209e6780",
            "messageTitle": "Update README.md",
            "messageBody": "",
            "insertions": 2,
            "deletions": 1
          },
          {
            "hash": "158ee767ab3cfe505033e4fcf65ef2737172e531",
            "messageTitle": "Update README.md with event command",
            "messageBody": "",
            "insertions": 23,
            "deletions": 2
          },
          {
            "hash": "7069cb3b7df970f505d3eeed389cfcb87c91ec25",
            "messageTitle": "Update README.md",
            "messageBody": "",
            "insertions": 12,
            "deletions": 8
          }
        ]
      },
      {
        "insertions": 161,
        "deletions": 46,
        "date": "2019-09-22",
        "commitResults": [
          {
            "hash": "994f5f5be189722ecf01cfeca3acbedc59cadcf3",
            "messageTitle": "Update README.md",
            "messageBody": "",
            "insertions": 27,
            "deletions": 4
          },
          {
            "hash": "5799fa6c5bdde165f0f47c6df89339bbae6cda43",
            "messageTitle": "Fix wrong string output for the \u0027stats todo\u0027 command",
            "messageBody": "",
            "insertions": 2,
            "deletions": 2
          },
          {
            "hash": "b34f8d03ba6275ea94fdb2e7bb248082e6bcbd9c",
            "messageTitle": "Update README.md",
            "messageBody": "",
            "insertions": 24,
            "deletions": 1
          },
          {
            "hash": "c11604077f0deca8f4969283ff237ddf85d4331c",
            "messageTitle": "Update README.md",
            "messageBody": "",
            "insertions": 12,
            "deletions": 9
          },
          {
            "hash": "a9fe7fe2c4dd75d7af95663afe3855d9e6f9f3f4",
            "messageTitle": "Update README.md",
            "messageBody": "",
            "insertions": 7,
            "deletions": 4
          },
          {
            "hash": "c460b0b55e20a7cc117f1385d1a4378f9f700786",
            "messageTitle": "Update README.md",
            "messageBody": "",
            "insertions": 9,
            "deletions": 4
          },
          {
            "hash": "d7718c4677c56092dd45597ffea821cb188b6db1",
            "messageTitle": "Update README.md",
            "messageBody": "",
            "insertions": 43,
            "deletions": 2
          },
          {
            "hash": "ca72451a18a1b43d43f9b228053809c37696d14a",
            "messageTitle": "Update README.md",
            "messageBody": "",
            "insertions": 2,
            "deletions": 2
          },
          {
            "hash": "562305ede525d1de592bb57546493a9502c95b8f",
            "messageTitle": "Update README.md",
            "messageBody": "",
            "insertions": 1,
            "deletions": 1
          },
          {
            "hash": "3efc2ec1bd5d8b5274bfcaad30658b3e742b35c1",
            "messageTitle": "Update README.md",
            "messageBody": "",
            "insertions": 4,
            "deletions": 2
          },
          {
            "hash": "10cf37ed632e8fdcd930555864b5ed130e91c025",
            "messageTitle": "Update README.md",
            "messageBody": "",
            "insertions": 30,
            "deletions": 15
          }
        ]
      },
      {
        "insertions": 111,
        "deletions": 62,
        "date": "2019-09-23",
        "commitResults": [
          {
            "hash": "8ca91d48dba74223df44238d2d4a74780a0cd3b8",
            "messageTitle": "Update README.md",
            "messageBody": "",
            "insertions": 4,
            "deletions": 0
          },
          {
            "hash": "2611cf883ea0b628636d1a6b37299bd626781d14",
            "messageTitle": "Add cross-platform dependencies to build.gradle",
            "messageBody": "",
            "insertions": 19,
            "deletions": 0
          },
          {
            "hash": "302d3e6726efb5202e2de2714a9b46479103e5a7",
            "messageTitle": "Edit build.gradle to redownload missing JavaFX",
            "messageBody": "",
            "insertions": 2,
            "deletions": 2
          },
          {
            "hash": "f7501903e857c152ee5502ee0f7dbfee7af5fb8b",
            "messageTitle": "Change filepath of storage files from absolute to relative",
            "messageBody": "",
            "insertions": 18,
            "deletions": 9
          },
          {
            "hash": "dcfe2c3ff0ff761e90d60f08b069a4f9877d8771",
            "messageTitle": "Add functionality to run without pre-created tasks \u0026 stats storage file",
            "messageBody": "",
            "insertions": 68,
            "deletions": 51
          }
        ]
      },
      {
        "insertions": 400,
        "deletions": 156,
        "date": "2019-09-24",
        "commitResults": [
          {
            "hash": "374dee4a8dade5ff29d08df04e04039bdb36cf57",
            "messageTitle": "Update filePaths to use relative path instead of absoute path",
            "messageBody": "",
            "insertions": 3,
            "deletions": 3
          },
          {
            "hash": "4e3436d6508a94362fac17bcbc62e94c568c27c2",
            "messageTitle": "Add more Obi Wan personality",
            "messageBody": "",
            "insertions": 21,
            "deletions": 8
          },
          {
            "hash": "4afb90dc7b05494947ff8f9699afffe36c16641e",
            "messageTitle": "Fix checkStyle issue",
            "messageBody": "",
            "insertions": 7,
            "deletions": 3
          },
          {
            "hash": "c0c29e4bb4e5965836d25e0e4be8cce9304f45b4",
            "messageTitle": "Implement Storage such that will create empty folder if data foler doesn\u0027t exist",
            "messageBody": "",
            "insertions": 66,
            "deletions": 26
          },
          {
            "hash": "c978e0890f6429b04e591e8dec89419f26c1acd1",
            "messageTitle": "Refactor folder \u0026 file checking code portion",
            "messageBody": "",
            "insertions": 57,
            "deletions": 28
          },
          {
            "hash": "f7bd85f27818fbc6d9a31d6edb470b30a8594554",
            "messageTitle": "Update to handle incomplete \"stats\" command ie \"stats\" doesn\u0027t come with second argument",
            "messageBody": "",
            "insertions": 4,
            "deletions": 1
          },
          {
            "hash": "7dce9ea62c20fe3a95687c6154ee1e8cd19bc245",
            "messageTitle": "Changed data folder name from \u0027//data\u0027 to \u0027//obot-data\u0027",
            "messageBody": "",
            "insertions": 7,
            "deletions": 7
          },
          {
            "hash": "afb2fcbad6dec50e23787171fe6cb3d4312e2643",
            "messageTitle": "Remove redundant comment in build.gradle",
            "messageBody": "",
            "insertions": 2,
            "deletions": 3
          },
          {
            "hash": "7b49a8ca2ce20180deeda855b1157d2d9044db72",
            "messageTitle": "Update README.md",
            "messageBody": "",
            "insertions": 31,
            "deletions": 9
          },
          {
            "hash": "6dddf1bf8d9317022799db872eade351a151c20d",
            "messageTitle": "Update README.md",
            "messageBody": "",
            "insertions": 4,
            "deletions": 1
          },
          {
            "hash": "d4dfe3ade7c5a491e4dfb0b83db03ba490447796",
            "messageTitle": "Update README.md",
            "messageBody": "",
            "insertions": 24,
            "deletions": 14
          },
          {
            "hash": "1d5a49fbb1a53c7790bd072618b95f65cbc5822d",
            "messageTitle": "Update README.md",
            "messageBody": "",
            "insertions": 8,
            "deletions": 6
          },
          {
            "hash": "8f4eaea194098d853d7d6860fd86dc5b6df44d77",
            "messageTitle": "Update README.md",
            "messageBody": "",
            "insertions": 2,
            "deletions": 3
          },
          {
            "hash": "0b51a7d6e0b8ff8f35081e3fbc36f94aee4970a9",
            "messageTitle": "Update README.md",
            "messageBody": "",
            "insertions": 1,
            "deletions": 1
          },
          {
            "hash": "5d0918cfeeba7cdfd4c9755a9a1db2f86481748e",
            "messageTitle": "Update README.md",
            "messageBody": "",
            "insertions": 1,
            "deletions": 2
          },
          {
            "hash": "101e215abade2168386352201f2e0aece0356303",
            "messageTitle": "Update README.md",
            "messageBody": "",
            "insertions": 23,
            "deletions": 0
          },
          {
            "hash": "42839c8e79ddeab294e03dd9c62fbcd0c2b77e8b",
            "messageTitle": "Update README.md",
            "messageBody": "",
            "insertions": 3,
            "deletions": 0
          },
          {
            "hash": "7cee448fd59db44e2239fd85e725a72baff7b33d",
            "messageTitle": "Update README.md",
            "messageBody": "",
            "insertions": 3,
            "deletions": 3
          },
          {
            "hash": "cb879f2b23c56413aa36d6a37849c8b9a57c1d4c",
            "messageTitle": "Update README.md",
            "messageBody": "",
            "insertions": 19,
            "deletions": 0
          },
          {
            "hash": "9b6a6e80d8f0c20f5f3d370cab7b86a2b1d921b2",
            "messageTitle": "Update README.md",
            "messageBody": "",
            "insertions": 6,
            "deletions": 1
          },
          {
            "hash": "b17d347433ac027232e056db57fbc4a17c252e53",
            "messageTitle": "Update README.md",
            "messageBody": "",
            "insertions": 0,
            "deletions": 2
          },
          {
            "hash": "ae3e5fd8422e6bebd1cf4e91add330a04569c136",
            "messageTitle": "Implement fix for cross-platform use",
            "messageBody": "",
            "insertions": 3,
            "deletions": 8
          },
          {
            "hash": "432db14d7c1a14089d0291e5d37cef06b593ddf1",
            "messageTitle": "Update README.md",
            "messageBody": "",
            "insertions": 11,
            "deletions": 3
          },
          {
            "hash": "fa1cb3141960b9ad4048dd79e1bc798b70955c68",
            "messageTitle": "Update README.md",
            "messageBody": "",
            "insertions": 2,
            "deletions": 2
          },
          {
            "hash": "5da16e04dc9c92020f70d7c5d408d7a812775a02",
            "messageTitle": "Update README.md",
            "messageBody": "",
            "insertions": 1,
            "deletions": 1
          },
          {
            "hash": "e8194f508545cae247b4c312643842025ca51de4",
            "messageTitle": "Update README.md",
            "messageBody": "",
            "insertions": 39,
            "deletions": 1
          },
          {
            "hash": "3d389aacd2180fe2639045662e9c84beb5c65de7",
            "messageTitle": "Update README.md",
            "messageBody": "",
            "insertions": 2,
            "deletions": 2
          },
          {
            "hash": "18a902c0eae63459a6818a1cb87cc0c4db20a3f1",
            "messageTitle": "Add more Obi-Wan personality and handling of empty task description",
            "messageBody": "",
            "insertions": 41,
            "deletions": 10
          },
          {
            "hash": "2ef4ca94bef0f79d49d69a47a25194ef5fe88a17",
            "messageTitle": "Add more personality",
            "messageBody": "",
            "insertions": 6,
            "deletions": 5
          },
          {
            "hash": "6b7f39ee877fdeaafb188c8ac43ea0b67f95c833",
            "messageTitle": "Update gradle shadowJar\u0027s version",
            "messageBody": "",
            "insertions": 1,
            "deletions": 1
          },
          {
            "hash": "a16885027bb1d9daa0236d03eb2bbf4b0d77843a",
            "messageTitle": "Update README.md",
            "messageBody": "",
            "insertions": 2,
            "deletions": 2
          }
        ]
      },
      {
        "insertions": 22,
        "deletions": 4,
        "date": "2019-09-25",
        "commitResults": [
          {
            "hash": "39f304d397a2bac12a50cce1dc9664d13ffcba03",
            "messageTitle": "Add checking for invalid deadline dateTime input",
            "messageBody": "",
            "insertions": 17,
            "deletions": 2
          },
          {
            "hash": "7c76296b3c20782a62a8029938b30f5cf211ea51",
            "messageTitle": "Add catching of DukeException to test classes",
            "messageBody": "",
            "insertions": 5,
            "deletions": 2
          }
        ]
      }
    ]
  },
  "authorFinalContributionMap": {
    "AhmadHatziq": 4149
  },
  "authorFileTypeContributionMap": {
    "AhmadHatziq": {
      "java": 3756,
      "md": 313,
      "fxml": 35,
      "sh": 0,
      "bat": 0,
      "gradle": 45,
      "txt": 0
    }
  },
  "authorContributionVariance": {
    "AhmadHatziq": 179035.23
  },
  "authorDisplayNameMap": {
    "AhmadHatziq": "CS2103-T14-2 AHMAD ... HAMAD"
  }
}
