{
  "authorDailyContributionsMap": {
    "marcusteh1238": [
      {
        "insertions": 111,
        "deletions": 32,
        "date": "2019-08-19",
        "commitResults": [
          {
            "hash": "41f6550d96c0c42abc6a5b4e5d49ab6869230abf",
            "messageTitle": "Completed Level 1-1",
            "messageBody": "",
            "insertions": 29,
            "deletions": 0
          },
          {
            "hash": "27fae28f59b45a3c89bb6ab795f0809168711a0d",
            "messageTitle": "Revert \"Completed Level 1-1\"",
            "messageBody": "This reverts commit 41f6550d96c0c42abc6a5b4e5d49ab6869230abf.\n",
            "insertions": 0,
            "deletions": 29
          },
          {
            "hash": "ada7c5d45d3eb0af9a3515eb91860cbeb9a7fb2c",
            "messageTitle": "Completed Level 1-1",
            "messageBody": "",
            "insertions": 29,
            "deletions": 0
          },
          {
            "hash": "4d9d40e6ab3fb3c38118b91f4bff7edbc7dde963",
            "messageTitle": "Completed Level1-2",
            "messageBody": "Added TaskList class to keep track of list items.\n",
            "insertions": 29,
            "deletions": 2
          },
          {
            "hash": "a41622767464672ffef003676b91767c00f098cb",
            "messageTitle": "Updated Level1-2 with Java Docs and Added Gradle support",
            "messageBody": "",
            "insertions": 24,
            "deletions": 1
          }
        ]
      },
      {
        "insertions": 265,
        "deletions": 48,
        "date": "2019-08-21",
        "commitResults": [
          {
            "hash": "4a299bb40bf5812f673a55a78ddcb49e7609e1d9",
            "messageTitle": "Completed Level1-3",
            "messageBody": "Changed System.out.println to Printstream to support UTF-8 encoding\n",
            "insertions": 86,
            "deletions": 21
          },
          {
            "hash": "1417636fc18035806d5ca5d91d68ab410e3713fb",
            "messageTitle": "Level1-4 completed",
            "messageBody": "Changed Task into an abstract class with multiple classes inheriting from it.\n",
            "insertions": 68,
            "deletions": 6
          },
          {
            "hash": "224fcee87cf92b2b267532e0f3ab33b743f372ea",
            "messageTitle": "Level1-5 Completed",
            "messageBody": "Added Error Handling and edited file names for Task objects\n",
            "insertions": 70,
            "deletions": 18
          },
          {
            "hash": "ffcbbaadd8cbcac863a8dfefc884e6d70d300bfa",
            "messageTitle": "Update to keep style consistent",
            "messageBody": "",
            "insertions": 7,
            "deletions": 1
          },
          {
            "hash": "b84edbd16bcac7bb0715ca5d5bf3d90e7590358c",
            "messageTitle": "Updated javadocs and added extra condition while processing done command",
            "messageBody": "",
            "insertions": 12,
            "deletions": 1
          },
          {
            "hash": "e80cc9160458e36e8f5d9a58bb7ccf4a2385fa18",
            "messageTitle": "Completed Level1-6",
            "messageBody": "Added delete function\n",
            "insertions": 22,
            "deletions": 1
          }
        ]
      },
      {
        "insertions": 0,
        "deletions": 5,
        "date": "2019-08-24",
        "commitResults": [
          {
            "hash": "e278d0a7acb19d3648236391a97b5505bb691885",
            "messageTitle": "Delete InvalidInputException.java",
            "messageBody": "",
            "insertions": 0,
            "deletions": 5
          }
        ]
      }
    ]
  },
  "authorFinalContributionMap": {
    "marcusteh1238": 292
  },
  "authorFileTypeContributionMap": {
    "marcusteh1238": {
      "java": 265,
      "md": 0,
      "fxml": 0,
      "sh": 0,
      "bat": 21,
      "gradle": 6,
      "txt": 0
    }
  },
  "authorContributionVariance": {
    "marcusteh1238": 10536.617
  },
  "authorDisplayNameMap": {
    "marcusteh1238": "TEH  .. RCUS"
  }
}
