{
  "authorDailyContributionsMap": {
    "Zhong Jun": [
      {
        "insertions": 55,
        "deletions": 8,
        "date": "2019-08-19",
        "commitResults": [
          {
            "hash": "ccd8c41a90e880e4e296a44987453ac6d4c02f75",
            "messageTitle": "Set up Gradle",
            "messageBody": "",
            "insertions": 22,
            "deletions": 1
          },
          {
            "hash": "c0fbf371b1a6c3fa53b37e0f6f071b5d17083849",
            "messageTitle": "Level 1: Greet, Echo, Exit",
            "messageBody": "",
            "insertions": 19,
            "deletions": 6
          },
          {
            "hash": "4da380295bf5e30356eef2b810a42a70f9cbae48",
            "messageTitle": "Level 2: Add, List",
            "messageBody": "",
            "insertions": 14,
            "deletions": 1
          }
        ]
      },
      {
        "insertions": 86,
        "deletions": 5,
        "date": "2019-08-22",
        "commitResults": [
          {
            "hash": "087aef8c59e45e4b68f1865947fd61f9282372d6",
            "messageTitle": "Level 3: Mark as Done",
            "messageBody": "",
            "insertions": 35,
            "deletions": 3
          },
          {
            "hash": "4506c6e9ce7454dfb9b07793361c830bca152631",
            "messageTitle": "Level 4: ToDo, Event, Deadline",
            "messageBody": "",
            "insertions": 51,
            "deletions": 2
          }
        ]
      }
    ],
    "Jeffry Lum": []
  },
  "authorFinalContributionMap": {
    "Zhong Jun": 135,
    "Jeffry Lum": 100
  },
  "authorFileTypeContributionMap": {
    "Zhong Jun": {
      "java": 113,
      "md": 0,
      "fxml": 0,
      "sh": 0,
      "bat": 0,
      "gradle": 22,
      "txt": 0
    },
    "Jeffry Lum": {
      "java": 0,
      "md": 0,
      "fxml": 0,
      "sh": 0,
      "bat": 84,
      "gradle": 16,
      "txt": 0
    }
  },
  "authorContributionVariance": {
    "Zhong Jun": 1266.0,
    "Jeffry Lum": 0.0
  },
  "authorDisplayNameMap": {
    "Zhong Jun": "Zhong Jun",
    "Jeffry Lum": "Jeffry Lum"
  }
}
