[
  {
    "path": "src/main/java/Duke.java",
    "fileType": "java",
    "lines": [
      {
        "lineNumber": 1,
        "author": {
          "gitId": "bitterg0d"
        },
        "content": "import java.util.Scanner;"
      },
      {
        "lineNumber": 2,
        "author": {
          "gitId": "bitterg0d"
        },
        "content": "import java.util.ArrayList;"
      },
      {
        "lineNumber": 3,
        "author": {
          "gitId": "bitterg0d"
        },
        "content": ""
      },
      {
        "lineNumber": 4,
        "author": {
          "gitId": "-"
        },
        "content": "public class Duke {"
      },
      {
        "lineNumber": 5,
        "author": {
          "gitId": "-"
        },
        "content": "    public static void main(String[] args) {"
      },
      {
        "lineNumber": 6,
        "author": {
          "gitId": "bitterg0d"
        },
        "content": ""
      },
      {
        "lineNumber": 7,
        "author": {
          "gitId": "bitterg0d"
        },
        "content": "        final String LINE \u003d \"____________________________________________________________\";"
      },
      {
        "lineNumber": 8,
        "author": {
          "gitId": "bitterg0d"
        },
        "content": "        final String TAB \u003d \"    \";"
      },
      {
        "lineNumber": 9,
        "author": {
          "gitId": "bitterg0d"
        },
        "content": "        String cmd;"
      },
      {
        "lineNumber": 10,
        "author": {
          "gitId": "bitterg0d"
        },
        "content": "        Scanner scan \u003d new Scanner(System.in);"
      },
      {
        "lineNumber": 11,
        "author": {
          "gitId": "bitterg0d"
        },
        "content": "        ArrayList\u003cString\u003e list \u003d new ArrayList\u003cString\u003e();"
      },
      {
        "lineNumber": 12,
        "author": {
          "gitId": "bitterg0d"
        },
        "content": ""
      },
      {
        "lineNumber": 13,
        "author": {
          "gitId": "bitterg0d"
        },
        "content": "        /*"
      },
      {
        "lineNumber": 14,
        "author": {
          "gitId": "-"
        },
        "content": "        String logo \u003d \" ____        _        \\n\""
      },
      {
        "lineNumber": 15,
        "author": {
          "gitId": "-"
        },
        "content": "                + \"|  _ \\\\ _   _| | _____ \\n\""
      },
      {
        "lineNumber": 16,
        "author": {
          "gitId": "-"
        },
        "content": "                + \"| | | | | | | |/ / _ \\\\\\n\""
      },
      {
        "lineNumber": 17,
        "author": {
          "gitId": "-"
        },
        "content": "                + \"| |_| | |_| |   \u003c  __/\\n\""
      },
      {
        "lineNumber": 18,
        "author": {
          "gitId": "-"
        },
        "content": "                + \"|____/ \\\\__,_|_|\\\\_\\\\___|\\n\";"
      },
      {
        "lineNumber": 19,
        "author": {
          "gitId": "-"
        },
        "content": "        System.out.println(\"Hello from\\n\" + logo);"
      },
      {
        "lineNumber": 20,
        "author": {
          "gitId": "bitterg0d"
        },
        "content": "        */"
      },
      {
        "lineNumber": 21,
        "author": {
          "gitId": "bitterg0d"
        },
        "content": ""
      },
      {
        "lineNumber": 22,
        "author": {
          "gitId": "bitterg0d"
        },
        "content": "        printDuke(LINE);"
      },
      {
        "lineNumber": 23,
        "author": {
          "gitId": "bitterg0d"
        },
        "content": "        printDuke(\"Hello! I\u0027m Duke\");"
      },
      {
        "lineNumber": 24,
        "author": {
          "gitId": "bitterg0d"
        },
        "content": "        printDuke(\"What can I do for you?\");"
      },
      {
        "lineNumber": 25,
        "author": {
          "gitId": "bitterg0d"
        },
        "content": "        printDuke(LINE);"
      },
      {
        "lineNumber": 26,
        "author": {
          "gitId": "bitterg0d"
        },
        "content": ""
      },
      {
        "lineNumber": 27,
        "author": {
          "gitId": "bitterg0d"
        },
        "content": "        while(true) {"
      },
      {
        "lineNumber": 28,
        "author": {
          "gitId": "bitterg0d"
        },
        "content": "            cmd \u003d scan.nextLine();"
      },
      {
        "lineNumber": 29,
        "author": {
          "gitId": "bitterg0d"
        },
        "content": "            if (cmd.equals(\"bye\")) {"
      },
      {
        "lineNumber": 30,
        "author": {
          "gitId": "bitterg0d"
        },
        "content": "                printDuke(LINE);"
      },
      {
        "lineNumber": 31,
        "author": {
          "gitId": "bitterg0d"
        },
        "content": "                printDuke(\"Bye. Hope to see you again soon!\");"
      },
      {
        "lineNumber": 32,
        "author": {
          "gitId": "bitterg0d"
        },
        "content": "                printDuke(LINE);"
      },
      {
        "lineNumber": 33,
        "author": {
          "gitId": "bitterg0d"
        },
        "content": "                break;"
      },
      {
        "lineNumber": 34,
        "author": {
          "gitId": "bitterg0d"
        },
        "content": "            }"
      },
      {
        "lineNumber": 35,
        "author": {
          "gitId": "bitterg0d"
        },
        "content": "            if (cmd.equals(\"list\")) {"
      },
      {
        "lineNumber": 36,
        "author": {
          "gitId": "bitterg0d"
        },
        "content": "                printDuke(LINE);"
      },
      {
        "lineNumber": 37,
        "author": {
          "gitId": "bitterg0d"
        },
        "content": "                printDuke(list);"
      },
      {
        "lineNumber": 38,
        "author": {
          "gitId": "bitterg0d"
        },
        "content": "                printDuke(LINE);"
      },
      {
        "lineNumber": 39,
        "author": {
          "gitId": "bitterg0d"
        },
        "content": "            } else {"
      },
      {
        "lineNumber": 40,
        "author": {
          "gitId": "bitterg0d"
        },
        "content": "                list.add(cmd);"
      },
      {
        "lineNumber": 41,
        "author": {
          "gitId": "bitterg0d"
        },
        "content": "                printDuke(LINE);"
      },
      {
        "lineNumber": 42,
        "author": {
          "gitId": "bitterg0d"
        },
        "content": "                System.out.println(TAB + \"added: \" + cmd);"
      },
      {
        "lineNumber": 43,
        "author": {
          "gitId": "bitterg0d"
        },
        "content": "                printDuke(LINE);"
      },
      {
        "lineNumber": 44,
        "author": {
          "gitId": "bitterg0d"
        },
        "content": "            }"
      },
      {
        "lineNumber": 45,
        "author": {
          "gitId": "bitterg0d"
        },
        "content": "        }"
      },
      {
        "lineNumber": 46,
        "author": {
          "gitId": "-"
        },
        "content": "    }"
      },
      {
        "lineNumber": 47,
        "author": {
          "gitId": "bitterg0d"
        },
        "content": ""
      },
      {
        "lineNumber": 48,
        "author": {
          "gitId": "bitterg0d"
        },
        "content": "    public static void printDuke(String toPrint) {"
      },
      {
        "lineNumber": 49,
        "author": {
          "gitId": "bitterg0d"
        },
        "content": "        System.out.println(\"    \" + toPrint);"
      },
      {
        "lineNumber": 50,
        "author": {
          "gitId": "-"
        },
        "content": "    }"
      },
      {
        "lineNumber": 51,
        "author": {
          "gitId": "bitterg0d"
        },
        "content": ""
      },
      {
        "lineNumber": 52,
        "author": {
          "gitId": "bitterg0d"
        },
        "content": "    public static void printDuke(ArrayList toPrint) {"
      },
      {
        "lineNumber": 53,
        "author": {
          "gitId": "bitterg0d"
        },
        "content": "        for (int i \u003d 1; i \u003c\u003d toPrint.size(); i++) {"
      },
      {
        "lineNumber": 54,
        "author": {
          "gitId": "bitterg0d"
        },
        "content": "            System.out.println(\"    \" + i + \". \" + toPrint.get(i - 1));"
      },
      {
        "lineNumber": 55,
        "author": {
          "gitId": "bitterg0d"
        },
        "content": "        }"
      },
      {
        "lineNumber": 56,
        "author": {
          "gitId": "bitterg0d"
        },
        "content": "    }"
      },
      {
        "lineNumber": 57,
        "author": {
          "gitId": "-"
        },
        "content": "}"
      }
    ],
    "authorContributionMap": {
      "bitterg0d": 46,
      "-": 11
    }
  },
  {
    "path": "text-ui-test/EXPECTED.txt",
    "fileType": "txt",
    "lines": [
      {
        "lineNumber": 1,
        "author": {
          "gitId": "bitterg0d"
        },
        "content": "    ___________________________________________________________"
      },
      {
        "lineNumber": 2,
        "author": {
          "gitId": "bitterg0d"
        },
        "content": "     Hello! I\u0027m Duke"
      },
      {
        "lineNumber": 3,
        "author": {
          "gitId": "bitterg0d"
        },
        "content": "     What can I do for you?"
      },
      {
        "lineNumber": 4,
        "author": {
          "gitId": "bitterg0d"
        },
        "content": "    ____________________________________________________________"
      },
      {
        "lineNumber": 5,
        "author": {
          "gitId": "bitterg0d"
        },
        "content": ""
      },
      {
        "lineNumber": 6,
        "author": {
          "gitId": "bitterg0d"
        },
        "content": "list"
      },
      {
        "lineNumber": 7,
        "author": {
          "gitId": "bitterg0d"
        },
        "content": "    ____________________________________________________________"
      },
      {
        "lineNumber": 8,
        "author": {
          "gitId": "bitterg0d"
        },
        "content": "     list"
      },
      {
        "lineNumber": 9,
        "author": {
          "gitId": "bitterg0d"
        },
        "content": "    ____________________________________________________________"
      },
      {
        "lineNumber": 10,
        "author": {
          "gitId": "bitterg0d"
        },
        "content": ""
      },
      {
        "lineNumber": 11,
        "author": {
          "gitId": "bitterg0d"
        },
        "content": "blah"
      },
      {
        "lineNumber": 12,
        "author": {
          "gitId": "bitterg0d"
        },
        "content": "    ____________________________________________________________"
      },
      {
        "lineNumber": 13,
        "author": {
          "gitId": "bitterg0d"
        },
        "content": "     blah"
      },
      {
        "lineNumber": 14,
        "author": {
          "gitId": "bitterg0d"
        },
        "content": "    ____________________________________________________________"
      },
      {
        "lineNumber": 15,
        "author": {
          "gitId": "bitterg0d"
        },
        "content": ""
      },
      {
        "lineNumber": 16,
        "author": {
          "gitId": "bitterg0d"
        },
        "content": "bye"
      },
      {
        "lineNumber": 17,
        "author": {
          "gitId": "bitterg0d"
        },
        "content": "    ____________________________________________________________"
      },
      {
        "lineNumber": 18,
        "author": {
          "gitId": "bitterg0d"
        },
        "content": "     Bye. Hope to see you again soon!"
      },
      {
        "lineNumber": 19,
        "author": {
          "gitId": "bitterg0d"
        },
        "content": "    ____________________________________________________________"
      }
    ],
    "authorContributionMap": {
      "bitterg0d": 19
    }
  },
  {
    "path": "text-ui-test/input.txt",
    "fileType": "txt",
    "lines": [
      {
        "lineNumber": 1,
        "author": {
          "gitId": "bitterg0d"
        },
        "content": "list"
      },
      {
        "lineNumber": 2,
        "author": {
          "gitId": "bitterg0d"
        },
        "content": "blah"
      },
      {
        "lineNumber": 3,
        "author": {
          "gitId": "bitterg0d"
        },
        "content": "bye"
      }
    ],
    "authorContributionMap": {
      "bitterg0d": 3
    }
  },
  {
    "path": "text-ui-test/runtest.sh",
    "fileType": "sh",
    "lines": [
      {
        "lineNumber": 1,
        "author": {
          "gitId": "bitterg0d"
        },
        "content": "#!/usr/bin/env bash"
      },
      {
        "lineNumber": 2,
        "author": {
          "gitId": "bitterg0d"
        },
        "content": ""
      },
      {
        "lineNumber": 3,
        "author": {
          "gitId": "bitterg0d"
        },
        "content": "# create bin directory if it doesn\u0027t exist"
      },
      {
        "lineNumber": 4,
        "author": {
          "gitId": "bitterg0d"
        },
        "content": "if [ ! -d \"../bin\" ]"
      },
      {
        "lineNumber": 5,
        "author": {
          "gitId": "bitterg0d"
        },
        "content": "then"
      },
      {
        "lineNumber": 6,
        "author": {
          "gitId": "bitterg0d"
        },
        "content": "    mkdir ../bin"
      },
      {
        "lineNumber": 7,
        "author": {
          "gitId": "bitterg0d"
        },
        "content": "fi"
      },
      {
        "lineNumber": 8,
        "author": {
          "gitId": "bitterg0d"
        },
        "content": ""
      },
      {
        "lineNumber": 9,
        "author": {
          "gitId": "bitterg0d"
        },
        "content": "# delete output from previous run"
      },
      {
        "lineNumber": 10,
        "author": {
          "gitId": "bitterg0d"
        },
        "content": "if [ -e \"./ACTUAL.TXT\" ]"
      },
      {
        "lineNumber": 11,
        "author": {
          "gitId": "bitterg0d"
        },
        "content": "then"
      },
      {
        "lineNumber": 12,
        "author": {
          "gitId": "bitterg0d"
        },
        "content": "    rm ACTUAL.TXT"
      },
      {
        "lineNumber": 13,
        "author": {
          "gitId": "bitterg0d"
        },
        "content": "fi"
      },
      {
        "lineNumber": 14,
        "author": {
          "gitId": "bitterg0d"
        },
        "content": ""
      },
      {
        "lineNumber": 15,
        "author": {
          "gitId": "bitterg0d"
        },
        "content": "# compile the code into the bin folder, terminates if error occurred"
      },
      {
        "lineNumber": 16,
        "author": {
          "gitId": "bitterg0d"
        },
        "content": "if ! javac -cp ../src -Xlint:none -d ~/Desktop/Desktop/School/school/cs2103t/github/duke/bin ~/Desktop/Desktop/School/school/cs2103t/github/duke/src/main/java/*.java"
      },
      {
        "lineNumber": 17,
        "author": {
          "gitId": "bitterg0d"
        },
        "content": "then"
      },
      {
        "lineNumber": 18,
        "author": {
          "gitId": "bitterg0d"
        },
        "content": "    echo \"********** BUILD FAILURE **********\""
      },
      {
        "lineNumber": 19,
        "author": {
          "gitId": "bitterg0d"
        },
        "content": "    exit 1"
      },
      {
        "lineNumber": 20,
        "author": {
          "gitId": "bitterg0d"
        },
        "content": "fi"
      },
      {
        "lineNumber": 21,
        "author": {
          "gitId": "bitterg0d"
        },
        "content": ""
      },
      {
        "lineNumber": 22,
        "author": {
          "gitId": "bitterg0d"
        },
        "content": "# run the program, feed commands from input.txt file and redirect the output to the ACTUAL.TXT"
      },
      {
        "lineNumber": 23,
        "author": {
          "gitId": "bitterg0d"
        },
        "content": "java -classpath ~/Desktop/Desktop/School/school/cs2103t/github/duke/bin Duke \u003c input.txt \u003e ACTUAL.TXT"
      },
      {
        "lineNumber": 24,
        "author": {
          "gitId": "bitterg0d"
        },
        "content": ""
      },
      {
        "lineNumber": 25,
        "author": {
          "gitId": "bitterg0d"
        },
        "content": "# compare the output to the expected output"
      },
      {
        "lineNumber": 26,
        "author": {
          "gitId": "bitterg0d"
        },
        "content": "diff ACTUAL.TXT EXPECTED.TXT"
      },
      {
        "lineNumber": 27,
        "author": {
          "gitId": "bitterg0d"
        },
        "content": "if [ $? -eq 0 ]"
      },
      {
        "lineNumber": 28,
        "author": {
          "gitId": "bitterg0d"
        },
        "content": "then"
      },
      {
        "lineNumber": 29,
        "author": {
          "gitId": "bitterg0d"
        },
        "content": "    echo \"Test result: PASSED\""
      },
      {
        "lineNumber": 30,
        "author": {
          "gitId": "bitterg0d"
        },
        "content": "    exit 0"
      },
      {
        "lineNumber": 31,
        "author": {
          "gitId": "bitterg0d"
        },
        "content": "else"
      },
      {
        "lineNumber": 32,
        "author": {
          "gitId": "bitterg0d"
        },
        "content": "    echo \"Test result: FAILED\""
      },
      {
        "lineNumber": 33,
        "author": {
          "gitId": "bitterg0d"
        },
        "content": "    exit 1"
      },
      {
        "lineNumber": 34,
        "author": {
          "gitId": "bitterg0d"
        },
        "content": "fi"
      }
    ],
    "authorContributionMap": {
      "bitterg0d": 34
    }
  }
]
