{
  "authorDailyContributionsMap": {
    "bitterg0d": [
      {
        "insertions": 158,
        "deletions": 55,
        "date": "2019-08-28",
        "commitResults": [
          {
            "hash": "69d98fe5a08c06a214567d6aa5160bfdaff5acc6",
            "messageTitle": "Level-1",
            "messageBody": "",
            "insertions": 99,
            "deletions": 0
          },
          {
            "hash": "2cde05a078c86ce6a9706c22aa979f83ba6b32a4",
            "messageTitle": "added Level-1, ACTUAL.TXT, EXPECTED.txt, input.txt, runtest.sh",
            "messageBody": "",
            "insertions": 34,
            "deletions": 44
          },
          {
            "hash": "6522dbc219cd392de831a77060abb0fdd4186d3e",
            "messageTitle": "Change in location of test-ui-text folder",
            "messageBody": "",
            "insertions": 0,
            "deletions": 0
          },
          {
            "hash": "e42b83c0e21c04e2abd18792ffe15f620ecf6720",
            "messageTitle": "added level 2",
            "messageBody": "",
            "insertions": 25,
            "deletions": 11
          }
        ]
      },
      {
        "insertions": 60,
        "deletions": 20,
        "date": "2019-09-04",
        "commitResults": [
          {
            "hash": "88723afbe406c661a18a98280d768a2922d730f9",
            "messageTitle": "added level 3, added Task.java to represent Task",
            "messageBody": "",
            "insertions": 60,
            "deletions": 20
          }
        ]
      },
      {
        "insertions": 181,
        "deletions": 17,
        "date": "2019-09-06",
        "commitResults": [
          {
            "hash": "c708f136b4c223bda97c55efba56d2c2fdf59eb5",
            "messageTitle": "added level 4 and 5, with error handling and separate class files to support multiple task types",
            "messageBody": "",
            "insertions": 153,
            "deletions": 10
          },
          {
            "hash": "a526b7181597ac37a5dc2f698cf96a8c8c4dd61e",
            "messageTitle": "added level-6",
            "messageBody": "",
            "insertions": 28,
            "deletions": 7
          }
        ]
      },
      {
        "insertions": 322,
        "deletions": 154,
        "date": "2019-09-11",
        "commitResults": [
          {
            "hash": "3ff017e6a677372acb35f4ec2b60cfc38b11951b",
            "messageTitle": "fixed printing error for list",
            "messageBody": "",
            "insertions": 1,
            "deletions": 1
          },
          {
            "hash": "27a6b76ac9d707b108a7d8063cadc5b404734d81",
            "messageTitle": "Revert \"fixed printing error for list\"",
            "messageBody": "This reverts commit 3ff017e6a677372acb35f4ec2b60cfc38b11951b.\n",
            "insertions": 1,
            "deletions": 1
          },
          {
            "hash": "51c544fdd750f596bcdeb29fbfc3e7cfa9a04a95",
            "messageTitle": "Revert \"fixed printing error for list\"",
            "messageBody": "This reverts commit 3ff017e6a677372acb35f4ec2b60cfc38b11951b.\n",
            "insertions": 1,
            "deletions": 1
          },
          {
            "hash": "fee74d8b48153a8f3ab80d5674568c66188a5964",
            "messageTitle": "added Level-7",
            "messageBody": "",
            "insertions": 153,
            "deletions": 16
          },
          {
            "hash": "13c47ef5b22f28f5c383c5acc8da73dc15ce4257",
            "messageTitle": "added Level-8",
            "messageBody": "",
            "insertions": 15,
            "deletions": 1
          },
          {
            "hash": "198f8fe5853bf797a3b205fc037e409c4f47fc56",
            "messageTitle": "added level-9, with changes to level-8",
            "messageBody": "",
            "insertions": 151,
            "deletions": 134
          }
        ]
      },
      {
        "insertions": 1370,
        "deletions": 683,
        "date": "2019-09-18",
        "commitResults": [
          {
            "hash": "345e316bf36d97aa7fd2662260b5bf45253b659c",
            "messageTitle": "added increments: A-MoreOOP, A-Packages",
            "messageBody": "",
            "insertions": 393,
            "deletions": 227
          },
          {
            "hash": "4c122a8f68e818f903651512027b6cdf3b885ace",
            "messageTitle": "added test code folder",
            "messageBody": "",
            "insertions": 0,
            "deletions": 0
          },
          {
            "hash": "c4493e86d58765b190242f0954960fa63471a046",
            "messageTitle": "added gradle plugins: shadowjar done checkstyle",
            "messageBody": "",
            "insertions": 212,
            "deletions": 167
          },
          {
            "hash": "331d9c111ddf90d45b9a963ffa19bf72c10c154a",
            "messageTitle": "Added JavaDoc comments for code",
            "messageBody": "",
            "insertions": 275,
            "deletions": 45
          },
          {
            "hash": "5a0f7544f00f349092c11221fc24a2ee5a5fb9c5",
            "messageTitle": "Tweaked the code to comply with coding standard",
            "messageBody": "",
            "insertions": 3,
            "deletions": 3
          },
          {
            "hash": "ce5cb3478443062d7432c65bba8365a300610c27",
            "messageTitle": "added javaFX plugin, completed 3/4 of GUI",
            "messageBody": "",
            "insertions": 223,
            "deletions": 5
          },
          {
            "hash": "cb6776eb87c90f7f73c3652511e094bd4cab6eb5",
            "messageTitle": "added A-JavaFx and Level-10 GUI",
            "messageBody": "",
            "insertions": 264,
            "deletions": 236
          }
        ]
      },
      {
        "insertions": 303,
        "deletions": 102,
        "date": "2019-09-30",
        "commitResults": [
          {
            "hash": "ff8c0e0502b137e5b2625a6ff8fd8174cb53bf34",
            "messageTitle": "added help guidance for users, packaged dialogbox/main/mainwindow into gui",
            "messageBody": "",
            "insertions": 206,
            "deletions": 42
          },
          {
            "hash": "8a8d5ba903934373e33f98a0b719fb586028e1ba",
            "messageTitle": "updated README.md user guide, added max width and padding of dialog box",
            "messageBody": "",
            "insertions": 57,
            "deletions": 22
          },
          {
            "hash": "5f7260e5392894e16a399724db971baee1d49830",
            "messageTitle": "resolved checkbox issue, updated jar version number",
            "messageBody": "",
            "insertions": 2,
            "deletions": 1
          },
          {
            "hash": "9818dd6e14ee538f2fd8bf43dedca6eed1d3436c",
            "messageTitle": "updated link of Ui to a working link",
            "messageBody": "",
            "insertions": 1,
            "deletions": 2
          },
          {
            "hash": "7f54bc09ffc50deb873fdf25acd6c1eedd2bd64b",
            "messageTitle": "updated user guide",
            "messageBody": "",
            "insertions": 6,
            "deletions": 5
          },
          {
            "hash": "7c9ad7bdd58778476c5cbf13d4bc65c9d0fede57",
            "messageTitle": "fixed typos in README.md",
            "messageBody": "",
            "insertions": 2,
            "deletions": 2
          },
          {
            "hash": "3d8bcd745ff069f26b2c7fa89b4f7925f22ced10",
            "messageTitle": "edited inline code",
            "messageBody": "",
            "insertions": 3,
            "deletions": 2
          },
          {
            "hash": "91c2f8e03ed1c2baca15ef248994313afeac6492",
            "messageTitle": "edited README.md",
            "messageBody": "",
            "insertions": 10,
            "deletions": 9
          },
          {
            "hash": "3b91222c2a500914a0c05070db09d2dfda8dcb11",
            "messageTitle": "edited README.md",
            "messageBody": "",
            "insertions": 16,
            "deletions": 17
          }
        ]
      }
    ]
  },
  "authorFinalContributionMap": {
    "bitterg0d": 1427
  },
  "authorFileTypeContributionMap": {
    "bitterg0d": {
      "java": 1204,
      "md": 43,
      "fxml": 53,
      "sh": 34,
      "bat": 17,
      "gradle": 47,
      "txt": 29
    }
  },
  "authorContributionVariance": {
    "bitterg0d": 96551.56
  },
  "authorDisplayNameMap": {
    "bitterg0d": "CS2103T-W13-1 WANG  ... IRLEY"
  }
}
