{
  "authorDailyContributionsMap": {
    "bitterg0d": [
      {
        "insertions": 158,
        "deletions": 55,
        "date": "2019-08-28",
        "commitResults": [
          {
            "hash": "69d98fe5a08c06a214567d6aa5160bfdaff5acc6",
            "messageTitle": "Level-1",
            "messageBody": "",
            "insertions": 99,
            "deletions": 0
          },
          {
            "hash": "2cde05a078c86ce6a9706c22aa979f83ba6b32a4",
            "messageTitle": "added Level-1, ACTUAL.TXT, EXPECTED.txt, input.txt, runtest.sh",
            "messageBody": "",
            "insertions": 34,
            "deletions": 44
          },
          {
            "hash": "6522dbc219cd392de831a77060abb0fdd4186d3e",
            "messageTitle": "Change in location of test-ui-text folder",
            "messageBody": "",
            "insertions": 0,
            "deletions": 0
          },
          {
            "hash": "e42b83c0e21c04e2abd18792ffe15f620ecf6720",
            "messageTitle": "added level 2",
            "messageBody": "",
            "insertions": 25,
            "deletions": 11
          }
        ]
      }
    ]
  },
  "authorFinalContributionMap": {
    "bitterg0d": 102
  },
  "authorFileTypeContributionMap": {
    "bitterg0d": {
      "java": 46,
      "md": 0,
      "fxml": 0,
      "sh": 34,
      "bat": 0,
      "gradle": 0,
      "txt": 22
    }
  },
  "authorContributionVariance": {
    "bitterg0d": 3221.4675
  },
  "authorDisplayNameMap": {
    "bitterg0d": "WANG  ... IRLEY"
  }
}
