{
  "authorDailyContributionsMap": {
    "sianghwee": [
      {
        "insertions": 236,
        "deletions": 51,
        "date": "2019-08-17",
        "commitResults": [
          {
            "hash": "4ae54ce416e06b78eb3a77ef1eeb312e6c7beee2",
            "messageTitle": "Added the requirement for level 1, to be able to greet, echo and exit the application",
            "messageBody": "",
            "insertions": 34,
            "deletions": 6
          },
          {
            "hash": "7a35082dba6d2807db4382f1d5d3dc03d83fc812",
            "messageTitle": "Add ability to store text entered by user and display them when requested",
            "messageBody": "",
            "insertions": 24,
            "deletions": 5
          },
          {
            "hash": "bd569ac5dc40eddeb694ccda6195230d48d2e4d5",
            "messageTitle": "Used the new task class to represent individual tasks",
            "messageBody": "",
            "insertions": 5,
            "deletions": 5
          },
          {
            "hash": "f7340eed62e5b92d84ae2a083e463292ef97f724",
            "messageTitle": "Created a new Task class to represent the different tasks",
            "messageBody": "",
            "insertions": 20,
            "deletions": 0
          },
          {
            "hash": "11238239b1bd8d88247b4b5bad2daaab90b3f8c8",
            "messageTitle": "Changed from tick and cross to O and X respectively so that it is able to be displayed in the terminal",
            "messageBody": "",
            "insertions": 2,
            "deletions": 2
          },
          {
            "hash": "c17ecdfcb336b285fbc0da96ee559932572ef02f",
            "messageTitle": "Added the ability to mark a task as done and display the status of the task",
            "messageBody": "",
            "insertions": 15,
            "deletions": 1
          },
          {
            "hash": "18cea4cf1b179e1004d007031db2618f33e9c48b",
            "messageTitle": "Created a new class for the Deadline task",
            "messageBody": "",
            "insertions": 14,
            "deletions": 0
          },
          {
            "hash": "40e99c3c7b7c5727f76781b285ddacd56b5561ab",
            "messageTitle": "Create a new class for the Event task",
            "messageBody": "",
            "insertions": 14,
            "deletions": 0
          },
          {
            "hash": "ad802462473922d685e3a27d1975f8b8494b2638",
            "messageTitle": "Created a new class for the ToDo task",
            "messageBody": "",
            "insertions": 9,
            "deletions": 0
          },
          {
            "hash": "a829a44cd7b8eb604b5771099836244b41c97ba9",
            "messageTitle": "Add support for tracking ToDos, Deadlines and Events task",
            "messageBody": "",
            "insertions": 27,
            "deletions": 7
          },
          {
            "hash": "88cd8f5daa30108fb75db468f755a9d32336b81d",
            "messageTitle": "Added a parent class for all exceptions related to Duke and children classes for individual errors",
            "messageBody": "",
            "insertions": 11,
            "deletions": 0
          },
          {
            "hash": "d23707ca23ce30dda5a00def9ed92f2baa9f489c",
            "messageTitle": "Added exception handling for incorrect inputs by the user",
            "messageBody": "",
            "insertions": 47,
            "deletions": 23
          },
          {
            "hash": "e9adf0479762890ede0e5fdd35bf39e01f41a986",
            "messageTitle": "Added the ability to delete a task from the list",
            "messageBody": "",
            "insertions": 13,
            "deletions": 1
          },
          {
            "hash": "3ca6170e0b0a2f0a33c6ba97ebdbf9d89d4be528",
            "messageTitle": "Added an additional condition so that the program will terminate even if the input file does not contain the bye command",
            "messageBody": "",
            "insertions": 1,
            "deletions": 1
          }
        ]
      },
      {
        "insertions": 0,
        "deletions": 7,
        "date": "2019-08-23",
        "commitResults": [
          {
            "hash": "78da1e6d9df38c29e04719097efc149d10e61845",
            "messageTitle": "Removed the Duke logo",
            "messageBody": "",
            "insertions": 0,
            "deletions": 7
          }
        ]
      },
      {
        "insertions": 188,
        "deletions": 2,
        "date": "2019-08-25",
        "commitResults": [
          {
            "hash": "a6b19945d39d27eeb29ad8625ff69f3faa4c0be7",
            "messageTitle": "Added a totext method which will convert Task into a text format to be stored in the database",
            "messageBody": "",
            "insertions": 20,
            "deletions": 0
          },
          {
            "hash": "340fa88b9652a73f2007b177ba9418e3031fe3f8",
            "messageTitle": "Added methods to read from a file when initializing and to write to a file to save the tasks",
            "messageBody": "",
            "insertions": 88,
            "deletions": 0
          },
          {
            "hash": "1fc07e64bcb00193f646fc87535bb84c3848e19a",
            "messageTitle": "Added the database directory along with a test database file",
            "messageBody": "",
            "insertions": 7,
            "deletions": 0
          },
          {
            "hash": "16f53015aedee57fad86af652eaa7b8a78ec81b5",
            "messageTitle": "Created a class to store date that will be readable to Duke",
            "messageBody": "",
            "insertions": 62,
            "deletions": 0
          },
          {
            "hash": "7a8866231c592f0c6573d15726aa0e9ebec466dc",
            "messageTitle": "Added functionality to Duke where he is able to read date in the form dd/mm/yyyy hhmm",
            "messageBody": "",
            "insertions": 9,
            "deletions": 2
          },
          {
            "hash": "5b163bfbf32156fd1f506533b2539354d2477c48",
            "messageTitle": "Added a db folder to store the database file",
            "messageBody": "",
            "insertions": 2,
            "deletions": 0
          }
        ]
      },
      {
        "insertions": 0,
        "deletions": 3,
        "date": "2019-08-26",
        "commitResults": [
          {
            "hash": "29acacccb4cdf9adb28910cbfedd4b0b6cd042f1",
            "messageTitle": "Removed a line which printed out the tasks when loading which was used for debugging",
            "messageBody": "",
            "insertions": 0,
            "deletions": 3
          }
        ]
      },
      {
        "insertions": 367,
        "deletions": 27,
        "date": "2019-08-27",
        "commitResults": [
          {
            "hash": "b719586a555e9e1e09c163de44a1ca352728c977",
            "messageTitle": "Added a command interface",
            "messageBody": "",
            "insertions": 9,
            "deletions": 0
          },
          {
            "hash": "d9fe4a0eafc2591122a014a4b58c9096cab87d32",
            "messageTitle": "Added individual classes for the different classes",
            "messageBody": "",
            "insertions": 30,
            "deletions": 0
          },
          {
            "hash": "59b1a60cb868d7ffef13b124ecde290749cf99eb",
            "messageTitle": "Editted the main class to accept more OOP",
            "messageBody": "",
            "insertions": 28,
            "deletions": 0
          },
          {
            "hash": "b6ea4a37699b8dde363f6a2237534de569ec4cd3",
            "messageTitle": "Added a seperate class to do all the storage involved such as loading from a file",
            "messageBody": "",
            "insertions": 70,
            "deletions": 0
          },
          {
            "hash": "18645b8ba1c6819a13335865cb997cf22ef009fa",
            "messageTitle": "Added a parser to parse strings into their command",
            "messageBody": "",
            "insertions": 18,
            "deletions": 0
          },
          {
            "hash": "e2e279e57e9e3d7e0ac8c5aebd8ca601018d75f7",
            "messageTitle": "Created a class for all the user interfaces",
            "messageBody": "",
            "insertions": 47,
            "deletions": 0
          },
          {
            "hash": "294f48f2603154622f76b4b3e0fa4a4a7bf143ef",
            "messageTitle": "Create a class to hold all the tasks",
            "messageBody": "",
            "insertions": 33,
            "deletions": 0
          },
          {
            "hash": "2d4f02edf1626d28fdb454c02c549c1b4bced92c",
            "messageTitle": "Editted the program to be able to handle exception from incorrect user input",
            "messageBody": "",
            "insertions": 64,
            "deletions": 8
          },
          {
            "hash": "74079641a91fdbb9b4b7993df4854569eab63367",
            "messageTitle": "Removed the TestCommand",
            "messageBody": "",
            "insertions": 1,
            "deletions": 7
          },
          {
            "hash": "ce7f565c257696c7d7c34b6a38a0edb06aa58614",
            "messageTitle": "Added the functionality to store the tasklist after a command",
            "messageBody": "",
            "insertions": 2,
            "deletions": 0
          },
          {
            "hash": "3f0712141e072691d5c6ab75fa56a4f0be410990",
            "messageTitle": "Used the year variable to improve readability",
            "messageBody": "",
            "insertions": 1,
            "deletions": 1
          },
          {
            "hash": "e5f2dcba799beea54da4b67128fa090e70b51f46",
            "messageTitle": "Extracted the different exceptions into their own class file for easier maintenance",
            "messageBody": "",
            "insertions": 22,
            "deletions": 9
          },
          {
            "hash": "4ed8904c6b0e5cb77a9d800fe9d8d905f5c2c9f1",
            "messageTitle": "Made the main class public",
            "messageBody": "",
            "insertions": 1,
            "deletions": 1
          },
          {
            "hash": "0c6b7bd666f2e10115a58386cd72c6522d130543",
            "messageTitle": "Added a exception to be thrown when creating a event",
            "messageBody": "",
            "insertions": 1,
            "deletions": 1
          },
          {
            "hash": "404b3bce53881f2738cc1f16f3afeb7374f48c33",
            "messageTitle": "Created a new class file to handle the command",
            "messageBody": "",
            "insertions": 24,
            "deletions": 0
          },
          {
            "hash": "db32001843948008c8b3f87bd474a53ec2d144e7",
            "messageTitle": "Added functionality for the storage to write to the db file",
            "messageBody": "",
            "insertions": 16,
            "deletions": 0
          }
        ]
      },
      {
        "insertions": 176,
        "deletions": 260,
        "date": "2019-08-28",
        "commitResults": [
          {
            "hash": "c87179f18830755162bf665d52fc0f183dd6c002",
            "messageTitle": "Created a new exception to handle cases where there is missing preposition",
            "messageBody": "",
            "insertions": 12,
            "deletions": 0
          },
          {
            "hash": "1757f37bb7b44e10ee0edd9758da878c65092e04",
            "messageTitle": "Made the class public",
            "messageBody": "",
            "insertions": 1,
            "deletions": 1
          },
          {
            "hash": "4b37094fc1987923a67494cac9fb069be187887e",
            "messageTitle": "Added the functionality to print the message when a task is added or an error is occured",
            "messageBody": "",
            "insertions": 11,
            "deletions": 1
          },
          {
            "hash": "3195d772e70e08eeb28ef662a1307208e2464c69",
            "messageTitle": "Renamed the class file to fit with the standard",
            "messageBody": "",
            "insertions": 28,
            "deletions": 240
          },
          {
            "hash": "becb091fe2b757571a615f5e61aacadb01180472",
            "messageTitle": "Changed the welcome message to reflect the name change",
            "messageBody": "",
            "insertions": 1,
            "deletions": 1
          },
          {
            "hash": "322549bf27a916ce5ae68cf50d7610007f4751c5",
            "messageTitle": "Editted the file to reflect the change in name of the file",
            "messageBody": "",
            "insertions": 2,
            "deletions": 2
          },
          {
            "hash": "5ef9e40abca45a5e22756f357c94ad1bf18030ae",
            "messageTitle": "Added package support for all the java file and divided them into suitable java package",
            "messageBody": "",
            "insertions": 99,
            "deletions": 12
          },
          {
            "hash": "1ca9dc5a15167462d8f88ea43133825b68f35ae9",
            "messageTitle": "Updated the database file",
            "messageBody": "",
            "insertions": 0,
            "deletions": 2
          },
          {
            "hash": "d717f4d63e1f73d32d01bcc9abd7f262293cddf6",
            "messageTitle": "Updated the graddle file to enable gradle for the project",
            "messageBody": "",
            "insertions": 22,
            "deletions": 1
          }
        ]
      }
    ]
  },
  "authorFinalContributionMap": {
    "sianghwee": 626
  },
  "authorFileTypeContributionMap": {
    "sianghwee": {
      "java": 597,
      "md": 0,
      "fxml": 0,
      "sh": 0,
      "bat": 0,
      "gradle": 22,
      "txt": 7
    }
  },
  "authorContributionVariance": {
    "sianghwee": 25418.215
  },
  "authorDisplayNameMap": {
    "sianghwee": "NG S .. HWEE"
  }
}
