{
  "authorDailyContributionsMap": {
    "sianghwee": [
      {
        "insertions": 236,
        "deletions": 51,
        "date": "2019-08-17",
        "commitResults": [
          {
            "hash": "4ae54ce416e06b78eb3a77ef1eeb312e6c7beee2",
            "messageTitle": "Added the requirement for level 1, to be able to greet, echo and exit the application",
            "messageBody": "",
            "insertions": 34,
            "deletions": 6
          },
          {
            "hash": "7a35082dba6d2807db4382f1d5d3dc03d83fc812",
            "messageTitle": "Add ability to store text entered by user and display them when requested",
            "messageBody": "",
            "insertions": 24,
            "deletions": 5
          },
          {
            "hash": "bd569ac5dc40eddeb694ccda6195230d48d2e4d5",
            "messageTitle": "Used the new task class to represent individual tasks",
            "messageBody": "",
            "insertions": 5,
            "deletions": 5
          },
          {
            "hash": "f7340eed62e5b92d84ae2a083e463292ef97f724",
            "messageTitle": "Created a new Task class to represent the different tasks",
            "messageBody": "",
            "insertions": 20,
            "deletions": 0
          },
          {
            "hash": "11238239b1bd8d88247b4b5bad2daaab90b3f8c8",
            "messageTitle": "Changed from tick and cross to O and X respectively so that it is able to be displayed in the terminal",
            "messageBody": "",
            "insertions": 2,
            "deletions": 2
          },
          {
            "hash": "c17ecdfcb336b285fbc0da96ee559932572ef02f",
            "messageTitle": "Added the ability to mark a task as done and display the status of the task",
            "messageBody": "",
            "insertions": 15,
            "deletions": 1
          },
          {
            "hash": "18cea4cf1b179e1004d007031db2618f33e9c48b",
            "messageTitle": "Created a new class for the Deadline task",
            "messageBody": "",
            "insertions": 14,
            "deletions": 0
          },
          {
            "hash": "40e99c3c7b7c5727f76781b285ddacd56b5561ab",
            "messageTitle": "Create a new class for the Event task",
            "messageBody": "",
            "insertions": 14,
            "deletions": 0
          },
          {
            "hash": "ad802462473922d685e3a27d1975f8b8494b2638",
            "messageTitle": "Created a new class for the ToDo task",
            "messageBody": "",
            "insertions": 9,
            "deletions": 0
          },
          {
            "hash": "a829a44cd7b8eb604b5771099836244b41c97ba9",
            "messageTitle": "Add support for tracking ToDos, Deadlines and Events task",
            "messageBody": "",
            "insertions": 27,
            "deletions": 7
          },
          {
            "hash": "88cd8f5daa30108fb75db468f755a9d32336b81d",
            "messageTitle": "Added a parent class for all exceptions related to Duke and children classes for individual errors",
            "messageBody": "",
            "insertions": 11,
            "deletions": 0
          },
          {
            "hash": "d23707ca23ce30dda5a00def9ed92f2baa9f489c",
            "messageTitle": "Added exception handling for incorrect inputs by the user",
            "messageBody": "",
            "insertions": 47,
            "deletions": 23
          },
          {
            "hash": "e9adf0479762890ede0e5fdd35bf39e01f41a986",
            "messageTitle": "Added the ability to delete a task from the list",
            "messageBody": "",
            "insertions": 13,
            "deletions": 1
          },
          {
            "hash": "3ca6170e0b0a2f0a33c6ba97ebdbf9d89d4be528",
            "messageTitle": "Added an additional condition so that the program will terminate even if the input file does not contain the bye command",
            "messageBody": "",
            "insertions": 1,
            "deletions": 1
          }
        ]
      },
      {
        "insertions": 0,
        "deletions": 7,
        "date": "2019-08-23",
        "commitResults": [
          {
            "hash": "78da1e6d9df38c29e04719097efc149d10e61845",
            "messageTitle": "Removed the Duke logo",
            "messageBody": "",
            "insertions": 0,
            "deletions": 7
          }
        ]
      }
    ]
  },
  "authorFinalContributionMap": {
    "sianghwee": 184
  },
  "authorFileTypeContributionMap": {
    "sianghwee": {
      "java": 184,
      "md": 0,
      "fxml": 0,
      "sh": 0,
      "bat": 0,
      "gradle": 0,
      "txt": 0
    }
  },
  "authorContributionVariance": {
    "sianghwee": 8951.6875
  },
  "authorDisplayNameMap": {
    "sianghwee": "NG S .. HWEE"
  }
}
