{
  "authorDailyContributionsMap": {
    "chrischenhui": [
      {
        "insertions": 164,
        "deletions": 34,
        "date": "2019-08-18",
        "commitResults": [
          {
            "hash": "ea87e141e9bb18d2725e8ae7cb9139a6a92c1575",
            "messageTitle": "Implement Level-1",
            "messageBody": "",
            "insertions": 29,
            "deletions": 6
          },
          {
            "hash": "d87d467399059f63c375ca6b4096d467734a21ee",
            "messageTitle": "Implement Level-2",
            "messageBody": "",
            "insertions": 13,
            "deletions": 1
          },
          {
            "hash": "17655a1f9f756b171e81c720a0f7e560ef74257a",
            "messageTitle": "Implement Level 3",
            "messageBody": "",
            "insertions": 42,
            "deletions": 5
          },
          {
            "hash": "24ad764f155709600db9d617769125cdfce3d5a2",
            "messageTitle": "Implement Level 4",
            "messageBody": "",
            "insertions": 80,
            "deletions": 22
          }
        ]
      },
      {
        "insertions": 167,
        "deletions": 44,
        "date": "2019-08-19",
        "commitResults": [
          {
            "hash": "7537833bfd7bb5a035c09940e83002322a481128",
            "messageTitle": "Implement A-TextUiTesting",
            "messageBody": "",
            "insertions": 54,
            "deletions": 0
          },
          {
            "hash": "2b5aa71f42219cb12c8a7268e1e6d9670ef621bc",
            "messageTitle": "Implement Level-5",
            "messageBody": "",
            "insertions": 61,
            "deletions": 25
          },
          {
            "hash": "3f23715eda335c1528b141b6d6294e6477d588f7",
            "messageTitle": "Upgrade \"done\" to catch some exceptions",
            "messageBody": "",
            "insertions": 16,
            "deletions": 7
          },
          {
            "hash": "f4f7c483a97ca6302f108221768ce9050fe3d601",
            "messageTitle": "Implement Level-6",
            "messageBody": "",
            "insertions": 36,
            "deletions": 12
          }
        ]
      }
    ]
  },
  "authorFinalContributionMap": {
    "chrischenhui": 259
  },
  "authorFileTypeContributionMap": {
    "chrischenhui": {
      "java": 205,
      "md": 0,
      "fxml": 0,
      "sh": 34,
      "bat": 0,
      "gradle": 0,
      "txt": 20
    }
  },
  "authorContributionVariance": {
    "chrischenhui": 10476.1875
  },
  "authorDisplayNameMap": {
    "chrischenhui": "CHEN ..  HUI"
  }
}
