{
  "authorDailyContributionsMap": {
    "chrischenhui": [
      {
        "insertions": 164,
        "deletions": 34,
        "date": "2019-08-18",
        "commitResults": [
          {
            "hash": "ea87e141e9bb18d2725e8ae7cb9139a6a92c1575",
            "messageTitle": "Implement Level-1",
            "messageBody": "",
            "insertions": 29,
            "deletions": 6
          },
          {
            "hash": "d87d467399059f63c375ca6b4096d467734a21ee",
            "messageTitle": "Implement Level-2",
            "messageBody": "",
            "insertions": 13,
            "deletions": 1
          },
          {
            "hash": "17655a1f9f756b171e81c720a0f7e560ef74257a",
            "messageTitle": "Implement Level 3",
            "messageBody": "",
            "insertions": 42,
            "deletions": 5
          },
          {
            "hash": "24ad764f155709600db9d617769125cdfce3d5a2",
            "messageTitle": "Implement Level 4",
            "messageBody": "",
            "insertions": 80,
            "deletions": 22
          }
        ]
      },
      {
        "insertions": 167,
        "deletions": 44,
        "date": "2019-08-19",
        "commitResults": [
          {
            "hash": "7537833bfd7bb5a035c09940e83002322a481128",
            "messageTitle": "Implement A-TextUiTesting",
            "messageBody": "",
            "insertions": 54,
            "deletions": 0
          },
          {
            "hash": "2b5aa71f42219cb12c8a7268e1e6d9670ef621bc",
            "messageTitle": "Implement Level-5",
            "messageBody": "",
            "insertions": 61,
            "deletions": 25
          },
          {
            "hash": "3f23715eda335c1528b141b6d6294e6477d588f7",
            "messageTitle": "Upgrade \"done\" to catch some exceptions",
            "messageBody": "",
            "insertions": 16,
            "deletions": 7
          },
          {
            "hash": "f4f7c483a97ca6302f108221768ce9050fe3d601",
            "messageTitle": "Implement Level-6",
            "messageBody": "",
            "insertions": 36,
            "deletions": 12
          }
        ]
      },
      {
        "insertions": 628,
        "deletions": 394,
        "date": "2019-08-25",
        "commitResults": [
          {
            "hash": "5e6d62df9b60f022c92903f3d5d7fc16e83ab723",
            "messageTitle": "Implements Level 7",
            "messageBody": "",
            "insertions": 94,
            "deletions": 2
          },
          {
            "hash": "52d809a796352f29c06c5b4c784f1b941d98e5f7",
            "messageTitle": "Implement Level-8",
            "messageBody": "",
            "insertions": 12,
            "deletions": 2
          },
          {
            "hash": "d75fcd0325465f69fe323f037b0cd47e05ec1f57",
            "messageTitle": "Fix some minor date formatting",
            "messageBody": "",
            "insertions": 1,
            "deletions": 5
          },
          {
            "hash": "d596a3ba4dd358a77d15bf4bb1edaaf52dcd3125",
            "messageTitle": "Refactor lots of code to make it more OOP oriented",
            "messageBody": "",
            "insertions": 378,
            "deletions": 174
          },
          {
            "hash": "6afbf08a410080bde86d445671e6f78ab6d35294",
            "messageTitle": "Implement A-MoreOOP",
            "messageBody": "",
            "insertions": 143,
            "deletions": 211
          }
        ]
      },
      {
        "insertions": 330,
        "deletions": 133,
        "date": "2019-08-26",
        "commitResults": [
          {
            "hash": "4b98cf0bd8bdc27085dc57556ca601c03786ce4e",
            "messageTitle": "Implement A-Packages",
            "messageBody": "",
            "insertions": 107,
            "deletions": 24
          },
          {
            "hash": "60f29ea1041b75ad0e50083fd5d808402ed9124d",
            "messageTitle": "Add plugins to gradle",
            "messageBody": "",
            "insertions": 127,
            "deletions": 85
          },
          {
            "hash": "85c993718f12e87157f7354b07dd9a5781a279ea",
            "messageTitle": "Implement A-JUnit without Gradle. (Failed attempt with Gradle)",
            "messageBody": "",
            "insertions": 60,
            "deletions": 0
          },
          {
            "hash": "574010291fa0f3ae5f9b31156a1a6e7c02de94dc",
            "messageTitle": "Implement A-Jar",
            "messageBody": "",
            "insertions": 27,
            "deletions": 16
          },
          {
            "hash": "96be118fd50ce9b63dc410cf7cb691faa0ddacd9",
            "messageTitle": "Remove some public access modifier",
            "messageBody": "",
            "insertions": 9,
            "deletions": 8
          }
        ]
      },
      {
        "insertions": 274,
        "deletions": 38,
        "date": "2019-08-27",
        "commitResults": [
          {
            "hash": "9573e23cd9688bfc181802fea6da9f453daf09db",
            "messageTitle": "Implement A-JavaDoc",
            "messageBody": "",
            "insertions": 190,
            "deletions": 20
          },
          {
            "hash": "8cd3ffa2cf857ba69b14b8662b7e2dd976e5690c",
            "messageTitle": "Implment A-CodingStandard",
            "messageBody": "",
            "insertions": 16,
            "deletions": 16
          },
          {
            "hash": "81b43c7a8c9da1b2daa667c4ed0b01873308cd45",
            "messageTitle": "Implement Level-9",
            "messageBody": "",
            "insertions": 49,
            "deletions": 0
          },
          {
            "hash": "16d033f2b3c2a0e142721a696f0ce8803d172844",
            "messageTitle": "Implement Level-9",
            "messageBody": "",
            "insertions": 16,
            "deletions": 2
          },
          {
            "hash": "77e5e8e9ae15e84fa3c3ad3b61fcd580d8bd3fc0",
            "messageTitle": "Implement writing of file for selected commands.",
            "messageBody": "",
            "insertions": 3,
            "deletions": 0
          }
        ]
      }
    ]
  },
  "authorFinalContributionMap": {
    "chrischenhui": 928
  },
  "authorFileTypeContributionMap": {
    "chrischenhui": {
      "java": 827,
      "md": 0,
      "fxml": 0,
      "sh": 34,
      "bat": 17,
      "gradle": 28,
      "txt": 22
    }
  },
  "authorContributionVariance": {
    "chrischenhui": 86198.805
  },
  "authorDisplayNameMap": {
    "chrischenhui": "CS2103T-T11 CHEN  ... N HUI"
  }
}
