{
  "authorDailyContributionsMap": {
    "Russell-Loh-NUS": [
      {
        "insertions": 285,
        "deletions": 76,
        "date": "2019-08-18",
        "commitResults": [
          {
            "hash": "b6a80a65638dbd88ee1d53c2cff886d4613a9c83",
            "messageTitle": "Completed Level 1.Greet, Echo, Exit",
            "messageBody": "",
            "insertions": 21,
            "deletions": 0
          },
          {
            "hash": "c8dee01387e338059c379b58f86caf2d55ec11f5",
            "messageTitle": "Completed Level 2. Add, List",
            "messageBody": "",
            "insertions": 15,
            "deletions": 1
          },
          {
            "hash": "66df73ffd2222d2158d5864c5f6df60ab570d0f9",
            "messageTitle": "Completed A-Classes. Added Task class",
            "messageBody": "",
            "insertions": 21,
            "deletions": 0
          },
          {
            "hash": "c6ebc81077643aa08311e45a81a662d91927071c",
            "messageTitle": "Completed Level 3. Mark as Done",
            "messageBody": "",
            "insertions": 23,
            "deletions": 9
          },
          {
            "hash": "110e870dc39705da9547c9ef893a1e25d3e9c02e",
            "messageTitle": "Completed A-Inheritance. Added Todo, Event, Deadline classes",
            "messageBody": "",
            "insertions": 38,
            "deletions": 0
          },
          {
            "hash": "0d852f8b863e874bdaabde6211c5979ad7aa82fb",
            "messageTitle": "Completed Level 4. ToDos, Events, Deadlines",
            "messageBody": "Other changes:\n-Changed printOutput to include task printout\n-Code cleanup\n",
            "insertions": 46,
            "deletions": 17
          },
          {
            "hash": "b798a447217b3fecfb47589e2e425a8179f652f4",
            "messageTitle": "Completed A-Exceptions. Added DukeException class",
            "messageBody": "",
            "insertions": 7,
            "deletions": 0
          },
          {
            "hash": "b8d727cc19df4cb5c8c8562383b09b6c9e4bc405",
            "messageTitle": "Completed Level 5. Handle Errors",
            "messageBody": "",
            "insertions": 75,
            "deletions": 36
          },
          {
            "hash": "58cc6d684ed9ca8dc367310f437678d098b74b77",
            "messageTitle": "Completed Level 6. Delete",
            "messageBody": "",
            "insertions": 39,
            "deletions": 13
          }
        ]
      },
      {
        "insertions": 120,
        "deletions": 12,
        "date": "2019-08-24",
        "commitResults": [
          {
            "hash": "bd9a3adb68b382f01e27cf621d37215cb4966ce0",
            "messageTitle": "-Added save and load functionality -Added getDate to return date for both Deadline and Event classes",
            "messageBody": "",
            "insertions": 99,
            "deletions": 1
          },
          {
            "hash": "53462a23c9599d9a7204fbaaa842c7a2379e8ef2",
            "messageTitle": "-Changed String type to LocalDateTime type for Deadline and Event -Changed date print out for Deadline and Event classes to print the date string",
            "messageBody": "",
            "insertions": 17,
            "deletions": 6
          },
          {
            "hash": "4864a5cd5fc02a03a386ba3d2d29a378a8bfc8fc",
            "messageTitle": "-Adjusted returned date",
            "messageBody": "",
            "insertions": 4,
            "deletions": 5
          }
        ]
      },
      {
        "insertions": 839,
        "deletions": 249,
        "date": "2019-08-26",
        "commitResults": [
          {
            "hash": "b3de4a8505aabc2caa88fd752386f9276c2dc744",
            "messageTitle": "-Added enum for tasks -Added classes for commands -Added Parser for parsing command strings -Added Storage for saving/loading -Added TaskList to manage tasks -Added UI for reading input and printing onto console -Modified Duke to make use of abstraction",
            "messageBody": "",
            "insertions": 433,
            "deletions": 228
          },
          {
            "hash": "505ebc5e2b09c85fdb4fb8350ea84938645818a2",
            "messageTitle": "-Added classes to packages and sub-packages -Add getIsDone and getDescription() to Task -Refactored code",
            "messageBody": "",
            "insertions": 99,
            "deletions": 13
          },
          {
            "hash": "3dfbde6269bd12c61de8970234ed4c3242100b71",
            "messageTitle": "-Added gradle support",
            "messageBody": "",
            "insertions": 22,
            "deletions": 1
          },
          {
            "hash": "ec8c52f00d9117adce0c84fda1e963117635e443",
            "messageTitle": "-Amended greeting message",
            "messageBody": "",
            "insertions": 1,
            "deletions": 1
          },
          {
            "hash": "46efe420c9ee71a148875a825f632ad03d6c93f9",
            "messageTitle": "-Added test cases and mocks",
            "messageBody": "",
            "insertions": 224,
            "deletions": 0
          },
          {
            "hash": "6144f0b23fa9119bc9a670cefa369c4ab42c7b9e",
            "messageTitle": "-Changed build version number",
            "messageBody": "",
            "insertions": 1,
            "deletions": 1
          },
          {
            "hash": "b395a3efabdef9a684840d0db859ef164b1234b4",
            "messageTitle": "-Completed Level 9. Find",
            "messageBody": "",
            "insertions": 59,
            "deletions": 5
          }
        ]
      },
      {
        "insertions": 447,
        "deletions": 134,
        "date": "2019-08-27",
        "commitResults": [
          {
            "hash": "1a2fc1d318212e6b7fee9f773f5df2afd3875302",
            "messageTitle": "-Added java docs comments -Adjusted certain access modifiers -Generated java docs",
            "messageBody": "",
            "insertions": 246,
            "deletions": 10
          },
          {
            "hash": "095d8185f32926088da28b237cd685122d982e4e",
            "messageTitle": "-Refactored code to follow coding standard",
            "messageBody": "",
            "insertions": 141,
            "deletions": 97
          },
          {
            "hash": "490c32b78335f01757ed888bf56cb034472633da",
            "messageTitle": "-Added java docs for find command",
            "messageBody": "",
            "insertions": 12,
            "deletions": 0
          },
          {
            "hash": "5000023d1bd45480c1bfdb3a9e18722dd2e546c3",
            "messageTitle": "-Minor refactoring of remaining class files found in Checkstyle to follow coding standard -Refactor test cases to follow coding standard",
            "messageBody": "",
            "insertions": 47,
            "deletions": 26
          },
          {
            "hash": "5380a71e4ed1fc65dca37003733367be5b92f162",
            "messageTitle": "-Minor fix to Find command where it is removing 1 extra character from the end",
            "messageBody": "",
            "insertions": 1,
            "deletions": 1
          }
        ]
      },
      {
        "insertions": 353,
        "deletions": 132,
        "date": "2019-09-02",
        "commitResults": [
          {
            "hash": "5163220cfc08ba26cc5b9d800b2e25f4bb58535c",
            "messageTitle": "-Add javaFX into project -Add user picture and duke picture -Refactor code to use javaFX gui -Fix list not showing every item",
            "messageBody": "",
            "insertions": 276,
            "deletions": 13
          },
          {
            "hash": "5ff59eda0eb4f14bcea83e9532d30fffa330ecc8",
            "messageTitle": "-Clean up code -Add java docs for new methods -Fix user message appearing after duke response for exceptions",
            "messageBody": "",
            "insertions": 42,
            "deletions": 111
          },
          {
            "hash": "e9406ab9c50301856404c1ce270703be16a64567",
            "messageTitle": "-Add more missing javadocs to new methods -Remove AvoidEscapedUnicodeCharacters from checkstyle.xml file -Adjust indentations and spacing reported from checkstyle",
            "messageBody": "",
            "insertions": 35,
            "deletions": 8
          }
        ]
      },
      {
        "insertions": 46,
        "deletions": 20,
        "date": "2019-09-08",
        "commitResults": [
          {
            "hash": "ac115a8f3027c06b9715417ae13aade1bf2b852a",
            "messageTitle": "-Add assertions",
            "messageBody": "",
            "insertions": 46,
            "deletions": 20
          }
        ]
      },
      {
        "insertions": 181,
        "deletions": 157,
        "date": "2019-09-09",
        "commitResults": [
          {
            "hash": "52cd55fac1f68c6ec18673d93fa371793eed601e",
            "messageTitle": "-Refactor code to improve code quality -Fix bug where event is saving as deadline",
            "messageBody": "",
            "insertions": 181,
            "deletions": 157
          }
        ]
      }
    ]
  },
  "authorFinalContributionMap": {
    "Russell-Loh-NUS": 1476
  },
  "authorFileTypeContributionMap": {
    "Russell-Loh-NUS": {
      "java": 1395,
      "md": 0,
      "fxml": 38,
      "sh": 0,
      "bat": 0,
      "gradle": 28,
      "txt": 15
    }
  },
  "authorContributionVariance": {
    "Russell-Loh-NUS": 66021.24
  },
  "authorDisplayNameMap": {
    "Russell-Loh-NUS": "CS2103T-W13-2 RUSSE ... UN FA"
  }
}
