{
  "authorDailyContributionsMap": {
    "wallacelim97": [
      {
        "insertions": 105,
        "deletions": 12,
        "date": "2019-08-26",
        "commitResults": [
          {
            "hash": "8b8a02a0c8bf397a73c51135d544322d815ebb5c",
            "messageTitle": "Level 1",
            "messageBody": "",
            "insertions": 78,
            "deletions": 1
          },
          {
            "hash": "a0b0a588c78a8d44760956e2cf74a46d8f8d416f",
            "messageTitle": "Level 2",
            "messageBody": "",
            "insertions": 27,
            "deletions": 11
          }
        ]
      },
      {
        "insertions": 270,
        "deletions": 52,
        "date": "2019-08-27",
        "commitResults": [
          {
            "hash": "6290f3d27015df8c3028b4f29bd5085039c8ed99",
            "messageTitle": "Level 3 + A-Classes",
            "messageBody": "",
            "insertions": 4,
            "deletions": 0
          },
          {
            "hash": "4de2aa7a88acb01a6e33056e012682896cd6644b",
            "messageTitle": "Level-4",
            "messageBody": "",
            "insertions": 90,
            "deletions": 24
          },
          {
            "hash": "b7acfb8f3a61471bfb2f21949b46bcf5e043f03e",
            "messageTitle": "Level-5",
            "messageBody": "",
            "insertions": 54,
            "deletions": 1
          },
          {
            "hash": "5a14253a976fafba15085e0deff9786d1e561c79",
            "messageTitle": "Level-6",
            "messageBody": "",
            "insertions": 9,
            "deletions": 0
          },
          {
            "hash": "de0ae8072b74d56ff7a29d39fb80450a8c5220d5",
            "messageTitle": "no message",
            "messageBody": "",
            "insertions": 6,
            "deletions": 19
          },
          {
            "hash": "3f20ad2ffa845ddfc901aa1119fc6eda3a7992ae",
            "messageTitle": "Added Save functionality",
            "messageBody": "",
            "insertions": 0,
            "deletions": 0
          },
          {
            "hash": "352cac1b9ce378bd824dd46bdb34f7d8394f7f85",
            "messageTitle": "Added Save Functionality",
            "messageBody": "",
            "insertions": 98,
            "deletions": 7
          },
          {
            "hash": "db8387f38e253cd691827b03078325c47198ddb6",
            "messageTitle": "Added Date Time formatting",
            "messageBody": "",
            "insertions": 9,
            "deletions": 1
          }
        ]
      },
      {
        "insertions": 397,
        "deletions": 179,
        "date": "2019-08-28",
        "commitResults": [
          {
            "hash": "84ddefbd8665b0c55403cc4d28a7f7fee47ad32c",
            "messageTitle": "Refactored code to better adhere to OOP principles",
            "messageBody": "",
            "insertions": 397,
            "deletions": 179
          }
        ]
      }
    ]
  },
  "authorFinalContributionMap": {
    "wallacelim97": 535
  },
  "authorFileTypeContributionMap": {
    "wallacelim97": {
      "java": 490,
      "md": 0,
      "fxml": 0,
      "sh": 0,
      "bat": 23,
      "gradle": 14,
      "txt": 8
    }
  },
  "authorContributionVariance": {
    "wallacelim97": 28453.918
  },
  "authorDisplayNameMap": {
    "wallacelim97": "WALL ..  LIM"
  }
}
