{
  "authorDailyContributionsMap": {
    "Wallace": [],
    "Jeffry Lum": []
  },
  "authorFinalContributionMap": {
    "Wallace": 0,
    "Jeffry Lum": 0
  },
  "authorFileTypeContributionMap": {
    "Wallace": {
      "java": 0,
      "md": 0,
      "fxml": 0,
      "sh": 0,
      "bat": 0,
      "gradle": 0,
      "txt": 0
    },
    "Jeffry Lum": {
      "java": 0,
      "md": 0,
      "fxml": 0,
      "sh": 0,
      "bat": 0,
      "gradle": 0,
      "txt": 0
    }
  },
  "authorContributionVariance": {
    "Wallace": 0.0,
    "Jeffry Lum": 0.0
  },
  "authorDisplayNameMap": {
    "Wallace": "Wallace",
    "Jeffry Lum": "Jeffry Lum"
  }
}
