{
  "authorDailyContributionsMap": {
    "woon17": [
      {
        "insertions": 2,
        "deletions": 2,
        "date": "2019-08-19",
        "commitResults": [
          {
            "hash": "7cd5eb6fede8886233e7def7f53fa14769464a0d",
            "messageTitle": "edit a bit",
            "messageBody": "",
            "insertions": 2,
            "deletions": 2
          }
        ]
      },
      {
        "insertions": 218,
        "deletions": 68,
        "date": "2019-08-20",
        "commitResults": [
          {
            "hash": "5bee04598cffa4839a2f8e3a4da8d2e8e3e2a389",
            "messageTitle": "add try ignore",
            "messageBody": "",
            "insertions": 8,
            "deletions": 1
          },
          {
            "hash": "8676745ac6a5e3b3e96e7a0b5a6aee1fdca1dee4",
            "messageTitle": "point to my main class",
            "messageBody": "",
            "insertions": 1,
            "deletions": 1
          },
          {
            "hash": "dd6859bcf8b1779806cd76bacc8a0e76e62ab464",
            "messageTitle": "change my main class",
            "messageBody": "",
            "insertions": 1,
            "deletions": 1
          },
          {
            "hash": "a07e28d471b3004692b327793ca499990787ed01",
            "messageTitle": "change my main class",
            "messageBody": "",
            "insertions": 1,
            "deletions": 1
          },
          {
            "hash": "fb9c96982e9d1aad7a356baeb5c6a269c7822c6c",
            "messageTitle": "add text-ui-test stuff",
            "messageBody": "",
            "insertions": 23,
            "deletions": 0
          },
          {
            "hash": "522c6e2c66c6da80c43bcdb6f86a69f8ab357678",
            "messageTitle": "own DukeTest.java code",
            "messageBody": "",
            "insertions": 8,
            "deletions": 0
          },
          {
            "hash": "bbd236d00aa05e3f1720530826138534092fd9db",
            "messageTitle": "update build.gradle",
            "messageBody": "",
            "insertions": 21,
            "deletions": 1
          },
          {
            "hash": "00606542318411548c444afa6f9d453867fc259a",
            "messageTitle": "recode it",
            "messageBody": "",
            "insertions": 11,
            "deletions": 11
          },
          {
            "hash": "b71cc8d722ddc7e0b60a815366bc86e8f2d094dc",
            "messageTitle": "just add",
            "messageBody": "",
            "insertions": 17,
            "deletions": 1
          },
          {
            "hash": "455aea2cd86310ada183ab0d594c44a042983e8f",
            "messageTitle": "update build.gradle",
            "messageBody": "",
            "insertions": 6,
            "deletions": 0
          },
          {
            "hash": "80e30917af3d1cb98fe957d210e1c70e92124bac",
            "messageTitle": "Level 1. Greet, Echo, Exit",
            "messageBody": "",
            "insertions": 29,
            "deletions": 7
          },
          {
            "hash": "588ce97a9fb7b40db44364120dd6d774b8eb2d97",
            "messageTitle": "Level 2. Add, List",
            "messageBody": "",
            "insertions": 17,
            "deletions": 14
          },
          {
            "hash": "ccf4798cd4216c279ab9a73bac2461bb85d1c848",
            "messageTitle": "level 2 lastest version",
            "messageBody": "",
            "insertions": 32,
            "deletions": 21
          },
          {
            "hash": "dd5256a19f02624b1ff39b8b6b7c14ac064cde2d",
            "messageTitle": "add Task class",
            "messageBody": "",
            "insertions": 15,
            "deletions": 0
          },
          {
            "hash": "ed7e851c1a8d957a26f978155ed58a94a4102671",
            "messageTitle": "level3, but have \"?\"",
            "messageBody": "",
            "insertions": 28,
            "deletions": 9
          }
        ]
      },
      {
        "insertions": 252,
        "deletions": 95,
        "date": "2019-08-21",
        "commitResults": [
          {
            "hash": "68e61cb25a10abee87b3ae0591a5893ffed2bf2b",
            "messageTitle": "Level 4. ToDos, Events, Deadlines",
            "messageBody": "",
            "insertions": 78,
            "deletions": 2
          },
          {
            "hash": "d3111db20d9fae49ccf7ad2042299278414677f0",
            "messageTitle": "level 4 new",
            "messageBody": "",
            "insertions": 1,
            "deletions": 1
          },
          {
            "hash": "43e430c79ab826376cb4818aa90206299e22d647",
            "messageTitle": "level5. Handle Errors",
            "messageBody": "",
            "insertions": 104,
            "deletions": 62
          },
          {
            "hash": "81b449fb920ba7a04268c97ef1052a125d4342a4",
            "messageTitle": "Level 6. Delete",
            "messageBody": "",
            "insertions": 59,
            "deletions": 24
          },
          {
            "hash": "ec49ccd5a80e457361df96a3959556bb94da7e94",
            "messageTitle": "level6 v1.2",
            "messageBody": "",
            "insertions": 8,
            "deletions": 4
          },
          {
            "hash": "a9315b89b61289cf8637e850ef8db64b3b9b7924",
            "messageTitle": "level6 new version",
            "messageBody": "",
            "insertions": 2,
            "deletions": 2
          }
        ]
      },
      {
        "insertions": 997,
        "deletions": 106,
        "date": "2019-08-22",
        "commitResults": [
          {
            "hash": "32300b644cb6556a4b024766c0f4d6c98cc56fcb",
            "messageTitle": "level 5 and 6",
            "messageBody": "",
            "insertions": 134,
            "deletions": 101
          },
          {
            "hash": "a611f78d89d17d99650f46c4f233c719f5e26265",
            "messageTitle": "listFeature remove extra space",
            "messageBody": "",
            "insertions": 1,
            "deletions": 1
          },
          {
            "hash": "2e794a52367b9d53f904e0b4b81d7ae6721e23fc",
            "messageTitle": "small change to level 6: add \"(\" \".\" to message",
            "messageBody": "",
            "insertions": 4,
            "deletions": 4
          },
          {
            "hash": "6d9cb8069d9734d0e6c35101c02a3fe3d7e15a64",
            "messageTitle": "create folder: src/main/wk2_ip to contain final code for evey level",
            "messageBody": "",
            "insertions": 611,
            "deletions": 0
          },
          {
            "hash": "1873e88dd8354c7a6d17aed8222ce931b28d7772",
            "messageTitle": "update folder: src/main/wk2_ip to contain final code for evey level",
            "messageBody": "",
            "insertions": 247,
            "deletions": 0
          }
        ]
      },
      {
        "insertions": 363,
        "deletions": 1221,
        "date": "2019-08-23",
        "commitResults": [
          {
            "hash": "d29b1699b04ae05a4f2748d104847d822de06a4f",
            "messageTitle": "not using extra folder to put all 6 level code, i delete and i put in other way",
            "messageBody": "",
            "insertions": 0,
            "deletions": 277
          },
          {
            "hash": "fc541eaa8b3e067354c9dbac58c8e105bc1c9646",
            "messageTitle": "delete folder: wk2_ip",
            "messageBody": "",
            "insertions": 0,
            "deletions": 858
          },
          {
            "hash": "876f12a9ade8144a4c88f2c6f4f2ecdff1f39f71",
            "messageTitle": "put wk2_ip/level1 *.java here",
            "messageBody": "",
            "insertions": 36,
            "deletions": 0
          },
          {
            "hash": "767b83c8da7fbd34d09eb753d3305c970db6bab5",
            "messageTitle": "update to level2 code here",
            "messageBody": "",
            "insertions": 31,
            "deletions": 11
          },
          {
            "hash": "d918c2f98a358e93c6eb52a8827fe4d0fbbfb698",
            "messageTitle": "update to level3 code here",
            "messageBody": "",
            "insertions": 43,
            "deletions": 8
          },
          {
            "hash": "09fd47280776b09744d4259ad88538ca77fbf56e",
            "messageTitle": "update to level4 code here",
            "messageBody": "",
            "insertions": 80,
            "deletions": 20
          },
          {
            "hash": "3ef384f368060af894264c5cf9d3857235875103",
            "messageTitle": "update to level5 code here",
            "messageBody": "",
            "insertions": 143,
            "deletions": 47
          },
          {
            "hash": "b377793dab1dcb2375daf1fd1930f7015c4b23c5",
            "messageTitle": "update to level6 code here",
            "messageBody": "",
            "insertions": 30,
            "deletions": 0
          }
        ]
      }
    ]
  },
  "authorFinalContributionMap": {
    "woon17": 350
  },
  "authorFileTypeContributionMap": {
    "woon17": {
      "java": 283,
      "md": 0,
      "fxml": 0,
      "sh": 0,
      "bat": 38,
      "gradle": 27,
      "txt": 2
    }
  },
  "authorContributionVariance": {
    "woon17": 318345.5
  },
  "authorDisplayNameMap": {
    "woon17": "WEN  .. HUFA"
  }
}
