{
  "authorDailyContributionsMap": {
    "woon17": [
      {
        "insertions": 2,
        "deletions": 2,
        "date": "2019-08-19",
        "commitResults": [
          {
            "hash": "7cd5eb6fede8886233e7def7f53fa14769464a0d",
            "messageTitle": "edit a bit",
            "messageBody": "",
            "insertions": 2,
            "deletions": 2
          }
        ]
      },
      {
        "insertions": 218,
        "deletions": 68,
        "date": "2019-08-20",
        "commitResults": [
          {
            "hash": "5bee04598cffa4839a2f8e3a4da8d2e8e3e2a389",
            "messageTitle": "add try ignore",
            "messageBody": "",
            "insertions": 8,
            "deletions": 1
          },
          {
            "hash": "8676745ac6a5e3b3e96e7a0b5a6aee1fdca1dee4",
            "messageTitle": "point to my main class",
            "messageBody": "",
            "insertions": 1,
            "deletions": 1
          },
          {
            "hash": "dd6859bcf8b1779806cd76bacc8a0e76e62ab464",
            "messageTitle": "change my main class",
            "messageBody": "",
            "insertions": 1,
            "deletions": 1
          },
          {
            "hash": "a07e28d471b3004692b327793ca499990787ed01",
            "messageTitle": "change my main class",
            "messageBody": "",
            "insertions": 1,
            "deletions": 1
          },
          {
            "hash": "fb9c96982e9d1aad7a356baeb5c6a269c7822c6c",
            "messageTitle": "add text-ui-test stuff",
            "messageBody": "",
            "insertions": 23,
            "deletions": 0
          },
          {
            "hash": "522c6e2c66c6da80c43bcdb6f86a69f8ab357678",
            "messageTitle": "own DukeTest.java code",
            "messageBody": "",
            "insertions": 8,
            "deletions": 0
          },
          {
            "hash": "bbd236d00aa05e3f1720530826138534092fd9db",
            "messageTitle": "update build.gradle",
            "messageBody": "",
            "insertions": 21,
            "deletions": 1
          },
          {
            "hash": "00606542318411548c444afa6f9d453867fc259a",
            "messageTitle": "recode it",
            "messageBody": "",
            "insertions": 11,
            "deletions": 11
          },
          {
            "hash": "b71cc8d722ddc7e0b60a815366bc86e8f2d094dc",
            "messageTitle": "just add",
            "messageBody": "",
            "insertions": 17,
            "deletions": 1
          },
          {
            "hash": "455aea2cd86310ada183ab0d594c44a042983e8f",
            "messageTitle": "update build.gradle",
            "messageBody": "",
            "insertions": 6,
            "deletions": 0
          },
          {
            "hash": "80e30917af3d1cb98fe957d210e1c70e92124bac",
            "messageTitle": "Level 1. Greet, Echo, Exit",
            "messageBody": "",
            "insertions": 29,
            "deletions": 7
          },
          {
            "hash": "588ce97a9fb7b40db44364120dd6d774b8eb2d97",
            "messageTitle": "Level 2. Add, List",
            "messageBody": "",
            "insertions": 17,
            "deletions": 14
          },
          {
            "hash": "ccf4798cd4216c279ab9a73bac2461bb85d1c848",
            "messageTitle": "level 2 lastest version",
            "messageBody": "",
            "insertions": 32,
            "deletions": 21
          },
          {
            "hash": "dd5256a19f02624b1ff39b8b6b7c14ac064cde2d",
            "messageTitle": "add Task class",
            "messageBody": "",
            "insertions": 15,
            "deletions": 0
          },
          {
            "hash": "ed7e851c1a8d957a26f978155ed58a94a4102671",
            "messageTitle": "level3, but have \"?\"",
            "messageBody": "",
            "insertions": 28,
            "deletions": 9
          }
        ]
      },
      {
        "insertions": 252,
        "deletions": 95,
        "date": "2019-08-21",
        "commitResults": [
          {
            "hash": "68e61cb25a10abee87b3ae0591a5893ffed2bf2b",
            "messageTitle": "Level 4. ToDos, Events, Deadlines",
            "messageBody": "",
            "insertions": 78,
            "deletions": 2
          },
          {
            "hash": "d3111db20d9fae49ccf7ad2042299278414677f0",
            "messageTitle": "level 4 new",
            "messageBody": "",
            "insertions": 1,
            "deletions": 1
          },
          {
            "hash": "43e430c79ab826376cb4818aa90206299e22d647",
            "messageTitle": "level5. Handle Errors",
            "messageBody": "",
            "insertions": 104,
            "deletions": 62
          },
          {
            "hash": "81b449fb920ba7a04268c97ef1052a125d4342a4",
            "messageTitle": "Level 6. Delete",
            "messageBody": "",
            "insertions": 59,
            "deletions": 24
          },
          {
            "hash": "ec49ccd5a80e457361df96a3959556bb94da7e94",
            "messageTitle": "level6 v1.2",
            "messageBody": "",
            "insertions": 8,
            "deletions": 4
          },
          {
            "hash": "a9315b89b61289cf8637e850ef8db64b3b9b7924",
            "messageTitle": "level6 new version",
            "messageBody": "",
            "insertions": 2,
            "deletions": 2
          }
        ]
      },
      {
        "insertions": 997,
        "deletions": 106,
        "date": "2019-08-22",
        "commitResults": [
          {
            "hash": "32300b644cb6556a4b024766c0f4d6c98cc56fcb",
            "messageTitle": "level 5 and 6",
            "messageBody": "",
            "insertions": 134,
            "deletions": 101
          },
          {
            "hash": "a611f78d89d17d99650f46c4f233c719f5e26265",
            "messageTitle": "listFeature remove extra space",
            "messageBody": "",
            "insertions": 1,
            "deletions": 1
          },
          {
            "hash": "2e794a52367b9d53f904e0b4b81d7ae6721e23fc",
            "messageTitle": "small change to level 6: add \"(\" \".\" to message",
            "messageBody": "",
            "insertions": 4,
            "deletions": 4
          },
          {
            "hash": "6d9cb8069d9734d0e6c35101c02a3fe3d7e15a64",
            "messageTitle": "create folder: src/main/wk2_ip to contain final code for evey level",
            "messageBody": "",
            "insertions": 611,
            "deletions": 0
          },
          {
            "hash": "1873e88dd8354c7a6d17aed8222ce931b28d7772",
            "messageTitle": "update folder: src/main/wk2_ip to contain final code for evey level",
            "messageBody": "",
            "insertions": 247,
            "deletions": 0
          }
        ]
      },
      {
        "insertions": 363,
        "deletions": 1221,
        "date": "2019-08-23",
        "commitResults": [
          {
            "hash": "d29b1699b04ae05a4f2748d104847d822de06a4f",
            "messageTitle": "not using extra folder to put all 6 level code, i delete and i put in other way",
            "messageBody": "",
            "insertions": 0,
            "deletions": 277
          },
          {
            "hash": "fc541eaa8b3e067354c9dbac58c8e105bc1c9646",
            "messageTitle": "delete folder: wk2_ip",
            "messageBody": "",
            "insertions": 0,
            "deletions": 858
          },
          {
            "hash": "876f12a9ade8144a4c88f2c6f4f2ecdff1f39f71",
            "messageTitle": "put wk2_ip/level1 *.java here",
            "messageBody": "",
            "insertions": 36,
            "deletions": 0
          },
          {
            "hash": "767b83c8da7fbd34d09eb753d3305c970db6bab5",
            "messageTitle": "update to level2 code here",
            "messageBody": "",
            "insertions": 31,
            "deletions": 11
          },
          {
            "hash": "d918c2f98a358e93c6eb52a8827fe4d0fbbfb698",
            "messageTitle": "update to level3 code here",
            "messageBody": "",
            "insertions": 43,
            "deletions": 8
          },
          {
            "hash": "09fd47280776b09744d4259ad88538ca77fbf56e",
            "messageTitle": "update to level4 code here",
            "messageBody": "",
            "insertions": 80,
            "deletions": 20
          },
          {
            "hash": "3ef384f368060af894264c5cf9d3857235875103",
            "messageTitle": "update to level5 code here",
            "messageBody": "",
            "insertions": 143,
            "deletions": 47
          },
          {
            "hash": "b377793dab1dcb2375daf1fd1930f7015c4b23c5",
            "messageTitle": "update to level6 code here",
            "messageBody": "",
            "insertions": 30,
            "deletions": 0
          }
        ]
      },
      {
        "insertions": 270,
        "deletions": 73,
        "date": "2019-08-26",
        "commitResults": [
          {
            "hash": "1102f7ddd43a2b588d1a6ef8d662dd9337307386",
            "messageTitle": "edit in branch-level-7",
            "messageBody": "",
            "insertions": 93,
            "deletions": 1
          },
          {
            "hash": "e27706170ecf9c02ae78257daa1bf435f0810595",
            "messageTitle": "read duke.txt to myList",
            "messageBody": "",
            "insertions": 79,
            "deletions": 39
          },
          {
            "hash": "89027a2c865e905184fc431b654201cc29e6597e",
            "messageTitle": "complete level 7",
            "messageBody": "",
            "insertions": 46,
            "deletions": 15
          },
          {
            "hash": "ac56b30664de7a77c7e44208e65cde019b9aec3f",
            "messageTitle": "level 8  complete",
            "messageBody": "",
            "insertions": 50,
            "deletions": 11
          },
          {
            "hash": "0a7ea6bc908f26a47c48df422af581bcebd7331b",
            "messageTitle": "modify duke.txt",
            "messageBody": "",
            "insertions": 2,
            "deletions": 7
          }
        ]
      },
      {
        "insertions": 636,
        "deletions": 354,
        "date": "2019-08-27",
        "commitResults": [
          {
            "hash": "a9eaf3abd0a700aedcd322d7ba239cb922b37983",
            "messageTitle": "update level-7",
            "messageBody": "",
            "insertions": 27,
            "deletions": 9
          },
          {
            "hash": "92d5619ed1088d5f49521b8cc239e29e5aa40258",
            "messageTitle": "update level-8",
            "messageBody": "",
            "insertions": 158,
            "deletions": 24
          },
          {
            "hash": "e04b2f38395976b2089c4463336d40e3e1716811",
            "messageTitle": "oop: extra java class",
            "messageBody": "",
            "insertions": 47,
            "deletions": 214
          },
          {
            "hash": "9010cbc9f895840a0399dcbfa22e30b7a94e111e",
            "messageTitle": "re-add Duke.java",
            "messageBody": "",
            "insertions": 34,
            "deletions": 0
          },
          {
            "hash": "5496fe3491a121159543fe429874f06319d75eb8",
            "messageTitle": "oop v1",
            "messageBody": "",
            "insertions": 356,
            "deletions": 61
          },
          {
            "hash": "e9a94faaf629826e61283015b3be32e64208a8c5",
            "messageTitle": "A-MoreOOP completed",
            "messageBody": "",
            "insertions": 14,
            "deletions": 46
          }
        ]
      },
      {
        "insertions": 937,
        "deletions": 1174,
        "date": "2019-08-28",
        "commitResults": [
          {
            "hash": "4861923d374876d7b13095b907388684473d4ca0",
            "messageTitle": "A-JUnit complete",
            "messageBody": "",
            "insertions": 34,
            "deletions": 11
          },
          {
            "hash": "a209efabd644f1a6d8c006396ef20faeee183380",
            "messageTitle": "javaDoc a bit",
            "messageBody": "",
            "insertions": 111,
            "deletions": 33
          },
          {
            "hash": "c29d95a752ffac915bd72283dc92d2ce54002524",
            "messageTitle": "change duke.txt",
            "messageBody": "",
            "insertions": 1,
            "deletions": 2
          },
          {
            "hash": "1611c675f63115bb6620176fb6c4c1e55b667d5d",
            "messageTitle": "re-edit level7",
            "messageBody": "",
            "insertions": 13,
            "deletions": 33
          },
          {
            "hash": "3a577cfad5ec9cf4ac80622f571452d0679989be",
            "messageTitle": "remerge level 7 and 8: clear master branch",
            "messageBody": "",
            "insertions": 0,
            "deletions": 668
          },
          {
            "hash": "4968201a6df65d72ed12c4afa2a81c3a3f536ac9",
            "messageTitle": "re edit level8",
            "messageBody": "",
            "insertions": 0,
            "deletions": 1
          },
          {
            "hash": "c440aaaebff77ff6b02fe57c73ea2bef014b322c",
            "messageTitle": "Bug fixes for Level-8",
            "messageBody": "",
            "insertions": 5,
            "deletions": 22
          },
          {
            "hash": "85ee72c1885e454bae8af27b3076cb7fd1cc8f51",
            "messageTitle": "edit level 8 in master",
            "messageBody": "",
            "insertions": 55,
            "deletions": 12
          },
          {
            "hash": "d2b6be42a050811853feb8b8ba52687dca86ca74",
            "messageTitle": "A-more-oop",
            "messageBody": "",
            "insertions": 413,
            "deletions": 202
          },
          {
            "hash": "8dabb4883dea7a550fd82f0d9c3cdcba5a748d0d",
            "messageTitle": "A-JUnit",
            "messageBody": "",
            "insertions": 1,
            "deletions": 1
          },
          {
            "hash": "82a1235e159aa0ae2614b5a57a4788d9394575e8",
            "messageTitle": "delete unwanted file",
            "messageBody": "",
            "insertions": 0,
            "deletions": 63
          },
          {
            "hash": "1b2eddf0a9a2cb4c5340002dd1176b318fcb74bb",
            "messageTitle": "doing javaDoc",
            "messageBody": "",
            "insertions": 75,
            "deletions": 5
          },
          {
            "hash": "e61bbe0046eac7874dca47c7ea41f17d57444a5e",
            "messageTitle": "level 9 completed",
            "messageBody": "",
            "insertions": 38,
            "deletions": 22
          },
          {
            "hash": "274be323403b2f59af819ffe4a7e25455d7a60c0",
            "messageTitle": "complete level 9",
            "messageBody": "",
            "insertions": 52,
            "deletions": 17
          },
          {
            "hash": "654f24bc5a63e8acac6d986deb0d2555027454e5",
            "messageTitle": "add java-doc",
            "messageBody": "",
            "insertions": 138,
            "deletions": 76
          },
          {
            "hash": "2b100d675eca4d5ecdbc10c1199f5a385c1fbb34",
            "messageTitle": "check style after merge 3 branches",
            "messageBody": "",
            "insertions": 1,
            "deletions": 6
          }
        ]
      },
      {
        "insertions": 45,
        "deletions": 19,
        "date": "2019-09-01",
        "commitResults": [
          {
            "hash": "637201e3340a700afd77fef0cee2ddbf6f3a25e5",
            "messageTitle": "add not hard code duke.txt",
            "messageBody": "",
            "insertions": 45,
            "deletions": 18
          },
          {
            "hash": "026fe953bb942693208910dd31eac695a0c60382",
            "messageTitle": "remove extra debug line in storage.java",
            "messageBody": "",
            "insertions": 0,
            "deletions": 1
          }
        ]
      }
    ]
  },
  "authorFinalContributionMap": {
    "woon17": 932
  },
  "authorFileTypeContributionMap": {
    "woon17": {
      "java": 813,
      "md": 0,
      "fxml": 0,
      "sh": 34,
      "bat": 38,
      "gradle": 40,
      "txt": 7
    }
  },
  "authorContributionVariance": {
    "woon17": 396493.7
  },
  "authorDisplayNameMap": {
    "woon17": "CS2103T-T09-3 WEN S ... SHUFA"
  }
}
