[
  {
    "path": "build.gradle",
    "fileType": "gradle",
    "lines": [
      {
        "lineNumber": 1,
        "author": {
          "gitId": "Jeffry Lum"
        },
        "content": "plugins {"
      },
      {
        "lineNumber": 2,
        "author": {
          "gitId": "Jeffry Lum"
        },
        "content": "    id \u0027java\u0027"
      },
      {
        "lineNumber": 3,
        "author": {
          "gitId": "Jeffry Lum"
        },
        "content": "    id \u0027application\u0027"
      },
      {
        "lineNumber": 4,
        "author": {
          "gitId": "Liu Guangyuan (Gary)"
        },
        "content": "    id \u0027checkstyle\u0027"
      },
      {
        "lineNumber": 5,
        "author": {
          "gitId": "Jeffry Lum"
        },
        "content": "}"
      },
      {
        "lineNumber": 6,
        "author": {
          "gitId": "Jeffry Lum"
        },
        "content": ""
      },
      {
        "lineNumber": 7,
        "author": {
          "gitId": "Jeffry Lum"
        },
        "content": "group \u0027seedu.duke\u0027"
      },
      {
        "lineNumber": 8,
        "author": {
          "gitId": "Jeffry Lum"
        },
        "content": "version \u00270.1.0\u0027"
      },
      {
        "lineNumber": 9,
        "author": {
          "gitId": "Jeffry Lum"
        },
        "content": ""
      },
      {
        "lineNumber": 10,
        "author": {
          "gitId": "Jeffry Lum"
        },
        "content": "repositories {"
      },
      {
        "lineNumber": 11,
        "author": {
          "gitId": "Jeffry Lum"
        },
        "content": "    mavenCentral()"
      },
      {
        "lineNumber": 12,
        "author": {
          "gitId": "Jeffry Lum"
        },
        "content": "}"
      },
      {
        "lineNumber": 13,
        "author": {
          "gitId": "Jeffry Lum"
        },
        "content": ""
      },
      {
        "lineNumber": 14,
        "author": {
          "gitId": "Jeffry Lum"
        },
        "content": "application {"
      },
      {
        "lineNumber": 15,
        "author": {
          "gitId": "Jeffry Lum"
        },
        "content": "    // Change this to your main class."
      },
      {
        "lineNumber": 16,
        "author": {
          "gitId": "Liu Guangyuan (Gary)"
        },
        "content": "    mainClassName \u003d \"duke.Duke\""
      },
      {
        "lineNumber": 17,
        "author": {
          "gitId": "Liu Guangyuan (Gary)"
        },
        "content": "}"
      },
      {
        "lineNumber": 18,
        "author": {
          "gitId": "Liu Guangyuan (Gary)"
        },
        "content": ""
      },
      {
        "lineNumber": 19,
        "author": {
          "gitId": "Liu Guangyuan (Gary)"
        },
        "content": "checkstyle {"
      },
      {
        "lineNumber": 20,
        "author": {
          "gitId": "Liu Guangyuan (Gary)"
        },
        "content": "    toolVersion \u003d \u00278.23\u0027"
      },
      {
        "lineNumber": 21,
        "author": {
          "gitId": "Liu Guangyuan (Gary)"
        },
        "content": "}"
      },
      {
        "lineNumber": 22,
        "author": {
          "gitId": "Liu Guangyuan (Gary)"
        },
        "content": ""
      },
      {
        "lineNumber": 23,
        "author": {
          "gitId": "Liu Guangyuan (Gary)"
        },
        "content": "run {"
      },
      {
        "lineNumber": 24,
        "author": {
          "gitId": "Liu Guangyuan (Gary)"
        },
        "content": "    standardInput \u003d System.in"
      },
      {
        "lineNumber": 25,
        "author": {
          "gitId": "Jeffry Lum"
        },
        "content": "}"
      }
    ],
    "authorContributionMap": {
      "Liu Guangyuan (Gary)": 10,
      "Jeffry Lum": 15
    }
  },
  {
    "path": "gradlew.bat",
    "fileType": "bat",
    "lines": [
      {
        "lineNumber": 1,
        "author": {
          "gitId": "Jeffry Lum"
        },
        "content": "@if \"%DEBUG%\" \u003d\u003d \"\" @echo off"
      },
      {
        "lineNumber": 2,
        "author": {
          "gitId": "Jeffry Lum"
        },
        "content": "@rem ##########################################################################"
      },
      {
        "lineNumber": 3,
        "author": {
          "gitId": "Jeffry Lum"
        },
        "content": "@rem"
      },
      {
        "lineNumber": 4,
        "author": {
          "gitId": "Jeffry Lum"
        },
        "content": "@rem  Gradle startup script for Windows"
      },
      {
        "lineNumber": 5,
        "author": {
          "gitId": "Jeffry Lum"
        },
        "content": "@rem"
      },
      {
        "lineNumber": 6,
        "author": {
          "gitId": "Jeffry Lum"
        },
        "content": "@rem ##########################################################################"
      },
      {
        "lineNumber": 7,
        "author": {
          "gitId": "Jeffry Lum"
        },
        "content": ""
      },
      {
        "lineNumber": 8,
        "author": {
          "gitId": "Jeffry Lum"
        },
        "content": "@rem Set local scope for the variables with windows NT shell"
      },
      {
        "lineNumber": 9,
        "author": {
          "gitId": "Jeffry Lum"
        },
        "content": "if \"%OS%\"\u003d\u003d\"Windows_NT\" setlocal"
      },
      {
        "lineNumber": 10,
        "author": {
          "gitId": "Jeffry Lum"
        },
        "content": ""
      },
      {
        "lineNumber": 11,
        "author": {
          "gitId": "Jeffry Lum"
        },
        "content": "set DIRNAME\u003d%~dp0"
      },
      {
        "lineNumber": 12,
        "author": {
          "gitId": "Jeffry Lum"
        },
        "content": "if \"%DIRNAME%\" \u003d\u003d \"\" set DIRNAME\u003d."
      },
      {
        "lineNumber": 13,
        "author": {
          "gitId": "Jeffry Lum"
        },
        "content": "set APP_BASE_NAME\u003d%~n0"
      },
      {
        "lineNumber": 14,
        "author": {
          "gitId": "Jeffry Lum"
        },
        "content": "set APP_HOME\u003d%DIRNAME%"
      },
      {
        "lineNumber": 15,
        "author": {
          "gitId": "Jeffry Lum"
        },
        "content": ""
      },
      {
        "lineNumber": 16,
        "author": {
          "gitId": "Jeffry Lum"
        },
        "content": "@rem Add default JVM options here. You can also use JAVA_OPTS and GRADLE_OPTS to pass JVM options to this script."
      },
      {
        "lineNumber": 17,
        "author": {
          "gitId": "Jeffry Lum"
        },
        "content": "set DEFAULT_JVM_OPTS\u003d\"-Xmx64m\""
      },
      {
        "lineNumber": 18,
        "author": {
          "gitId": "Jeffry Lum"
        },
        "content": ""
      },
      {
        "lineNumber": 19,
        "author": {
          "gitId": "Jeffry Lum"
        },
        "content": "@rem Find java.exe"
      },
      {
        "lineNumber": 20,
        "author": {
          "gitId": "Jeffry Lum"
        },
        "content": "if defined JAVA_HOME goto findJavaFromJavaHome"
      },
      {
        "lineNumber": 21,
        "author": {
          "gitId": "Jeffry Lum"
        },
        "content": ""
      },
      {
        "lineNumber": 22,
        "author": {
          "gitId": "Jeffry Lum"
        },
        "content": "set JAVA_EXE\u003djava.exe"
      },
      {
        "lineNumber": 23,
        "author": {
          "gitId": "Jeffry Lum"
        },
        "content": "%JAVA_EXE% -version \u003eNUL 2\u003e\u00261"
      },
      {
        "lineNumber": 24,
        "author": {
          "gitId": "Jeffry Lum"
        },
        "content": "if \"%ERRORLEVEL%\" \u003d\u003d \"0\" goto init"
      },
      {
        "lineNumber": 25,
        "author": {
          "gitId": "Jeffry Lum"
        },
        "content": ""
      },
      {
        "lineNumber": 26,
        "author": {
          "gitId": "Jeffry Lum"
        },
        "content": "echo."
      },
      {
        "lineNumber": 27,
        "author": {
          "gitId": "Jeffry Lum"
        },
        "content": "echo ERROR: JAVA_HOME is not set and no \u0027java\u0027 command could be found in your PATH."
      },
      {
        "lineNumber": 28,
        "author": {
          "gitId": "Jeffry Lum"
        },
        "content": "echo."
      },
      {
        "lineNumber": 29,
        "author": {
          "gitId": "Jeffry Lum"
        },
        "content": "echo Please set the JAVA_HOME variable in your environment to match the"
      },
      {
        "lineNumber": 30,
        "author": {
          "gitId": "Jeffry Lum"
        },
        "content": "echo location of your Java installation."
      },
      {
        "lineNumber": 31,
        "author": {
          "gitId": "Jeffry Lum"
        },
        "content": ""
      },
      {
        "lineNumber": 32,
        "author": {
          "gitId": "Jeffry Lum"
        },
        "content": "goto fail"
      },
      {
        "lineNumber": 33,
        "author": {
          "gitId": "Jeffry Lum"
        },
        "content": ""
      },
      {
        "lineNumber": 34,
        "author": {
          "gitId": "Jeffry Lum"
        },
        "content": ":findJavaFromJavaHome"
      },
      {
        "lineNumber": 35,
        "author": {
          "gitId": "Jeffry Lum"
        },
        "content": "set JAVA_HOME\u003d%JAVA_HOME:\"\u003d%"
      },
      {
        "lineNumber": 36,
        "author": {
          "gitId": "Jeffry Lum"
        },
        "content": "set JAVA_EXE\u003d%JAVA_HOME%/bin/java.exe"
      },
      {
        "lineNumber": 37,
        "author": {
          "gitId": "Jeffry Lum"
        },
        "content": ""
      },
      {
        "lineNumber": 38,
        "author": {
          "gitId": "Jeffry Lum"
        },
        "content": "if exist \"%JAVA_EXE%\" goto init"
      },
      {
        "lineNumber": 39,
        "author": {
          "gitId": "Jeffry Lum"
        },
        "content": ""
      },
      {
        "lineNumber": 40,
        "author": {
          "gitId": "Jeffry Lum"
        },
        "content": "echo."
      },
      {
        "lineNumber": 41,
        "author": {
          "gitId": "Jeffry Lum"
        },
        "content": "echo ERROR: JAVA_HOME is set to an invalid directory: %JAVA_HOME%"
      },
      {
        "lineNumber": 42,
        "author": {
          "gitId": "Jeffry Lum"
        },
        "content": "echo."
      },
      {
        "lineNumber": 43,
        "author": {
          "gitId": "Jeffry Lum"
        },
        "content": "echo Please set the JAVA_HOME variable in your environment to match the"
      },
      {
        "lineNumber": 44,
        "author": {
          "gitId": "Jeffry Lum"
        },
        "content": "echo location of your Java installation."
      },
      {
        "lineNumber": 45,
        "author": {
          "gitId": "Jeffry Lum"
        },
        "content": ""
      },
      {
        "lineNumber": 46,
        "author": {
          "gitId": "Jeffry Lum"
        },
        "content": "goto fail"
      },
      {
        "lineNumber": 47,
        "author": {
          "gitId": "Jeffry Lum"
        },
        "content": ""
      },
      {
        "lineNumber": 48,
        "author": {
          "gitId": "Jeffry Lum"
        },
        "content": ":init"
      },
      {
        "lineNumber": 49,
        "author": {
          "gitId": "Jeffry Lum"
        },
        "content": "@rem Get command-line arguments, handling Windows variants"
      },
      {
        "lineNumber": 50,
        "author": {
          "gitId": "Jeffry Lum"
        },
        "content": ""
      },
      {
        "lineNumber": 51,
        "author": {
          "gitId": "Jeffry Lum"
        },
        "content": "if not \"%OS%\" \u003d\u003d \"Windows_NT\" goto win9xME_args"
      },
      {
        "lineNumber": 52,
        "author": {
          "gitId": "Jeffry Lum"
        },
        "content": ""
      },
      {
        "lineNumber": 53,
        "author": {
          "gitId": "Jeffry Lum"
        },
        "content": ":win9xME_args"
      },
      {
        "lineNumber": 54,
        "author": {
          "gitId": "Jeffry Lum"
        },
        "content": "@rem Slurp the command line arguments."
      },
      {
        "lineNumber": 55,
        "author": {
          "gitId": "Jeffry Lum"
        },
        "content": "set CMD_LINE_ARGS\u003d"
      },
      {
        "lineNumber": 56,
        "author": {
          "gitId": "Jeffry Lum"
        },
        "content": "set _SKIP\u003d2"
      },
      {
        "lineNumber": 57,
        "author": {
          "gitId": "Jeffry Lum"
        },
        "content": ""
      },
      {
        "lineNumber": 58,
        "author": {
          "gitId": "Jeffry Lum"
        },
        "content": ":win9xME_args_slurp"
      },
      {
        "lineNumber": 59,
        "author": {
          "gitId": "Jeffry Lum"
        },
        "content": "if \"x%~1\" \u003d\u003d \"x\" goto execute"
      },
      {
        "lineNumber": 60,
        "author": {
          "gitId": "Jeffry Lum"
        },
        "content": ""
      },
      {
        "lineNumber": 61,
        "author": {
          "gitId": "Jeffry Lum"
        },
        "content": "set CMD_LINE_ARGS\u003d%*"
      },
      {
        "lineNumber": 62,
        "author": {
          "gitId": "Jeffry Lum"
        },
        "content": ""
      },
      {
        "lineNumber": 63,
        "author": {
          "gitId": "Jeffry Lum"
        },
        "content": ":execute"
      },
      {
        "lineNumber": 64,
        "author": {
          "gitId": "Jeffry Lum"
        },
        "content": "@rem Setup the command line"
      },
      {
        "lineNumber": 65,
        "author": {
          "gitId": "Jeffry Lum"
        },
        "content": ""
      },
      {
        "lineNumber": 66,
        "author": {
          "gitId": "Jeffry Lum"
        },
        "content": "set CLASSPATH\u003d%APP_HOME%\\gradle\\wrapper\\gradle-wrapper.jar"
      },
      {
        "lineNumber": 67,
        "author": {
          "gitId": "Jeffry Lum"
        },
        "content": ""
      },
      {
        "lineNumber": 68,
        "author": {
          "gitId": "Jeffry Lum"
        },
        "content": "@rem Execute Gradle"
      },
      {
        "lineNumber": 69,
        "author": {
          "gitId": "Jeffry Lum"
        },
        "content": "\"%JAVA_EXE%\" %DEFAULT_JVM_OPTS% %JAVA_OPTS% %GRADLE_OPTS% \"-Dorg.gradle.appname\u003d%APP_BASE_NAME%\" -classpath \"%CLASSPATH%\" org.gradle.wrapper.GradleWrapperMain %CMD_LINE_ARGS%"
      },
      {
        "lineNumber": 70,
        "author": {
          "gitId": "Jeffry Lum"
        },
        "content": ""
      },
      {
        "lineNumber": 71,
        "author": {
          "gitId": "Jeffry Lum"
        },
        "content": ":end"
      },
      {
        "lineNumber": 72,
        "author": {
          "gitId": "Jeffry Lum"
        },
        "content": "@rem End local scope for the variables with windows NT shell"
      },
      {
        "lineNumber": 73,
        "author": {
          "gitId": "Jeffry Lum"
        },
        "content": "if \"%ERRORLEVEL%\"\u003d\u003d\"0\" goto mainEnd"
      },
      {
        "lineNumber": 74,
        "author": {
          "gitId": "Jeffry Lum"
        },
        "content": ""
      },
      {
        "lineNumber": 75,
        "author": {
          "gitId": "Jeffry Lum"
        },
        "content": ":fail"
      },
      {
        "lineNumber": 76,
        "author": {
          "gitId": "Jeffry Lum"
        },
        "content": "rem Set variable GRADLE_EXIT_CONSOLE if you need the _script_ return code instead of"
      },
      {
        "lineNumber": 77,
        "author": {
          "gitId": "Jeffry Lum"
        },
        "content": "rem the _cmd.exe /c_ return code!"
      },
      {
        "lineNumber": 78,
        "author": {
          "gitId": "Jeffry Lum"
        },
        "content": "if  not \"\" \u003d\u003d \"%GRADLE_EXIT_CONSOLE%\" exit 1"
      },
      {
        "lineNumber": 79,
        "author": {
          "gitId": "Jeffry Lum"
        },
        "content": "exit /b 1"
      },
      {
        "lineNumber": 80,
        "author": {
          "gitId": "Jeffry Lum"
        },
        "content": ""
      },
      {
        "lineNumber": 81,
        "author": {
          "gitId": "Jeffry Lum"
        },
        "content": ":mainEnd"
      },
      {
        "lineNumber": 82,
        "author": {
          "gitId": "Jeffry Lum"
        },
        "content": "if \"%OS%\"\u003d\u003d\"Windows_NT\" endlocal"
      },
      {
        "lineNumber": 83,
        "author": {
          "gitId": "Jeffry Lum"
        },
        "content": ""
      },
      {
        "lineNumber": 84,
        "author": {
          "gitId": "Jeffry Lum"
        },
        "content": ":omega"
      }
    ],
    "authorContributionMap": {
      "Jeffry Lum": 84
    }
  },
  {
    "path": "settings.gradle",
    "fileType": "gradle",
    "lines": [
      {
        "lineNumber": 1,
        "author": {
          "gitId": "Jeffry Lum"
        },
        "content": "rootProject.name \u003d \u0027duke\u0027"
      }
    ],
    "authorContributionMap": {
      "Jeffry Lum": 1
    }
  },
  {
    "path": "src/main/java/duke/Deadline.java",
    "fileType": "java",
    "lines": [
      {
        "lineNumber": 1,
        "author": {
          "gitId": "Liu Guangyuan (Gary)"
        },
        "content": "package duke;"
      },
      {
        "lineNumber": 2,
        "author": {
          "gitId": "Liu Guangyuan (Gary)"
        },
        "content": ""
      },
      {
        "lineNumber": 3,
        "author": {
          "gitId": "Liu Guangyuan (Gary)"
        },
        "content": "class Deadline extends Task {"
      },
      {
        "lineNumber": 4,
        "author": {
          "gitId": "Liu Guangyuan (Gary)"
        },
        "content": "    private String by;"
      },
      {
        "lineNumber": 5,
        "author": {
          "gitId": "Liu Guangyuan (Gary)"
        },
        "content": ""
      },
      {
        "lineNumber": 6,
        "author": {
          "gitId": "Liu Guangyuan (Gary)"
        },
        "content": "    Deadline(final String description, final String by) {"
      },
      {
        "lineNumber": 7,
        "author": {
          "gitId": "Liu Guangyuan (Gary)"
        },
        "content": "        super(description);"
      },
      {
        "lineNumber": 8,
        "author": {
          "gitId": "Liu Guangyuan (Gary)"
        },
        "content": "        this.by \u003d by;"
      },
      {
        "lineNumber": 9,
        "author": {
          "gitId": "Liu Guangyuan (Gary)"
        },
        "content": "    }"
      },
      {
        "lineNumber": 10,
        "author": {
          "gitId": "Liu Guangyuan (Gary)"
        },
        "content": ""
      },
      {
        "lineNumber": 11,
        "author": {
          "gitId": "Liu Guangyuan (Gary)"
        },
        "content": "    @Override"
      },
      {
        "lineNumber": 12,
        "author": {
          "gitId": "Liu Guangyuan (Gary)"
        },
        "content": "    public String toString() {"
      },
      {
        "lineNumber": 13,
        "author": {
          "gitId": "Liu Guangyuan (Gary)"
        },
        "content": "        return \"[D]\" + super.toString() + \" (by: \" + this.by + \")\";"
      },
      {
        "lineNumber": 14,
        "author": {
          "gitId": "Liu Guangyuan (Gary)"
        },
        "content": "    }"
      },
      {
        "lineNumber": 15,
        "author": {
          "gitId": "Liu Guangyuan (Gary)"
        },
        "content": "}"
      }
    ],
    "authorContributionMap": {
      "Liu Guangyuan (Gary)": 15
    }
  },
  {
    "path": "src/main/java/duke/Duke.java",
    "fileType": "java",
    "lines": [
      {
        "lineNumber": 1,
        "author": {
          "gitId": "Liu Guangyuan (Gary)"
        },
        "content": "package duke;"
      },
      {
        "lineNumber": 2,
        "author": {
          "gitId": "Liu Guangyuan (Gary)"
        },
        "content": ""
      },
      {
        "lineNumber": 3,
        "author": {
          "gitId": "Liu Guangyuan (Gary)"
        },
        "content": "import java.util.Scanner;"
      },
      {
        "lineNumber": 4,
        "author": {
          "gitId": "Liu Guangyuan (Gary)"
        },
        "content": ""
      },
      {
        "lineNumber": 5,
        "author": {
          "gitId": "Jeffry Lum"
        },
        "content": "public class Duke {"
      },
      {
        "lineNumber": 6,
        "author": {
          "gitId": "Liu Guangyuan (Gary)"
        },
        "content": "    private static final String logo \u003d \" ____        _        \\n\""
      },
      {
        "lineNumber": 7,
        "author": {
          "gitId": "Jeffry Lum"
        },
        "content": "        + \"|  _ \\\\ _   _| | _____ \\n\""
      },
      {
        "lineNumber": 8,
        "author": {
          "gitId": "Jeffry Lum"
        },
        "content": "        + \"| | | | | | | |/ / _ \\\\\\n\""
      },
      {
        "lineNumber": 9,
        "author": {
          "gitId": "Jeffry Lum"
        },
        "content": "        + \"| |_| | |_| |   \u003c  __/\\n\""
      },
      {
        "lineNumber": 10,
        "author": {
          "gitId": "Jeffry Lum"
        },
        "content": "        + \"|____/ \\\\__,_|_|\\\\_\\\\___|\\n\";"
      },
      {
        "lineNumber": 11,
        "author": {
          "gitId": "Liu Guangyuan (Gary)"
        },
        "content": "    private static final String separator \u003d \"-\".repeat(60);"
      },
      {
        "lineNumber": 12,
        "author": {
          "gitId": "Liu Guangyuan (Gary)"
        },
        "content": "    private static TaskList taskList \u003d new TaskList();"
      },
      {
        "lineNumber": 13,
        "author": {
          "gitId": "Liu Guangyuan (Gary)"
        },
        "content": ""
      },
      {
        "lineNumber": 14,
        "author": {
          "gitId": "Liu Guangyuan (Gary)"
        },
        "content": "    private static void echo(final String message) {"
      },
      {
        "lineNumber": 15,
        "author": {
          "gitId": "Liu Guangyuan (Gary)"
        },
        "content": "        System.out.println(separator);"
      },
      {
        "lineNumber": 16,
        "author": {
          "gitId": "Liu Guangyuan (Gary)"
        },
        "content": "        System.out.println(message.stripTrailing());"
      },
      {
        "lineNumber": 17,
        "author": {
          "gitId": "Liu Guangyuan (Gary)"
        },
        "content": "        System.out.println(separator);"
      },
      {
        "lineNumber": 18,
        "author": {
          "gitId": "Liu Guangyuan (Gary)"
        },
        "content": "        System.out.println();"
      },
      {
        "lineNumber": 19,
        "author": {
          "gitId": "Liu Guangyuan (Gary)"
        },
        "content": "    }"
      },
      {
        "lineNumber": 20,
        "author": {
          "gitId": "Liu Guangyuan (Gary)"
        },
        "content": ""
      },
      {
        "lineNumber": 21,
        "author": {
          "gitId": "Liu Guangyuan (Gary)"
        },
        "content": "    private static void handleList() {"
      },
      {
        "lineNumber": 22,
        "author": {
          "gitId": "Liu Guangyuan (Gary)"
        },
        "content": "        echo(\"Here are the tasks in your list:\\n\" + taskList.toString());"
      },
      {
        "lineNumber": 23,
        "author": {
          "gitId": "Liu Guangyuan (Gary)"
        },
        "content": "    }"
      },
      {
        "lineNumber": 24,
        "author": {
          "gitId": "Liu Guangyuan (Gary)"
        },
        "content": ""
      },
      {
        "lineNumber": 25,
        "author": {
          "gitId": "Liu Guangyuan (Gary)"
        },
        "content": "    private static void handleAddTask(final Task task) throws DukeException {"
      },
      {
        "lineNumber": 26,
        "author": {
          "gitId": "Liu Guangyuan (Gary)"
        },
        "content": "        if (taskList.addTask(task)) {"
      },
      {
        "lineNumber": 27,
        "author": {
          "gitId": "Liu Guangyuan (Gary)"
        },
        "content": "            echo(\"Got it. I\u0027ve added this task:\\n\""
      },
      {
        "lineNumber": 28,
        "author": {
          "gitId": "Liu Guangyuan (Gary)"
        },
        "content": "                + \"  \" + task.toString() + \"\\n\""
      },
      {
        "lineNumber": 29,
        "author": {
          "gitId": "Liu Guangyuan (Gary)"
        },
        "content": "                + \"Now you have \" + taskList.size() + \" tasks in the list\");"
      },
      {
        "lineNumber": 30,
        "author": {
          "gitId": "Liu Guangyuan (Gary)"
        },
        "content": "        } else {"
      },
      {
        "lineNumber": 31,
        "author": {
          "gitId": "Liu Guangyuan (Gary)"
        },
        "content": "            throw new DukeException(\"Error: Failed to add task\");"
      },
      {
        "lineNumber": 32,
        "author": {
          "gitId": "Liu Guangyuan (Gary)"
        },
        "content": "        }"
      },
      {
        "lineNumber": 33,
        "author": {
          "gitId": "Liu Guangyuan (Gary)"
        },
        "content": "    }"
      },
      {
        "lineNumber": 34,
        "author": {
          "gitId": "Liu Guangyuan (Gary)"
        },
        "content": ""
      },
      {
        "lineNumber": 35,
        "author": {
          "gitId": "Liu Guangyuan (Gary)"
        },
        "content": "    private static void handleTodo(final String arguments) throws DukeException {"
      },
      {
        "lineNumber": 36,
        "author": {
          "gitId": "Liu Guangyuan (Gary)"
        },
        "content": "        if (arguments.isBlank()) {"
      },
      {
        "lineNumber": 37,
        "author": {
          "gitId": "Liu Guangyuan (Gary)"
        },
        "content": "            throw new DukeException(\"Error: The description of a task cannot \""
      },
      {
        "lineNumber": 38,
        "author": {
          "gitId": "Liu Guangyuan (Gary)"
        },
        "content": "                + \"be empty\");"
      },
      {
        "lineNumber": 39,
        "author": {
          "gitId": "Liu Guangyuan (Gary)"
        },
        "content": "        }"
      },
      {
        "lineNumber": 40,
        "author": {
          "gitId": "Liu Guangyuan (Gary)"
        },
        "content": "        handleAddTask(new Todo(arguments));"
      },
      {
        "lineNumber": 41,
        "author": {
          "gitId": "Liu Guangyuan (Gary)"
        },
        "content": "    }"
      },
      {
        "lineNumber": 42,
        "author": {
          "gitId": "Liu Guangyuan (Gary)"
        },
        "content": ""
      },
      {
        "lineNumber": 43,
        "author": {
          "gitId": "Liu Guangyuan (Gary)"
        },
        "content": "    private static void handleDeadline(final String arguments) throws DukeException {"
      },
      {
        "lineNumber": 44,
        "author": {
          "gitId": "Liu Guangyuan (Gary)"
        },
        "content": "        String[] splitArgs \u003d arguments.split(\"\\\\s*/by\\\\s*\", 2);"
      },
      {
        "lineNumber": 45,
        "author": {
          "gitId": "Liu Guangyuan (Gary)"
        },
        "content": "        if (splitArgs[0].isBlank()) {"
      },
      {
        "lineNumber": 46,
        "author": {
          "gitId": "Liu Guangyuan (Gary)"
        },
        "content": "            throw new DukeException(\"Error: The description of a task cannot \""
      },
      {
        "lineNumber": 47,
        "author": {
          "gitId": "Liu Guangyuan (Gary)"
        },
        "content": "                + \"be empty\");"
      },
      {
        "lineNumber": 48,
        "author": {
          "gitId": "Liu Guangyuan (Gary)"
        },
        "content": "        } else if (splitArgs.length \u003d\u003d 1) {"
      },
      {
        "lineNumber": 49,
        "author": {
          "gitId": "Liu Guangyuan (Gary)"
        },
        "content": "            throw new DukeException(\"Error: Deadline cannot be empty\");"
      },
      {
        "lineNumber": 50,
        "author": {
          "gitId": "Liu Guangyuan (Gary)"
        },
        "content": "        }"
      },
      {
        "lineNumber": 51,
        "author": {
          "gitId": "Liu Guangyuan (Gary)"
        },
        "content": "        Deadline deadline \u003d new Deadline(splitArgs[0], splitArgs[1]);"
      },
      {
        "lineNumber": 52,
        "author": {
          "gitId": "Liu Guangyuan (Gary)"
        },
        "content": "        handleAddTask(deadline);"
      },
      {
        "lineNumber": 53,
        "author": {
          "gitId": "Liu Guangyuan (Gary)"
        },
        "content": "    }"
      },
      {
        "lineNumber": 54,
        "author": {
          "gitId": "Liu Guangyuan (Gary)"
        },
        "content": ""
      },
      {
        "lineNumber": 55,
        "author": {
          "gitId": "Liu Guangyuan (Gary)"
        },
        "content": "    private static void handleEvent(final String arguments) throws DukeException {"
      },
      {
        "lineNumber": 56,
        "author": {
          "gitId": "Liu Guangyuan (Gary)"
        },
        "content": "        String[] splitArgs \u003d arguments.split(\"\\\\s*/at\\\\s*\", 2);"
      },
      {
        "lineNumber": 57,
        "author": {
          "gitId": "Liu Guangyuan (Gary)"
        },
        "content": "        if (splitArgs[0].isBlank()) {"
      },
      {
        "lineNumber": 58,
        "author": {
          "gitId": "Liu Guangyuan (Gary)"
        },
        "content": "            throw new DukeException(\"Error: The description of a task cannot \""
      },
      {
        "lineNumber": 59,
        "author": {
          "gitId": "Liu Guangyuan (Gary)"
        },
        "content": "                + \"be empty\");"
      },
      {
        "lineNumber": 60,
        "author": {
          "gitId": "Liu Guangyuan (Gary)"
        },
        "content": "        } else if (splitArgs.length \u003d\u003d 1) {"
      },
      {
        "lineNumber": 61,
        "author": {
          "gitId": "Liu Guangyuan (Gary)"
        },
        "content": "            throw new DukeException(\"Error: Event time cannot be empty\");"
      },
      {
        "lineNumber": 62,
        "author": {
          "gitId": "Liu Guangyuan (Gary)"
        },
        "content": "        }"
      },
      {
        "lineNumber": 63,
        "author": {
          "gitId": "Liu Guangyuan (Gary)"
        },
        "content": "        Event event \u003d new Event(splitArgs[0], splitArgs[1]);"
      },
      {
        "lineNumber": 64,
        "author": {
          "gitId": "Liu Guangyuan (Gary)"
        },
        "content": "        handleAddTask(event);"
      },
      {
        "lineNumber": 65,
        "author": {
          "gitId": "Liu Guangyuan (Gary)"
        },
        "content": "    }"
      },
      {
        "lineNumber": 66,
        "author": {
          "gitId": "Liu Guangyuan (Gary)"
        },
        "content": ""
      },
      {
        "lineNumber": 67,
        "author": {
          "gitId": "Liu Guangyuan (Gary)"
        },
        "content": "    private static void handleDone(final String arguments) throws DukeException {"
      },
      {
        "lineNumber": 68,
        "author": {
          "gitId": "Liu Guangyuan (Gary)"
        },
        "content": "        try {"
      },
      {
        "lineNumber": 69,
        "author": {
          "gitId": "Liu Guangyuan (Gary)"
        },
        "content": "            int taskNumber \u003d Integer.parseInt(arguments) - 1;"
      },
      {
        "lineNumber": 70,
        "author": {
          "gitId": "Liu Guangyuan (Gary)"
        },
        "content": "            Task task \u003d taskList.getTask(taskNumber);"
      },
      {
        "lineNumber": 71,
        "author": {
          "gitId": "Liu Guangyuan (Gary)"
        },
        "content": "            task.markAsDone();"
      },
      {
        "lineNumber": 72,
        "author": {
          "gitId": "Liu Guangyuan (Gary)"
        },
        "content": "            echo(\"Nice! I\u0027ve marked this task as done:\\n  \" + task);"
      },
      {
        "lineNumber": 73,
        "author": {
          "gitId": "Liu Guangyuan (Gary)"
        },
        "content": "        } catch (NumberFormatException e) {"
      },
      {
        "lineNumber": 74,
        "author": {
          "gitId": "Liu Guangyuan (Gary)"
        },
        "content": "            throw new DukeException(\"Error: Invalid task number format\");"
      },
      {
        "lineNumber": 75,
        "author": {
          "gitId": "Liu Guangyuan (Gary)"
        },
        "content": "        } catch (IndexOutOfBoundsException e) {"
      },
      {
        "lineNumber": 76,
        "author": {
          "gitId": "Liu Guangyuan (Gary)"
        },
        "content": "            throw new DukeException(\"Error: Task does not exist\");"
      },
      {
        "lineNumber": 77,
        "author": {
          "gitId": "Liu Guangyuan (Gary)"
        },
        "content": "        }"
      },
      {
        "lineNumber": 78,
        "author": {
          "gitId": "Liu Guangyuan (Gary)"
        },
        "content": "    }"
      },
      {
        "lineNumber": 79,
        "author": {
          "gitId": "Liu Guangyuan (Gary)"
        },
        "content": ""
      },
      {
        "lineNumber": 80,
        "author": {
          "gitId": "Liu Guangyuan (Gary)"
        },
        "content": "    private static void handleDelete(final String arguments) throws DukeException {"
      },
      {
        "lineNumber": 81,
        "author": {
          "gitId": "Liu Guangyuan (Gary)"
        },
        "content": "        try {"
      },
      {
        "lineNumber": 82,
        "author": {
          "gitId": "Liu Guangyuan (Gary)"
        },
        "content": "            int taskNumber \u003d Integer.parseInt(arguments) - 1;"
      },
      {
        "lineNumber": 83,
        "author": {
          "gitId": "Liu Guangyuan (Gary)"
        },
        "content": "            Task task \u003d taskList.deleteTask(taskNumber);"
      },
      {
        "lineNumber": 84,
        "author": {
          "gitId": "Liu Guangyuan (Gary)"
        },
        "content": "            echo(\"Noted. I\u0027ve removed this task:\\n  \""
      },
      {
        "lineNumber": 85,
        "author": {
          "gitId": "Liu Guangyuan (Gary)"
        },
        "content": "                + task + \"\\n\""
      },
      {
        "lineNumber": 86,
        "author": {
          "gitId": "Liu Guangyuan (Gary)"
        },
        "content": "                + \"Now you have \" + taskList.size() + \" tasks in the list\");"
      },
      {
        "lineNumber": 87,
        "author": {
          "gitId": "Liu Guangyuan (Gary)"
        },
        "content": "        } catch (NumberFormatException e) {"
      },
      {
        "lineNumber": 88,
        "author": {
          "gitId": "Liu Guangyuan (Gary)"
        },
        "content": "            throw new DukeException(\"Error: Invalid task number format\");"
      },
      {
        "lineNumber": 89,
        "author": {
          "gitId": "Liu Guangyuan (Gary)"
        },
        "content": "        } catch (IndexOutOfBoundsException e) {"
      },
      {
        "lineNumber": 90,
        "author": {
          "gitId": "Liu Guangyuan (Gary)"
        },
        "content": "            throw new DukeException(\"Error: Task does not exist\");"
      },
      {
        "lineNumber": 91,
        "author": {
          "gitId": "Liu Guangyuan (Gary)"
        },
        "content": "        }"
      },
      {
        "lineNumber": 92,
        "author": {
          "gitId": "Liu Guangyuan (Gary)"
        },
        "content": "    }"
      },
      {
        "lineNumber": 93,
        "author": {
          "gitId": "Liu Guangyuan (Gary)"
        },
        "content": ""
      },
      {
        "lineNumber": 94,
        "author": {
          "gitId": "Liu Guangyuan (Gary)"
        },
        "content": "    public static void main(String[] args) {"
      },
      {
        "lineNumber": 95,
        "author": {
          "gitId": "Liu Guangyuan (Gary)"
        },
        "content": "        echo(\"Hello from\\n\" + logo + \"What can I do for you?\");"
      },
      {
        "lineNumber": 96,
        "author": {
          "gitId": "Liu Guangyuan (Gary)"
        },
        "content": ""
      },
      {
        "lineNumber": 97,
        "author": {
          "gitId": "Liu Guangyuan (Gary)"
        },
        "content": "        Scanner scanner \u003d new Scanner(System.in);"
      },
      {
        "lineNumber": 98,
        "author": {
          "gitId": "Liu Guangyuan (Gary)"
        },
        "content": ""
      },
      {
        "lineNumber": 99,
        "author": {
          "gitId": "Liu Guangyuan (Gary)"
        },
        "content": "        while (scanner.hasNextLine()) {"
      },
      {
        "lineNumber": 100,
        "author": {
          "gitId": "Liu Guangyuan (Gary)"
        },
        "content": "            String input \u003d scanner.nextLine().trim();"
      },
      {
        "lineNumber": 101,
        "author": {
          "gitId": "Liu Guangyuan (Gary)"
        },
        "content": "            // split has either 1 or 2 elements"
      },
      {
        "lineNumber": 102,
        "author": {
          "gitId": "Liu Guangyuan (Gary)"
        },
        "content": "            String[] split \u003d input.split(\"\\\\s+\", 2);"
      },
      {
        "lineNumber": 103,
        "author": {
          "gitId": "Liu Guangyuan (Gary)"
        },
        "content": "            String command \u003d split[0].toLowerCase();"
      },
      {
        "lineNumber": 104,
        "author": {
          "gitId": "Liu Guangyuan (Gary)"
        },
        "content": "            // If split.length \u003d\u003d 1, there are no arguments"
      },
      {
        "lineNumber": 105,
        "author": {
          "gitId": "Liu Guangyuan (Gary)"
        },
        "content": "            String arguments \u003d (split.length \u003d\u003d 1) ? \"\" : split[1];"
      },
      {
        "lineNumber": 106,
        "author": {
          "gitId": "Liu Guangyuan (Gary)"
        },
        "content": "            try {"
      },
      {
        "lineNumber": 107,
        "author": {
          "gitId": "Liu Guangyuan (Gary)"
        },
        "content": "                switch (command) {"
      },
      {
        "lineNumber": 108,
        "author": {
          "gitId": "Liu Guangyuan (Gary)"
        },
        "content": "                    case \"list\":"
      },
      {
        "lineNumber": 109,
        "author": {
          "gitId": "Liu Guangyuan (Gary)"
        },
        "content": "                        handleList();"
      },
      {
        "lineNumber": 110,
        "author": {
          "gitId": "Liu Guangyuan (Gary)"
        },
        "content": "                        break;"
      },
      {
        "lineNumber": 111,
        "author": {
          "gitId": "Liu Guangyuan (Gary)"
        },
        "content": "                    case \"bye\":"
      },
      {
        "lineNumber": 112,
        "author": {
          "gitId": "Liu Guangyuan (Gary)"
        },
        "content": "                        echo(\"Bye. Hope to see you again soon!\");"
      },
      {
        "lineNumber": 113,
        "author": {
          "gitId": "Liu Guangyuan (Gary)"
        },
        "content": "                        return;"
      },
      {
        "lineNumber": 114,
        "author": {
          "gitId": "Liu Guangyuan (Gary)"
        },
        "content": "                    case \"todo\":"
      },
      {
        "lineNumber": 115,
        "author": {
          "gitId": "Liu Guangyuan (Gary)"
        },
        "content": "                        handleTodo(arguments);"
      },
      {
        "lineNumber": 116,
        "author": {
          "gitId": "Liu Guangyuan (Gary)"
        },
        "content": "                        break;"
      },
      {
        "lineNumber": 117,
        "author": {
          "gitId": "Liu Guangyuan (Gary)"
        },
        "content": "                    case \"deadline\":"
      },
      {
        "lineNumber": 118,
        "author": {
          "gitId": "Liu Guangyuan (Gary)"
        },
        "content": "                        handleDeadline(arguments);"
      },
      {
        "lineNumber": 119,
        "author": {
          "gitId": "Liu Guangyuan (Gary)"
        },
        "content": "                        break;"
      },
      {
        "lineNumber": 120,
        "author": {
          "gitId": "Liu Guangyuan (Gary)"
        },
        "content": "                    case \"event\":"
      },
      {
        "lineNumber": 121,
        "author": {
          "gitId": "Liu Guangyuan (Gary)"
        },
        "content": "                        handleEvent(arguments);"
      },
      {
        "lineNumber": 122,
        "author": {
          "gitId": "Liu Guangyuan (Gary)"
        },
        "content": "                        break;"
      },
      {
        "lineNumber": 123,
        "author": {
          "gitId": "Liu Guangyuan (Gary)"
        },
        "content": "                    case \"done\":"
      },
      {
        "lineNumber": 124,
        "author": {
          "gitId": "Liu Guangyuan (Gary)"
        },
        "content": "                        handleDone(arguments);"
      },
      {
        "lineNumber": 125,
        "author": {
          "gitId": "Liu Guangyuan (Gary)"
        },
        "content": "                        break;"
      },
      {
        "lineNumber": 126,
        "author": {
          "gitId": "Liu Guangyuan (Gary)"
        },
        "content": "                    case \"delete\":"
      },
      {
        "lineNumber": 127,
        "author": {
          "gitId": "Liu Guangyuan (Gary)"
        },
        "content": "                        handleDelete(arguments);"
      },
      {
        "lineNumber": 128,
        "author": {
          "gitId": "Liu Guangyuan (Gary)"
        },
        "content": "                        break;"
      },
      {
        "lineNumber": 129,
        "author": {
          "gitId": "Liu Guangyuan (Gary)"
        },
        "content": "                    default:"
      },
      {
        "lineNumber": 130,
        "author": {
          "gitId": "Liu Guangyuan (Gary)"
        },
        "content": "                        throw new DukeException(\"Error: Unrecognised command\");"
      },
      {
        "lineNumber": 131,
        "author": {
          "gitId": "Liu Guangyuan (Gary)"
        },
        "content": "                }"
      },
      {
        "lineNumber": 132,
        "author": {
          "gitId": "Liu Guangyuan (Gary)"
        },
        "content": "            } catch (DukeException e) {"
      },
      {
        "lineNumber": 133,
        "author": {
          "gitId": "Liu Guangyuan (Gary)"
        },
        "content": "                echo(e.getMessage());"
      },
      {
        "lineNumber": 134,
        "author": {
          "gitId": "Liu Guangyuan (Gary)"
        },
        "content": "            }"
      },
      {
        "lineNumber": 135,
        "author": {
          "gitId": "Liu Guangyuan (Gary)"
        },
        "content": "        }"
      },
      {
        "lineNumber": 136,
        "author": {
          "gitId": "Jeffry Lum"
        },
        "content": "    }"
      },
      {
        "lineNumber": 137,
        "author": {
          "gitId": "Jeffry Lum"
        },
        "content": "}"
      }
    ],
    "authorContributionMap": {
      "Liu Guangyuan (Gary)": 130,
      "Jeffry Lum": 7
    }
  },
  {
    "path": "src/main/java/duke/DukeException.java",
    "fileType": "java",
    "lines": [
      {
        "lineNumber": 1,
        "author": {
          "gitId": "Liu Guangyuan (Gary)"
        },
        "content": "package duke;"
      },
      {
        "lineNumber": 2,
        "author": {
          "gitId": "Liu Guangyuan (Gary)"
        },
        "content": ""
      },
      {
        "lineNumber": 3,
        "author": {
          "gitId": "Liu Guangyuan (Gary)"
        },
        "content": "class DukeException extends Exception {"
      },
      {
        "lineNumber": 4,
        "author": {
          "gitId": "Liu Guangyuan (Gary)"
        },
        "content": "    DukeException(final String message) {"
      },
      {
        "lineNumber": 5,
        "author": {
          "gitId": "Liu Guangyuan (Gary)"
        },
        "content": "        super(message);"
      },
      {
        "lineNumber": 6,
        "author": {
          "gitId": "Liu Guangyuan (Gary)"
        },
        "content": "    }"
      },
      {
        "lineNumber": 7,
        "author": {
          "gitId": "Liu Guangyuan (Gary)"
        },
        "content": "}"
      }
    ],
    "authorContributionMap": {
      "Liu Guangyuan (Gary)": 7
    }
  },
  {
    "path": "src/main/java/duke/Event.java",
    "fileType": "java",
    "lines": [
      {
        "lineNumber": 1,
        "author": {
          "gitId": "Liu Guangyuan (Gary)"
        },
        "content": "package duke;"
      },
      {
        "lineNumber": 2,
        "author": {
          "gitId": "Liu Guangyuan (Gary)"
        },
        "content": ""
      },
      {
        "lineNumber": 3,
        "author": {
          "gitId": "Liu Guangyuan (Gary)"
        },
        "content": "class Event extends Task {"
      },
      {
        "lineNumber": 4,
        "author": {
          "gitId": "Liu Guangyuan (Gary)"
        },
        "content": "    private String at;"
      },
      {
        "lineNumber": 5,
        "author": {
          "gitId": "Liu Guangyuan (Gary)"
        },
        "content": ""
      },
      {
        "lineNumber": 6,
        "author": {
          "gitId": "Liu Guangyuan (Gary)"
        },
        "content": "    Event(final String description, final String at) {"
      },
      {
        "lineNumber": 7,
        "author": {
          "gitId": "Liu Guangyuan (Gary)"
        },
        "content": "        super(description);"
      },
      {
        "lineNumber": 8,
        "author": {
          "gitId": "Liu Guangyuan (Gary)"
        },
        "content": "        this.at \u003d at;"
      },
      {
        "lineNumber": 9,
        "author": {
          "gitId": "Liu Guangyuan (Gary)"
        },
        "content": "    }"
      },
      {
        "lineNumber": 10,
        "author": {
          "gitId": "Liu Guangyuan (Gary)"
        },
        "content": ""
      },
      {
        "lineNumber": 11,
        "author": {
          "gitId": "Liu Guangyuan (Gary)"
        },
        "content": "    @Override"
      },
      {
        "lineNumber": 12,
        "author": {
          "gitId": "Liu Guangyuan (Gary)"
        },
        "content": "    public String toString() {"
      },
      {
        "lineNumber": 13,
        "author": {
          "gitId": "Liu Guangyuan (Gary)"
        },
        "content": "        return \"[E]\" + super.toString() + \" (at: \" + this.at + \")\";"
      },
      {
        "lineNumber": 14,
        "author": {
          "gitId": "Liu Guangyuan (Gary)"
        },
        "content": "    }"
      },
      {
        "lineNumber": 15,
        "author": {
          "gitId": "Liu Guangyuan (Gary)"
        },
        "content": "}"
      }
    ],
    "authorContributionMap": {
      "Liu Guangyuan (Gary)": 15
    }
  },
  {
    "path": "src/main/java/duke/Task.java",
    "fileType": "java",
    "lines": [
      {
        "lineNumber": 1,
        "author": {
          "gitId": "Liu Guangyuan (Gary)"
        },
        "content": "package duke;"
      },
      {
        "lineNumber": 2,
        "author": {
          "gitId": "Liu Guangyuan (Gary)"
        },
        "content": ""
      },
      {
        "lineNumber": 3,
        "author": {
          "gitId": "Liu Guangyuan (Gary)"
        },
        "content": "abstract class Task {"
      },
      {
        "lineNumber": 4,
        "author": {
          "gitId": "Liu Guangyuan (Gary)"
        },
        "content": "    private String description;"
      },
      {
        "lineNumber": 5,
        "author": {
          "gitId": "Liu Guangyuan (Gary)"
        },
        "content": "    private boolean isDone;"
      },
      {
        "lineNumber": 6,
        "author": {
          "gitId": "Liu Guangyuan (Gary)"
        },
        "content": ""
      },
      {
        "lineNumber": 7,
        "author": {
          "gitId": "Liu Guangyuan (Gary)"
        },
        "content": "    Task(final String description) {"
      },
      {
        "lineNumber": 8,
        "author": {
          "gitId": "Liu Guangyuan (Gary)"
        },
        "content": "        this.description \u003d description;"
      },
      {
        "lineNumber": 9,
        "author": {
          "gitId": "Liu Guangyuan (Gary)"
        },
        "content": "        this.isDone \u003d false;"
      },
      {
        "lineNumber": 10,
        "author": {
          "gitId": "Liu Guangyuan (Gary)"
        },
        "content": "    }"
      },
      {
        "lineNumber": 11,
        "author": {
          "gitId": "Liu Guangyuan (Gary)"
        },
        "content": ""
      },
      {
        "lineNumber": 12,
        "author": {
          "gitId": "Liu Guangyuan (Gary)"
        },
        "content": "    private String getStatusIcon() {"
      },
      {
        "lineNumber": 13,
        "author": {
          "gitId": "Liu Guangyuan (Gary)"
        },
        "content": "        return (isDone ? \"\\u2713\" : \"\\u2718\"); //return tick or cross symbols"
      },
      {
        "lineNumber": 14,
        "author": {
          "gitId": "Liu Guangyuan (Gary)"
        },
        "content": "    }"
      },
      {
        "lineNumber": 15,
        "author": {
          "gitId": "Liu Guangyuan (Gary)"
        },
        "content": ""
      },
      {
        "lineNumber": 16,
        "author": {
          "gitId": "Liu Guangyuan (Gary)"
        },
        "content": "    void markAsDone() {"
      },
      {
        "lineNumber": 17,
        "author": {
          "gitId": "Liu Guangyuan (Gary)"
        },
        "content": "        this.isDone \u003d true;"
      },
      {
        "lineNumber": 18,
        "author": {
          "gitId": "Liu Guangyuan (Gary)"
        },
        "content": "    }"
      },
      {
        "lineNumber": 19,
        "author": {
          "gitId": "Liu Guangyuan (Gary)"
        },
        "content": ""
      },
      {
        "lineNumber": 20,
        "author": {
          "gitId": "Liu Guangyuan (Gary)"
        },
        "content": "    @Override"
      },
      {
        "lineNumber": 21,
        "author": {
          "gitId": "Liu Guangyuan (Gary)"
        },
        "content": "    public String toString() {"
      },
      {
        "lineNumber": 22,
        "author": {
          "gitId": "Liu Guangyuan (Gary)"
        },
        "content": "        return \"[\" + getStatusIcon() + \"] \" + this.description;"
      },
      {
        "lineNumber": 23,
        "author": {
          "gitId": "Liu Guangyuan (Gary)"
        },
        "content": "    }"
      },
      {
        "lineNumber": 24,
        "author": {
          "gitId": "Liu Guangyuan (Gary)"
        },
        "content": "}"
      }
    ],
    "authorContributionMap": {
      "Liu Guangyuan (Gary)": 24
    }
  },
  {
    "path": "src/main/java/duke/TaskList.java",
    "fileType": "java",
    "lines": [
      {
        "lineNumber": 1,
        "author": {
          "gitId": "Liu Guangyuan (Gary)"
        },
        "content": "package duke;"
      },
      {
        "lineNumber": 2,
        "author": {
          "gitId": "Liu Guangyuan (Gary)"
        },
        "content": ""
      },
      {
        "lineNumber": 3,
        "author": {
          "gitId": "Liu Guangyuan (Gary)"
        },
        "content": "import java.util.ArrayList;"
      },
      {
        "lineNumber": 4,
        "author": {
          "gitId": "Liu Guangyuan (Gary)"
        },
        "content": ""
      },
      {
        "lineNumber": 5,
        "author": {
          "gitId": "Liu Guangyuan (Gary)"
        },
        "content": "class TaskList {"
      },
      {
        "lineNumber": 6,
        "author": {
          "gitId": "Liu Guangyuan (Gary)"
        },
        "content": "    private ArrayList\u003cTask\u003e tasks;"
      },
      {
        "lineNumber": 7,
        "author": {
          "gitId": "Liu Guangyuan (Gary)"
        },
        "content": ""
      },
      {
        "lineNumber": 8,
        "author": {
          "gitId": "Liu Guangyuan (Gary)"
        },
        "content": "    TaskList() {"
      },
      {
        "lineNumber": 9,
        "author": {
          "gitId": "Liu Guangyuan (Gary)"
        },
        "content": "        this.tasks \u003d new ArrayList\u003c\u003e();"
      },
      {
        "lineNumber": 10,
        "author": {
          "gitId": "Liu Guangyuan (Gary)"
        },
        "content": "    }"
      },
      {
        "lineNumber": 11,
        "author": {
          "gitId": "Liu Guangyuan (Gary)"
        },
        "content": ""
      },
      {
        "lineNumber": 12,
        "author": {
          "gitId": "Liu Guangyuan (Gary)"
        },
        "content": "    boolean addTask(final Task task) {"
      },
      {
        "lineNumber": 13,
        "author": {
          "gitId": "Liu Guangyuan (Gary)"
        },
        "content": "        return tasks.add(task);"
      },
      {
        "lineNumber": 14,
        "author": {
          "gitId": "Liu Guangyuan (Gary)"
        },
        "content": "    }"
      },
      {
        "lineNumber": 15,
        "author": {
          "gitId": "Liu Guangyuan (Gary)"
        },
        "content": ""
      },
      {
        "lineNumber": 16,
        "author": {
          "gitId": "Liu Guangyuan (Gary)"
        },
        "content": "    Task getTask(final int index) {"
      },
      {
        "lineNumber": 17,
        "author": {
          "gitId": "Liu Guangyuan (Gary)"
        },
        "content": "        return tasks.get(index);"
      },
      {
        "lineNumber": 18,
        "author": {
          "gitId": "Liu Guangyuan (Gary)"
        },
        "content": "    }"
      },
      {
        "lineNumber": 19,
        "author": {
          "gitId": "Liu Guangyuan (Gary)"
        },
        "content": ""
      },
      {
        "lineNumber": 20,
        "author": {
          "gitId": "Liu Guangyuan (Gary)"
        },
        "content": "    Task deleteTask(final int index) {"
      },
      {
        "lineNumber": 21,
        "author": {
          "gitId": "Liu Guangyuan (Gary)"
        },
        "content": "        Task task \u003d getTask(index);"
      },
      {
        "lineNumber": 22,
        "author": {
          "gitId": "Liu Guangyuan (Gary)"
        },
        "content": "        tasks.remove(index);"
      },
      {
        "lineNumber": 23,
        "author": {
          "gitId": "Liu Guangyuan (Gary)"
        },
        "content": "        return task;"
      },
      {
        "lineNumber": 24,
        "author": {
          "gitId": "Liu Guangyuan (Gary)"
        },
        "content": "    }"
      },
      {
        "lineNumber": 25,
        "author": {
          "gitId": "Liu Guangyuan (Gary)"
        },
        "content": ""
      },
      {
        "lineNumber": 26,
        "author": {
          "gitId": "Liu Guangyuan (Gary)"
        },
        "content": "    int size() {"
      },
      {
        "lineNumber": 27,
        "author": {
          "gitId": "Liu Guangyuan (Gary)"
        },
        "content": "        return tasks.size();"
      },
      {
        "lineNumber": 28,
        "author": {
          "gitId": "Liu Guangyuan (Gary)"
        },
        "content": "    }"
      },
      {
        "lineNumber": 29,
        "author": {
          "gitId": "Liu Guangyuan (Gary)"
        },
        "content": ""
      },
      {
        "lineNumber": 30,
        "author": {
          "gitId": "Liu Guangyuan (Gary)"
        },
        "content": "    @Override"
      },
      {
        "lineNumber": 31,
        "author": {
          "gitId": "Liu Guangyuan (Gary)"
        },
        "content": "    public String toString() {"
      },
      {
        "lineNumber": 32,
        "author": {
          "gitId": "Liu Guangyuan (Gary)"
        },
        "content": "        StringBuilder ret \u003d new StringBuilder();"
      },
      {
        "lineNumber": 33,
        "author": {
          "gitId": "Liu Guangyuan (Gary)"
        },
        "content": "        for (int i \u003d 0; i \u003c tasks.size(); ++i) {"
      },
      {
        "lineNumber": 34,
        "author": {
          "gitId": "Liu Guangyuan (Gary)"
        },
        "content": "            ret.append(i + 1)"
      },
      {
        "lineNumber": 35,
        "author": {
          "gitId": "Liu Guangyuan (Gary)"
        },
        "content": "                .append(\".\")"
      },
      {
        "lineNumber": 36,
        "author": {
          "gitId": "Liu Guangyuan (Gary)"
        },
        "content": "                .append(tasks.get(i).toString())"
      },
      {
        "lineNumber": 37,
        "author": {
          "gitId": "Liu Guangyuan (Gary)"
        },
        "content": "                .append(\"\\n\");"
      },
      {
        "lineNumber": 38,
        "author": {
          "gitId": "Liu Guangyuan (Gary)"
        },
        "content": "        }"
      },
      {
        "lineNumber": 39,
        "author": {
          "gitId": "Liu Guangyuan (Gary)"
        },
        "content": "        return ret.toString();"
      },
      {
        "lineNumber": 40,
        "author": {
          "gitId": "Liu Guangyuan (Gary)"
        },
        "content": "    }"
      },
      {
        "lineNumber": 41,
        "author": {
          "gitId": "Liu Guangyuan (Gary)"
        },
        "content": "}"
      }
    ],
    "authorContributionMap": {
      "Liu Guangyuan (Gary)": 41
    }
  },
  {
    "path": "src/main/java/duke/Todo.java",
    "fileType": "java",
    "lines": [
      {
        "lineNumber": 1,
        "author": {
          "gitId": "Liu Guangyuan (Gary)"
        },
        "content": "package duke;"
      },
      {
        "lineNumber": 2,
        "author": {
          "gitId": "Liu Guangyuan (Gary)"
        },
        "content": ""
      },
      {
        "lineNumber": 3,
        "author": {
          "gitId": "Liu Guangyuan (Gary)"
        },
        "content": "class Todo extends Task {"
      },
      {
        "lineNumber": 4,
        "author": {
          "gitId": "Liu Guangyuan (Gary)"
        },
        "content": "    Todo(final String description) {"
      },
      {
        "lineNumber": 5,
        "author": {
          "gitId": "Liu Guangyuan (Gary)"
        },
        "content": "        super(description);"
      },
      {
        "lineNumber": 6,
        "author": {
          "gitId": "Liu Guangyuan (Gary)"
        },
        "content": "    }"
      },
      {
        "lineNumber": 7,
        "author": {
          "gitId": "Liu Guangyuan (Gary)"
        },
        "content": ""
      },
      {
        "lineNumber": 8,
        "author": {
          "gitId": "Liu Guangyuan (Gary)"
        },
        "content": "    @Override"
      },
      {
        "lineNumber": 9,
        "author": {
          "gitId": "Liu Guangyuan (Gary)"
        },
        "content": "    public String toString() {"
      },
      {
        "lineNumber": 10,
        "author": {
          "gitId": "Liu Guangyuan (Gary)"
        },
        "content": "        return \"[T]\" + super.toString();"
      },
      {
        "lineNumber": 11,
        "author": {
          "gitId": "Liu Guangyuan (Gary)"
        },
        "content": "    }"
      },
      {
        "lineNumber": 12,
        "author": {
          "gitId": "Liu Guangyuan (Gary)"
        },
        "content": "}"
      }
    ],
    "authorContributionMap": {
      "Liu Guangyuan (Gary)": 12
    }
  },
  {
    "path": "text-ui-test/EXPECTED.txt",
    "fileType": "txt",
    "lines": [
      {
        "lineNumber": 1,
        "author": {
          "gitId": "Liu Guangyuan (Gary)"
        },
        "content": "------------------------------------------------------------"
      },
      {
        "lineNumber": 2,
        "author": {
          "gitId": "Liu Guangyuan (Gary)"
        },
        "content": "Hello from"
      },
      {
        "lineNumber": 3,
        "author": {
          "gitId": "Liu Guangyuan (Gary)"
        },
        "content": " ____        _        "
      },
      {
        "lineNumber": 4,
        "author": {
          "gitId": "Liu Guangyuan (Gary)"
        },
        "content": "|  _ \\ _   _| | _____ "
      },
      {
        "lineNumber": 5,
        "author": {
          "gitId": "Liu Guangyuan (Gary)"
        },
        "content": "| | | | | | | |/ / _ \\"
      },
      {
        "lineNumber": 6,
        "author": {
          "gitId": "Liu Guangyuan (Gary)"
        },
        "content": "| |_| | |_| |   \u003c  __/"
      },
      {
        "lineNumber": 7,
        "author": {
          "gitId": "Liu Guangyuan (Gary)"
        },
        "content": "|____/ \\__,_|_|\\_\\___|"
      },
      {
        "lineNumber": 8,
        "author": {
          "gitId": "Liu Guangyuan (Gary)"
        },
        "content": "What can I do for you?"
      },
      {
        "lineNumber": 9,
        "author": {
          "gitId": "Liu Guangyuan (Gary)"
        },
        "content": "------------------------------------------------------------"
      },
      {
        "lineNumber": 10,
        "author": {
          "gitId": "Liu Guangyuan (Gary)"
        },
        "content": ""
      },
      {
        "lineNumber": 11,
        "author": {
          "gitId": "Liu Guangyuan (Gary)"
        },
        "content": "------------------------------------------------------------"
      },
      {
        "lineNumber": 12,
        "author": {
          "gitId": "Liu Guangyuan (Gary)"
        },
        "content": "Got it. I\u0027ve added this task:"
      },
      {
        "lineNumber": 13,
        "author": {
          "gitId": "Liu Guangyuan (Gary)"
        },
        "content": "  [T][✘] borrow book"
      },
      {
        "lineNumber": 14,
        "author": {
          "gitId": "Liu Guangyuan (Gary)"
        },
        "content": "Now you have 1 tasks in the list"
      },
      {
        "lineNumber": 15,
        "author": {
          "gitId": "Liu Guangyuan (Gary)"
        },
        "content": "------------------------------------------------------------"
      },
      {
        "lineNumber": 16,
        "author": {
          "gitId": "Liu Guangyuan (Gary)"
        },
        "content": ""
      },
      {
        "lineNumber": 17,
        "author": {
          "gitId": "Liu Guangyuan (Gary)"
        },
        "content": "------------------------------------------------------------"
      },
      {
        "lineNumber": 18,
        "author": {
          "gitId": "Liu Guangyuan (Gary)"
        },
        "content": "Got it. I\u0027ve added this task:"
      },
      {
        "lineNumber": 19,
        "author": {
          "gitId": "Liu Guangyuan (Gary)"
        },
        "content": "  [D][✘] CS2103 assignment (by: Mon 6pm)"
      },
      {
        "lineNumber": 20,
        "author": {
          "gitId": "Liu Guangyuan (Gary)"
        },
        "content": "Now you have 2 tasks in the list"
      },
      {
        "lineNumber": 21,
        "author": {
          "gitId": "Liu Guangyuan (Gary)"
        },
        "content": "------------------------------------------------------------"
      },
      {
        "lineNumber": 22,
        "author": {
          "gitId": "Liu Guangyuan (Gary)"
        },
        "content": ""
      },
      {
        "lineNumber": 23,
        "author": {
          "gitId": "Liu Guangyuan (Gary)"
        },
        "content": "------------------------------------------------------------"
      },
      {
        "lineNumber": 24,
        "author": {
          "gitId": "Liu Guangyuan (Gary)"
        },
        "content": "Got it. I\u0027ve added this task:"
      },
      {
        "lineNumber": 25,
        "author": {
          "gitId": "Liu Guangyuan (Gary)"
        },
        "content": "  [E][✘] formal dinner (at: 4 Sep 17:00)"
      },
      {
        "lineNumber": 26,
        "author": {
          "gitId": "Liu Guangyuan (Gary)"
        },
        "content": "Now you have 3 tasks in the list"
      },
      {
        "lineNumber": 27,
        "author": {
          "gitId": "Liu Guangyuan (Gary)"
        },
        "content": "------------------------------------------------------------"
      },
      {
        "lineNumber": 28,
        "author": {
          "gitId": "Liu Guangyuan (Gary)"
        },
        "content": ""
      },
      {
        "lineNumber": 29,
        "author": {
          "gitId": "Liu Guangyuan (Gary)"
        },
        "content": "------------------------------------------------------------"
      },
      {
        "lineNumber": 30,
        "author": {
          "gitId": "Liu Guangyuan (Gary)"
        },
        "content": "Here are the tasks in your list:"
      },
      {
        "lineNumber": 31,
        "author": {
          "gitId": "Liu Guangyuan (Gary)"
        },
        "content": "1.[T][✘] borrow book"
      },
      {
        "lineNumber": 32,
        "author": {
          "gitId": "Liu Guangyuan (Gary)"
        },
        "content": "2.[D][✘] CS2103 assignment (by: Mon 6pm)"
      },
      {
        "lineNumber": 33,
        "author": {
          "gitId": "Liu Guangyuan (Gary)"
        },
        "content": "3.[E][✘] formal dinner (at: 4 Sep 17:00)"
      },
      {
        "lineNumber": 34,
        "author": {
          "gitId": "Liu Guangyuan (Gary)"
        },
        "content": "------------------------------------------------------------"
      },
      {
        "lineNumber": 35,
        "author": {
          "gitId": "Liu Guangyuan (Gary)"
        },
        "content": ""
      },
      {
        "lineNumber": 36,
        "author": {
          "gitId": "Liu Guangyuan (Gary)"
        },
        "content": "------------------------------------------------------------"
      },
      {
        "lineNumber": 37,
        "author": {
          "gitId": "Liu Guangyuan (Gary)"
        },
        "content": "Nice! I\u0027ve marked this task as done:"
      },
      {
        "lineNumber": 38,
        "author": {
          "gitId": "Liu Guangyuan (Gary)"
        },
        "content": "  [D][✓] CS2103 assignment (by: Mon 6pm)"
      },
      {
        "lineNumber": 39,
        "author": {
          "gitId": "Liu Guangyuan (Gary)"
        },
        "content": "------------------------------------------------------------"
      },
      {
        "lineNumber": 40,
        "author": {
          "gitId": "Liu Guangyuan (Gary)"
        },
        "content": ""
      },
      {
        "lineNumber": 41,
        "author": {
          "gitId": "Liu Guangyuan (Gary)"
        },
        "content": "------------------------------------------------------------"
      },
      {
        "lineNumber": 42,
        "author": {
          "gitId": "Liu Guangyuan (Gary)"
        },
        "content": "Here are the tasks in your list:"
      },
      {
        "lineNumber": 43,
        "author": {
          "gitId": "Liu Guangyuan (Gary)"
        },
        "content": "1.[T][✘] borrow book"
      },
      {
        "lineNumber": 44,
        "author": {
          "gitId": "Liu Guangyuan (Gary)"
        },
        "content": "2.[D][✓] CS2103 assignment (by: Mon 6pm)"
      },
      {
        "lineNumber": 45,
        "author": {
          "gitId": "Liu Guangyuan (Gary)"
        },
        "content": "3.[E][✘] formal dinner (at: 4 Sep 17:00)"
      },
      {
        "lineNumber": 46,
        "author": {
          "gitId": "Liu Guangyuan (Gary)"
        },
        "content": "------------------------------------------------------------"
      },
      {
        "lineNumber": 47,
        "author": {
          "gitId": "Liu Guangyuan (Gary)"
        },
        "content": ""
      },
      {
        "lineNumber": 48,
        "author": {
          "gitId": "Liu Guangyuan (Gary)"
        },
        "content": "------------------------------------------------------------"
      },
      {
        "lineNumber": 49,
        "author": {
          "gitId": "Liu Guangyuan (Gary)"
        },
        "content": "Error: Unrecognised command"
      },
      {
        "lineNumber": 50,
        "author": {
          "gitId": "Liu Guangyuan (Gary)"
        },
        "content": "------------------------------------------------------------"
      },
      {
        "lineNumber": 51,
        "author": {
          "gitId": "Liu Guangyuan (Gary)"
        },
        "content": ""
      },
      {
        "lineNumber": 52,
        "author": {
          "gitId": "Liu Guangyuan (Gary)"
        },
        "content": "------------------------------------------------------------"
      },
      {
        "lineNumber": 53,
        "author": {
          "gitId": "Liu Guangyuan (Gary)"
        },
        "content": "Error: The description of a task cannot be empty"
      },
      {
        "lineNumber": 54,
        "author": {
          "gitId": "Liu Guangyuan (Gary)"
        },
        "content": "------------------------------------------------------------"
      },
      {
        "lineNumber": 55,
        "author": {
          "gitId": "Liu Guangyuan (Gary)"
        },
        "content": ""
      },
      {
        "lineNumber": 56,
        "author": {
          "gitId": "Liu Guangyuan (Gary)"
        },
        "content": "------------------------------------------------------------"
      },
      {
        "lineNumber": 57,
        "author": {
          "gitId": "Liu Guangyuan (Gary)"
        },
        "content": "Error: Deadline cannot be empty"
      },
      {
        "lineNumber": 58,
        "author": {
          "gitId": "Liu Guangyuan (Gary)"
        },
        "content": "------------------------------------------------------------"
      },
      {
        "lineNumber": 59,
        "author": {
          "gitId": "Liu Guangyuan (Gary)"
        },
        "content": ""
      },
      {
        "lineNumber": 60,
        "author": {
          "gitId": "Liu Guangyuan (Gary)"
        },
        "content": "------------------------------------------------------------"
      },
      {
        "lineNumber": 61,
        "author": {
          "gitId": "Liu Guangyuan (Gary)"
        },
        "content": "Error: The description of a task cannot be empty"
      },
      {
        "lineNumber": 62,
        "author": {
          "gitId": "Liu Guangyuan (Gary)"
        },
        "content": "------------------------------------------------------------"
      },
      {
        "lineNumber": 63,
        "author": {
          "gitId": "Liu Guangyuan (Gary)"
        },
        "content": ""
      },
      {
        "lineNumber": 64,
        "author": {
          "gitId": "Liu Guangyuan (Gary)"
        },
        "content": "------------------------------------------------------------"
      },
      {
        "lineNumber": 65,
        "author": {
          "gitId": "Liu Guangyuan (Gary)"
        },
        "content": "Error: Event time cannot be empty"
      },
      {
        "lineNumber": 66,
        "author": {
          "gitId": "Liu Guangyuan (Gary)"
        },
        "content": "------------------------------------------------------------"
      },
      {
        "lineNumber": 67,
        "author": {
          "gitId": "Liu Guangyuan (Gary)"
        },
        "content": ""
      },
      {
        "lineNumber": 68,
        "author": {
          "gitId": "Liu Guangyuan (Gary)"
        },
        "content": "------------------------------------------------------------"
      },
      {
        "lineNumber": 69,
        "author": {
          "gitId": "Liu Guangyuan (Gary)"
        },
        "content": "Error: The description of a task cannot be empty"
      },
      {
        "lineNumber": 70,
        "author": {
          "gitId": "Liu Guangyuan (Gary)"
        },
        "content": "------------------------------------------------------------"
      },
      {
        "lineNumber": 71,
        "author": {
          "gitId": "Liu Guangyuan (Gary)"
        },
        "content": ""
      },
      {
        "lineNumber": 72,
        "author": {
          "gitId": "Liu Guangyuan (Gary)"
        },
        "content": "------------------------------------------------------------"
      },
      {
        "lineNumber": 73,
        "author": {
          "gitId": "Liu Guangyuan (Gary)"
        },
        "content": "Error: Task does not exist"
      },
      {
        "lineNumber": 74,
        "author": {
          "gitId": "Liu Guangyuan (Gary)"
        },
        "content": "------------------------------------------------------------"
      },
      {
        "lineNumber": 75,
        "author": {
          "gitId": "Liu Guangyuan (Gary)"
        },
        "content": ""
      },
      {
        "lineNumber": 76,
        "author": {
          "gitId": "Liu Guangyuan (Gary)"
        },
        "content": "------------------------------------------------------------"
      },
      {
        "lineNumber": 77,
        "author": {
          "gitId": "Liu Guangyuan (Gary)"
        },
        "content": "Error: Invalid task number format"
      },
      {
        "lineNumber": 78,
        "author": {
          "gitId": "Liu Guangyuan (Gary)"
        },
        "content": "------------------------------------------------------------"
      },
      {
        "lineNumber": 79,
        "author": {
          "gitId": "Liu Guangyuan (Gary)"
        },
        "content": ""
      },
      {
        "lineNumber": 80,
        "author": {
          "gitId": "Liu Guangyuan (Gary)"
        },
        "content": "------------------------------------------------------------"
      },
      {
        "lineNumber": 81,
        "author": {
          "gitId": "Liu Guangyuan (Gary)"
        },
        "content": "Noted. I\u0027ve removed this task:"
      },
      {
        "lineNumber": 82,
        "author": {
          "gitId": "Liu Guangyuan (Gary)"
        },
        "content": "  [T][✘] borrow book"
      },
      {
        "lineNumber": 83,
        "author": {
          "gitId": "Liu Guangyuan (Gary)"
        },
        "content": "Now you have 2 tasks in the list"
      },
      {
        "lineNumber": 84,
        "author": {
          "gitId": "Liu Guangyuan (Gary)"
        },
        "content": "------------------------------------------------------------"
      },
      {
        "lineNumber": 85,
        "author": {
          "gitId": "Liu Guangyuan (Gary)"
        },
        "content": ""
      },
      {
        "lineNumber": 86,
        "author": {
          "gitId": "Liu Guangyuan (Gary)"
        },
        "content": "------------------------------------------------------------"
      },
      {
        "lineNumber": 87,
        "author": {
          "gitId": "Liu Guangyuan (Gary)"
        },
        "content": "Error: Task does not exist"
      },
      {
        "lineNumber": 88,
        "author": {
          "gitId": "Liu Guangyuan (Gary)"
        },
        "content": "------------------------------------------------------------"
      },
      {
        "lineNumber": 89,
        "author": {
          "gitId": "Liu Guangyuan (Gary)"
        },
        "content": ""
      },
      {
        "lineNumber": 90,
        "author": {
          "gitId": "Liu Guangyuan (Gary)"
        },
        "content": "------------------------------------------------------------"
      },
      {
        "lineNumber": 91,
        "author": {
          "gitId": "Liu Guangyuan (Gary)"
        },
        "content": "Here are the tasks in your list:"
      },
      {
        "lineNumber": 92,
        "author": {
          "gitId": "Liu Guangyuan (Gary)"
        },
        "content": "1.[D][✓] CS2103 assignment (by: Mon 6pm)"
      },
      {
        "lineNumber": 93,
        "author": {
          "gitId": "Liu Guangyuan (Gary)"
        },
        "content": "2.[E][✘] formal dinner (at: 4 Sep 17:00)"
      },
      {
        "lineNumber": 94,
        "author": {
          "gitId": "Liu Guangyuan (Gary)"
        },
        "content": "------------------------------------------------------------"
      },
      {
        "lineNumber": 95,
        "author": {
          "gitId": "Liu Guangyuan (Gary)"
        },
        "content": ""
      },
      {
        "lineNumber": 96,
        "author": {
          "gitId": "Liu Guangyuan (Gary)"
        },
        "content": "------------------------------------------------------------"
      },
      {
        "lineNumber": 97,
        "author": {
          "gitId": "Liu Guangyuan (Gary)"
        },
        "content": "Bye. Hope to see you again soon!"
      },
      {
        "lineNumber": 98,
        "author": {
          "gitId": "Liu Guangyuan (Gary)"
        },
        "content": "------------------------------------------------------------"
      },
      {
        "lineNumber": 99,
        "author": {
          "gitId": "Liu Guangyuan (Gary)"
        },
        "content": ""
      }
    ],
    "authorContributionMap": {
      "Liu Guangyuan (Gary)": 99
    }
  },
  {
    "path": "text-ui-test/input.txt",
    "fileType": "txt",
    "lines": [
      {
        "lineNumber": 1,
        "author": {
          "gitId": "Liu Guangyuan (Gary)"
        },
        "content": "todo borrow book"
      },
      {
        "lineNumber": 2,
        "author": {
          "gitId": "Liu Guangyuan (Gary)"
        },
        "content": "deadline CS2103 assignment /by Mon 6pm"
      },
      {
        "lineNumber": 3,
        "author": {
          "gitId": "Liu Guangyuan (Gary)"
        },
        "content": "event formal dinner /at 4 Sep 17:00"
      },
      {
        "lineNumber": 4,
        "author": {
          "gitId": "Liu Guangyuan (Gary)"
        },
        "content": "list"
      },
      {
        "lineNumber": 5,
        "author": {
          "gitId": "Liu Guangyuan (Gary)"
        },
        "content": "done 2"
      },
      {
        "lineNumber": 6,
        "author": {
          "gitId": "Liu Guangyuan (Gary)"
        },
        "content": "list"
      },
      {
        "lineNumber": 7,
        "author": {
          "gitId": "Liu Guangyuan (Gary)"
        },
        "content": "blah"
      },
      {
        "lineNumber": 8,
        "author": {
          "gitId": "Liu Guangyuan (Gary)"
        },
        "content": "todo"
      },
      {
        "lineNumber": 9,
        "author": {
          "gitId": "Liu Guangyuan (Gary)"
        },
        "content": "deadline individual project"
      },
      {
        "lineNumber": 10,
        "author": {
          "gitId": "Liu Guangyuan (Gary)"
        },
        "content": "deadline /by Monday"
      },
      {
        "lineNumber": 11,
        "author": {
          "gitId": "Liu Guangyuan (Gary)"
        },
        "content": "event career fair"
      },
      {
        "lineNumber": 12,
        "author": {
          "gitId": "Liu Guangyuan (Gary)"
        },
        "content": "event /at 12 October"
      },
      {
        "lineNumber": 13,
        "author": {
          "gitId": "Liu Guangyuan (Gary)"
        },
        "content": "done 5"
      },
      {
        "lineNumber": 14,
        "author": {
          "gitId": "Liu Guangyuan (Gary)"
        },
        "content": "done *(\u0026*%^jh"
      },
      {
        "lineNumber": 15,
        "author": {
          "gitId": "Liu Guangyuan (Gary)"
        },
        "content": "delete 1"
      },
      {
        "lineNumber": 16,
        "author": {
          "gitId": "Liu Guangyuan (Gary)"
        },
        "content": "delete 10"
      },
      {
        "lineNumber": 17,
        "author": {
          "gitId": "Liu Guangyuan (Gary)"
        },
        "content": "list"
      },
      {
        "lineNumber": 18,
        "author": {
          "gitId": "Liu Guangyuan (Gary)"
        },
        "content": "bye"
      }
    ],
    "authorContributionMap": {
      "Liu Guangyuan (Gary)": 18
    }
  },
  {
    "path": "text-ui-test/runtest.sh",
    "fileType": "sh",
    "lines": [
      {
        "lineNumber": 1,
        "author": {
          "gitId": "Liu Guangyuan (Gary)"
        },
        "content": "#!/bin/bash"
      },
      {
        "lineNumber": 2,
        "author": {
          "gitId": "Liu Guangyuan (Gary)"
        },
        "content": ""
      },
      {
        "lineNumber": 3,
        "author": {
          "gitId": "Liu Guangyuan (Gary)"
        },
        "content": "# create bin directory if it doesn\u0027t exist"
      },
      {
        "lineNumber": 4,
        "author": {
          "gitId": "Liu Guangyuan (Gary)"
        },
        "content": "if [ ! -d \"../bin\" ]; then"
      },
      {
        "lineNumber": 5,
        "author": {
          "gitId": "Liu Guangyuan (Gary)"
        },
        "content": "    mkdir ../bin"
      },
      {
        "lineNumber": 6,
        "author": {
          "gitId": "Liu Guangyuan (Gary)"
        },
        "content": "fi"
      },
      {
        "lineNumber": 7,
        "author": {
          "gitId": "Liu Guangyuan (Gary)"
        },
        "content": ""
      },
      {
        "lineNumber": 8,
        "author": {
          "gitId": "Liu Guangyuan (Gary)"
        },
        "content": "# delete output from previous run"
      },
      {
        "lineNumber": 9,
        "author": {
          "gitId": "Liu Guangyuan (Gary)"
        },
        "content": "if [ -e \"./ACTUAL.txt\" ]; then"
      },
      {
        "lineNumber": 10,
        "author": {
          "gitId": "Liu Guangyuan (Gary)"
        },
        "content": "    rm ACTUAL.txt"
      },
      {
        "lineNumber": 11,
        "author": {
          "gitId": "Liu Guangyuan (Gary)"
        },
        "content": "fi"
      },
      {
        "lineNumber": 12,
        "author": {
          "gitId": "Liu Guangyuan (Gary)"
        },
        "content": ""
      },
      {
        "lineNumber": 13,
        "author": {
          "gitId": "Liu Guangyuan (Gary)"
        },
        "content": "# compile the code into the bin folder, terminates if error occurred"
      },
      {
        "lineNumber": 14,
        "author": {
          "gitId": "Liu Guangyuan (Gary)"
        },
        "content": "if ! javac -cp ../src -Xlint:none -d ../bin ../src/main/java/duke/*.java; then"
      },
      {
        "lineNumber": 15,
        "author": {
          "gitId": "Liu Guangyuan (Gary)"
        },
        "content": "    echo \"********** BUILD FAILURE **********\""
      },
      {
        "lineNumber": 16,
        "author": {
          "gitId": "Liu Guangyuan (Gary)"
        },
        "content": "    exit 1"
      },
      {
        "lineNumber": 17,
        "author": {
          "gitId": "Liu Guangyuan (Gary)"
        },
        "content": "fi"
      },
      {
        "lineNumber": 18,
        "author": {
          "gitId": "Liu Guangyuan (Gary)"
        },
        "content": ""
      },
      {
        "lineNumber": 19,
        "author": {
          "gitId": "Liu Guangyuan (Gary)"
        },
        "content": "# run the program, feed commands from input.txt file and redirect the output to the ACTUAL.txt"
      },
      {
        "lineNumber": 20,
        "author": {
          "gitId": "Liu Guangyuan (Gary)"
        },
        "content": "java -classpath ../bin duke.Duke \u003c input.txt \u003e ACTUAL.txt"
      },
      {
        "lineNumber": 21,
        "author": {
          "gitId": "Liu Guangyuan (Gary)"
        },
        "content": ""
      },
      {
        "lineNumber": 22,
        "author": {
          "gitId": "Liu Guangyuan (Gary)"
        },
        "content": "# compare the output to the expected output"
      },
      {
        "lineNumber": 23,
        "author": {
          "gitId": "Liu Guangyuan (Gary)"
        },
        "content": "if diff ACTUAL.txt EXPECTED.txt; then"
      },
      {
        "lineNumber": 24,
        "author": {
          "gitId": "Liu Guangyuan (Gary)"
        },
        "content": "    echo \"Test result: PASSED\""
      },
      {
        "lineNumber": 25,
        "author": {
          "gitId": "Liu Guangyuan (Gary)"
        },
        "content": "    exit 0"
      },
      {
        "lineNumber": 26,
        "author": {
          "gitId": "Liu Guangyuan (Gary)"
        },
        "content": "else"
      },
      {
        "lineNumber": 27,
        "author": {
          "gitId": "Liu Guangyuan (Gary)"
        },
        "content": "    echo \"Test result: FAILED\""
      },
      {
        "lineNumber": 28,
        "author": {
          "gitId": "Liu Guangyuan (Gary)"
        },
        "content": "    exit 1"
      },
      {
        "lineNumber": 29,
        "author": {
          "gitId": "Liu Guangyuan (Gary)"
        },
        "content": "fi"
      }
    ],
    "authorContributionMap": {
      "Liu Guangyuan (Gary)": 29
    }
  }
]
