{
  "authorDailyContributionsMap": {
    "Liu Guangyuan (Gary)": [
      {
        "insertions": 487,
        "deletions": 91,
        "date": "2019-08-21",
        "commitResults": [
          {
            "hash": "4fa51cd768507aec6bddac0fda38a7de2b398816",
            "messageTitle": "Configure gradle and checkstyle",
            "messageBody": "",
            "insertions": 10,
            "deletions": 1
          },
          {
            "hash": "73935f5199f3908707976baf1d63aee86482c771",
            "messageTitle": "Implement Level-1",
            "messageBody": "",
            "insertions": 28,
            "deletions": 6
          },
          {
            "hash": "50757eacd11e5adab67b59c024c921fe647cd392",
            "messageTitle": "Implement adding and listing tasks",
            "messageBody": "",
            "insertions": 52,
            "deletions": 8
          },
          {
            "hash": "83111e690c09e89b5cee82d1ddb590b5c927ee04",
            "messageTitle": "Extract classes into duke package",
            "messageBody": "",
            "insertions": 21,
            "deletions": 14
          },
          {
            "hash": "2c1b173d949553e97072e826882b7874779da816",
            "messageTitle": "Implement mark as done",
            "messageBody": "",
            "insertions": 57,
            "deletions": 15
          },
          {
            "hash": "a0e74391fa0380201af24b24e8a36a24e853db3b",
            "messageTitle": "Implement deadline and event",
            "messageBody": "",
            "insertions": 82,
            "deletions": 12
          },
          {
            "hash": "091d235b0d56ce0bba4e2e6090d6300eb0978bac",
            "messageTitle": "Remove trailing space in output",
            "messageBody": "",
            "insertions": 1,
            "deletions": 1
          },
          {
            "hash": "0dffad08b2c6feaab936607520e54cda837d7776",
            "messageTitle": "Add Text UI Testing",
            "messageBody": "",
            "insertions": 92,
            "deletions": 0
          },
          {
            "hash": "681622b4f094f4f036bb7f1fa4be3756ac5daedc",
            "messageTitle": "Implement error handling",
            "messageBody": "",
            "insertions": 102,
            "deletions": 34
          },
          {
            "hash": "ef8b74d11a5722df74d050c64b7b832302cba74c",
            "messageTitle": "Implement task deletion",
            "messageBody": "",
            "insertions": 42,
            "deletions": 0
          }
        ]
      }
    ],
    "Jeffry Lum": []
  },
  "authorFinalContributionMap": {
    "Liu Guangyuan (Gary)": 400,
    "Jeffry Lum": 107
  },
  "authorFileTypeContributionMap": {
    "Liu Guangyuan (Gary)": {
      "java": 244,
      "md": 0,
      "fxml": 0,
      "sh": 29,
      "bat": 0,
      "gradle": 10,
      "txt": 117
    },
    "Jeffry Lum": {
      "java": 7,
      "md": 0,
      "fxml": 0,
      "sh": 0,
      "bat": 84,
      "gradle": 16,
      "txt": 0
    }
  },
  "authorContributionVariance": {
    "Liu Guangyuan (Gary)": 46400.55,
    "Jeffry Lum": 0.0
  },
  "authorDisplayNameMap": {
    "Liu Guangyuan (Gary)": "Liu Guangyuan (Gary)",
    "Jeffry Lum": "Jeffry Lum"
  }
}
