{
  "authorDailyContributionsMap": {
    "Lim Daekoon": [
      {
        "insertions": 67,
        "deletions": 8,
        "date": "2019-08-20",
        "commitResults": [
          {
            "hash": "911c8ce76d7cd3806a2ef5fada7dce1fce764ebf",
            "messageTitle": "Added all necessary dependencies and plugins",
            "messageBody": "",
            "insertions": 28,
            "deletions": 5
          },
          {
            "hash": "f28ee1a5e2f4f6c96b39967a1f3ad895ab32e188",
            "messageTitle": "Created PrettyPrint class to handle printing",
            "messageBody": "",
            "insertions": 39,
            "deletions": 3
          }
        ]
      },
      {
        "insertions": 67,
        "deletions": 8,
        "date": "2019-08-21",
        "commitResults": [
          {
            "hash": "f4d80ad046c020e14d49ed8a7bac030f3fdb37e7",
            "messageTitle": "Added gradle support for system input",
            "messageBody": "",
            "insertions": 4,
            "deletions": 0
          },
          {
            "hash": "ab02c37937c862aaf7ee9377e113aa19a207e615",
            "messageTitle": "Finished level 1",
            "messageBody": "",
            "insertions": 31,
            "deletions": 0
          },
          {
            "hash": "16a3c8c1aec392a3800dade0d0c2db5301657156",
            "messageTitle": "Changed exit to bye, and added program end message",
            "messageBody": "",
            "insertions": 4,
            "deletions": 2
          },
          {
            "hash": "67c68af4003f2c8264f0b34a49a7e1f8be47ff2e",
            "messageTitle": "Fixed program only reading in one word at a time",
            "messageBody": "",
            "insertions": 2,
            "deletions": 2
          },
          {
            "hash": "9fc20ea4e39d003cee3e553db0dbfe5ffdf4b981",
            "messageTitle": "Added functionality to store, and list tasks",
            "messageBody": "",
            "insertions": 23,
            "deletions": 1
          },
          {
            "hash": "5b87d060973dda5e2bdfde043e2476ac34fca6cd",
            "messageTitle": "Added encapsulation to EventHandler class",
            "messageBody": "",
            "insertions": 3,
            "deletions": 3
          }
        ]
      }
    ],
    "Jeffry Lum": [
      {
        "insertions": 2,
        "deletions": 2,
        "date": "2019-08-16",
        "commitResults": [
          {
            "hash": "5df56a8908679dfc9efc6fcca655b1f9de85d51e",
            "messageTitle": "Remove references to DukeStub",
            "messageBody": "",
            "insertions": 2,
            "deletions": 2
          }
        ]
      }
    ]
  },
  "authorFinalContributionMap": {
    "Lim Daekoon": 117,
    "Jeffry Lum": 107
  },
  "authorFileTypeContributionMap": {
    "Lim Daekoon": {
      "java": 92,
      "md": 0,
      "fxml": 0,
      "sh": 0,
      "bat": 0,
      "gradle": 25,
      "txt": 0
    },
    "Jeffry Lum": {
      "java": 4,
      "md": 2,
      "fxml": 0,
      "sh": 0,
      "bat": 84,
      "gradle": 17,
      "txt": 0
    }
  },
  "authorContributionVariance": {
    "Lim Daekoon": 1250.0,
    "Jeffry Lum": 2.2222223
  },
  "authorDisplayNameMap": {
    "Lim Daekoon": "Lim Daekoon",
    "Jeffry Lum": "Jeffry Lum"
  }
}
