{
  "authorDailyContributionsMap": {
    "daekoon": [
      {
        "insertions": 67,
        "deletions": 8,
        "date": "2019-08-20",
        "commitResults": [
          {
            "hash": "911c8ce76d7cd3806a2ef5fada7dce1fce764ebf",
            "messageTitle": "Added all necessary dependencies and plugins",
            "messageBody": "",
            "insertions": 28,
            "deletions": 5
          },
          {
            "hash": "f28ee1a5e2f4f6c96b39967a1f3ad895ab32e188",
            "messageTitle": "Created PrettyPrint class to handle printing",
            "messageBody": "",
            "insertions": 39,
            "deletions": 3
          }
        ]
      },
      {
        "insertions": 131,
        "deletions": 20,
        "date": "2019-08-21",
        "commitResults": [
          {
            "hash": "f4d80ad046c020e14d49ed8a7bac030f3fdb37e7",
            "messageTitle": "Added gradle support for system input",
            "messageBody": "",
            "insertions": 4,
            "deletions": 0
          },
          {
            "hash": "ab02c37937c862aaf7ee9377e113aa19a207e615",
            "messageTitle": "Finished level 1",
            "messageBody": "",
            "insertions": 31,
            "deletions": 0
          },
          {
            "hash": "16a3c8c1aec392a3800dade0d0c2db5301657156",
            "messageTitle": "Changed exit to bye, and added program end message",
            "messageBody": "",
            "insertions": 4,
            "deletions": 2
          },
          {
            "hash": "67c68af4003f2c8264f0b34a49a7e1f8be47ff2e",
            "messageTitle": "Fixed program only reading in one word at a time",
            "messageBody": "",
            "insertions": 2,
            "deletions": 2
          },
          {
            "hash": "9fc20ea4e39d003cee3e553db0dbfe5ffdf4b981",
            "messageTitle": "Added functionality to store, and list tasks",
            "messageBody": "",
            "insertions": 23,
            "deletions": 1
          },
          {
            "hash": "5b87d060973dda5e2bdfde043e2476ac34fca6cd",
            "messageTitle": "Added encapsulation to EventHandler class",
            "messageBody": "",
            "insertions": 3,
            "deletions": 3
          },
          {
            "hash": "4c317121bc6bd94e11967f010fcbd2b8c37049d9",
            "messageTitle": "Added functionality to mark task as done",
            "messageBody": "",
            "insertions": 64,
            "deletions": 12
          }
        ]
      },
      {
        "insertions": 415,
        "deletions": 124,
        "date": "2019-08-22",
        "commitResults": [
          {
            "hash": "1e1cce95eaba1e55c2e15c953c03556f29bb8a31",
            "messageTitle": "Add feature to add deadline, events and todos",
            "messageBody": "",
            "insertions": 231,
            "deletions": 103
          },
          {
            "hash": "d4fddf038a65a8c4c1fd0b529bdbb35e9ecd5ac0",
            "messageTitle": "Add test using ui-redirection technique",
            "messageBody": "",
            "insertions": 52,
            "deletions": 0
          },
          {
            "hash": "a80906f3bf388802766d6b571933b5f48d382acc",
            "messageTitle": "Add error handling using exceptions",
            "messageBody": "",
            "insertions": 91,
            "deletions": 18
          },
          {
            "hash": "0bdf8082d97d98d801ef1c79cc412e4e120e7322",
            "messageTitle": "Change exception name to be more general",
            "messageBody": "",
            "insertions": 3,
            "deletions": 3
          },
          {
            "hash": "f701b3496d3a071a42859636a6f2aa394da71463",
            "messageTitle": "Add functionality for deleting tasks",
            "messageBody": "",
            "insertions": 38,
            "deletions": 0
          }
        ]
      },
      {
        "insertions": 231,
        "deletions": 17,
        "date": "2019-08-27",
        "commitResults": [
          {
            "hash": "632bf2c5e7a1f5bcb8728b7fc83e2d9375ce508f",
            "messageTitle": "Add save/load feature",
            "messageBody": "",
            "insertions": 171,
            "deletions": 3
          },
          {
            "hash": "f00139203fe48b02b41ae66192570c86496eb556",
            "messageTitle": "Add date object and parser",
            "messageBody": "",
            "insertions": 34,
            "deletions": 8
          },
          {
            "hash": "a5eb89d47f1ded91f3f77170aeb13d3f7e5ee132",
            "messageTitle": "Fix merging issues",
            "messageBody": "",
            "insertions": 26,
            "deletions": 6
          }
        ]
      },
      {
        "insertions": 221,
        "deletions": 198,
        "date": "2019-08-28",
        "commitResults": [
          {
            "hash": "358924763481ff761140b3d4602d0c0b77afa4c3",
            "messageTitle": "Modify to be more OOP",
            "messageBody": "",
            "insertions": 221,
            "deletions": 198
          }
        ]
      },
      {
        "insertions": 198,
        "deletions": 221,
        "date": "2019-08-30",
        "commitResults": [
          {
            "hash": "c60596b2ff3ca405b2f822b44323218c46291f87",
            "messageTitle": "Revert \"Modify to be more OOP\"",
            "messageBody": "This reverts commit 358924763481ff761140b3d4602d0c0b77afa4c3.\n",
            "insertions": 198,
            "deletions": 221
          }
        ]
      },
      {
        "insertions": 380,
        "deletions": 249,
        "date": "2019-08-31",
        "commitResults": [
          {
            "hash": "262384ad2fde5679e441b2917a45dfff1ca626f5",
            "messageTitle": "Refactor code to add more OOP",
            "messageBody": "",
            "insertions": 363,
            "deletions": 236
          },
          {
            "hash": "6b162376ce15f3da5b4eb0faa0fa91078f227c8f",
            "messageTitle": "Refactor code to apply packaging",
            "messageBody": "",
            "insertions": 17,
            "deletions": 13
          }
        ]
      },
      {
        "insertions": 332,
        "deletions": 35,
        "date": "2019-09-01",
        "commitResults": [
          {
            "hash": "69e2bf34b810f7faa9ebc72bbf38aa9895f90687",
            "messageTitle": "Fix importing classes from different package",
            "messageBody": "",
            "insertions": 22,
            "deletions": 0
          },
          {
            "hash": "46b31fda94abe09dc91f7f11849daadfac0ea2dd",
            "messageTitle": "Add JUnit test",
            "messageBody": "",
            "insertions": 23,
            "deletions": 0
          },
          {
            "hash": "6a79ecb0d5aba38bb6f07819eacc1919306f7f40",
            "messageTitle": "Change jar version number",
            "messageBody": "",
            "insertions": 1,
            "deletions": 1
          },
          {
            "hash": "ab17025990078b743e576d57bb0f595f97358b6e",
            "messageTitle": "Change access modifiers",
            "messageBody": "",
            "insertions": 14,
            "deletions": 14
          },
          {
            "hash": "948ad99eb06802dc3ba2661b0013ecc3199d01ae",
            "messageTitle": "Fix bugs caused by changing modifier to private",
            "messageBody": "",
            "insertions": 2,
            "deletions": 2
          },
          {
            "hash": "209476114475a8c8e470ff5c9e899dd48e50d5e3",
            "messageTitle": "Add javadoc for Duke, Parser and Storage classes",
            "messageBody": "",
            "insertions": 45,
            "deletions": 2
          },
          {
            "hash": "40dfcb08531c3b3b13d8099d2a16d3a33beaebfa",
            "messageTitle": "Add javadoc for non-Task classes",
            "messageBody": "",
            "insertions": 76,
            "deletions": 3
          },
          {
            "hash": "c7c87b3ba12d9247fa1b2a57f04ad88a522976c9",
            "messageTitle": "Add javadoc for all Task-subclasses",
            "messageBody": "",
            "insertions": 56,
            "deletions": 1
          },
          {
            "hash": "2faf606dddd6c6e01f94696d27024030af4df30c",
            "messageTitle": "Added header comment to Task class",
            "messageBody": "",
            "insertions": 4,
            "deletions": 0
          },
          {
            "hash": "cba6d605ce564509446fa83a4077e535b0463a7a",
            "messageTitle": "Minor formatting fixes",
            "messageBody": "",
            "insertions": 0,
            "deletions": 11
          },
          {
            "hash": "56940d88e3b371496cb130dc7ba97da3c21fed4a",
            "messageTitle": "Add find functionality",
            "messageBody": "",
            "insertions": 84,
            "deletions": 0
          },
          {
            "hash": "4c2a3066687b5bb21357bfcb87ac51e50f487598",
            "messageTitle": "Add javadoc for find method in TaskList class",
            "messageBody": "",
            "insertions": 4,
            "deletions": 0
          },
          {
            "hash": "cd4d226e6085a8b33dd6712ea241ee8ef414e715",
            "messageTitle": "Minor formatting fix",
            "messageBody": "",
            "insertions": 1,
            "deletions": 1
          }
        ]
      },
      {
        "insertions": 286,
        "deletions": 126,
        "date": "2019-09-02",
        "commitResults": [
          {
            "hash": "dffc97ed79f0445e6d3b25a17e03bd428b05c10e",
            "messageTitle": "Add javaFX support",
            "messageBody": "",
            "insertions": 33,
            "deletions": 2
          },
          {
            "hash": "bd5f61ec1b3c753370375d35d83d7d67bbf42c61",
            "messageTitle": "Create GUI for duke",
            "messageBody": "",
            "insertions": 57,
            "deletions": 2
          },
          {
            "hash": "4ede7513910ee0f40e0d5764045a8120c30f5f48",
            "messageTitle": "Add workable GUI",
            "messageBody": "",
            "insertions": 148,
            "deletions": 111
          },
          {
            "hash": "43c22175a5e1394a52a8b44742ac015a2cecf73b",
            "messageTitle": "Minor style improvements",
            "messageBody": "",
            "insertions": 8,
            "deletions": 3
          },
          {
            "hash": "5d02aaeecb1dfc74c049ad28f5bc7060a410d424",
            "messageTitle": "Complete GUI",
            "messageBody": "",
            "insertions": 39,
            "deletions": 7
          },
          {
            "hash": "2cb8110c20a775e04d25e6c1951cde8a40cfa918",
            "messageTitle": "Minor style fix",
            "messageBody": "",
            "insertions": 1,
            "deletions": 1
          }
        ]
      }
    ]
  },
  "authorFinalContributionMap": {
    "daekoon": 1272
  },
  "authorFileTypeContributionMap": {
    "daekoon": {
      "java": 1188,
      "md": 0,
      "fxml": 0,
      "sh": 34,
      "bat": 0,
      "gradle": 32,
      "txt": 18
    }
  },
  "authorContributionVariance": {
    "daekoon": 46754.832
  },
  "authorDisplayNameMap": {
    "daekoon": "CS2103T-W11 LIM D ... EKOON"
  }
}
