{
  "authorDailyContributionsMap": {
    "Jeffry Lum": [
      {
        "insertions": 2,
        "deletions": 2,
        "date": "2019-08-16",
        "commitResults": [
          {
            "hash": "5df56a8908679dfc9efc6fcca655b1f9de85d51e",
            "messageTitle": "Remove references to DukeStub",
            "messageBody": "",
            "insertions": 2,
            "deletions": 2
          }
        ]
      }
    ],
    "ShiHaoYap": [
      {
        "insertions": 39,
        "deletions": 6,
        "date": "2019-08-20",
        "commitResults": [
          {
            "hash": "58299d6f585a04475d912a01a86254d7c2df078f",
            "messageTitle": "Level-1",
            "messageBody": "",
            "insertions": 20,
            "deletions": 0
          },
          {
            "hash": "d373d85826170d21160936fb2b549d19c76661c4",
            "messageTitle": "Level-2",
            "messageBody": "",
            "insertions": 19,
            "deletions": 6
          }
        ]
      },
      {
        "insertions": 266,
        "deletions": 66,
        "date": "2019-08-21",
        "commitResults": [
          {
            "hash": "b68f614e7ec270b500a49d44913837582aea35db",
            "messageTitle": "Level-3",
            "messageBody": "",
            "insertions": 62,
            "deletions": 21
          },
          {
            "hash": "1eb36bead7fcfe9a08b9ae806b0c6cfbf53123db",
            "messageTitle": "Level-4",
            "messageBody": "",
            "insertions": 68,
            "deletions": 3
          },
          {
            "hash": "a331748c6d2a0bbff7d8ec87f3237662babf5a93",
            "messageTitle": "Level-5",
            "messageBody": "",
            "insertions": 109,
            "deletions": 40
          },
          {
            "hash": "02a092c57dc71b2c90543c794eab3516c6bebafb",
            "messageTitle": "Level-6",
            "messageBody": "",
            "insertions": 27,
            "deletions": 2
          }
        ]
      }
    ]
  },
  "authorFinalContributionMap": {
    "Jeffry Lum": 2,
    "ShiHaoYap": 234
  },
  "authorFileTypeContributionMap": {
    "Jeffry Lum": {
      "java": 0,
      "md": 2,
      "fxml": 0,
      "sh": 0,
      "bat": 0,
      "gradle": 0,
      "txt": 0
    },
    "ShiHaoYap": {
      "java": 234,
      "md": 0,
      "fxml": 0,
      "sh": 0,
      "bat": 0,
      "gradle": 0,
      "txt": 0
    }
  },
  "authorContributionVariance": {
    "Jeffry Lum": 2.2222223,
    "ShiHaoYap": 14760.138
  },
  "authorDisplayNameMap": {
    "Jeffry Lum": "Jeffry Lum",
    "ShiHaoYap": "ShiHaoYap"
  }
}
