{
  "authorDailyContributionsMap": {
    "Lawnce Goh": [
      {
        "insertions": 183,
        "deletions": 30,
        "date": "2019-08-19",
        "commitResults": [
          {
            "hash": "86586150ea8d82c6238b60feebc9d3241f892091",
            "messageTitle": "Level-1. Greet, Echo, Exit",
            "messageBody": "",
            "insertions": 27,
            "deletions": 0
          },
          {
            "hash": "24141dca73097fd647311f9a5176e7db13ce5cb7",
            "messageTitle": "Level-2. Add, List",
            "messageBody": "",
            "insertions": 10,
            "deletions": 1
          },
          {
            "hash": "31173afb090c9633db95a5a85d35fbcba656d654",
            "messageTitle": "Level-3. Mark as Done",
            "messageBody": "",
            "insertions": 57,
            "deletions": 18
          },
          {
            "hash": "a2c727dce92ca018d7dafa0c81c5b5445e4b6001",
            "messageTitle": "Level 4. ToDos, Events, Deadlines",
            "messageBody": "",
            "insertions": 89,
            "deletions": 11
          }
        ]
      },
      {
        "insertions": 86,
        "deletions": 66,
        "date": "2019-08-20",
        "commitResults": [
          {
            "hash": "7957c13a57861b8d09e3487229dd9ff88c808036",
            "messageTitle": "Level-5. Handle Errors",
            "messageBody": "",
            "insertions": 77,
            "deletions": 65
          },
          {
            "hash": "d5a61de1f0ecf834e9dc4001809d37452bdb3403",
            "messageTitle": "Level-6. Delete",
            "messageBody": "",
            "insertions": 9,
            "deletions": 1
          }
        ]
      }
    ]
  },
  "authorFinalContributionMap": {
    "Lawnce Goh": 174
  },
  "authorFileTypeContributionMap": {
    "Lawnce Goh": {
      "java": 174,
      "md": 0,
      "fxml": 0,
      "sh": 0,
      "bat": 0,
      "gradle": 0,
      "txt": 0
    }
  },
  "authorContributionVariance": {
    "Lawnce Goh": 8365.6
  },
  "authorDisplayNameMap": {
    "Lawnce Goh": "Lawnce Goh"
  }
}
