[
  {
    "path": "src/main/java/Deadline.java",
    "fileType": "java",
    "lines": [
      {
        "lineNumber": 1,
        "author": {
          "gitId": "mirozo"
        },
        "content": "import java.text.ParseException;"
      },
      {
        "lineNumber": 2,
        "author": {
          "gitId": "mirozo"
        },
        "content": "import java.text.SimpleDateFormat;"
      },
      {
        "lineNumber": 3,
        "author": {
          "gitId": "mirozo"
        },
        "content": "import java.util.Date;"
      },
      {
        "lineNumber": 4,
        "author": {
          "gitId": "mirozo"
        },
        "content": ""
      },
      {
        "lineNumber": 5,
        "author": {
          "gitId": "mirozo"
        },
        "content": ""
      },
      {
        "lineNumber": 6,
        "author": {
          "gitId": "mirozo"
        },
        "content": "public class Deadline extends Task{"
      },
      {
        "lineNumber": 7,
        "author": {
          "gitId": "mirozo"
        },
        "content": "    private Date by;"
      },
      {
        "lineNumber": 8,
        "author": {
          "gitId": "mirozo"
        },
        "content": ""
      },
      {
        "lineNumber": 9,
        "author": {
          "gitId": "mirozo"
        },
        "content": "    public Deadline(String description, String by) throws ParseException {"
      },
      {
        "lineNumber": 10,
        "author": {
          "gitId": "mirozo"
        },
        "content": "        super(description);"
      },
      {
        "lineNumber": 11,
        "author": {
          "gitId": "mirozo"
        },
        "content": "        Date date\u003dnew SimpleDateFormat(\"dd/MM/yyyy HHmm\").parse(by);"
      },
      {
        "lineNumber": 12,
        "author": {
          "gitId": "mirozo"
        },
        "content": "        this.by \u003d date;"
      },
      {
        "lineNumber": 13,
        "author": {
          "gitId": "mirozo"
        },
        "content": "    }"
      },
      {
        "lineNumber": 14,
        "author": {
          "gitId": "mirozo"
        },
        "content": ""
      },
      {
        "lineNumber": 15,
        "author": {
          "gitId": "mirozo"
        },
        "content": "    public Date getBy() {"
      },
      {
        "lineNumber": 16,
        "author": {
          "gitId": "mirozo"
        },
        "content": "        return this.by;"
      },
      {
        "lineNumber": 17,
        "author": {
          "gitId": "mirozo"
        },
        "content": "    }"
      },
      {
        "lineNumber": 18,
        "author": {
          "gitId": "mirozo"
        },
        "content": "    @Override"
      },
      {
        "lineNumber": 19,
        "author": {
          "gitId": "mirozo"
        },
        "content": "    public String toString() {"
      },
      {
        "lineNumber": 20,
        "author": {
          "gitId": "mirozo"
        },
        "content": "        return \"[D]\" + super.toString() + \"(by: \" + this.by + \")\";"
      },
      {
        "lineNumber": 21,
        "author": {
          "gitId": "mirozo"
        },
        "content": "    }"
      },
      {
        "lineNumber": 22,
        "author": {
          "gitId": "mirozo"
        },
        "content": ""
      },
      {
        "lineNumber": 23,
        "author": {
          "gitId": "mirozo"
        },
        "content": "}"
      }
    ],
    "authorContributionMap": {
      "mirozo": 23
    }
  },
  {
    "path": "src/main/java/Duke.java",
    "fileType": "java",
    "lines": [
      {
        "lineNumber": 1,
        "author": {
          "gitId": "mirozo"
        },
        "content": ""
      },
      {
        "lineNumber": 2,
        "author": {
          "gitId": "mirozo"
        },
        "content": "import java.io.FileNotFoundException;"
      },
      {
        "lineNumber": 3,
        "author": {
          "gitId": "mirozo"
        },
        "content": "import java.io.FileWriter;"
      },
      {
        "lineNumber": 4,
        "author": {
          "gitId": "mirozo"
        },
        "content": "import java.io.IOException;"
      },
      {
        "lineNumber": 5,
        "author": {
          "gitId": "mirozo"
        },
        "content": "import java.text.ParseException;"
      },
      {
        "lineNumber": 6,
        "author": {
          "gitId": "mirozo"
        },
        "content": "import java.text.SimpleDateFormat;"
      },
      {
        "lineNumber": 7,
        "author": {
          "gitId": "mirozo"
        },
        "content": "import java.util.ArrayList;"
      },
      {
        "lineNumber": 8,
        "author": {
          "gitId": "mirozo"
        },
        "content": "import java.util.Date;"
      },
      {
        "lineNumber": 9,
        "author": {
          "gitId": "mirozo"
        },
        "content": "import java.util.Scanner;"
      },
      {
        "lineNumber": 10,
        "author": {
          "gitId": "mirozo"
        },
        "content": "import java.io.File;"
      },
      {
        "lineNumber": 11,
        "author": {
          "gitId": "-"
        },
        "content": "public class Duke {"
      },
      {
        "lineNumber": 12,
        "author": {
          "gitId": "mirozo"
        },
        "content": ""
      },
      {
        "lineNumber": 13,
        "author": {
          "gitId": "mirozo"
        },
        "content": "    public static File getFile(String filePath) {"
      },
      {
        "lineNumber": 14,
        "author": {
          "gitId": "mirozo"
        },
        "content": "        File f \u003d new File(filePath);"
      },
      {
        "lineNumber": 15,
        "author": {
          "gitId": "mirozo"
        },
        "content": "        return f;"
      },
      {
        "lineNumber": 16,
        "author": {
          "gitId": "mirozo"
        },
        "content": "    }"
      },
      {
        "lineNumber": 17,
        "author": {
          "gitId": "mirozo"
        },
        "content": ""
      },
      {
        "lineNumber": 18,
        "author": {
          "gitId": "mirozo"
        },
        "content": "    public static void main(String[] args) throws IOException, ParseException {"
      },
      {
        "lineNumber": 19,
        "author": {
          "gitId": "mirozo"
        },
        "content": "        String filePath \u003d \"C:\\\\Users\\\\johnn\\\\CS2103\\\\Week2\\\\tasks.txt\";"
      },
      {
        "lineNumber": 20,
        "author": {
          "gitId": "mirozo"
        },
        "content": "        File source \u003d getFile(filePath);"
      },
      {
        "lineNumber": 21,
        "author": {
          "gitId": "-"
        },
        "content": "        String logo \u003d \" ____        _        \\n\""
      },
      {
        "lineNumber": 22,
        "author": {
          "gitId": "-"
        },
        "content": "                + \"|  _ \\\\ _   _| | _____ \\n\""
      },
      {
        "lineNumber": 23,
        "author": {
          "gitId": "-"
        },
        "content": "                + \"| | | | | | | |/ / _ \\\\\\n\""
      },
      {
        "lineNumber": 24,
        "author": {
          "gitId": "-"
        },
        "content": "                + \"| |_| | |_| |   \u003c  __/\\n\""
      },
      {
        "lineNumber": 25,
        "author": {
          "gitId": "-"
        },
        "content": "                + \"|____/ \\\\__,_|_|\\\\_\\\\___|\\n\";"
      },
      {
        "lineNumber": 26,
        "author": {
          "gitId": "mirozo"
        },
        "content": "        Scanner sc \u003d new Scanner(System.in);"
      },
      {
        "lineNumber": 27,
        "author": {
          "gitId": "mirozo"
        },
        "content": "        ArrayList\u003cTask\u003e list \u003d getTasks(source);"
      },
      {
        "lineNumber": 28,
        "author": {
          "gitId": "mirozo"
        },
        "content": ""
      },
      {
        "lineNumber": 29,
        "author": {
          "gitId": "mirozo"
        },
        "content": "        System.out.println(\"Hello from\\n\" + logo + \"\\n What can I do for you? \\n\" );"
      },
      {
        "lineNumber": 30,
        "author": {
          "gitId": "mirozo"
        },
        "content": ""
      },
      {
        "lineNumber": 31,
        "author": {
          "gitId": "mirozo"
        },
        "content": "        while (sc.hasNext()) {"
      },
      {
        "lineNumber": 32,
        "author": {
          "gitId": "mirozo"
        },
        "content": ""
      },
      {
        "lineNumber": 33,
        "author": {
          "gitId": "mirozo"
        },
        "content": "            String userInput \u003d sc.nextLine();"
      },
      {
        "lineNumber": 34,
        "author": {
          "gitId": "mirozo"
        },
        "content": "            String[] words \u003d userInput.split(\" \");"
      },
      {
        "lineNumber": 35,
        "author": {
          "gitId": "mirozo"
        },
        "content": "            String firstWord \u003d words[0];"
      },
      {
        "lineNumber": 36,
        "author": {
          "gitId": "mirozo"
        },
        "content": "            //remove first word"
      },
      {
        "lineNumber": 37,
        "author": {
          "gitId": "mirozo"
        },
        "content": "            String line \u003d \"\";"
      },
      {
        "lineNumber": 38,
        "author": {
          "gitId": "mirozo"
        },
        "content": "            for (int i \u003d 1; i \u003c words.length; i++) {"
      },
      {
        "lineNumber": 39,
        "author": {
          "gitId": "mirozo"
        },
        "content": "                if (i \u003d\u003d words.length - 1) {"
      },
      {
        "lineNumber": 40,
        "author": {
          "gitId": "mirozo"
        },
        "content": "                    line +\u003d words[i];"
      },
      {
        "lineNumber": 41,
        "author": {
          "gitId": "mirozo"
        },
        "content": "                } else {"
      },
      {
        "lineNumber": 42,
        "author": {
          "gitId": "mirozo"
        },
        "content": "                    line +\u003d words[i] + \" \";"
      },
      {
        "lineNumber": 43,
        "author": {
          "gitId": "mirozo"
        },
        "content": "                }"
      },
      {
        "lineNumber": 44,
        "author": {
          "gitId": "mirozo"
        },
        "content": "            }"
      },
      {
        "lineNumber": 45,
        "author": {
          "gitId": "mirozo"
        },
        "content": ""
      },
      {
        "lineNumber": 46,
        "author": {
          "gitId": "mirozo"
        },
        "content": ""
      },
      {
        "lineNumber": 47,
        "author": {
          "gitId": "mirozo"
        },
        "content": "            if (userInput.equals(\"bye\")) {"
      },
      {
        "lineNumber": 48,
        "author": {
          "gitId": "mirozo"
        },
        "content": "                System.out.println(\"Bye. Hope to see you again soon!\");"
      },
      {
        "lineNumber": 49,
        "author": {
          "gitId": "mirozo"
        },
        "content": "                break;"
      },
      {
        "lineNumber": 50,
        "author": {
          "gitId": "mirozo"
        },
        "content": "            } else if (userInput.equals(\"list\")){"
      },
      {
        "lineNumber": 51,
        "author": {
          "gitId": "mirozo"
        },
        "content": "                System.out.println(\"Here are the tasks in your list: \");"
      },
      {
        "lineNumber": 52,
        "author": {
          "gitId": "mirozo"
        },
        "content": "                for (int i \u003d 0; i \u003c list.size(); i++) {"
      },
      {
        "lineNumber": 53,
        "author": {
          "gitId": "mirozo"
        },
        "content": "                    Task currTask \u003d list.get(i);"
      },
      {
        "lineNumber": 54,
        "author": {
          "gitId": "mirozo"
        },
        "content": "//                    System.out.println(currTask.getClass());"
      },
      {
        "lineNumber": 55,
        "author": {
          "gitId": "mirozo"
        },
        "content": "                    System.out.print((i+1) + \". \" + currTask.toString() + \"\\n\");"
      },
      {
        "lineNumber": 56,
        "author": {
          "gitId": "mirozo"
        },
        "content": "                }"
      },
      {
        "lineNumber": 57,
        "author": {
          "gitId": "mirozo"
        },
        "content": "            } else if (firstWord.equals(\"done\")) {"
      },
      {
        "lineNumber": 58,
        "author": {
          "gitId": "mirozo"
        },
        "content": "                try {"
      },
      {
        "lineNumber": 59,
        "author": {
          "gitId": "mirozo"
        },
        "content": "                    int position \u003d Integer.parseInt(words[1]) - 1;"
      },
      {
        "lineNumber": 60,
        "author": {
          "gitId": "mirozo"
        },
        "content": "                    Task currTask \u003d list.get(position);"
      },
      {
        "lineNumber": 61,
        "author": {
          "gitId": "mirozo"
        },
        "content": "                    currTask.doTask();"
      },
      {
        "lineNumber": 62,
        "author": {
          "gitId": "mirozo"
        },
        "content": "                    System.out.println(\"Nice! I\u0027ve marked this task as done: \\n \" +"
      },
      {
        "lineNumber": 63,
        "author": {
          "gitId": "mirozo"
        },
        "content": "                            currTask.toString() + \"\\n\");"
      },
      {
        "lineNumber": 64,
        "author": {
          "gitId": "mirozo"
        },
        "content": "                } catch (Exception ex) {"
      },
      {
        "lineNumber": 65,
        "author": {
          "gitId": "mirozo"
        },
        "content": "                    System.out.println(\"Unable to find task. Please try again.\" );"
      },
      {
        "lineNumber": 66,
        "author": {
          "gitId": "mirozo"
        },
        "content": ""
      },
      {
        "lineNumber": 67,
        "author": {
          "gitId": "mirozo"
        },
        "content": "                }"
      },
      {
        "lineNumber": 68,
        "author": {
          "gitId": "mirozo"
        },
        "content": "            } else if (firstWord.equals(\"delete\")) {"
      },
      {
        "lineNumber": 69,
        "author": {
          "gitId": "mirozo"
        },
        "content": "                try {"
      },
      {
        "lineNumber": 70,
        "author": {
          "gitId": "mirozo"
        },
        "content": "                    int position \u003d Integer.parseInt(words[1]) - 1;"
      },
      {
        "lineNumber": 71,
        "author": {
          "gitId": "mirozo"
        },
        "content": "                    Task currTask \u003d list.get(position);"
      },
      {
        "lineNumber": 72,
        "author": {
          "gitId": "mirozo"
        },
        "content": "                    list.remove(position);"
      },
      {
        "lineNumber": 73,
        "author": {
          "gitId": "mirozo"
        },
        "content": "                    System.out.println(\"Noted. I\u0027ve removed this task:  \\n \" +"
      },
      {
        "lineNumber": 74,
        "author": {
          "gitId": "mirozo"
        },
        "content": "                            currTask.toString() + \"\\n Now you have \" + list.size() + \" task(s) in the list.\" );"
      },
      {
        "lineNumber": 75,
        "author": {
          "gitId": "mirozo"
        },
        "content": "                } catch (Exception ex) {"
      },
      {
        "lineNumber": 76,
        "author": {
          "gitId": "mirozo"
        },
        "content": "                    System.out.println(\"Unable to find task. Please try again.\" );"
      },
      {
        "lineNumber": 77,
        "author": {
          "gitId": "mirozo"
        },
        "content": ""
      },
      {
        "lineNumber": 78,
        "author": {
          "gitId": "mirozo"
        },
        "content": "                }"
      },
      {
        "lineNumber": 79,
        "author": {
          "gitId": "mirozo"
        },
        "content": "            } else"
      },
      {
        "lineNumber": 80,
        "author": {
          "gitId": "mirozo"
        },
        "content": "             if (firstWord.equals(\"todo\")){"
      },
      {
        "lineNumber": 81,
        "author": {
          "gitId": "mirozo"
        },
        "content": "                if (line.equals(\"\")) {"
      },
      {
        "lineNumber": 82,
        "author": {
          "gitId": "mirozo"
        },
        "content": "                    System.out.println(\"☹ OOPS!!! The description of a todo cannot be empty.\");"
      },
      {
        "lineNumber": 83,
        "author": {
          "gitId": "mirozo"
        },
        "content": "                    continue;"
      },
      {
        "lineNumber": 84,
        "author": {
          "gitId": "mirozo"
        },
        "content": "                }"
      },
      {
        "lineNumber": 85,
        "author": {
          "gitId": "mirozo"
        },
        "content": "                Todo task \u003d new Todo(line);"
      },
      {
        "lineNumber": 86,
        "author": {
          "gitId": "mirozo"
        },
        "content": "                list.add(task);"
      },
      {
        "lineNumber": 87,
        "author": {
          "gitId": "mirozo"
        },
        "content": "                System.out.println(\"Got it. I\u0027ve added this task: \\n\""
      },
      {
        "lineNumber": 88,
        "author": {
          "gitId": "mirozo"
        },
        "content": "                        + task.toString() + \"\\n Now you have \" + list.size() + \" tasks in the list\");"
      },
      {
        "lineNumber": 89,
        "author": {
          "gitId": "mirozo"
        },
        "content": "            } else if (firstWord.equals(\"deadline\")) {"
      },
      {
        "lineNumber": 90,
        "author": {
          "gitId": "mirozo"
        },
        "content": ""
      },
      {
        "lineNumber": 91,
        "author": {
          "gitId": "mirozo"
        },
        "content": "                if (line.equals(\"\")) {"
      },
      {
        "lineNumber": 92,
        "author": {
          "gitId": "mirozo"
        },
        "content": "                    System.out.println(\"☹ OOPS!!! The description of a deadline cannot be empty.\");"
      },
      {
        "lineNumber": 93,
        "author": {
          "gitId": "mirozo"
        },
        "content": "                    continue;"
      },
      {
        "lineNumber": 94,
        "author": {
          "gitId": "mirozo"
        },
        "content": "                }"
      },
      {
        "lineNumber": 95,
        "author": {
          "gitId": "mirozo"
        },
        "content": "                //split the string by /"
      },
      {
        "lineNumber": 96,
        "author": {
          "gitId": "mirozo"
        },
        "content": "                String[] halves \u003d line.split(\"/by\");"
      },
      {
        "lineNumber": 97,
        "author": {
          "gitId": "mirozo"
        },
        "content": "                String event \u003d halves[0];"
      },
      {
        "lineNumber": 98,
        "author": {
          "gitId": "mirozo"
        },
        "content": "                String by \u003d halves[1];"
      },
      {
        "lineNumber": 99,
        "author": {
          "gitId": "mirozo"
        },
        "content": "                Deadline deadline \u003d new Deadline(event, by);"
      },
      {
        "lineNumber": 100,
        "author": {
          "gitId": "mirozo"
        },
        "content": "                list.add(deadline);"
      },
      {
        "lineNumber": 101,
        "author": {
          "gitId": "mirozo"
        },
        "content": "                System.out.println(\"Got it. I\u0027ve added this task: \\n\""
      },
      {
        "lineNumber": 102,
        "author": {
          "gitId": "mirozo"
        },
        "content": "                        + deadline.toString() + \"\\n Now you have \" + list.size() + \" tasks in the list\");"
      },
      {
        "lineNumber": 103,
        "author": {
          "gitId": "mirozo"
        },
        "content": "            } else if (firstWord.equals(\"event\")) {"
      },
      {
        "lineNumber": 104,
        "author": {
          "gitId": "mirozo"
        },
        "content": "                if (line.equals(\"\")) {"
      },
      {
        "lineNumber": 105,
        "author": {
          "gitId": "mirozo"
        },
        "content": "                    System.out.println(\"☹ OOPS!!! The description of an event cannot be empty.\");"
      },
      {
        "lineNumber": 106,
        "author": {
          "gitId": "mirozo"
        },
        "content": "                    continue;"
      },
      {
        "lineNumber": 107,
        "author": {
          "gitId": "mirozo"
        },
        "content": "                }"
      },
      {
        "lineNumber": 108,
        "author": {
          "gitId": "mirozo"
        },
        "content": "                //split the string by /"
      },
      {
        "lineNumber": 109,
        "author": {
          "gitId": "mirozo"
        },
        "content": "                String[] halves \u003d line.split(\"/at\");"
      },
      {
        "lineNumber": 110,
        "author": {
          "gitId": "mirozo"
        },
        "content": "                String event \u003d halves[0];"
      },
      {
        "lineNumber": 111,
        "author": {
          "gitId": "mirozo"
        },
        "content": "                String at \u003d halves[1];"
      },
      {
        "lineNumber": 112,
        "author": {
          "gitId": "mirozo"
        },
        "content": "                Event myEvent \u003d new Event(event, at);"
      },
      {
        "lineNumber": 113,
        "author": {
          "gitId": "mirozo"
        },
        "content": "                list.add(myEvent);"
      },
      {
        "lineNumber": 114,
        "author": {
          "gitId": "mirozo"
        },
        "content": "                System.out.println(\"Got it. I\u0027ve added this task: \\n\""
      },
      {
        "lineNumber": 115,
        "author": {
          "gitId": "mirozo"
        },
        "content": "                        + myEvent.toString() + \"\\n Now you have \" + list.size() + \" tasks in the list\");"
      },
      {
        "lineNumber": 116,
        "author": {
          "gitId": "mirozo"
        },
        "content": "            } else {"
      },
      {
        "lineNumber": 117,
        "author": {
          "gitId": "mirozo"
        },
        "content": "                System.out.println(\"☹ OOPS!!! I\u0027m sorry, but I don\u0027t know what that means :-(\");"
      },
      {
        "lineNumber": 118,
        "author": {
          "gitId": "mirozo"
        },
        "content": "            }"
      },
      {
        "lineNumber": 119,
        "author": {
          "gitId": "mirozo"
        },
        "content": "        }"
      },
      {
        "lineNumber": 120,
        "author": {
          "gitId": "mirozo"
        },
        "content": ""
      },
      {
        "lineNumber": 121,
        "author": {
          "gitId": "mirozo"
        },
        "content": "        updateTasks(filePath, list);"
      },
      {
        "lineNumber": 122,
        "author": {
          "gitId": "mirozo"
        },
        "content": ""
      },
      {
        "lineNumber": 123,
        "author": {
          "gitId": "mirozo"
        },
        "content": ""
      },
      {
        "lineNumber": 124,
        "author": {
          "gitId": "mirozo"
        },
        "content": "    }"
      },
      {
        "lineNumber": 125,
        "author": {
          "gitId": "mirozo"
        },
        "content": ""
      },
      {
        "lineNumber": 126,
        "author": {
          "gitId": "mirozo"
        },
        "content": "    public static void updateTasks(String filePath, ArrayList\u003cTask\u003e list) throws IOException{"
      },
      {
        "lineNumber": 127,
        "author": {
          "gitId": "mirozo"
        },
        "content": "        FileWriter fw \u003d new FileWriter(filePath);"
      },
      {
        "lineNumber": 128,
        "author": {
          "gitId": "mirozo"
        },
        "content": "        String result \u003d \"\";"
      },
      {
        "lineNumber": 129,
        "author": {
          "gitId": "mirozo"
        },
        "content": "        for (int i \u003d 0; i \u003c list.size(); i++) {"
      },
      {
        "lineNumber": 130,
        "author": {
          "gitId": "mirozo"
        },
        "content": "            Task task \u003d list.get(i);"
      },
      {
        "lineNumber": 131,
        "author": {
          "gitId": "mirozo"
        },
        "content": "            String c \u003d task.getClass().toString();"
      },
      {
        "lineNumber": 132,
        "author": {
          "gitId": "mirozo"
        },
        "content": "            if (c.equals(\"class Todo\")) {"
      },
      {
        "lineNumber": 133,
        "author": {
          "gitId": "mirozo"
        },
        "content": "                String description \u003d task.getDescription();"
      },
      {
        "lineNumber": 134,
        "author": {
          "gitId": "mirozo"
        },
        "content": "                Boolean isDone \u003d task.getStatus();"
      },
      {
        "lineNumber": 135,
        "author": {
          "gitId": "mirozo"
        },
        "content": "                result +\u003d \"todo\" + \" \" + description + \"\\n\";"
      },
      {
        "lineNumber": 136,
        "author": {
          "gitId": "mirozo"
        },
        "content": "                if (isDone) {"
      },
      {
        "lineNumber": 137,
        "author": {
          "gitId": "mirozo"
        },
        "content": "                    result +\u003d \"done \" + (i + 1) + \"\\n\";"
      },
      {
        "lineNumber": 138,
        "author": {
          "gitId": "mirozo"
        },
        "content": "                }"
      },
      {
        "lineNumber": 139,
        "author": {
          "gitId": "mirozo"
        },
        "content": "            } else if (c.equals(\"class Deadline\")) {"
      },
      {
        "lineNumber": 140,
        "author": {
          "gitId": "mirozo"
        },
        "content": "                Deadline deadline \u003d (Deadline) task;"
      },
      {
        "lineNumber": 141,
        "author": {
          "gitId": "mirozo"
        },
        "content": "                String description \u003d deadline.getDescription();"
      },
      {
        "lineNumber": 142,
        "author": {
          "gitId": "mirozo"
        },
        "content": "                Boolean isDone \u003d deadline.getStatus();"
      },
      {
        "lineNumber": 143,
        "author": {
          "gitId": "mirozo"
        },
        "content": "                String by \u003d dateToStringConverter(deadline.getBy());"
      },
      {
        "lineNumber": 144,
        "author": {
          "gitId": "mirozo"
        },
        "content": "                result +\u003d \"deadline\" + \" \" + description + \"/by\" + by + \"\\n\";"
      },
      {
        "lineNumber": 145,
        "author": {
          "gitId": "mirozo"
        },
        "content": "                if (isDone) {"
      },
      {
        "lineNumber": 146,
        "author": {
          "gitId": "mirozo"
        },
        "content": "                    result +\u003d \"done \" + (i + 1) + \"\\n\";"
      },
      {
        "lineNumber": 147,
        "author": {
          "gitId": "mirozo"
        },
        "content": "                }"
      },
      {
        "lineNumber": 148,
        "author": {
          "gitId": "mirozo"
        },
        "content": "            } else if (c.equals(\"class Event\")) {"
      },
      {
        "lineNumber": 149,
        "author": {
          "gitId": "mirozo"
        },
        "content": "                Event event \u003d (Event) task;"
      },
      {
        "lineNumber": 150,
        "author": {
          "gitId": "mirozo"
        },
        "content": "                String description \u003d event.getDescription();"
      },
      {
        "lineNumber": 151,
        "author": {
          "gitId": "mirozo"
        },
        "content": "                Boolean isDone \u003d event.getStatus();"
      },
      {
        "lineNumber": 152,
        "author": {
          "gitId": "mirozo"
        },
        "content": "                String by \u003d dateToStringConverter(event.getAt());"
      },
      {
        "lineNumber": 153,
        "author": {
          "gitId": "mirozo"
        },
        "content": "                result +\u003d \"event\" + \" \" + description + \"/at\" + by + \"\\n\";"
      },
      {
        "lineNumber": 154,
        "author": {
          "gitId": "mirozo"
        },
        "content": "                if (isDone) {"
      },
      {
        "lineNumber": 155,
        "author": {
          "gitId": "mirozo"
        },
        "content": "                    result +\u003d \"done \" + (i + 1) + \"\\n\";"
      },
      {
        "lineNumber": 156,
        "author": {
          "gitId": "mirozo"
        },
        "content": "                }"
      },
      {
        "lineNumber": 157,
        "author": {
          "gitId": "mirozo"
        },
        "content": "            }"
      },
      {
        "lineNumber": 158,
        "author": {
          "gitId": "mirozo"
        },
        "content": "        }"
      },
      {
        "lineNumber": 159,
        "author": {
          "gitId": "mirozo"
        },
        "content": "        fw.write(result);"
      },
      {
        "lineNumber": 160,
        "author": {
          "gitId": "mirozo"
        },
        "content": "        fw.close();"
      },
      {
        "lineNumber": 161,
        "author": {
          "gitId": "mirozo"
        },
        "content": ""
      },
      {
        "lineNumber": 162,
        "author": {
          "gitId": "mirozo"
        },
        "content": "    }"
      },
      {
        "lineNumber": 163,
        "author": {
          "gitId": "mirozo"
        },
        "content": ""
      },
      {
        "lineNumber": 164,
        "author": {
          "gitId": "mirozo"
        },
        "content": "    public static String dateToStringConverter(Date date) {"
      },
      {
        "lineNumber": 165,
        "author": {
          "gitId": "mirozo"
        },
        "content": "        SimpleDateFormat sdf \u003d new SimpleDateFormat(\"dd/M/yyyy HHmm\");"
      },
      {
        "lineNumber": 166,
        "author": {
          "gitId": "mirozo"
        },
        "content": "        String sDate \u003d sdf.format(date);"
      },
      {
        "lineNumber": 167,
        "author": {
          "gitId": "mirozo"
        },
        "content": "        return sDate;"
      },
      {
        "lineNumber": 168,
        "author": {
          "gitId": "mirozo"
        },
        "content": "    }"
      },
      {
        "lineNumber": 169,
        "author": {
          "gitId": "mirozo"
        },
        "content": ""
      },
      {
        "lineNumber": 170,
        "author": {
          "gitId": "mirozo"
        },
        "content": "    public static ArrayList\u003cTask\u003e getTasks(File file) throws FileNotFoundException, ParseException {"
      },
      {
        "lineNumber": 171,
        "author": {
          "gitId": "mirozo"
        },
        "content": "        Scanner sc \u003d new Scanner(file);"
      },
      {
        "lineNumber": 172,
        "author": {
          "gitId": "mirozo"
        },
        "content": "        ArrayList\u003cTask\u003e list \u003d new ArrayList\u003c\u003e();"
      },
      {
        "lineNumber": 173,
        "author": {
          "gitId": "mirozo"
        },
        "content": ""
      },
      {
        "lineNumber": 174,
        "author": {
          "gitId": "mirozo"
        },
        "content": "        while (sc.hasNext()) {"
      },
      {
        "lineNumber": 175,
        "author": {
          "gitId": "mirozo"
        },
        "content": ""
      },
      {
        "lineNumber": 176,
        "author": {
          "gitId": "mirozo"
        },
        "content": "            String userInput \u003d sc.nextLine();"
      },
      {
        "lineNumber": 177,
        "author": {
          "gitId": "mirozo"
        },
        "content": "            String[] words \u003d userInput.split(\" \");"
      },
      {
        "lineNumber": 178,
        "author": {
          "gitId": "mirozo"
        },
        "content": "            String firstWord \u003d words[0];"
      },
      {
        "lineNumber": 179,
        "author": {
          "gitId": "mirozo"
        },
        "content": "            //remove first word"
      },
      {
        "lineNumber": 180,
        "author": {
          "gitId": "mirozo"
        },
        "content": "            String line \u003d \"\";"
      },
      {
        "lineNumber": 181,
        "author": {
          "gitId": "mirozo"
        },
        "content": "            for (int i \u003d 1; i \u003c words.length; i++) {"
      },
      {
        "lineNumber": 182,
        "author": {
          "gitId": "mirozo"
        },
        "content": "                if (i \u003d\u003d words.length - 1) {"
      },
      {
        "lineNumber": 183,
        "author": {
          "gitId": "mirozo"
        },
        "content": "                    line +\u003d words[i];"
      },
      {
        "lineNumber": 184,
        "author": {
          "gitId": "mirozo"
        },
        "content": "                } else {"
      },
      {
        "lineNumber": 185,
        "author": {
          "gitId": "mirozo"
        },
        "content": "                    line +\u003d words[i] + \" \";"
      },
      {
        "lineNumber": 186,
        "author": {
          "gitId": "mirozo"
        },
        "content": "                }"
      },
      {
        "lineNumber": 187,
        "author": {
          "gitId": "mirozo"
        },
        "content": "            }"
      },
      {
        "lineNumber": 188,
        "author": {
          "gitId": "mirozo"
        },
        "content": "            switch (firstWord) {"
      },
      {
        "lineNumber": 189,
        "author": {
          "gitId": "mirozo"
        },
        "content": "                case \"todo\":"
      },
      {
        "lineNumber": 190,
        "author": {
          "gitId": "mirozo"
        },
        "content": "                    Todo task \u003d new Todo(line);"
      },
      {
        "lineNumber": 191,
        "author": {
          "gitId": "mirozo"
        },
        "content": "                    list.add(task);"
      },
      {
        "lineNumber": 192,
        "author": {
          "gitId": "mirozo"
        },
        "content": "                    break;"
      },
      {
        "lineNumber": 193,
        "author": {
          "gitId": "mirozo"
        },
        "content": "                case \"deadline\": {"
      },
      {
        "lineNumber": 194,
        "author": {
          "gitId": "mirozo"
        },
        "content": "                    //split the string by /"
      },
      {
        "lineNumber": 195,
        "author": {
          "gitId": "mirozo"
        },
        "content": "                    String[] halves \u003d line.split(\"/by\");"
      },
      {
        "lineNumber": 196,
        "author": {
          "gitId": "mirozo"
        },
        "content": "                    String event \u003d halves[0];"
      },
      {
        "lineNumber": 197,
        "author": {
          "gitId": "mirozo"
        },
        "content": "                    String by \u003d halves[1];"
      },
      {
        "lineNumber": 198,
        "author": {
          "gitId": "mirozo"
        },
        "content": "                    Deadline deadline \u003d new Deadline(event, by);"
      },
      {
        "lineNumber": 199,
        "author": {
          "gitId": "mirozo"
        },
        "content": "                    list.add(deadline);"
      },
      {
        "lineNumber": 200,
        "author": {
          "gitId": "mirozo"
        },
        "content": "                    break;"
      },
      {
        "lineNumber": 201,
        "author": {
          "gitId": "mirozo"
        },
        "content": "                }"
      },
      {
        "lineNumber": 202,
        "author": {
          "gitId": "mirozo"
        },
        "content": "                case \"event\": {"
      },
      {
        "lineNumber": 203,
        "author": {
          "gitId": "mirozo"
        },
        "content": "                    //split the string by /"
      },
      {
        "lineNumber": 204,
        "author": {
          "gitId": "mirozo"
        },
        "content": "                    String[] halves \u003d line.split(\"/at\");"
      },
      {
        "lineNumber": 205,
        "author": {
          "gitId": "mirozo"
        },
        "content": "                    String event \u003d halves[0];"
      },
      {
        "lineNumber": 206,
        "author": {
          "gitId": "mirozo"
        },
        "content": "                    String at \u003d halves[1];"
      },
      {
        "lineNumber": 207,
        "author": {
          "gitId": "mirozo"
        },
        "content": "                    Event myEvent \u003d new Event(event, at);"
      },
      {
        "lineNumber": 208,
        "author": {
          "gitId": "mirozo"
        },
        "content": "                    list.add(myEvent);"
      },
      {
        "lineNumber": 209,
        "author": {
          "gitId": "mirozo"
        },
        "content": "                    break;"
      },
      {
        "lineNumber": 210,
        "author": {
          "gitId": "mirozo"
        },
        "content": "                }"
      },
      {
        "lineNumber": 211,
        "author": {
          "gitId": "mirozo"
        },
        "content": "                case \"done\": {"
      },
      {
        "lineNumber": 212,
        "author": {
          "gitId": "mirozo"
        },
        "content": "                    int position \u003d Integer.parseInt(words[1]) - 1;"
      },
      {
        "lineNumber": 213,
        "author": {
          "gitId": "mirozo"
        },
        "content": "                    Task currTask \u003d list.get(position);"
      },
      {
        "lineNumber": 214,
        "author": {
          "gitId": "mirozo"
        },
        "content": "                    currTask.doTask();"
      },
      {
        "lineNumber": 215,
        "author": {
          "gitId": "mirozo"
        },
        "content": "                    break;"
      },
      {
        "lineNumber": 216,
        "author": {
          "gitId": "mirozo"
        },
        "content": "                }"
      },
      {
        "lineNumber": 217,
        "author": {
          "gitId": "mirozo"
        },
        "content": "            }"
      },
      {
        "lineNumber": 218,
        "author": {
          "gitId": "mirozo"
        },
        "content": "        }"
      },
      {
        "lineNumber": 219,
        "author": {
          "gitId": "mirozo"
        },
        "content": "        return list;"
      },
      {
        "lineNumber": 220,
        "author": {
          "gitId": "-"
        },
        "content": "    }"
      },
      {
        "lineNumber": 221,
        "author": {
          "gitId": "-"
        },
        "content": "}"
      }
    ],
    "authorContributionMap": {
      "mirozo": 213,
      "-": 8
    }
  },
  {
    "path": "src/main/java/Event.java",
    "fileType": "java",
    "lines": [
      {
        "lineNumber": 1,
        "author": {
          "gitId": "mirozo"
        },
        "content": "import java.text.ParseException;"
      },
      {
        "lineNumber": 2,
        "author": {
          "gitId": "mirozo"
        },
        "content": "import java.text.SimpleDateFormat;"
      },
      {
        "lineNumber": 3,
        "author": {
          "gitId": "mirozo"
        },
        "content": "import java.util.Date;"
      },
      {
        "lineNumber": 4,
        "author": {
          "gitId": "mirozo"
        },
        "content": ""
      },
      {
        "lineNumber": 5,
        "author": {
          "gitId": "mirozo"
        },
        "content": "public class Event extends Task {"
      },
      {
        "lineNumber": 6,
        "author": {
          "gitId": "mirozo"
        },
        "content": "    private Date at;"
      },
      {
        "lineNumber": 7,
        "author": {
          "gitId": "mirozo"
        },
        "content": "    public Event(String description, String at) throws ParseException {"
      },
      {
        "lineNumber": 8,
        "author": {
          "gitId": "mirozo"
        },
        "content": "        super(description);"
      },
      {
        "lineNumber": 9,
        "author": {
          "gitId": "mirozo"
        },
        "content": "        Date date\u003dnew SimpleDateFormat(\"dd/MM/yyyy HHmm\").parse(at);"
      },
      {
        "lineNumber": 10,
        "author": {
          "gitId": "mirozo"
        },
        "content": "        this.at \u003d date;"
      },
      {
        "lineNumber": 11,
        "author": {
          "gitId": "mirozo"
        },
        "content": "    }"
      },
      {
        "lineNumber": 12,
        "author": {
          "gitId": "mirozo"
        },
        "content": ""
      },
      {
        "lineNumber": 13,
        "author": {
          "gitId": "mirozo"
        },
        "content": "    public Date getAt() {"
      },
      {
        "lineNumber": 14,
        "author": {
          "gitId": "mirozo"
        },
        "content": "        return this.at;"
      },
      {
        "lineNumber": 15,
        "author": {
          "gitId": "mirozo"
        },
        "content": "    }"
      },
      {
        "lineNumber": 16,
        "author": {
          "gitId": "mirozo"
        },
        "content": ""
      },
      {
        "lineNumber": 17,
        "author": {
          "gitId": "mirozo"
        },
        "content": "    @Override"
      },
      {
        "lineNumber": 18,
        "author": {
          "gitId": "mirozo"
        },
        "content": "    public String toString() {"
      },
      {
        "lineNumber": 19,
        "author": {
          "gitId": "mirozo"
        },
        "content": "        return \"[E]\" + super.toString() + \"(at: \" + this.at + \")\";"
      },
      {
        "lineNumber": 20,
        "author": {
          "gitId": "mirozo"
        },
        "content": "    }"
      },
      {
        "lineNumber": 21,
        "author": {
          "gitId": "mirozo"
        },
        "content": "}"
      }
    ],
    "authorContributionMap": {
      "mirozo": 21
    }
  },
  {
    "path": "src/main/java/Task.java",
    "fileType": "java",
    "lines": [
      {
        "lineNumber": 1,
        "author": {
          "gitId": "mirozo"
        },
        "content": "public class Task {"
      },
      {
        "lineNumber": 2,
        "author": {
          "gitId": "mirozo"
        },
        "content": "    protected String description;"
      },
      {
        "lineNumber": 3,
        "author": {
          "gitId": "mirozo"
        },
        "content": "    protected boolean isDone;"
      },
      {
        "lineNumber": 4,
        "author": {
          "gitId": "mirozo"
        },
        "content": ""
      },
      {
        "lineNumber": 5,
        "author": {
          "gitId": "mirozo"
        },
        "content": "    public Task(String description) {"
      },
      {
        "lineNumber": 6,
        "author": {
          "gitId": "mirozo"
        },
        "content": "        this.description \u003d description;"
      },
      {
        "lineNumber": 7,
        "author": {
          "gitId": "mirozo"
        },
        "content": "        this.isDone \u003d false;"
      },
      {
        "lineNumber": 8,
        "author": {
          "gitId": "mirozo"
        },
        "content": "    }"
      },
      {
        "lineNumber": 9,
        "author": {
          "gitId": "mirozo"
        },
        "content": ""
      },
      {
        "lineNumber": 10,
        "author": {
          "gitId": "mirozo"
        },
        "content": "    public Boolean getStatus() {"
      },
      {
        "lineNumber": 11,
        "author": {
          "gitId": "mirozo"
        },
        "content": "        return this.isDone;"
      },
      {
        "lineNumber": 12,
        "author": {
          "gitId": "mirozo"
        },
        "content": "    }"
      },
      {
        "lineNumber": 13,
        "author": {
          "gitId": "mirozo"
        },
        "content": ""
      },
      {
        "lineNumber": 14,
        "author": {
          "gitId": "mirozo"
        },
        "content": "    public String getStatusIcon() {"
      },
      {
        "lineNumber": 15,
        "author": {
          "gitId": "mirozo"
        },
        "content": "        return (isDone ? \"\\u2713\" : \"\\u2718\"); //return tick or X symbols"
      },
      {
        "lineNumber": 16,
        "author": {
          "gitId": "mirozo"
        },
        "content": "    }"
      },
      {
        "lineNumber": 17,
        "author": {
          "gitId": "mirozo"
        },
        "content": ""
      },
      {
        "lineNumber": 18,
        "author": {
          "gitId": "mirozo"
        },
        "content": "    public void doTask() {"
      },
      {
        "lineNumber": 19,
        "author": {
          "gitId": "mirozo"
        },
        "content": "        this.isDone \u003d true;"
      },
      {
        "lineNumber": 20,
        "author": {
          "gitId": "mirozo"
        },
        "content": "    }"
      },
      {
        "lineNumber": 21,
        "author": {
          "gitId": "mirozo"
        },
        "content": ""
      },
      {
        "lineNumber": 22,
        "author": {
          "gitId": "mirozo"
        },
        "content": "    public String getDescription() {"
      },
      {
        "lineNumber": 23,
        "author": {
          "gitId": "mirozo"
        },
        "content": "        return this.description;"
      },
      {
        "lineNumber": 24,
        "author": {
          "gitId": "mirozo"
        },
        "content": "    }"
      },
      {
        "lineNumber": 25,
        "author": {
          "gitId": "mirozo"
        },
        "content": ""
      },
      {
        "lineNumber": 26,
        "author": {
          "gitId": "mirozo"
        },
        "content": "    public String toString() {"
      },
      {
        "lineNumber": 27,
        "author": {
          "gitId": "mirozo"
        },
        "content": "        return \"[\" + this.getStatusIcon() + \"] \" + this.description;"
      },
      {
        "lineNumber": 28,
        "author": {
          "gitId": "mirozo"
        },
        "content": "    }"
      },
      {
        "lineNumber": 29,
        "author": {
          "gitId": "mirozo"
        },
        "content": ""
      },
      {
        "lineNumber": 30,
        "author": {
          "gitId": "mirozo"
        },
        "content": ""
      },
      {
        "lineNumber": 31,
        "author": {
          "gitId": "mirozo"
        },
        "content": "}"
      }
    ],
    "authorContributionMap": {
      "mirozo": 31
    }
  },
  {
    "path": "src/main/java/Todo.java",
    "fileType": "java",
    "lines": [
      {
        "lineNumber": 1,
        "author": {
          "gitId": "mirozo"
        },
        "content": "public class Todo extends Task{"
      },
      {
        "lineNumber": 2,
        "author": {
          "gitId": "mirozo"
        },
        "content": "    private String by;"
      },
      {
        "lineNumber": 3,
        "author": {
          "gitId": "mirozo"
        },
        "content": ""
      },
      {
        "lineNumber": 4,
        "author": {
          "gitId": "mirozo"
        },
        "content": "    public Todo(String description) {"
      },
      {
        "lineNumber": 5,
        "author": {
          "gitId": "mirozo"
        },
        "content": "        super(description);"
      },
      {
        "lineNumber": 6,
        "author": {
          "gitId": "mirozo"
        },
        "content": ""
      },
      {
        "lineNumber": 7,
        "author": {
          "gitId": "mirozo"
        },
        "content": "    }"
      },
      {
        "lineNumber": 8,
        "author": {
          "gitId": "mirozo"
        },
        "content": ""
      },
      {
        "lineNumber": 9,
        "author": {
          "gitId": "mirozo"
        },
        "content": "    @Override"
      },
      {
        "lineNumber": 10,
        "author": {
          "gitId": "mirozo"
        },
        "content": "    public String toString() {"
      },
      {
        "lineNumber": 11,
        "author": {
          "gitId": "mirozo"
        },
        "content": "        return \"[T]\" + super.toString();"
      },
      {
        "lineNumber": 12,
        "author": {
          "gitId": "mirozo"
        },
        "content": "    }"
      },
      {
        "lineNumber": 13,
        "author": {
          "gitId": "mirozo"
        },
        "content": "}"
      }
    ],
    "authorContributionMap": {
      "mirozo": 13
    }
  },
  {
    "path": "tasks.txt",
    "fileType": "txt",
    "lines": [
      {
        "lineNumber": 1,
        "author": {
          "gitId": "mirozo"
        },
        "content": "todo run"
      },
      {
        "lineNumber": 2,
        "author": {
          "gitId": "mirozo"
        },
        "content": "done 1"
      },
      {
        "lineNumber": 3,
        "author": {
          "gitId": "mirozo"
        },
        "content": "event party /at12/12/2012 1800"
      },
      {
        "lineNumber": 4,
        "author": {
          "gitId": "mirozo"
        },
        "content": "done 2"
      }
    ],
    "authorContributionMap": {
      "mirozo": 4
    }
  },
  {
    "path": "text-ui-test/EXPECTED.txt",
    "fileType": "txt",
    "lines": [
      {
        "lineNumber": 1,
        "author": {
          "gitId": "mirozo"
        },
        "content": "Hello from"
      },
      {
        "lineNumber": 2,
        "author": {
          "gitId": "mirozo"
        },
        "content": " ____        _        "
      },
      {
        "lineNumber": 3,
        "author": {
          "gitId": "mirozo"
        },
        "content": "|  _ \\ _   _| | _____ "
      },
      {
        "lineNumber": 4,
        "author": {
          "gitId": "mirozo"
        },
        "content": "| | | | | | | |/ / _ \\"
      },
      {
        "lineNumber": 5,
        "author": {
          "gitId": "mirozo"
        },
        "content": "| |_| | |_| |   \u003c  __/"
      },
      {
        "lineNumber": 6,
        "author": {
          "gitId": "mirozo"
        },
        "content": "|____/ \\__,_|_|\\_\\___|"
      },
      {
        "lineNumber": 7,
        "author": {
          "gitId": "mirozo"
        },
        "content": ""
      },
      {
        "lineNumber": 8,
        "author": {
          "gitId": "mirozo"
        },
        "content": " What can I do for you? "
      },
      {
        "lineNumber": 9,
        "author": {
          "gitId": "mirozo"
        },
        "content": "Got it. I\u0027ve added this task: "
      },
      {
        "lineNumber": 10,
        "author": {
          "gitId": "mirozo"
        },
        "content": "[T][✘] dance"
      },
      {
        "lineNumber": 11,
        "author": {
          "gitId": "mirozo"
        },
        "content": " Now you have 1 tasks in the list"
      },
      {
        "lineNumber": 12,
        "author": {
          "gitId": "mirozo"
        },
        "content": "Got it. I\u0027ve added this task: "
      },
      {
        "lineNumber": 13,
        "author": {
          "gitId": "mirozo"
        },
        "content": "[D][✘] dance (by: 2pm)"
      },
      {
        "lineNumber": 14,
        "author": {
          "gitId": "mirozo"
        },
        "content": " Now you have 2 tasks in the list"
      },
      {
        "lineNumber": 15,
        "author": {
          "gitId": "mirozo"
        },
        "content": "Got it. I\u0027ve added this task: "
      },
      {
        "lineNumber": 16,
        "author": {
          "gitId": "mirozo"
        },
        "content": "[E][✘] dance all around (at: 4-6pm)"
      },
      {
        "lineNumber": 17,
        "author": {
          "gitId": "mirozo"
        },
        "content": " Now you have 3 tasks in the listHere are the tasks in your list: "
      },
      {
        "lineNumber": 18,
        "author": {
          "gitId": "mirozo"
        },
        "content": "1. [T][✘] dance"
      },
      {
        "lineNumber": 19,
        "author": {
          "gitId": "mirozo"
        },
        "content": "2. [D][✘] dance (by: 2pm)"
      },
      {
        "lineNumber": 20,
        "author": {
          "gitId": "mirozo"
        },
        "content": "3. [E][✘] dance all around (at: 4-6pm)"
      },
      {
        "lineNumber": 21,
        "author": {
          "gitId": "mirozo"
        },
        "content": "Here are the tasks in your list: "
      },
      {
        "lineNumber": 22,
        "author": {
          "gitId": "mirozo"
        },
        "content": "1. [T][✘] dance"
      },
      {
        "lineNumber": 23,
        "author": {
          "gitId": "mirozo"
        },
        "content": "2. [D][✘] dance (by: 2pm)"
      },
      {
        "lineNumber": 24,
        "author": {
          "gitId": "mirozo"
        },
        "content": "3. [E][✘] dance all around (at: 4-6pm)"
      },
      {
        "lineNumber": 25,
        "author": {
          "gitId": "mirozo"
        },
        "content": "Nice! I\u0027ve marked this task as done: "
      },
      {
        "lineNumber": 26,
        "author": {
          "gitId": "mirozo"
        },
        "content": " [T][✓] dance"
      },
      {
        "lineNumber": 27,
        "author": {
          "gitId": "mirozo"
        },
        "content": "Here are the tasks in your list: "
      },
      {
        "lineNumber": 28,
        "author": {
          "gitId": "mirozo"
        },
        "content": "1. [T][✓] dance"
      },
      {
        "lineNumber": 29,
        "author": {
          "gitId": "mirozo"
        },
        "content": "2. [D][✘] dance (by: 2pm)"
      },
      {
        "lineNumber": 30,
        "author": {
          "gitId": "mirozo"
        },
        "content": "3. [E][✘] dance all around (at: 4-6pm)"
      }
    ],
    "authorContributionMap": {
      "mirozo": 30
    }
  },
  {
    "path": "text-ui-test/input.txt",
    "fileType": "txt",
    "lines": [
      {
        "lineNumber": 1,
        "author": {
          "gitId": "mirozo"
        },
        "content": "todo dance"
      },
      {
        "lineNumber": 2,
        "author": {
          "gitId": "mirozo"
        },
        "content": "deadline dance /by 2pm"
      },
      {
        "lineNumber": 3,
        "author": {
          "gitId": "mirozo"
        },
        "content": "event dance all around /at 4-6pm"
      },
      {
        "lineNumber": 4,
        "author": {
          "gitId": "mirozo"
        },
        "content": "list"
      },
      {
        "lineNumber": 5,
        "author": {
          "gitId": "mirozo"
        },
        "content": "done 1"
      },
      {
        "lineNumber": 6,
        "author": {
          "gitId": "mirozo"
        },
        "content": "list"
      }
    ],
    "authorContributionMap": {
      "mirozo": 6
    }
  },
  {
    "path": "text-ui-test/runtest.bat",
    "fileType": "bat",
    "lines": [
      {
        "lineNumber": 1,
        "author": {
          "gitId": "mirozo"
        },
        "content": "@ECHO OFF"
      },
      {
        "lineNumber": 2,
        "author": {
          "gitId": "mirozo"
        },
        "content": ""
      },
      {
        "lineNumber": 3,
        "author": {
          "gitId": "mirozo"
        },
        "content": "REM create bin directory if it doesn\u0027t exist"
      },
      {
        "lineNumber": 4,
        "author": {
          "gitId": "mirozo"
        },
        "content": "if not exist ..\\bin mkdir ..\\bin"
      },
      {
        "lineNumber": 5,
        "author": {
          "gitId": "mirozo"
        },
        "content": ""
      },
      {
        "lineNumber": 6,
        "author": {
          "gitId": "mirozo"
        },
        "content": "REM delete output from previous run"
      },
      {
        "lineNumber": 7,
        "author": {
          "gitId": "mirozo"
        },
        "content": "del ACTUAL.TXT"
      },
      {
        "lineNumber": 8,
        "author": {
          "gitId": "mirozo"
        },
        "content": ""
      },
      {
        "lineNumber": 9,
        "author": {
          "gitId": "mirozo"
        },
        "content": "REM compile the code into the bin folder"
      },
      {
        "lineNumber": 10,
        "author": {
          "gitId": "mirozo"
        },
        "content": "javac -C:\\Users\\johnn\\CS2103\\Week2\\src -Xlint:none -d ..\\bin ..\\src\\main\\java\\Duke.java"
      },
      {
        "lineNumber": 11,
        "author": {
          "gitId": "mirozo"
        },
        "content": "IF ERRORLEVEL 1 ("
      },
      {
        "lineNumber": 12,
        "author": {
          "gitId": "mirozo"
        },
        "content": "    echo ********** BUILD FAILURE **********"
      },
      {
        "lineNumber": 13,
        "author": {
          "gitId": "mirozo"
        },
        "content": "    exit /b 1"
      },
      {
        "lineNumber": 14,
        "author": {
          "gitId": "mirozo"
        },
        "content": ")"
      },
      {
        "lineNumber": 15,
        "author": {
          "gitId": "mirozo"
        },
        "content": "REM no error here, errorlevel \u003d\u003d 0"
      },
      {
        "lineNumber": 16,
        "author": {
          "gitId": "mirozo"
        },
        "content": ""
      },
      {
        "lineNumber": 17,
        "author": {
          "gitId": "mirozo"
        },
        "content": "REM run the program, feed commands from input.txt file and redirect the output to the ACTUAL.TXT"
      },
      {
        "lineNumber": 18,
        "author": {
          "gitId": "mirozo"
        },
        "content": "java -C:\\Users\\johnn\\CS2103\\Week2\\src\\bin Duke \u003c input.txt \u003e ACTUAL.TXT"
      },
      {
        "lineNumber": 19,
        "author": {
          "gitId": "mirozo"
        },
        "content": ""
      },
      {
        "lineNumber": 20,
        "author": {
          "gitId": "mirozo"
        },
        "content": "REM compare the output to the expected output"
      },
      {
        "lineNumber": 21,
        "author": {
          "gitId": "mirozo"
        },
        "content": "FC ACTUAL.TXT EXPECTED.TXT"
      }
    ],
    "authorContributionMap": {
      "mirozo": 21
    }
  }
]
