{
  "authorDailyContributionsMap": {
    "mirozo": [
      {
        "insertions": 64,
        "deletions": 7,
        "date": "2019-08-20",
        "commitResults": [
          {
            "hash": "d97ae527e962160e9b92b947a491d0c36a8d9541",
            "messageTitle": "Level1-1",
            "messageBody": "",
            "insertions": 12,
            "deletions": 1
          },
          {
            "hash": "cd1f601c5ca7dc93e521f046904a32b514da461c",
            "messageTitle": "Adding a newline after each response",
            "messageBody": "",
            "insertions": 1,
            "deletions": 1
          },
          {
            "hash": "79ae4d41edb48799cc5c8bdf24062f30d069e729",
            "messageTitle": "Level-2",
            "messageBody": "",
            "insertions": 10,
            "deletions": 2
          },
          {
            "hash": "a10c6003b81ca92a417550df967a0e943943a02f",
            "messageTitle": "Level-3",
            "messageBody": "",
            "insertions": 41,
            "deletions": 3
          }
        ]
      },
      {
        "insertions": 186,
        "deletions": 31,
        "date": "2019-08-21",
        "commitResults": [
          {
            "hash": "242d9f51568d93d71b5c0380371b88d9a9231511",
            "messageTitle": "Level-4",
            "messageBody": "",
            "insertions": 84,
            "deletions": 3
          },
          {
            "hash": "9f66ede36959b6c24ec4a57e472cd5cdb9ce9f99",
            "messageTitle": "Debugged Level-4",
            "messageBody": "",
            "insertions": 16,
            "deletions": 24
          },
          {
            "hash": "ccb1ba82349d3df63ee56d8e29d72635afa83cc4",
            "messageTitle": "Level-5 exception handling",
            "messageBody": "",
            "insertions": 73,
            "deletions": 3
          },
          {
            "hash": "0842138c203a82b288c046a4bb4a5d31b8d327ff",
            "messageTitle": "Level-6 delete function",
            "messageBody": "",
            "insertions": 13,
            "deletions": 1
          }
        ]
      },
      {
        "insertions": 150,
        "deletions": 11,
        "date": "2019-08-26",
        "commitResults": [
          {
            "hash": "03ed65198ef7fe0e18920089afd8198b2c17a036",
            "messageTitle": "Reading and writing to tasks.txt",
            "messageBody": "",
            "insertions": 129,
            "deletions": 2
          },
          {
            "hash": "a6d783d85e972c7a0f20bf2c676aacb976272827",
            "messageTitle": "Add dates",
            "messageBody": "",
            "insertions": 21,
            "deletions": 9
          }
        ]
      },
      {
        "insertions": 325,
        "deletions": 202,
        "date": "2019-08-27",
        "commitResults": [
          {
            "hash": "b5b3eafd28c898b322dcb82bb9692b8e03db3332",
            "messageTitle": "refactored code",
            "messageBody": "",
            "insertions": 325,
            "deletions": 202
          }
        ]
      },
      {
        "insertions": 80,
        "deletions": 7,
        "date": "2019-08-28",
        "commitResults": [
          {
            "hash": "a0efca3e9e34442990fe5b8d9f6bf25260c273a8",
            "messageTitle": "Added tests for tasks",
            "messageBody": "",
            "insertions": 68,
            "deletions": 7
          },
          {
            "hash": "89a144770c012de275b22d82975b824f9d012fbf",
            "messageTitle": "Search feature",
            "messageBody": "",
            "insertions": 12,
            "deletions": 0
          }
        ]
      },
      {
        "insertions": 55,
        "deletions": 3,
        "date": "2019-08-29",
        "commitResults": [
          {
            "hash": "dce9cb690c5d6a62fb861eca6df12286639e0493",
            "messageTitle": "JavaDocs",
            "messageBody": "",
            "insertions": 55,
            "deletions": 3
          }
        ]
      }
    ]
  },
  "authorFinalContributionMap": {
    "mirozo": 615
  },
  "authorFileTypeContributionMap": {
    "mirozo": {
      "java": 553,
      "md": 0,
      "fxml": 0,
      "sh": 0,
      "bat": 21,
      "gradle": 0,
      "txt": 41
    }
  },
  "authorContributionVariance": {
    "mirozo": 19782.354
  },
  "authorDisplayNameMap": {
    "mirozo": "GOH  ..  ZHI"
  }
}
