[
  {
    "path": "src/main/java/Deadline.java",
    "fileType": "java",
    "lines": [
      {
        "lineNumber": 1,
        "author": {
          "gitId": "MackyMaguire"
        },
        "content": "public class Deadline extends Task {"
      },
      {
        "lineNumber": 2,
        "author": {
          "gitId": "MackyMaguire"
        },
        "content": "    protected String time;"
      },
      {
        "lineNumber": 3,
        "author": {
          "gitId": "MackyMaguire"
        },
        "content": ""
      },
      {
        "lineNumber": 4,
        "author": {
          "gitId": "MackyMaguire"
        },
        "content": "    public Deadline(String name, String time) {"
      },
      {
        "lineNumber": 5,
        "author": {
          "gitId": "MackyMaguire"
        },
        "content": "        super(name);"
      },
      {
        "lineNumber": 6,
        "author": {
          "gitId": "MackyMaguire"
        },
        "content": "        this.time \u003d time;"
      },
      {
        "lineNumber": 7,
        "author": {
          "gitId": "MackyMaguire"
        },
        "content": "    }"
      },
      {
        "lineNumber": 8,
        "author": {
          "gitId": "MackyMaguire"
        },
        "content": ""
      },
      {
        "lineNumber": 9,
        "author": {
          "gitId": "MackyMaguire"
        },
        "content": "    @Override"
      },
      {
        "lineNumber": 10,
        "author": {
          "gitId": "MackyMaguire"
        },
        "content": "    public String toString() {"
      },
      {
        "lineNumber": 11,
        "author": {
          "gitId": "MackyMaguire"
        },
        "content": "        return String.format(\"[D]%s (by: %s)\", super.toString(), this.time);"
      },
      {
        "lineNumber": 12,
        "author": {
          "gitId": "MackyMaguire"
        },
        "content": "    }"
      },
      {
        "lineNumber": 13,
        "author": {
          "gitId": "MackyMaguire"
        },
        "content": "}"
      }
    ],
    "authorContributionMap": {
      "MackyMaguire": 13
    }
  },
  {
    "path": "src/main/java/Duke.java",
    "fileType": "java",
    "lines": [
      {
        "lineNumber": 1,
        "author": {
          "gitId": "MackyMaguire"
        },
        "content": "import java.lang.reflect.Array;"
      },
      {
        "lineNumber": 2,
        "author": {
          "gitId": "MackyMaguire"
        },
        "content": "import java.util.Scanner;"
      },
      {
        "lineNumber": 3,
        "author": {
          "gitId": "MackyMaguire"
        },
        "content": "import java.util.ArrayList;"
      },
      {
        "lineNumber": 4,
        "author": {
          "gitId": "MackyMaguire"
        },
        "content": ""
      },
      {
        "lineNumber": 5,
        "author": {
          "gitId": "-"
        },
        "content": "public class Duke {"
      },
      {
        "lineNumber": 6,
        "author": {
          "gitId": "MackyMaguire"
        },
        "content": "    static ArrayList\u003cTask\u003e tasks \u003d new ArrayList\u003cTask\u003e();"
      },
      {
        "lineNumber": 7,
        "author": {
          "gitId": "MackyMaguire"
        },
        "content": ""
      },
      {
        "lineNumber": 8,
        "author": {
          "gitId": "MackyMaguire"
        },
        "content": "    static void list(String s) throws DukeException {"
      },
      {
        "lineNumber": 9,
        "author": {
          "gitId": "MackyMaguire"
        },
        "content": "        if (!s.isBlank()) {"
      },
      {
        "lineNumber": 10,
        "author": {
          "gitId": "MackyMaguire"
        },
        "content": "            throw new DukeException(\"OOPS!!! No input is needed after \u0027list\u0027\");"
      },
      {
        "lineNumber": 11,
        "author": {
          "gitId": "MackyMaguire"
        },
        "content": "        }"
      },
      {
        "lineNumber": 12,
        "author": {
          "gitId": "MackyMaguire"
        },
        "content": "        System.out.println(\"Here are the tasks in your list: \");"
      },
      {
        "lineNumber": 13,
        "author": {
          "gitId": "MackyMaguire"
        },
        "content": "        for (int i \u003d 0; i \u003c tasks.size(); i++) {"
      },
      {
        "lineNumber": 14,
        "author": {
          "gitId": "MackyMaguire"
        },
        "content": "            System.out.println((i + 1) + \". \" + tasks.get(i).toString());"
      },
      {
        "lineNumber": 15,
        "author": {
          "gitId": "MackyMaguire"
        },
        "content": "        }"
      },
      {
        "lineNumber": 16,
        "author": {
          "gitId": "MackyMaguire"
        },
        "content": "    }"
      },
      {
        "lineNumber": 17,
        "author": {
          "gitId": "MackyMaguire"
        },
        "content": ""
      },
      {
        "lineNumber": 18,
        "author": {
          "gitId": "MackyMaguire"
        },
        "content": "    static void done(String number) throws DukeException {"
      },
      {
        "lineNumber": 19,
        "author": {
          "gitId": "MackyMaguire"
        },
        "content": "        try {"
      },
      {
        "lineNumber": 20,
        "author": {
          "gitId": "MackyMaguire"
        },
        "content": "            Task doneTask \u003d tasks.get(Integer.parseInt(number) - 1);"
      },
      {
        "lineNumber": 21,
        "author": {
          "gitId": "MackyMaguire"
        },
        "content": "            doneTask.markDone();"
      },
      {
        "lineNumber": 22,
        "author": {
          "gitId": "MackyMaguire"
        },
        "content": "            System.out.println(\"Nice! I\u0027ve marked this task as done: \\n\" + doneTask.toString());"
      },
      {
        "lineNumber": 23,
        "author": {
          "gitId": "MackyMaguire"
        },
        "content": "        }"
      },
      {
        "lineNumber": 24,
        "author": {
          "gitId": "MackyMaguire"
        },
        "content": "        catch (Exception e) {"
      },
      {
        "lineNumber": 25,
        "author": {
          "gitId": "MackyMaguire"
        },
        "content": "            throw new DukeException(String.format(\"OOPS!!! Please input a number between 1 and %d after \u0027done\u0027\","
      },
      {
        "lineNumber": 26,
        "author": {
          "gitId": "MackyMaguire"
        },
        "content": "                    tasks.size()));"
      },
      {
        "lineNumber": 27,
        "author": {
          "gitId": "MackyMaguire"
        },
        "content": "        }"
      },
      {
        "lineNumber": 28,
        "author": {
          "gitId": "MackyMaguire"
        },
        "content": "    }"
      },
      {
        "lineNumber": 29,
        "author": {
          "gitId": "MackyMaguire"
        },
        "content": ""
      },
      {
        "lineNumber": 30,
        "author": {
          "gitId": "MackyMaguire"
        },
        "content": "    static void delete(String number) throws DukeException {"
      },
      {
        "lineNumber": 31,
        "author": {
          "gitId": "MackyMaguire"
        },
        "content": "        try {"
      },
      {
        "lineNumber": 32,
        "author": {
          "gitId": "MackyMaguire"
        },
        "content": "            Task deleted \u003d tasks.remove(Integer.parseInt(number) - 1);"
      },
      {
        "lineNumber": 33,
        "author": {
          "gitId": "MackyMaguire"
        },
        "content": "            System.out.println(String.format(\"Noted. I\u0027ve removed this task:\\n  %s\\nNow you have %d tasks in the list\","
      },
      {
        "lineNumber": 34,
        "author": {
          "gitId": "MackyMaguire"
        },
        "content": "                deleted.toString(), tasks.size()));"
      },
      {
        "lineNumber": 35,
        "author": {
          "gitId": "MackyMaguire"
        },
        "content": "        }"
      },
      {
        "lineNumber": 36,
        "author": {
          "gitId": "MackyMaguire"
        },
        "content": "        catch (Exception e) {"
      },
      {
        "lineNumber": 37,
        "author": {
          "gitId": "MackyMaguire"
        },
        "content": "            throw new DukeException(String.format(\"OOPS!!! Please input a number between 1 and %d after \u0027delete\u0027\","
      },
      {
        "lineNumber": 38,
        "author": {
          "gitId": "MackyMaguire"
        },
        "content": "                    tasks.size()));"
      },
      {
        "lineNumber": 39,
        "author": {
          "gitId": "MackyMaguire"
        },
        "content": "        }"
      },
      {
        "lineNumber": 40,
        "author": {
          "gitId": "MackyMaguire"
        },
        "content": "    }"
      },
      {
        "lineNumber": 41,
        "author": {
          "gitId": "MackyMaguire"
        },
        "content": ""
      },
      {
        "lineNumber": 42,
        "author": {
          "gitId": "MackyMaguire"
        },
        "content": "    static void deadline(String s) throws DukeException {"
      },
      {
        "lineNumber": 43,
        "author": {
          "gitId": "MackyMaguire"
        },
        "content": "        try {"
      },
      {
        "lineNumber": 44,
        "author": {
          "gitId": "MackyMaguire"
        },
        "content": "            String[] split \u003d s.split(\" /by \");"
      },
      {
        "lineNumber": 45,
        "author": {
          "gitId": "MackyMaguire"
        },
        "content": "            if (split[0].isBlank() || split[1].isBlank()) {"
      },
      {
        "lineNumber": 46,
        "author": {
          "gitId": "MackyMaguire"
        },
        "content": "                throw new Exception();"
      },
      {
        "lineNumber": 47,
        "author": {
          "gitId": "MackyMaguire"
        },
        "content": "            }"
      },
      {
        "lineNumber": 48,
        "author": {
          "gitId": "MackyMaguire"
        },
        "content": "            Deadline dl \u003d new Deadline(split[0], split[1]);"
      },
      {
        "lineNumber": 49,
        "author": {
          "gitId": "MackyMaguire"
        },
        "content": "            tasks.add(dl);"
      },
      {
        "lineNumber": 50,
        "author": {
          "gitId": "MackyMaguire"
        },
        "content": "            System.out.println(String.format(\"Got it. I\u0027ve added this task:\\n  %s\\nNow you have %d tasks in the list\","
      },
      {
        "lineNumber": 51,
        "author": {
          "gitId": "MackyMaguire"
        },
        "content": "                    dl.toString(), tasks.size()));"
      },
      {
        "lineNumber": 52,
        "author": {
          "gitId": "MackyMaguire"
        },
        "content": "        }"
      },
      {
        "lineNumber": 53,
        "author": {
          "gitId": "MackyMaguire"
        },
        "content": "        catch (Exception e) {"
      },
      {
        "lineNumber": 54,
        "author": {
          "gitId": "MackyMaguire"
        },
        "content": "            throw new DukeException(\"OOPS!!! Please input in this format: \u0027deadline \u003ctask\u003e /by \u003ctime\u003e\u0027\");"
      },
      {
        "lineNumber": 55,
        "author": {
          "gitId": "MackyMaguire"
        },
        "content": "        }"
      },
      {
        "lineNumber": 56,
        "author": {
          "gitId": "MackyMaguire"
        },
        "content": "    }"
      },
      {
        "lineNumber": 57,
        "author": {
          "gitId": "MackyMaguire"
        },
        "content": ""
      },
      {
        "lineNumber": 58,
        "author": {
          "gitId": "MackyMaguire"
        },
        "content": "    static void event(String s) throws DukeException {"
      },
      {
        "lineNumber": 59,
        "author": {
          "gitId": "MackyMaguire"
        },
        "content": "        try {"
      },
      {
        "lineNumber": 60,
        "author": {
          "gitId": "MackyMaguire"
        },
        "content": "            String[] split \u003d s.split(\" /at \");"
      },
      {
        "lineNumber": 61,
        "author": {
          "gitId": "MackyMaguire"
        },
        "content": "            if (split[0].isBlank() || split[1].isBlank()) {"
      },
      {
        "lineNumber": 62,
        "author": {
          "gitId": "MackyMaguire"
        },
        "content": "                throw new Exception();"
      },
      {
        "lineNumber": 63,
        "author": {
          "gitId": "MackyMaguire"
        },
        "content": "            }"
      },
      {
        "lineNumber": 64,
        "author": {
          "gitId": "MackyMaguire"
        },
        "content": "            Event ev \u003d new Event(split[0], split[1]);"
      },
      {
        "lineNumber": 65,
        "author": {
          "gitId": "MackyMaguire"
        },
        "content": "            tasks.add(ev);"
      },
      {
        "lineNumber": 66,
        "author": {
          "gitId": "MackyMaguire"
        },
        "content": "            System.out.println(String.format(\"Got it. I\u0027ve added this task:\\n  %s\\nNow you have %d tasks in the list\","
      },
      {
        "lineNumber": 67,
        "author": {
          "gitId": "MackyMaguire"
        },
        "content": "                    ev.toString(), tasks.size()));"
      },
      {
        "lineNumber": 68,
        "author": {
          "gitId": "MackyMaguire"
        },
        "content": "        }"
      },
      {
        "lineNumber": 69,
        "author": {
          "gitId": "MackyMaguire"
        },
        "content": "        catch (Exception e) {"
      },
      {
        "lineNumber": 70,
        "author": {
          "gitId": "MackyMaguire"
        },
        "content": "            throw new DukeException(\"OOPS!!! Please input in this format: \u0027event \u003ctask\u003e /at \u003ctime\u003e\u0027\");"
      },
      {
        "lineNumber": 71,
        "author": {
          "gitId": "MackyMaguire"
        },
        "content": "        }"
      },
      {
        "lineNumber": 72,
        "author": {
          "gitId": "MackyMaguire"
        },
        "content": "    }"
      },
      {
        "lineNumber": 73,
        "author": {
          "gitId": "MackyMaguire"
        },
        "content": ""
      },
      {
        "lineNumber": 74,
        "author": {
          "gitId": "MackyMaguire"
        },
        "content": "    static void todo(String s) throws DukeException {"
      },
      {
        "lineNumber": 75,
        "author": {
          "gitId": "MackyMaguire"
        },
        "content": "        if (s.isBlank()) {"
      },
      {
        "lineNumber": 76,
        "author": {
          "gitId": "MackyMaguire"
        },
        "content": "            throw new DukeException(\"OOPS!!! Please add task description after \u0027todo\u0027\");"
      },
      {
        "lineNumber": 77,
        "author": {
          "gitId": "MackyMaguire"
        },
        "content": "        }"
      },
      {
        "lineNumber": 78,
        "author": {
          "gitId": "MackyMaguire"
        },
        "content": "        Todo td \u003d new Todo(s);"
      },
      {
        "lineNumber": 79,
        "author": {
          "gitId": "MackyMaguire"
        },
        "content": "        tasks.add(td);"
      },
      {
        "lineNumber": 80,
        "author": {
          "gitId": "MackyMaguire"
        },
        "content": "        System.out.println(String.format(\"Got it. I\u0027ve added this task:\\n  %s\\nNow you have %d tasks in the list\","
      },
      {
        "lineNumber": 81,
        "author": {
          "gitId": "MackyMaguire"
        },
        "content": "                td.toString(), tasks.size()));"
      },
      {
        "lineNumber": 82,
        "author": {
          "gitId": "MackyMaguire"
        },
        "content": "    }"
      },
      {
        "lineNumber": 83,
        "author": {
          "gitId": "MackyMaguire"
        },
        "content": ""
      },
      {
        "lineNumber": 84,
        "author": {
          "gitId": "MackyMaguire"
        },
        "content": "    static void output(Scanner sc) {"
      },
      {
        "lineNumber": 85,
        "author": {
          "gitId": "MackyMaguire"
        },
        "content": "        while (sc.hasNextLine()) {"
      },
      {
        "lineNumber": 86,
        "author": {
          "gitId": "MackyMaguire"
        },
        "content": "            try {"
      },
      {
        "lineNumber": 87,
        "author": {
          "gitId": "MackyMaguire"
        },
        "content": "                String cmmd \u003d sc.next();"
      },
      {
        "lineNumber": 88,
        "author": {
          "gitId": "MackyMaguire"
        },
        "content": "                String next \u003d sc.nextLine().trim();"
      },
      {
        "lineNumber": 89,
        "author": {
          "gitId": "MackyMaguire"
        },
        "content": "                if (cmmd.equals(\"bye\")) {"
      },
      {
        "lineNumber": 90,
        "author": {
          "gitId": "MackyMaguire"
        },
        "content": "                    break;"
      },
      {
        "lineNumber": 91,
        "author": {
          "gitId": "MackyMaguire"
        },
        "content": "                } else if (cmmd.equals(\"list\")) {"
      },
      {
        "lineNumber": 92,
        "author": {
          "gitId": "MackyMaguire"
        },
        "content": "                    list(next);"
      },
      {
        "lineNumber": 93,
        "author": {
          "gitId": "MackyMaguire"
        },
        "content": "                } else if (cmmd.equals(\"done\")) {"
      },
      {
        "lineNumber": 94,
        "author": {
          "gitId": "MackyMaguire"
        },
        "content": "                    done(next);"
      },
      {
        "lineNumber": 95,
        "author": {
          "gitId": "MackyMaguire"
        },
        "content": "                } else if (cmmd.equals(\"delete\")) {"
      },
      {
        "lineNumber": 96,
        "author": {
          "gitId": "MackyMaguire"
        },
        "content": "                    delete(next);"
      },
      {
        "lineNumber": 97,
        "author": {
          "gitId": "MackyMaguire"
        },
        "content": "                } else if (cmmd.equals(\"deadline\")) {"
      },
      {
        "lineNumber": 98,
        "author": {
          "gitId": "MackyMaguire"
        },
        "content": "                    deadline(next);"
      },
      {
        "lineNumber": 99,
        "author": {
          "gitId": "MackyMaguire"
        },
        "content": "                } else if (cmmd.equals(\"event\")) {"
      },
      {
        "lineNumber": 100,
        "author": {
          "gitId": "MackyMaguire"
        },
        "content": "                    event(next);"
      },
      {
        "lineNumber": 101,
        "author": {
          "gitId": "MackyMaguire"
        },
        "content": "                } else if (cmmd.equals(\"todo\")) {"
      },
      {
        "lineNumber": 102,
        "author": {
          "gitId": "MackyMaguire"
        },
        "content": "                    todo(next);"
      },
      {
        "lineNumber": 103,
        "author": {
          "gitId": "MackyMaguire"
        },
        "content": "                } else {"
      },
      {
        "lineNumber": 104,
        "author": {
          "gitId": "MackyMaguire"
        },
        "content": "                    throw new DukeException(\"OOPS!!! I\u0027m sorry, but I don\u0027t know what that means :-()\");"
      },
      {
        "lineNumber": 105,
        "author": {
          "gitId": "MackyMaguire"
        },
        "content": "                }"
      },
      {
        "lineNumber": 106,
        "author": {
          "gitId": "MackyMaguire"
        },
        "content": "            }"
      },
      {
        "lineNumber": 107,
        "author": {
          "gitId": "MackyMaguire"
        },
        "content": "            catch (DukeException e) {"
      },
      {
        "lineNumber": 108,
        "author": {
          "gitId": "MackyMaguire"
        },
        "content": "                System.out.println(e.getMessage());"
      },
      {
        "lineNumber": 109,
        "author": {
          "gitId": "MackyMaguire"
        },
        "content": "            }"
      },
      {
        "lineNumber": 110,
        "author": {
          "gitId": "MackyMaguire"
        },
        "content": "        }"
      },
      {
        "lineNumber": 111,
        "author": {
          "gitId": "MackyMaguire"
        },
        "content": "    }"
      },
      {
        "lineNumber": 112,
        "author": {
          "gitId": "MackyMaguire"
        },
        "content": ""
      },
      {
        "lineNumber": 113,
        "author": {
          "gitId": "-"
        },
        "content": "    public static void main(String[] args) {"
      },
      {
        "lineNumber": 114,
        "author": {
          "gitId": "-"
        },
        "content": "        String logo \u003d \" ____        _        \\n\""
      },
      {
        "lineNumber": 115,
        "author": {
          "gitId": "-"
        },
        "content": "                + \"|  _ \\\\ _   _| | _____ \\n\""
      },
      {
        "lineNumber": 116,
        "author": {
          "gitId": "-"
        },
        "content": "                + \"| | | | | | | |/ / _ \\\\\\n\""
      },
      {
        "lineNumber": 117,
        "author": {
          "gitId": "-"
        },
        "content": "                + \"| |_| | |_| |   \u003c  __/\\n\""
      },
      {
        "lineNumber": 118,
        "author": {
          "gitId": "-"
        },
        "content": "                + \"|____/ \\\\__,_|_|\\\\_\\\\___|\\n\";"
      },
      {
        "lineNumber": 119,
        "author": {
          "gitId": "MackyMaguire"
        },
        "content": "        String opening \u003d logo + \"\\nHello! I\u0027m Duke\\nWhat can I do for you?\";"
      },
      {
        "lineNumber": 120,
        "author": {
          "gitId": "MackyMaguire"
        },
        "content": "        String closing \u003d \"Bye. Hope to see you again soon!\";"
      },
      {
        "lineNumber": 121,
        "author": {
          "gitId": "MackyMaguire"
        },
        "content": ""
      },
      {
        "lineNumber": 122,
        "author": {
          "gitId": "MackyMaguire"
        },
        "content": "        System.out.println(opening);"
      },
      {
        "lineNumber": 123,
        "author": {
          "gitId": "MackyMaguire"
        },
        "content": "        Scanner sc \u003d new Scanner(System.in);"
      },
      {
        "lineNumber": 124,
        "author": {
          "gitId": "MackyMaguire"
        },
        "content": "        output(sc);"
      },
      {
        "lineNumber": 125,
        "author": {
          "gitId": "MackyMaguire"
        },
        "content": "        System.out.println(closing);"
      },
      {
        "lineNumber": 126,
        "author": {
          "gitId": "MackyMaguire"
        },
        "content": "        System.exit(0);"
      },
      {
        "lineNumber": 127,
        "author": {
          "gitId": "-"
        },
        "content": "    }"
      },
      {
        "lineNumber": 128,
        "author": {
          "gitId": "-"
        },
        "content": "}"
      }
    ],
    "authorContributionMap": {
      "MackyMaguire": 119,
      "-": 9
    }
  },
  {
    "path": "src/main/java/DukeException.java",
    "fileType": "java",
    "lines": [
      {
        "lineNumber": 1,
        "author": {
          "gitId": "MackyMaguire"
        },
        "content": "public class DukeException extends Exception {"
      },
      {
        "lineNumber": 2,
        "author": {
          "gitId": "MackyMaguire"
        },
        "content": "    public DukeException(String msg) {"
      },
      {
        "lineNumber": 3,
        "author": {
          "gitId": "MackyMaguire"
        },
        "content": "        super(msg);"
      },
      {
        "lineNumber": 4,
        "author": {
          "gitId": "MackyMaguire"
        },
        "content": "    }"
      },
      {
        "lineNumber": 5,
        "author": {
          "gitId": "MackyMaguire"
        },
        "content": "}"
      }
    ],
    "authorContributionMap": {
      "MackyMaguire": 5
    }
  },
  {
    "path": "src/main/java/Event.java",
    "fileType": "java",
    "lines": [
      {
        "lineNumber": 1,
        "author": {
          "gitId": "MackyMaguire"
        },
        "content": "public class Event extends Task {"
      },
      {
        "lineNumber": 2,
        "author": {
          "gitId": "MackyMaguire"
        },
        "content": "    protected String time;"
      },
      {
        "lineNumber": 3,
        "author": {
          "gitId": "MackyMaguire"
        },
        "content": ""
      },
      {
        "lineNumber": 4,
        "author": {
          "gitId": "MackyMaguire"
        },
        "content": "    public Event(String name, String time) {"
      },
      {
        "lineNumber": 5,
        "author": {
          "gitId": "MackyMaguire"
        },
        "content": "        super(name);"
      },
      {
        "lineNumber": 6,
        "author": {
          "gitId": "MackyMaguire"
        },
        "content": "        this.time \u003d time;"
      },
      {
        "lineNumber": 7,
        "author": {
          "gitId": "MackyMaguire"
        },
        "content": "    }"
      },
      {
        "lineNumber": 8,
        "author": {
          "gitId": "MackyMaguire"
        },
        "content": ""
      },
      {
        "lineNumber": 9,
        "author": {
          "gitId": "MackyMaguire"
        },
        "content": "    @Override"
      },
      {
        "lineNumber": 10,
        "author": {
          "gitId": "MackyMaguire"
        },
        "content": "    public String toString() {"
      },
      {
        "lineNumber": 11,
        "author": {
          "gitId": "MackyMaguire"
        },
        "content": "        return String.format(\"[E]%s (at: %s)\", super.toString(), this.time);"
      },
      {
        "lineNumber": 12,
        "author": {
          "gitId": "MackyMaguire"
        },
        "content": "    }"
      },
      {
        "lineNumber": 13,
        "author": {
          "gitId": "MackyMaguire"
        },
        "content": "}"
      }
    ],
    "authorContributionMap": {
      "MackyMaguire": 13
    }
  },
  {
    "path": "src/main/java/Task.java",
    "fileType": "java",
    "lines": [
      {
        "lineNumber": 1,
        "author": {
          "gitId": "MackyMaguire"
        },
        "content": "public class Task {"
      },
      {
        "lineNumber": 2,
        "author": {
          "gitId": "MackyMaguire"
        },
        "content": "    protected String name;"
      },
      {
        "lineNumber": 3,
        "author": {
          "gitId": "MackyMaguire"
        },
        "content": "    protected boolean isDone;"
      },
      {
        "lineNumber": 4,
        "author": {
          "gitId": "MackyMaguire"
        },
        "content": ""
      },
      {
        "lineNumber": 5,
        "author": {
          "gitId": "MackyMaguire"
        },
        "content": "    public Task(String name) {"
      },
      {
        "lineNumber": 6,
        "author": {
          "gitId": "MackyMaguire"
        },
        "content": "        this.name \u003d name;"
      },
      {
        "lineNumber": 7,
        "author": {
          "gitId": "MackyMaguire"
        },
        "content": "        this.isDone \u003d false;"
      },
      {
        "lineNumber": 8,
        "author": {
          "gitId": "MackyMaguire"
        },
        "content": "    }"
      },
      {
        "lineNumber": 9,
        "author": {
          "gitId": "MackyMaguire"
        },
        "content": ""
      },
      {
        "lineNumber": 10,
        "author": {
          "gitId": "MackyMaguire"
        },
        "content": "    public String statusIcon() {"
      },
      {
        "lineNumber": 11,
        "author": {
          "gitId": "MackyMaguire"
        },
        "content": "        return (isDone ? \"\\u2713\" : \"\\u2718\");"
      },
      {
        "lineNumber": 12,
        "author": {
          "gitId": "MackyMaguire"
        },
        "content": "    }"
      },
      {
        "lineNumber": 13,
        "author": {
          "gitId": "MackyMaguire"
        },
        "content": ""
      },
      {
        "lineNumber": 14,
        "author": {
          "gitId": "MackyMaguire"
        },
        "content": "    public void markDone() {"
      },
      {
        "lineNumber": 15,
        "author": {
          "gitId": "MackyMaguire"
        },
        "content": "        this.isDone \u003d true;"
      },
      {
        "lineNumber": 16,
        "author": {
          "gitId": "MackyMaguire"
        },
        "content": "    }"
      },
      {
        "lineNumber": 17,
        "author": {
          "gitId": "MackyMaguire"
        },
        "content": ""
      },
      {
        "lineNumber": 18,
        "author": {
          "gitId": "MackyMaguire"
        },
        "content": "    @Override"
      },
      {
        "lineNumber": 19,
        "author": {
          "gitId": "MackyMaguire"
        },
        "content": "    public String toString() {"
      },
      {
        "lineNumber": 20,
        "author": {
          "gitId": "MackyMaguire"
        },
        "content": "        return String.format(\"[%s] %s\", this.statusIcon(), this.name);"
      },
      {
        "lineNumber": 21,
        "author": {
          "gitId": "MackyMaguire"
        },
        "content": "    }"
      },
      {
        "lineNumber": 22,
        "author": {
          "gitId": "MackyMaguire"
        },
        "content": "}"
      }
    ],
    "authorContributionMap": {
      "MackyMaguire": 22
    }
  },
  {
    "path": "src/main/java/Todo.java",
    "fileType": "java",
    "lines": [
      {
        "lineNumber": 1,
        "author": {
          "gitId": "MackyMaguire"
        },
        "content": "public class Todo extends Task {"
      },
      {
        "lineNumber": 2,
        "author": {
          "gitId": "MackyMaguire"
        },
        "content": "    public Todo(String name) {"
      },
      {
        "lineNumber": 3,
        "author": {
          "gitId": "MackyMaguire"
        },
        "content": "        super(name);"
      },
      {
        "lineNumber": 4,
        "author": {
          "gitId": "MackyMaguire"
        },
        "content": "    }"
      },
      {
        "lineNumber": 5,
        "author": {
          "gitId": "MackyMaguire"
        },
        "content": ""
      },
      {
        "lineNumber": 6,
        "author": {
          "gitId": "MackyMaguire"
        },
        "content": "    @Override"
      },
      {
        "lineNumber": 7,
        "author": {
          "gitId": "MackyMaguire"
        },
        "content": "    public String toString() {"
      },
      {
        "lineNumber": 8,
        "author": {
          "gitId": "MackyMaguire"
        },
        "content": "        return String.format(\"[T]\" + super.toString());"
      },
      {
        "lineNumber": 9,
        "author": {
          "gitId": "MackyMaguire"
        },
        "content": "    }"
      },
      {
        "lineNumber": 10,
        "author": {
          "gitId": "MackyMaguire"
        },
        "content": "}"
      }
    ],
    "authorContributionMap": {
      "MackyMaguire": 10
    }
  },
  {
    "path": "text-ui-test/runtest.bat",
    "fileType": "bat",
    "lines": [
      {
        "lineNumber": 1,
        "author": {
          "gitId": "MackyMaguire"
        },
        "content": "@ECHO OFF"
      },
      {
        "lineNumber": 2,
        "author": {
          "gitId": "MackyMaguire"
        },
        "content": ""
      },
      {
        "lineNumber": 3,
        "author": {
          "gitId": "MackyMaguire"
        },
        "content": "REM create bin directory if it doesn\u0027t exist"
      },
      {
        "lineNumber": 4,
        "author": {
          "gitId": "MackyMaguire"
        },
        "content": "if not exist ..\\bin mkdir ..\\bin"
      },
      {
        "lineNumber": 5,
        "author": {
          "gitId": "MackyMaguire"
        },
        "content": ""
      },
      {
        "lineNumber": 6,
        "author": {
          "gitId": "MackyMaguire"
        },
        "content": "REM delete output from previous run"
      },
      {
        "lineNumber": 7,
        "author": {
          "gitId": "MackyMaguire"
        },
        "content": "del ACTUAL.TXT"
      },
      {
        "lineNumber": 8,
        "author": {
          "gitId": "MackyMaguire"
        },
        "content": ""
      },
      {
        "lineNumber": 9,
        "author": {
          "gitId": "MackyMaguire"
        },
        "content": "REM compile the code into the bin folder"
      },
      {
        "lineNumber": 10,
        "author": {
          "gitId": "MackyMaguire"
        },
        "content": "javac  -cp ..\\src -Xlint:none -d ..\\bin ..\\src\\main\\java\\Duke.java"
      },
      {
        "lineNumber": 11,
        "author": {
          "gitId": "MackyMaguire"
        },
        "content": "IF ERRORLEVEL 1 ("
      },
      {
        "lineNumber": 12,
        "author": {
          "gitId": "MackyMaguire"
        },
        "content": "    echo ********** BUILD FAILURE **********"
      },
      {
        "lineNumber": 13,
        "author": {
          "gitId": "MackyMaguire"
        },
        "content": "    exit /b 1"
      },
      {
        "lineNumber": 14,
        "author": {
          "gitId": "MackyMaguire"
        },
        "content": ")"
      },
      {
        "lineNumber": 15,
        "author": {
          "gitId": "MackyMaguire"
        },
        "content": "REM no error here, errorlevel \u003d\u003d 0"
      },
      {
        "lineNumber": 16,
        "author": {
          "gitId": "MackyMaguire"
        },
        "content": ""
      },
      {
        "lineNumber": 17,
        "author": {
          "gitId": "MackyMaguire"
        },
        "content": "REM run the program, feed commands from input.txt file and redirect the output to the ACTUAL.TXT"
      },
      {
        "lineNumber": 18,
        "author": {
          "gitId": "MackyMaguire"
        },
        "content": "java -classpath ..\\bin Duke \u003c input.txt \u003e ACTUAL.TXT"
      },
      {
        "lineNumber": 19,
        "author": {
          "gitId": "MackyMaguire"
        },
        "content": ""
      },
      {
        "lineNumber": 20,
        "author": {
          "gitId": "MackyMaguire"
        },
        "content": "REM compare the output to the expected output"
      },
      {
        "lineNumber": 21,
        "author": {
          "gitId": "MackyMaguire"
        },
        "content": "FC ACTUAL.TXT EXPECTED.TXT"
      }
    ],
    "authorContributionMap": {
      "MackyMaguire": 21
    }
  }
]
