{
  "authorDailyContributionsMap": {
    "MackyMaguire": [
      {
        "insertions": 150,
        "deletions": 18,
        "date": "2019-08-21",
        "commitResults": [
          {
            "hash": "8396abf39b0b178a30b031d8e0b752a163e1e7e6",
            "messageTitle": "Level 1. Greet, Echo, Exit",
            "messageBody": "",
            "insertions": 15,
            "deletions": 1
          },
          {
            "hash": "2c1a48adc303f61f44643b4f1d5d0df4e6fed1c8",
            "messageTitle": "Level 2. Add, List",
            "messageBody": "",
            "insertions": 29,
            "deletions": 8
          },
          {
            "hash": "c29c432f95d7c470d3c1982bf6466876c8473610",
            "messageTitle": "Level 3. Mark as Done",
            "messageBody": "",
            "insertions": 39,
            "deletions": 7
          },
          {
            "hash": "cd3e0b2d43512a77ac1e84be1c3ed9a72c081321",
            "messageTitle": "Level 4. ToDos, Events, Deadlines",
            "messageBody": "",
            "insertions": 67,
            "deletions": 2
          }
        ]
      },
      {
        "insertions": 25,
        "deletions": 18,
        "date": "2019-08-22",
        "commitResults": [
          {
            "hash": "714afc3935ed16f624460d9211e25e30d16494c5",
            "messageTitle": "Level 5. Handle Errors",
            "messageBody": "",
            "insertions": 25,
            "deletions": 18
          }
        ]
      }
    ],
    "Jeffry Lum": []
  },
  "authorFinalContributionMap": {
    "MackyMaguire": 140,
    "Jeffry Lum": 0
  },
  "authorFileTypeContributionMap": {
    "MackyMaguire": {
      "java": 140,
      "md": 0,
      "fxml": 0,
      "sh": 0,
      "bat": 0,
      "gradle": 0,
      "txt": 0
    },
    "Jeffry Lum": {
      "java": 0,
      "md": 0,
      "fxml": 0,
      "sh": 0,
      "bat": 0,
      "gradle": 0,
      "txt": 0
    }
  },
  "authorContributionVariance": {
    "MackyMaguire": 3387.5513,
    "Jeffry Lum": 0.0
  },
  "authorDisplayNameMap": {
    "MackyMaguire": "MackyMaguire",
    "Jeffry Lum": "Jeffry Lum"
  }
}
