{
  "authorDailyContributionsMap": {
    "Jeffry Lum": [],
    "jonchan51": [
      {
        "insertions": 28,
        "deletions": 3,
        "date": "2019-08-18",
        "commitResults": [
          {
            "hash": "0e3667cd0ecf6f268cd6b4a86931ceb6800c5fd1",
            "messageTitle": "Configure Gradle",
            "messageBody": "",
            "insertions": 28,
            "deletions": 3
          }
        ]
      },
      {
        "insertions": 43,
        "deletions": 2,
        "date": "2019-08-19",
        "commitResults": [
          {
            "hash": "c9763e8ea25012b0fe6358a31898db9d84a89a3a",
            "messageTitle": "Allow Duke to echo commands",
            "messageBody": "",
            "insertions": 43,
            "deletions": 2
          }
        ]
      },
      {
        "insertions": 184,
        "deletions": 33,
        "date": "2019-08-20",
        "commitResults": [
          {
            "hash": "c607d59a787be46246e180b8b1d187cd1e634dc5",
            "messageTitle": "Allow Duke to store tasks",
            "messageBody": "",
            "insertions": 28,
            "deletions": 5
          },
          {
            "hash": "fa0be6296e7f8b2495b87a520ce6852ed7f4285f",
            "messageTitle": "Allow Duke to mark tasks as completed",
            "messageBody": "",
            "insertions": 42,
            "deletions": 8
          },
          {
            "hash": "6abaaf49f3f78551b1bb5f37f8f9bdb9c9d4179b",
            "messageTitle": "Add support for Todos, Events, Deadlines",
            "messageBody": "",
            "insertions": 74,
            "deletions": 19
          },
          {
            "hash": "19b5c0e02cd25ed8d6222488d2f8e9efedd4990e",
            "messageTitle": "Add Text-Ui-Testing",
            "messageBody": "",
            "insertions": 40,
            "deletions": 1
          }
        ]
      },
      {
        "insertions": 158,
        "deletions": 47,
        "date": "2019-08-21",
        "commitResults": [
          {
            "hash": "6bc2d8d3f64a8dbf64b435fb380eaae370872592",
            "messageTitle": "Add error handling",
            "messageBody": "",
            "insertions": 76,
            "deletions": 31
          },
          {
            "hash": "558f0aae2b8da32205069eaf48ee35a809965cf5",
            "messageTitle": "Touch up code style",
            "messageBody": "",
            "insertions": 41,
            "deletions": 3
          },
          {
            "hash": "3aea01d0bffcc96910b46e80a78a22381e4520e0",
            "messageTitle": "Add delete functionality",
            "messageBody": "",
            "insertions": 41,
            "deletions": 13
          }
        ]
      }
    ]
  },
  "authorFinalContributionMap": {
    "Jeffry Lum": 99,
    "jonchan51": 336
  },
  "authorFileTypeContributionMap": {
    "Jeffry Lum": {
      "java": 1,
      "md": 0,
      "fxml": 0,
      "sh": 0,
      "bat": 84,
      "gradle": 14,
      "txt": 0
    },
    "jonchan51": {
      "java": 274,
      "md": 0,
      "fxml": 0,
      "sh": 34,
      "bat": 0,
      "gradle": 23,
      "txt": 5
    }
  },
  "authorContributionVariance": {
    "Jeffry Lum": 0.0,
    "jonchan51": 8461.0
  },
  "authorDisplayNameMap": {
    "Jeffry Lum": "Jeffry Lum",
    "jonchan51": "jonchan51"
  }
}
