{
  "authorDailyContributionsMap": {
    "Chaitanya Baranwal": [
      {
        "insertions": 264,
        "deletions": 57,
        "date": "2019-08-21",
        "commitResults": [
          {
            "hash": "c3d6612832224a97d383ba3ebe1c734d24d83afd",
            "messageTitle": "Add level-1",
            "messageBody": "",
            "insertions": 23,
            "deletions": 6
          },
          {
            "hash": "600aec0b3c1a968280bdb953711b00b4d668b80e",
            "messageTitle": "Add level-2",
            "messageBody": "",
            "insertions": 35,
            "deletions": 3
          },
          {
            "hash": "f5cc03e48ed72949583ca915c0f8c2fbcfe19470",
            "messageTitle": "Add level-3",
            "messageBody": "",
            "insertions": 54,
            "deletions": 10
          },
          {
            "hash": "01c2b619083b60b1bf26f369d537fd9b80d25fa8",
            "messageTitle": "Add level-4",
            "messageBody": "",
            "insertions": 82,
            "deletions": 11
          },
          {
            "hash": "765ca5f9bddfe8f928f2448063350ddd62b8cda0",
            "messageTitle": "Add level-5",
            "messageBody": "",
            "insertions": 50,
            "deletions": 24
          },
          {
            "hash": "e96577e20538337d02d27adf601cd1be49f84d77",
            "messageTitle": "Add level-6",
            "messageBody": "",
            "insertions": 20,
            "deletions": 3
          }
        ]
      }
    ],
    "Jeffry Lum": []
  },
  "authorFinalContributionMap": {
    "Chaitanya Baranwal": 211,
    "Jeffry Lum": 2
  },
  "authorFileTypeContributionMap": {
    "Chaitanya Baranwal": {
      "java": 211,
      "md": 0,
      "fxml": 0,
      "sh": 0,
      "bat": 0,
      "gradle": 0,
      "txt": 0
    },
    "Jeffry Lum": {
      "java": 2,
      "md": 0,
      "fxml": 0,
      "sh": 0,
      "bat": 0,
      "gradle": 0,
      "txt": 0
    }
  },
  "authorContributionVariance": {
    "Chaitanya Baranwal": 14311.25,
    "Jeffry Lum": 0.0
  },
  "authorDisplayNameMap": {
    "Chaitanya Baranwal": "Chaitanya Baranwal",
    "Jeffry Lum": "Jeffry Lum"
  }
}
