{
  "authorDailyContributionsMap": {
    "dvrylc": [
      {
        "insertions": 57,
        "deletions": 7,
        "date": "2019-08-19",
        "commitResults": [
          {
            "hash": "d38e112e9aecaa907099c7f6e5d8218d2344eac2",
            "messageTitle": "Configure gradle",
            "messageBody": "- Add checkstyle and shadow plugins\n- Add JUnit dependency and test folder\n",
            "insertions": 23,
            "deletions": 1
          },
          {
            "hash": "4382787bee9f19143b7b8d9758e589608df569fc",
            "messageTitle": "[Level 1] Add basic scaffold",
            "messageBody": "",
            "insertions": 34,
            "deletions": 6
          }
        ]
      },
      {
        "insertions": 164,
        "deletions": 32,
        "date": "2019-08-20",
        "commitResults": [
          {
            "hash": "3f163d2cc85e3f61305999a27987e7cc2fa6bc22",
            "messageTitle": "[Level 2] Implement add and list features",
            "messageBody": "",
            "insertions": 47,
            "deletions": 9
          },
          {
            "hash": "938630bc737620fdaee650f5005ff985c20b6765",
            "messageTitle": "[Level 3] Add ability to mark tasks as done",
            "messageBody": "",
            "insertions": 40,
            "deletions": 7
          },
          {
            "hash": "07d4a3ae40633c387be6469f99a0ade65ff1175b",
            "messageTitle": "[Level 4] Add todo, deadline and event classes",
            "messageBody": "",
            "insertions": 36,
            "deletions": 0
          },
          {
            "hash": "a175e41cf6e7d55a4558c847236cecdd7ae2ca6f",
            "messageTitle": "[Level 4] Update base task class",
            "messageBody": "",
            "insertions": 1,
            "deletions": 1
          },
          {
            "hash": "9c1a6418882d17c4699dd81ea7c32c9deae45435",
            "messageTitle": "[Level 4] Add support for new types of tasks",
            "messageBody": "",
            "insertions": 40,
            "deletions": 15
          }
        ]
      },
      {
        "insertions": 111,
        "deletions": 12,
        "date": "2019-08-21",
        "commitResults": [
          {
            "hash": "6f2268621e85dd348b9543670c4d813b6d64f7c9",
            "messageTitle": "[A-TextUiTesting] Add test script and data",
            "messageBody": "",
            "insertions": 49,
            "deletions": 0
          },
          {
            "hash": "e925d597af408928fa76eeb85ef2e2150ab6eb4a",
            "messageTitle": "[Level 5] Add error handling using exceptions",
            "messageBody": "",
            "insertions": 45,
            "deletions": 8
          },
          {
            "hash": "6db832b93f364eb2ed606111db1540011877afe2",
            "messageTitle": "[Level 6] Implement deletion of tasks",
            "messageBody": "",
            "insertions": 17,
            "deletions": 4
          }
        ]
      },
      {
        "insertions": 252,
        "deletions": 101,
        "date": "2019-08-27",
        "commitResults": [
          {
            "hash": "4a8281720960dfabbd6c59019f57bffe552b20fd",
            "messageTitle": "Fix checkstyle",
            "messageBody": "- Add Javadoc for main method\n- Fix `case` indentation\n",
            "insertions": 72,
            "deletions": 68
          },
          {
            "hash": "fcc3e1ebafb3b986ac9ce4db2b374cace4af8bcb",
            "messageTitle": "[Level-7] Add save format to tasks",
            "messageBody": "",
            "insertions": 19,
            "deletions": 0
          },
          {
            "hash": "8455ae8624dce485d191a49221cf1caa4bb5180d",
            "messageTitle": "[Level-7] Add overloaded constructors to tasks",
            "messageBody": "",
            "insertions": 15,
            "deletions": 0
          },
          {
            "hash": "7229271e4efd483f5d532dd744f6ca04ae19502f",
            "messageTitle": "[Level-7] Implement saving to filesystem",
            "messageBody": "",
            "insertions": 83,
            "deletions": 3
          },
          {
            "hash": "90d351042334909bb31ebb4202d248f1c1764015",
            "messageTitle": "[Level-8] Implement dates and times for events and deadlines",
            "messageBody": "",
            "insertions": 28,
            "deletions": 6
          },
          {
            "hash": "a076bbbcd20434b4a3372e02d58a064495b6b828",
            "messageTitle": "Refactor date formatter into separate utility class",
            "messageBody": "",
            "insertions": 21,
            "deletions": 22
          },
          {
            "hash": "c2f0af4d08605f9c1e1a8ea3d5591bda2941ed76",
            "messageTitle": "Fix date parser for save file",
            "messageBody": "",
            "insertions": 14,
            "deletions": 2
          }
        ]
      },
      {
        "insertions": 559,
        "deletions": 256,
        "date": "2019-08-28",
        "commitResults": [
          {
            "hash": "559770c5b3a8ab3431d39725d570014969e99967",
            "messageTitle": "[A-MoreOOP] Overall refactor",
            "messageBody": "",
            "insertions": 310,
            "deletions": 253
          },
          {
            "hash": "357d323d2c074283938ffaf855e0e6d39eb03c61",
            "messageTitle": "[A-JUnit] Add basic unit testing",
            "messageBody": "",
            "insertions": 48,
            "deletions": 3
          },
          {
            "hash": "65dcba4d1bfdbab5b33c0bb2db0762a940c9e51f",
            "messageTitle": "[A-JavaDoc] Add Javadocs",
            "messageBody": "",
            "insertions": 157,
            "deletions": 0
          },
          {
            "hash": "2e8e3ad01942724d6e1d32c005886dec01629d2b",
            "messageTitle": "[Level-9] Add find feature",
            "messageBody": "",
            "insertions": 44,
            "deletions": 0
          }
        ]
      }
    ]
  },
  "authorFinalContributionMap": {
    "dvrylc": 743
  },
  "authorFileTypeContributionMap": {
    "dvrylc": {
      "java": 673,
      "md": 0,
      "fxml": 0,
      "sh": 34,
      "bat": 0,
      "gradle": 21,
      "txt": 15
    }
  },
  "authorContributionVariance": {
    "dvrylc": 50879.14
  },
  "authorDisplayNameMap": {
    "dvrylc": "CHAN .. ARYL"
  }
}
