{
  "authorDailyContributionsMap": {
    "cheeyou": [
      {
        "insertions": 206,
        "deletions": 60,
        "date": "2019-08-22",
        "commitResults": [
          {
            "hash": "9c2009b6f52e4a9d7a2d772a5362124584eb7169",
            "messageTitle": "Add echo, .....",
            "messageBody": "",
            "insertions": 1,
            "deletions": 0
          },
          {
            "hash": "b6efa46599da7b444f0c878f97f546096577968d",
            "messageTitle": "added basic Duke echo",
            "messageBody": "",
            "insertions": 27,
            "deletions": 1
          },
          {
            "hash": "9e4dadf23d4defee3bbc0a665b682bbf85e4a301",
            "messageTitle": "added list to store messages",
            "messageBody": "",
            "insertions": 31,
            "deletions": 17
          },
          {
            "hash": "c8b4821c2f2fc5b4888f5ac5c4ae2050291a0e6e",
            "messageTitle": "Added Task class and mark as done function",
            "messageBody": "",
            "insertions": 65,
            "deletions": 14
          },
          {
            "hash": "0500f54d1015be4ede88a356ed8da1fe39f4388d",
            "messageTitle": "Added Todo, Event and Deadline classes which inherit from Task class. Able to distinguish between 3 types of tasks.",
            "messageBody": "",
            "insertions": 76,
            "deletions": 23
          },
          {
            "hash": "ec91b2f1a335b7e60a68ef506fae8f7776e5e150",
            "messageTitle": "Revised Level-4 submission",
            "messageBody": "",
            "insertions": 2,
            "deletions": 5
          },
          {
            "hash": "242c69a7b1b4bb6bdb56df815c85a6d7ea0ab71d",
            "messageTitle": "Some preparations for level 5",
            "messageBody": "",
            "insertions": 4,
            "deletions": 0
          }
        ]
      }
    ],
    "Jeffry Lum": []
  },
  "authorFinalContributionMap": {
    "cheeyou": 146,
    "Jeffry Lum": 1
  },
  "authorFileTypeContributionMap": {
    "cheeyou": {
      "java": 146,
      "md": 0,
      "fxml": 0,
      "sh": 0,
      "bat": 0,
      "gradle": 0,
      "txt": 0
    },
    "Jeffry Lum": {
      "java": 1,
      "md": 0,
      "fxml": 0,
      "sh": 0,
      "bat": 0,
      "gradle": 0,
      "txt": 0
    }
  },
  "authorContributionVariance": {
    "cheeyou": 8664.0,
    "Jeffry Lum": 0.0
  },
  "authorDisplayNameMap": {
    "cheeyou": "cheeyou",
    "Jeffry Lum": "Jeffry Lum"
  }
}
