{
  "authorDailyContributionsMap": {
    "limxuanhui": [
      {
        "insertions": 78,
        "deletions": 23,
        "date": "2019-08-28",
        "commitResults": [
          {
            "hash": "113e475aa77117793a96fdcd2c87ed84a60ea3c1",
            "messageTitle": "Level-1",
            "messageBody": "",
            "insertions": 14,
            "deletions": 0
          },
          {
            "hash": "af47333c540be7d404ce2ebf40a23e71e6213636",
            "messageTitle": "Revert \"Level-1\"",
            "messageBody": "This reverts commit 113e475aa77117793a96fdcd2c87ed84a60ea3c1.\n",
            "insertions": 0,
            "deletions": 14
          },
          {
            "hash": "7b05fd2b3c2df48e24de8b441097fb7049be6911",
            "messageTitle": "Revert \"Revert \"Level-1\"\"",
            "messageBody": "This reverts commit af47333c540be7d404ce2ebf40a23e71e6213636.\n",
            "insertions": 14,
            "deletions": 0
          },
          {
            "hash": "0bdcd04dc632879370a01ddd9cf9bedb88336846",
            "messageTitle": "Scanner object moved out of while loop",
            "messageBody": "",
            "insertions": 1,
            "deletions": 1
          },
          {
            "hash": "9132da09b39bd04909c838a5d470a880fa9c77ed",
            "messageTitle": "Level-2. Add, List: added a for loop to print elements in list",
            "messageBody": "",
            "insertions": 11,
            "deletions": 3
          },
          {
            "hash": "685fada189a3059aa36370f37ab410d83127c708",
            "messageTitle": "Level-3. Mark as Done",
            "messageBody": "",
            "insertions": 38,
            "deletions": 5
          }
        ]
      },
      {
        "insertions": 82,
        "deletions": 23,
        "date": "2019-08-29",
        "commitResults": [
          {
            "hash": "6a5f40bef2766b2a08f9154be4cbcfbc3b8b0bd1",
            "messageTitle": "simple implementations of ToDo and Deadline, should be merged by condensing common code",
            "messageBody": "",
            "insertions": 45,
            "deletions": 9
          },
          {
            "hash": "9c8e94f995e147be01dce35ac77c2e2dd3aff437",
            "messageTitle": "Level-4 ToDos, Events, Deadlines",
            "messageBody": "",
            "insertions": 37,
            "deletions": 14
          }
        ]
      }
    ]
  },
  "authorFinalContributionMap": {
    "limxuanhui": 114
  },
  "authorFileTypeContributionMap": {
    "limxuanhui": {
      "java": 114,
      "md": 0,
      "fxml": 0,
      "sh": 0,
      "bat": 0,
      "gradle": 0,
      "txt": 0
    }
  },
  "authorContributionVariance": {
    "limxuanhui": 1299.6327
  },
  "authorDisplayNameMap": {
    "limxuanhui": "LIM X ... N HUI"
  }
}
