{
  "authorDailyContributionsMap": {
    "aidilfbk": [
      {
        "insertions": 362,
        "deletions": 56,
        "date": "2019-08-17",
        "commitResults": [
          {
            "hash": "86937c4a965f5b83dd92482b7139fbe5d9245f02",
            "messageTitle": "Implemented basic Greet, Echo of user input and Exit on \"bye\" input",
            "messageBody": "Added UserInterface class to handle user input and pretty printing\n",
            "insertions": 78,
            "deletions": 6
          },
          {
            "hash": "840b02ce72177cadc58d7521e29990cdbaf87a48",
            "messageTitle": "Implemented Add and List tasks",
            "messageBody": "",
            "insertions": 23,
            "deletions": 4
          },
          {
            "hash": "39678c318a70a5cb4bb07cc69e14e6fc27fb1c90",
            "messageTitle": "Implemented Mark as Done",
            "messageBody": "Added Task class\n",
            "insertions": 70,
            "deletions": 6
          },
          {
            "hash": "20ba7baef28e6536549c9156fed029de0cc71fbc",
            "messageTitle": "Added a convenience method to UserInterface class, createStringJoiner.",
            "messageBody": "Returned StringJoiner instance uses the platform\u0027s newline separator and can be initialized with a string.\n",
            "insertions": 24,
            "deletions": 4
          },
          {
            "hash": "8c537b41e5c3e09f58960214cd0e987d2fda6e02",
            "messageTitle": "Implemented ToDos, Events, Deadlines",
            "messageBody": "",
            "insertions": 97,
            "deletions": 6
          },
          {
            "hash": "18cd841fa5b7e8984fa3a9bfd3acc4fcde9ee731",
            "messageTitle": "Implemented Handle Errors via exceptions",
            "messageBody": "",
            "insertions": 58,
            "deletions": 30
          },
          {
            "hash": "f4b743322ed73b8c86b957d6274f81fe7355253b",
            "messageTitle": "Added support for deleting tasks from the list",
            "messageBody": "",
            "insertions": 12,
            "deletions": 0
          }
        ]
      },
      {
        "insertions": 349,
        "deletions": 14,
        "date": "2019-08-21",
        "commitResults": [
          {
            "hash": "819e838332f379f0fba45f5a33dafe489a1ace3d",
            "messageTitle": "Updated Task subclass constructors to support serialization/unserialization",
            "messageBody": "Classes affected:\n– Deadline\n– Event\n– Todo\n",
            "insertions": 15,
            "deletions": 0
          },
          {
            "hash": "6a90692792566bcae3989adef757ee7d6604fd34",
            "messageTitle": "Added support for serialization/unserialization via TaskSerializer class.",
            "messageBody": "DukeException now supports Chained Exception via a new constructor. Used by TaskSerializer.java\u0027s FileIOException/wrapping of Java IOException.\n",
            "insertions": 292,
            "deletions": 0
          },
          {
            "hash": "d71835ae3ff417cc2f66c774950fcd2e03a7b08a",
            "messageTitle": "Duke now loads Tasks from \"./data/duke.txt\" and terminates on error if necessary",
            "messageBody": "",
            "insertions": 16,
            "deletions": 2
          },
          {
            "hash": "41ba2e871a7a03425aeee187f89a1964028f2d28",
            "messageTitle": "Duke now saves Tasks to \"./data/duke.txt\" whenever the task list changes",
            "messageBody": "",
            "insertions": 6,
            "deletions": 0
          },
          {
            "hash": "8bf6378516dd30d81c7ff94b4865531284a873ae",
            "messageTitle": "Duke now understands dates and times, parsing for Deadlines and Events in the \"d/M/yyyy HHmm\" format and displaying them when needed in the same format.",
            "messageBody": "",
            "insertions": 18,
            "deletions": 10
          },
          {
            "hash": "3af79d7367927be83b2fa773ede3fbc08c629601",
            "messageTitle": "Fixed inheritance hierarchy for DoneTokenParseError and TypeTokenParseError exception classes",
            "messageBody": "",
            "insertions": 2,
            "deletions": 2
          }
        ]
      },
      {
        "insertions": 540,
        "deletions": 361,
        "date": "2019-08-22",
        "commitResults": [
          {
            "hash": "56e4caf631281f99b33a41bf2b1b53c6106a0d77",
            "messageTitle": "Preliminary work to enable Duke instances",
            "messageBody": "",
            "insertions": 13,
            "deletions": 3
          },
          {
            "hash": "4348f63fecfcec84234058f71b4734e6fd446c2d",
            "messageTitle": "Moved Duke.formatTask static method to UserInterface class",
            "messageBody": "",
            "insertions": 32,
            "deletions": 31
          },
          {
            "hash": "c6b0c76a063a2e18b28cd10a6c582935aae6806d",
            "messageTitle": "TaskSerializer instances can now be created to load and save Tasks to a specific file path",
            "messageBody": "",
            "insertions": 20,
            "deletions": 6
          },
          {
            "hash": "62a4638a560711fa2f07a160e9e3ac2c35957841",
            "messageTitle": "Added TaskList class",
            "messageBody": "",
            "insertions": 16,
            "deletions": 9
          },
          {
            "hash": "8e5a6c04b3b2dd308f314dffb728cbf3a1b4d01f",
            "messageTitle": "Rearchitectured Duke",
            "messageBody": "Created Command interface and reimplemented Duke\u0027s commands as separate classes.\nCreated Parser class to parse user text input and route to the correct Command implementing class.\nMoved and created user interface display elements in UserInterface for common tasks.\n",
            "insertions": 244,
            "deletions": 104
          },
          {
            "hash": "3e755c460fbdc7306a821cfb88deeab07ead0923",
            "messageTitle": "Renamed UserInterface class to Ui in accordance with CS2103T module requirements",
            "messageBody": "",
            "insertions": 13,
            "deletions": 13
          },
          {
            "hash": "1ef6c23673a2791779c7e9e8ee9688b1e5a6a66c",
            "messageTitle": "Renamed TaskSerializer class to Storage in accordance with CS2103T module requirements",
            "messageBody": "",
            "insertions": 10,
            "deletions": 10
          },
          {
            "hash": "23d514de9ae7cbef57f7e6dbddb324a3e3c9c08e",
            "messageTitle": "Modified Gradle settings",
            "messageBody": "",
            "insertions": 1,
            "deletions": 1
          },
          {
            "hash": "198a8a1da5e9dfdeac3339b9c90dd62b7789b2ac",
            "messageTitle": "Added checkstyle to Gradle configuration",
            "messageBody": "",
            "insertions": 5,
            "deletions": 0
          },
          {
            "hash": "009efedb55cc2c24353c49695cd5bbf87dc22614",
            "messageTitle": "Broke out Command implementing classes to their own separate file",
            "messageBody": "",
            "insertions": 126,
            "deletions": 118
          },
          {
            "hash": "2bcc36bdea12ccc32f1df00f8e8fa3353e23f489",
            "messageTitle": "Broke out DukeException subclasses classes to their own separate file",
            "messageBody": "",
            "insertions": 14,
            "deletions": 15
          },
          {
            "hash": "46122587b979d0ae80b981989ca6f0057d9b3638",
            "messageTitle": "Broke out task serializer exceptions to their own separate files",
            "messageBody": "",
            "insertions": 46,
            "deletions": 51
          }
        ]
      },
      {
        "insertions": 1179,
        "deletions": 4,
        "date": "2019-08-24",
        "commitResults": [
          {
            "hash": "99a9eba4e09c73636bd1d8a5b2adc7ab05694f8f",
            "messageTitle": "Modified Gradle settings",
            "messageBody": "",
            "insertions": 9,
            "deletions": 0
          },
          {
            "hash": "8f84089476470831bec67139ef822620878e811a",
            "messageTitle": "Override equals() and hashCode() function on Deadline, Event and Task classes",
            "messageBody": "",
            "insertions": 63,
            "deletions": 0
          },
          {
            "hash": "6c1cd69021ca050feddd5601c625cc1fd8a4d0a9",
            "messageTitle": "Added test cases for Storage class",
            "messageBody": "",
            "insertions": 212,
            "deletions": 0
          },
          {
            "hash": "d465c87c14e2482b873bc41670a7d2f7b6440271",
            "messageTitle": "AddCommand instances now trigger arguments parsing on instance creation",
            "messageBody": "Previously triggered on calling the execute() function\n",
            "insertions": 4,
            "deletions": 3
          },
          {
            "hash": "19df9c9bdc20b0f2f97b8675cce35fd4de4d3dd4",
            "messageTitle": "Added test cases for Parser class",
            "messageBody": "",
            "insertions": 204,
            "deletions": 0
          },
          {
            "hash": "060964cdaa4dae1344624e7f39bebe61b0c968ee",
            "messageTitle": "Added JUnit parameterized tests dependency",
            "messageBody": "",
            "insertions": 1,
            "deletions": 0
          },
          {
            "hash": "0d30733288d57f8fbf8efb6328bd273738f374a8",
            "messageTitle": "Added test cases for Ui class",
            "messageBody": "",
            "insertions": 238,
            "deletions": 0
          },
          {
            "hash": "e3937b0b11e78d797c0a35484ab472901f6b78c1",
            "messageTitle": "Added new test case for Parser class, testing for unknown command input",
            "messageBody": "",
            "insertions": 7,
            "deletions": 0
          },
          {
            "hash": "d18e17393e4ff9a768a5cc041ead3505433bcdd4",
            "messageTitle": "Added a suite of tests for Command subclasses",
            "messageBody": "– AddDeadlineTaskCommand\n– AddEventTaskCommand\n– AddTodoTaskCommand\n– DeleteCommand\n– DoneCommand\n– ExitCommand\n– ListCommand\n",
            "insertions": 438,
            "deletions": 0
          },
          {
            "hash": "a9eab4e72ed424978fc54d4d353fc05789f48bcf",
            "messageTitle": "Fixed Ui.createStringJoiner bug where passing in null would initialize it with the string \"null\"",
            "messageBody": "Detected by UiTest.displayTasks test case\n",
            "insertions": 3,
            "deletions": 1
          }
        ]
      },
      {
        "insertions": 298,
        "deletions": 125,
        "date": "2019-08-25",
        "commitResults": [
          {
            "hash": "5bfcdf2f9830ff54db9520c7a25e372ff3d5c0aa",
            "messageTitle": "AddDeadlineTaskCommand parsing is now more robust",
            "messageBody": "Enabled two test cases on AddDeadlineTaskCommandTest\n– Test case for an exception when the \"/by\" argument is missing\n– Test case for an exception when \"/by\" is provided but the date time argument is missing\n",
            "insertions": 4,
            "deletions": 6
          },
          {
            "hash": "7b7cf7a9b2268920346ac21096bd0a121d2875cd",
            "messageTitle": "AddEventTaskCommand parsing is now more robust",
            "messageBody": "Enabled two test cases on AddEventTaskCommandTest\n– Test case for an exception when the \"/at\" argument is missing\n– Test case for an exception when \"/at\" is provided but the date time argument is missing\n",
            "insertions": 4,
            "deletions": 6
          },
          {
            "hash": "aac88c00e7d142815f51d56431462de0da9b395e",
            "messageTitle": "Parser is now more robust and transparently rethrows a DukeException from Command implementing class constructors",
            "messageBody": "",
            "insertions": 8,
            "deletions": 1
          },
          {
            "hash": "4b002e85a22a81264cf9837aef9de9fda361635f",
            "messageTitle": "Fixed test cases for DeleteCommand and DoneCommand when passed in non numeric input",
            "messageBody": "",
            "insertions": 2,
            "deletions": 8
          },
          {
            "hash": "6e57965f12494c76ffe87e18ab20ef720ac5cf54",
            "messageTitle": "Duke can now be packaged as a JAR file",
            "messageBody": "",
            "insertions": 8,
            "deletions": 0
          },
          {
            "hash": "21f309fde195a1f528670abc68a88bfd4546b0ae",
            "messageTitle": "Implemented a way to find a task by searching for a keyword",
            "messageBody": "",
            "insertions": 21,
            "deletions": 1
          },
          {
            "hash": "c90c87fa6e1735cd7a4b35d4d5a6d1ba9ff64bbe",
            "messageTitle": "Added test cases for FindTaskCommand",
            "messageBody": "",
            "insertions": 114,
            "deletions": 0
          },
          {
            "hash": "d3cfecafa38c2493a86b857222d644583ff71296",
            "messageTitle": "Preliminary coding standard compliance changes",
            "messageBody": "Done through IntelliJ reformat code\n",
            "insertions": 63,
            "deletions": 66
          },
          {
            "hash": "448f4fd93331193efb0fabbfe53524633499b83e",
            "messageTitle": "Renamed FileIOException class to FileIoException class for coding style compliance",
            "messageBody": "",
            "insertions": 10,
            "deletions": 10
          },
          {
            "hash": "ef291c0eaa55fb59cdd4dd4c5fd1799a1daaba9b",
            "messageTitle": "Conformed AddCommand.instantiateTask\u0027s access modifier keyword position to JLS suggestions",
            "messageBody": "",
            "insertions": 1,
            "deletions": 1
          },
          {
            "hash": "2fa3a4b6ca4a91173d36dbcb955003c6dbb0c702",
            "messageTitle": "Conformed any lines of code longer than 120 characters",
            "messageBody": "",
            "insertions": 53,
            "deletions": 15
          },
          {
            "hash": "637de3932a212969fd917dbea5c0fced719ee4da",
            "messageTitle": "Parser.parse now uses if/else for simple commands instead of switch-case due to code style requiring a \"default\" clause",
            "messageBody": "",
            "insertions": 2,
            "deletions": 3
          },
          {
            "hash": "d033963eab9b18c5495038dd10f7614e1bb4ee26",
            "messageTitle": "Marked the variables containing expected results in a few test cases as final",
            "messageBody": "",
            "insertions": 8,
            "deletions": 8
          }
        ]
      },
      {
        "insertions": 162,
        "deletions": 91,
        "date": "2019-08-27",
        "commitResults": [
          {
            "hash": "e18a40ac74a81ba9e41ae1f9edb2547cc3b8f123",
            "messageTitle": "Added JavaDocs to a few methods.",
            "messageBody": "– Duke constructor\n– Duke.run()\n– Parser.parse()\n– Task.getStatusIcon()\n– Ui.displayWelcome()\n– Ui.displayLoadingError()\n– Ui.displayError()\n– Ui.displayTasks()\n– Ui.displaySuccessfullyDoneTask()\n– Ui.displaySuccessfullyRemovedTask()\n– Ui.displaySuccessfullyAddedTask()\n",
            "insertions": 71,
            "deletions": 0
          },
          {
            "hash": "6ac7da14f429e2965c6beaff082a364384d78850",
            "messageTitle": "Renamed test case methods to the expected featureUnderTest_testScenario_expectedBehavior() format",
            "messageBody": "",
            "insertions": 91,
            "deletions": 91
          }
        ]
      },
      {
        "insertions": 10,
        "deletions": 7,
        "date": "2019-08-28",
        "commitResults": [
          {
            "hash": "18003f0441f90a4fc2977085c2c5db615156ec5c",
            "messageTitle": "Conforming some test case method signatures to code length limit",
            "messageBody": "",
            "insertions": 6,
            "deletions": 3
          },
          {
            "hash": "fa8c76502042604c3b688c13fb0605cdc67365e9",
            "messageTitle": "Marked the variables containing expected results in a few test cases as final",
            "messageBody": "",
            "insertions": 4,
            "deletions": 4
          }
        ]
      }
    ]
  },
  "authorFinalContributionMap": {
    "aidilfbk": 2258
  },
  "authorFileTypeContributionMap": {
    "aidilfbk": {
      "java": 2234,
      "md": 0,
      "fxml": 0,
      "sh": 0,
      "bat": 0,
      "gradle": 24,
      "txt": 0
    }
  },
  "authorContributionVariance": {
    "aidilfbk": 137477.9
  },
  "authorDisplayNameMap": {
    "aidilfbk": "AIDIL ... MSANI"
  }
}
