{
  "authorDailyContributionsMap": {
    "marqueurs404": [
      {
        "insertions": 79,
        "deletions": 15,
        "date": "2019-08-17",
        "commitResults": [
          {
            "hash": "423a2e001a531f3d3fa0b801dafccb9e655c8b69",
            "messageTitle": "Duke.java: Implemented greet, echo, exit",
            "messageBody": "",
            "insertions": 28,
            "deletions": 1
          },
          {
            "hash": "47e607b1d3bacba363bea7f17df4256837fcc5f0",
            "messageTitle": "Duke.java: Fix input - change next() to nextLine()",
            "messageBody": "",
            "insertions": 2,
            "deletions": 2
          },
          {
            "hash": "6bf328cb7e564fc1aca1756a9ec7a35b0c01aa68",
            "messageTitle": "Duke.java: Implement Add, List Duke.java: Add javadoc comments",
            "messageBody": "",
            "insertions": 49,
            "deletions": 12
          }
        ]
      },
      {
        "insertions": 294,
        "deletions": 32,
        "date": "2019-08-18",
        "commitResults": [
          {
            "hash": "70acb0100ee7056eb67aa796e3151d70e787af35",
            "messageTitle": "Add Task.java Duke.java: Implement Mark as Done feature",
            "messageBody": "",
            "insertions": 59,
            "deletions": 12
          },
          {
            "hash": "92e626dbfbab4900a508670d9e410d08c5156ecd",
            "messageTitle": "Implement ToDos, Events, Deadlines * Create 3 subclasses of Task: Todo, Event \u0026 Deadline * Duke.java: Refactor addTask, add emptiness check in listTask",
            "messageBody": "",
            "insertions": 100,
            "deletions": 9
          },
          {
            "hash": "91b37f26a1a4647a7bde1e63d2513a80711076c8",
            "messageTitle": "Duke.java: Implement replyAddTask to refactor replies for adding a task of any type.",
            "messageBody": "",
            "insertions": 20,
            "deletions": 3
          },
          {
            "hash": "6bf861c6937c5a635b26e961bd99fbfb7d2c6e4d",
            "messageTitle": "Duke.java: Minor bug fix Task.java: Changed status icons",
            "messageBody": "",
            "insertions": 11,
            "deletions": 8
          },
          {
            "hash": "e7a18f00f03bed206c6e2f4fbb55200b421052ea",
            "messageTitle": "Added test cases",
            "messageBody": "",
            "insertions": 104,
            "deletions": 0
          }
        ]
      },
      {
        "insertions": 212,
        "deletions": 88,
        "date": "2019-08-19",
        "commitResults": [
          {
            "hash": "4445a4a098f7b649aa4253b0e5dc645690158077",
            "messageTitle": "Fix test case",
            "messageBody": "",
            "insertions": 16,
            "deletions": 12
          },
          {
            "hash": "9d955d9af0302e045b997b68cebdf1e84d2fbf54",
            "messageTitle": "Implemented error handling Gave Duke some personality",
            "messageBody": "",
            "insertions": 170,
            "deletions": 76
          },
          {
            "hash": "fae7278305c93948f6acaa8dd54244ad7376daf2",
            "messageTitle": "Implement Delete * Updated test case to include Delete command",
            "messageBody": "",
            "insertions": 26,
            "deletions": 0
          }
        ]
      },
      {
        "insertions": 181,
        "deletions": 55,
        "date": "2019-08-20",
        "commitResults": [
          {
            "hash": "c6771ffd548b787063fe7dcb7dc5435c908d5239",
            "messageTitle": "Implement Save/Load to file Add \u0027type\u0027 attribute to Task and subclasses",
            "messageBody": "",
            "insertions": 137,
            "deletions": 29
          },
          {
            "hash": "13064e7035e6cfd6d473003b02225955c25f76cb",
            "messageTitle": "Convert \u0027type\u0027 attribute in Task to an enum",
            "messageBody": "",
            "insertions": 44,
            "deletions": 26
          }
        ]
      },
      {
        "insertions": 126,
        "deletions": 15,
        "date": "2019-08-21",
        "commitResults": [
          {
            "hash": "a54019cc92f6832b0932658215e0c07d5cca517b",
            "messageTitle": "Taught Duke to understand dates and times",
            "messageBody": "",
            "insertions": 126,
            "deletions": 15
          }
        ]
      },
      {
        "insertions": 1063,
        "deletions": 557,
        "date": "2019-08-26",
        "commitResults": [
          {
            "hash": "fc222d97f8c76d9a8c2d20e5bd326670f1d8c951",
            "messageTitle": "Made the code more OOP * Refactored Duke.java * Added Storage.java * Added TaskList.java * Added UI.java",
            "messageBody": "",
            "insertions": 383,
            "deletions": 310
          },
          {
            "hash": "94b5b592378bc049dae921fa9dcead1a3cc37a6a",
            "messageTitle": "Made code more OOP - Add Parser.java - Extract *Command classes",
            "messageBody": "",
            "insertions": 293,
            "deletions": 190
          },
          {
            "hash": "2974e32aa4b6ebb0e5c738a72bb1d281e3df4f19",
            "messageTitle": "Divided classes into packages",
            "messageBody": "",
            "insertions": 197,
            "deletions": 50
          },
          {
            "hash": "3c3a6dd018c6bdb59ecb54c409ff944933e38007",
            "messageTitle": "Added object-level validation for Event.java",
            "messageBody": "",
            "insertions": 39,
            "deletions": 7
          },
          {
            "hash": "53ba05708541f358c7b292ee1f4655cbe49168eb",
            "messageTitle": "Add JUnit tests",
            "messageBody": "",
            "insertions": 151,
            "deletions": 0
          }
        ]
      },
      {
        "insertions": 577,
        "deletions": 122,
        "date": "2019-08-27",
        "commitResults": [
          {
            "hash": "baef28cb7423a849fe91e2670f78c68e66c68fc6",
            "messageTitle": "Updated gradle settings",
            "messageBody": "",
            "insertions": 10,
            "deletions": 1
          },
          {
            "hash": "5ff9ba74c9d82c493f0414e9a9a4296509102ddd",
            "messageTitle": "Added JavaDocs and tweaked code to comply with checkstyling",
            "messageBody": "",
            "insertions": 472,
            "deletions": 110
          },
          {
            "hash": "9aa9ecc08baf5c6b6692ecc8909d895161b2171c",
            "messageTitle": "Rename DukeIOException.java to DukeIoException.java",
            "messageBody": "",
            "insertions": 1,
            "deletions": 1
          },
          {
            "hash": "f0182fb7a8925ab90d9e2ca5355815d0321d7443",
            "messageTitle": "Added gradle plugin Shadow for JAR file packaging",
            "messageBody": "",
            "insertions": 8,
            "deletions": 0
          },
          {
            "hash": "3d2f800eae8e0c39e840b6062c454ef7338a1fae",
            "messageTitle": "Implemented Find",
            "messageBody": "",
            "insertions": 86,
            "deletions": 10
          }
        ]
      },
      {
        "insertions": 2,
        "deletions": 3,
        "date": "2019-08-29",
        "commitResults": [
          {
            "hash": "19be9b322cc9633743b77f6d3173244c19a10105",
            "messageTitle": "Package Duke into core",
            "messageBody": "",
            "insertions": 2,
            "deletions": 3
          }
        ]
      },
      {
        "insertions": 294,
        "deletions": 70,
        "date": "2019-08-30",
        "commitResults": [
          {
            "hash": "71529c0a391b0e7ce6db52f5390d87239f57cca4",
            "messageTitle": "Implement JavaFX Tutorial Part 1",
            "messageBody": "",
            "insertions": 54,
            "deletions": 3
          },
          {
            "hash": "67ee0adfa73348f78cb3adfa1237e1d3739f26b6",
            "messageTitle": "Revert \"Implement JavaFX Tutorial Part 1\"",
            "messageBody": "This reverts commit 71529c0a391b0e7ce6db52f5390d87239f57cca4.\n",
            "insertions": 3,
            "deletions": 54
          },
          {
            "hash": "75b02188063e69f0ace2580290075c256ffc21d9",
            "messageTitle": "Implement JavaFX Tutorial Part 1",
            "messageBody": "",
            "insertions": 54,
            "deletions": 3
          },
          {
            "hash": "b8611bce3877782f6c49ba75b5557a9736340d06",
            "messageTitle": "Implement JavaFX Tutorial Part 2",
            "messageBody": "",
            "insertions": 60,
            "deletions": 5
          },
          {
            "hash": "b9e62b4a5859590659b5bcb00b0c9b3421ef18d2",
            "messageTitle": "Implement JavaFX Tutorial Part 3",
            "messageBody": "",
            "insertions": 123,
            "deletions": 5
          }
        ]
      },
      {
        "insertions": 472,
        "deletions": 364,
        "date": "2019-09-04",
        "commitResults": [
          {
            "hash": "27e2a1c762aa365950efe1a25c8d6049421c47d8",
            "messageTitle": "Implement JavaFX Gui",
            "messageBody": "",
            "insertions": 472,
            "deletions": 364
          }
        ]
      },
      {
        "insertions": 51,
        "deletions": 1,
        "date": "2019-09-05",
        "commitResults": [
          {
            "hash": "24ee5486cf09b82a267382c57ceba2edd7a5a626",
            "messageTitle": "Fix welcome and bye actions",
            "messageBody": "",
            "insertions": 51,
            "deletions": 1
          }
        ]
      },
      {
        "insertions": 316,
        "deletions": 215,
        "date": "2019-09-06",
        "commitResults": [
          {
            "hash": "ba69a00e73e4508b6dab52ecc5f28ac2552f6c2a",
            "messageTitle": "Improve Code Quality",
            "messageBody": "",
            "insertions": 316,
            "deletions": 215
          }
        ]
      },
      {
        "insertions": 15,
        "deletions": 5,
        "date": "2019-09-07",
        "commitResults": [
          {
            "hash": "afc28110f7501186df32a2a7de4b8b94d6824553",
            "messageTitle": "Add assertions (#4)",
            "messageBody": "",
            "insertions": 6,
            "deletions": 0
          },
          {
            "hash": "d4f4e58f77aa1ad02de0fcf5198234df617ed437",
            "messageTitle": "Configure build.gradle",
            "messageBody": "",
            "insertions": 9,
            "deletions": 5
          }
        ]
      },
      {
        "insertions": 58,
        "deletions": 22,
        "date": "2019-09-08",
        "commitResults": [
          {
            "hash": "80b98053399a09662805eee842fd802670335450",
            "messageTitle": "Use Streams",
            "messageBody": "",
            "insertions": 13,
            "deletions": 9
          },
          {
            "hash": "70ef2d83aea828c0baefbe54c8130c9843cfad14",
            "messageTitle": "Configure build.gradle - shadowJar tasks",
            "messageBody": "",
            "insertions": 22,
            "deletions": 2
          },
          {
            "hash": "be3f95309ee89a51ead3f33a12cefbe0fbfa5bf9",
            "messageTitle": "Fix regressions and test cases",
            "messageBody": "",
            "insertions": 20,
            "deletions": 9
          },
          {
            "hash": "9cd277f8409590c2218b4887d31d253e1f4e76c6",
            "messageTitle": "Fix Test imports",
            "messageBody": "",
            "insertions": 3,
            "deletions": 2
          }
        ]
      },
      {
        "insertions": 480,
        "deletions": 31,
        "date": "2019-09-09",
        "commitResults": [
          {
            "hash": "2bb7e888124ffbfb6b730ea64484ba094668197b",
            "messageTitle": "Implement user-defined aliases for commands",
            "messageBody": "",
            "insertions": 480,
            "deletions": 31
          }
        ]
      },
      {
        "insertions": 34,
        "deletions": 7,
        "date": "2019-09-17",
        "commitResults": [
          {
            "hash": "700c6eee437efd19317fbee9eded2c8cc55d2fd3",
            "messageTitle": "FIx jar issues (+1 squashed commits)",
            "messageBody": "Squashed commits:\n\n[63ca577] Fix jar issues\n",
            "insertions": 29,
            "deletions": 3
          },
          {
            "hash": "619251d31d668907dcd784bbe2da7b1b43304ecd",
            "messageTitle": "Fix jar issues",
            "messageBody": "",
            "insertions": 5,
            "deletions": 4
          }
        ]
      }
    ]
  },
  "authorFinalContributionMap": {
    "marqueurs404": 2661
  },
  "authorFileTypeContributionMap": {
    "marqueurs404": {
      "java": 2423,
      "md": 0,
      "fxml": 42,
      "sh": 34,
      "bat": 21,
      "gradle": 84,
      "txt": 57
    }
  },
  "authorContributionVariance": {
    "marqueurs404": 113339.37
  },
  "authorDisplayNameMap": {
    "marqueurs404": "CS2103T-T10-4 ONG P ... ARCUS"
  }
}
