{
  "authorDailyContributionsMap": {
    "marqueurs404": [
      {
        "insertions": 79,
        "deletions": 15,
        "date": "2019-08-17",
        "commitResults": [
          {
            "hash": "423a2e001a531f3d3fa0b801dafccb9e655c8b69",
            "messageTitle": "Duke.java: Implemented greet, echo, exit",
            "messageBody": "",
            "insertions": 28,
            "deletions": 1
          },
          {
            "hash": "47e607b1d3bacba363bea7f17df4256837fcc5f0",
            "messageTitle": "Duke.java: Fix input - change next() to nextLine()",
            "messageBody": "",
            "insertions": 2,
            "deletions": 2
          },
          {
            "hash": "6bf328cb7e564fc1aca1756a9ec7a35b0c01aa68",
            "messageTitle": "Duke.java: Implement Add, List Duke.java: Add javadoc comments",
            "messageBody": "",
            "insertions": 49,
            "deletions": 12
          }
        ]
      },
      {
        "insertions": 294,
        "deletions": 32,
        "date": "2019-08-18",
        "commitResults": [
          {
            "hash": "70acb0100ee7056eb67aa796e3151d70e787af35",
            "messageTitle": "Add Task.java Duke.java: Implement Mark as Done feature",
            "messageBody": "",
            "insertions": 59,
            "deletions": 12
          },
          {
            "hash": "92e626dbfbab4900a508670d9e410d08c5156ecd",
            "messageTitle": "Implement ToDos, Events, Deadlines * Create 3 subclasses of Task: Todo, Event \u0026 Deadline * Duke.java: Refactor addTask, add emptiness check in listTask",
            "messageBody": "",
            "insertions": 100,
            "deletions": 9
          },
          {
            "hash": "91b37f26a1a4647a7bde1e63d2513a80711076c8",
            "messageTitle": "Duke.java: Implement replyAddTask to refactor replies for adding a task of any type.",
            "messageBody": "",
            "insertions": 20,
            "deletions": 3
          },
          {
            "hash": "6bf861c6937c5a635b26e961bd99fbfb7d2c6e4d",
            "messageTitle": "Duke.java: Minor bug fix Task.java: Changed status icons",
            "messageBody": "",
            "insertions": 11,
            "deletions": 8
          },
          {
            "hash": "e7a18f00f03bed206c6e2f4fbb55200b421052ea",
            "messageTitle": "Added test cases",
            "messageBody": "",
            "insertions": 104,
            "deletions": 0
          }
        ]
      },
      {
        "insertions": 212,
        "deletions": 88,
        "date": "2019-08-19",
        "commitResults": [
          {
            "hash": "4445a4a098f7b649aa4253b0e5dc645690158077",
            "messageTitle": "Fix test case",
            "messageBody": "",
            "insertions": 16,
            "deletions": 12
          },
          {
            "hash": "9d955d9af0302e045b997b68cebdf1e84d2fbf54",
            "messageTitle": "Implemented error handling Gave Duke some personality",
            "messageBody": "",
            "insertions": 170,
            "deletions": 76
          },
          {
            "hash": "fae7278305c93948f6acaa8dd54244ad7376daf2",
            "messageTitle": "Implement Delete * Updated test case to include Delete command",
            "messageBody": "",
            "insertions": 26,
            "deletions": 0
          }
        ]
      },
      {
        "insertions": 181,
        "deletions": 55,
        "date": "2019-08-20",
        "commitResults": [
          {
            "hash": "c6771ffd548b787063fe7dcb7dc5435c908d5239",
            "messageTitle": "Implement Save/Load to file Add \u0027type\u0027 attribute to Task and subclasses",
            "messageBody": "",
            "insertions": 137,
            "deletions": 29
          },
          {
            "hash": "13064e7035e6cfd6d473003b02225955c25f76cb",
            "messageTitle": "Convert \u0027type\u0027 attribute in Task to an enum",
            "messageBody": "",
            "insertions": 44,
            "deletions": 26
          }
        ]
      },
      {
        "insertions": 126,
        "deletions": 15,
        "date": "2019-08-21",
        "commitResults": [
          {
            "hash": "a54019cc92f6832b0932658215e0c07d5cca517b",
            "messageTitle": "Taught Duke to understand dates and times",
            "messageBody": "",
            "insertions": 126,
            "deletions": 15
          }
        ]
      }
    ],
    "Jeffry Lum": []
  },
  "authorFinalContributionMap": {
    "marqueurs404": 691,
    "Jeffry Lum": 0
  },
  "authorFileTypeContributionMap": {
    "marqueurs404": {
      "java": 579,
      "md": 0,
      "fxml": 0,
      "sh": 34,
      "bat": 21,
      "gradle": 0,
      "txt": 57
    },
    "Jeffry Lum": {
      "java": 0,
      "md": 0,
      "fxml": 0,
      "sh": 0,
      "bat": 0,
      "gradle": 0,
      "txt": 0
    }
  },
  "authorContributionVariance": {
    "marqueurs404": 13353.473,
    "Jeffry Lum": 0.0
  },
  "authorDisplayNameMap": {
    "marqueurs404": "marqueurs404",
    "Jeffry Lum": "Jeffry Lum"
  }
}
