{
  "authorDailyContributionsMap": {
    "qweiping31415": [
      {
        "insertions": 542,
        "deletions": 241,
        "date": "2019-08-22",
        "commitResults": [
          {
            "hash": "4fea6fe760a88a976796e328b3cbf98bfa39761b",
            "messageTitle": "Level 1 Completed",
            "messageBody": "",
            "insertions": 44,
            "deletions": 6
          },
          {
            "hash": "d4e037b3c0d0223df4323a4c167270629a9accb4",
            "messageTitle": "Level 2 Completed",
            "messageBody": "",
            "insertions": 46,
            "deletions": 17
          },
          {
            "hash": "1f4003b34f26a5abf79baf1d15900e6809340f6e",
            "messageTitle": "Completed Lv3",
            "messageBody": "",
            "insertions": 72,
            "deletions": 20
          },
          {
            "hash": "066bbbbcac943a911334f19386f2b13e72e465b3",
            "messageTitle": "Removed comments in Lv 3",
            "messageBody": "",
            "insertions": 2,
            "deletions": 14
          },
          {
            "hash": "c3431945d50aef1119db51f71a7cec2dd730b38e",
            "messageTitle": "Extended onto ToDo",
            "messageBody": "",
            "insertions": 70,
            "deletions": 4
          },
          {
            "hash": "628fee73c63a6d644ab54ebea1dfda571580ad8d",
            "messageTitle": "Completed Lv 4",
            "messageBody": "",
            "insertions": 85,
            "deletions": 33
          },
          {
            "hash": "cf8239cf98743d400bd7f9ba4725661f0a51a4b4",
            "messageTitle": "Completed Lv 4",
            "messageBody": "",
            "insertions": 0,
            "deletions": 1
          },
          {
            "hash": "5727830fed8d3c20199b7e846a56ba947da35a69",
            "messageTitle": "Completed Lv 5",
            "messageBody": "",
            "insertions": 171,
            "deletions": 27
          },
          {
            "hash": "c744b57d9ae92bae6649a06253379e5cbbdb7640",
            "messageTitle": "Cleaned up comments for Duke",
            "messageBody": "",
            "insertions": 10,
            "deletions": 104
          },
          {
            "hash": "78e74cb646edb7091a5a05d2b776c432ec91f248",
            "messageTitle": "Halfway through Lv 6",
            "messageBody": "",
            "insertions": 12,
            "deletions": 0
          },
          {
            "hash": "ddf800f194fa4b3a5784b24debfa67f1291e650e",
            "messageTitle": "Fixed some Exceptions for Level 5",
            "messageBody": "",
            "insertions": 4,
            "deletions": 14
          },
          {
            "hash": "0ef8fe433494ddef2b08818cf4449eb422237ba9",
            "messageTitle": "Level 6 Completed",
            "messageBody": "",
            "insertions": 26,
            "deletions": 1
          }
        ]
      }
    ]
  },
  "authorFinalContributionMap": {
    "qweiping31415": 306
  },
  "authorFileTypeContributionMap": {
    "qweiping31415": {
      "java": 306,
      "md": 0,
      "fxml": 0,
      "sh": 0,
      "bat": 0,
      "gradle": 0,
      "txt": 0
    }
  },
  "authorContributionVariance": {
    "qweiping31415": 75072.125
  },
  "authorDisplayNameMap": {
    "qweiping31415": "CS2103T-T11 QUEK  ...  PING"
  }
}
