{
  "authorDailyContributionsMap": {
    "LuWenQ": [
      {
        "insertions": 113,
        "deletions": 7,
        "date": "2019-08-21",
        "commitResults": [
          {
            "hash": "5c013f8fec6c3b74f7af7230f1cb4d4996eed49b",
            "messageTitle": "add level-1",
            "messageBody": "",
            "insertions": 113,
            "deletions": 7
          }
        ]
      },
      {
        "insertions": 185,
        "deletions": 44,
        "date": "2019-08-22",
        "commitResults": [
          {
            "hash": "15a89d811d338204b0dde1cbf908afbcd93f5f04",
            "messageTitle": "add Level-2",
            "messageBody": "",
            "insertions": 29,
            "deletions": 2
          },
          {
            "hash": "20cfd0a21932221135ebb338cd3293d5a6e1ad95",
            "messageTitle": "add Level-3",
            "messageBody": "",
            "insertions": 27,
            "deletions": 7
          },
          {
            "hash": "dfc869146e74e3cde99a41f23196711b49448bbc",
            "messageTitle": "add Level-4",
            "messageBody": "",
            "insertions": 90,
            "deletions": 20
          },
          {
            "hash": "a03907d72b3a407061e8d79c327b7ad7a8e9e771",
            "messageTitle": "add Level-5",
            "messageBody": "",
            "insertions": 13,
            "deletions": 9
          },
          {
            "hash": "11bf54c52cf06dded8a1ddf8034a0ba568f4935e",
            "messageTitle": "add Level-6",
            "messageBody": "",
            "insertions": 26,
            "deletions": 6
          }
        ]
      },
      {
        "insertions": 93,
        "deletions": 0,
        "date": "2019-08-29",
        "commitResults": [
          {
            "hash": "7bf7c69f99e30436c483de23e1de72386ca0aea9",
            "messageTitle": "add Level-7",
            "messageBody": "",
            "insertions": 78,
            "deletions": 0
          },
          {
            "hash": "0c87f36b66cd54459024afedfc5c1fb223230e8f",
            "messageTitle": "add Level-8",
            "messageBody": "",
            "insertions": 15,
            "deletions": 0
          }
        ]
      }
    ]
  },
  "authorFinalContributionMap": {
    "LuWenQ": 347
  },
  "authorFileTypeContributionMap": {
    "LuWenQ": {
      "java": 281,
      "md": 0,
      "fxml": 0,
      "sh": 34,
      "bat": 0,
      "gradle": 22,
      "txt": 10
    }
  },
  "authorContributionVariance": {
    "LuWenQ": 4395.387
  },
  "authorDisplayNameMap": {
    "LuWenQ": "CS2103T-W11 LU WE ... WENQI"
  }
}
