{
  "authorDailyContributionsMap": {
    "chanjunren": [
      {
        "insertions": 27,
        "deletions": 3,
        "date": "2019-08-19",
        "commitResults": [
          {
            "hash": "ea2a3442108a34e57b854d81a574211fbdccb04a",
            "messageTitle": "Level 1. Greet, Echo, Exit",
            "messageBody": "",
            "insertions": 16,
            "deletions": 1
          },
          {
            "hash": "6b8b2c95eb6b146ef79533108400ebca18781443",
            "messageTitle": "Level 2. Add, List",
            "messageBody": "",
            "insertions": 11,
            "deletions": 2
          }
        ]
      },
      {
        "insertions": 118,
        "deletions": 13,
        "date": "2019-08-20",
        "commitResults": [
          {
            "hash": "fe8edd7cf3d5ade7d78322085cf83f6d1bb10555",
            "messageTitle": "Level 3. Mark as Done",
            "messageBody": "",
            "insertions": 41,
            "deletions": 8
          },
          {
            "hash": "69fcb9779edfb96b428b3587ca1035dc0b6e6d4b",
            "messageTitle": "Level 4. ToDos, Events, Deadlines",
            "messageBody": "",
            "insertions": 77,
            "deletions": 5
          }
        ]
      },
      {
        "insertions": 85,
        "deletions": 46,
        "date": "2019-08-21",
        "commitResults": [
          {
            "hash": "d5a1e32a316482b5abcc70df2effec4f401222ce",
            "messageTitle": "Level 5. Handle Errors",
            "messageBody": "",
            "insertions": 76,
            "deletions": 46
          },
          {
            "hash": "1f91b5cfc1b0ed2848cd7ef04829e19f46a4a261",
            "messageTitle": "Level 6. Delete",
            "messageBody": "",
            "insertions": 9,
            "deletions": 0
          }
        ]
      },
      {
        "insertions": 153,
        "deletions": 57,
        "date": "2019-08-28",
        "commitResults": [
          {
            "hash": "a6110719d2d759d910c370c34e7d505347863532",
            "messageTitle": "Deadline.java:   - Renamed parameter by to deadline  Event.java   - Added getter for getTimeFrame Task.java   - Added getter for whether task is done Duke.java   - Encapsulated commands into functions   - Level 7",
            "messageBody": "",
            "insertions": 153,
            "deletions": 57
          }
        ]
      }
    ]
  },
  "authorFinalContributionMap": {
    "chanjunren": 264
  },
  "authorFileTypeContributionMap": {
    "chanjunren": {
      "java": 259,
      "md": 0,
      "fxml": 0,
      "sh": 0,
      "bat": 0,
      "gradle": 5,
      "txt": 0
    }
  },
  "authorContributionVariance": {
    "chanjunren": 4610.5444
  },
  "authorDisplayNameMap": {
    "chanjunren": "CHAN ..  REN"
  }
}
