{
  "authorDailyContributionsMap": {
    "mrchensheng21": [
      {
        "insertions": 35,
        "deletions": 0,
        "date": "2019-08-22",
        "commitResults": [
          {
            "hash": "8a00937aa5252693f3a6e8f3948c186e1222c07f",
            "messageTitle": "Duke.java : Add welcome message",
            "messageBody": "",
            "insertions": 9,
            "deletions": 0
          },
          {
            "hash": "0b533f9f160f277414cb4e900131bb97ec5eccfb",
            "messageTitle": "Duke.java : Import Scanner into file",
            "messageBody": "",
            "insertions": 2,
            "deletions": 0
          },
          {
            "hash": "fdbdd1b328bf0ebe062f4589d59fd66cb3e319cb",
            "messageTitle": "Duke.java : Add new Scanner input",
            "messageBody": "",
            "insertions": 2,
            "deletions": 0
          },
          {
            "hash": "b9b4a80cca95ba07041a8922c76dc835bf39ad99",
            "messageTitle": "Duke.java : Add echo to input list, blah and bye, also a wrong command message",
            "messageBody": "",
            "insertions": 22,
            "deletions": 0
          }
        ]
      },
      {
        "insertions": 232,
        "deletions": 88,
        "date": "2019-08-23",
        "commitResults": [
          {
            "hash": "4a68bf445c47d015787e94c9aca562997d382561",
            "messageTitle": "Duke.java : Add function to add actions, list out the actions",
            "messageBody": "",
            "insertions": 20,
            "deletions": 7
          },
          {
            "hash": "bd83786a68d2cc4368c955ca2ede1ef0835fda73",
            "messageTitle": "Duke : Add Task.java",
            "messageBody": "",
            "insertions": 22,
            "deletions": 0
          },
          {
            "hash": "9cf931cf2f860b3b9f15d60bfaf5639ddbfac595",
            "messageTitle": "Duke.java : add marking task as done function",
            "messageBody": "",
            "insertions": 10,
            "deletions": 6
          },
          {
            "hash": "d7af118620dc99fffe687adaf2108e649181e549",
            "messageTitle": "Duke : Add deadline, events and todos classes",
            "messageBody": "",
            "insertions": 41,
            "deletions": 0
          },
          {
            "hash": "51effbcce75f6c83831c1d9a1fd354b9fd6682d8",
            "messageTitle": "Duke.java: Added ToDos, Events and Deadlines functions",
            "messageBody": "",
            "insertions": 26,
            "deletions": 3
          },
          {
            "hash": "dff4cfa59c3aeb7d6f3cbc7811a6f82deea7b438",
            "messageTitle": "Duke: Add IllegalCommandException class",
            "messageBody": "",
            "insertions": 4,
            "deletions": 0
          },
          {
            "hash": "47b00b98592d1991e7f9220550945b5e5b7458a0",
            "messageTitle": "IllegalCommandException.java: Add error message",
            "messageBody": "",
            "insertions": 11,
            "deletions": 2
          },
          {
            "hash": "f1733b8c244ebbee7442d726f93b2ff41c6ee1e2",
            "messageTitle": "Duke.java: Add exceptions function",
            "messageBody": "",
            "insertions": 66,
            "deletions": 49
          },
          {
            "hash": "26538eaaf5d59a4630b66ee0a9722d17a696660a",
            "messageTitle": "Duke.java: Swap normal array to arraylist",
            "messageBody": "",
            "insertions": 1,
            "deletions": 2
          },
          {
            "hash": "f880fdf2d21aa031bb421a498856435cf08ea68f",
            "messageTitle": "Duke.java: Add delete function",
            "messageBody": "",
            "insertions": 31,
            "deletions": 19
          }
        ]
      },
      {
        "insertions": 88,
        "deletions": 39,
        "date": "2019-08-27",
        "commitResults": [
          {
            "hash": "754fe6ef99d2fbb0d0ce98bd819387f58daab737",
            "messageTitle": "Add text-ui-testing function for semi-automated testing of Duke",
            "messageBody": "",
            "insertions": 50,
            "deletions": 0
          },
          {
            "hash": "5287bd1d1c2db8ddb5793e327f9082168dde466c",
            "messageTitle": "Modify code in source file to tidy up",
            "messageBody": "",
            "insertions": 38,
            "deletions": 39
          },
          {
            "hash": "b35d41860c8ff610151cc603ebda99e6eca881e9",
            "messageTitle": "Edit runtest.sh",
            "messageBody": "",
            "insertions": 0,
            "deletions": 0
          }
        ]
      }
    ]
  },
  "authorFinalContributionMap": {
    "mrchensheng21": 230
  },
  "authorFileTypeContributionMap": {
    "mrchensheng21": {
      "java": 180,
      "md": 0,
      "fxml": 0,
      "sh": 34,
      "bat": 0,
      "gradle": 0,
      "txt": 16
    }
  },
  "authorContributionVariance": {
    "mrchensheng21": 8366.139
  },
  "authorDisplayNameMap": {
    "mrchensheng21": "KWAN .. HENG"
  }
}
