{
  "authorDailyContributionsMap": {
    "evelynejuliet": [
      {
        "insertions": 245,
        "deletions": 105,
        "date": "2019-08-21",
        "commitResults": [
          {
            "hash": "9a170f22fc6958f8a570304a4b3ff177c3cd6131",
            "messageTitle": "Finish Level-1",
            "messageBody": "",
            "insertions": 17,
            "deletions": 6
          },
          {
            "hash": "9bb4a732b5b21e86cd501ab6b67f98a58070c595",
            "messageTitle": "Finish Level-2",
            "messageBody": "",
            "insertions": 13,
            "deletions": 3
          },
          {
            "hash": "519abe8522ace953585470207ca71354c0423a4b",
            "messageTitle": "Finish Level-3",
            "messageBody": "",
            "insertions": 39,
            "deletions": 9
          },
          {
            "hash": "264d3d09a2966ad6a6faef4d53eb6df56e87ca63",
            "messageTitle": "Finish Level-4",
            "messageBody": "",
            "insertions": 113,
            "deletions": 8
          },
          {
            "hash": "0476ce7857e7cff952c69fef3f9bfac03622a361",
            "messageTitle": "Finish Level-5",
            "messageBody": "",
            "insertions": 57,
            "deletions": 78
          },
          {
            "hash": "e79ecbfd919ff57e3af134aa8ab90fff45a05dbc",
            "messageTitle": "Finish Level-6",
            "messageBody": "",
            "insertions": 6,
            "deletions": 1
          }
        ]
      }
    ],
    "Jeffry Lum": []
  },
  "authorFinalContributionMap": {
    "evelynejuliet": 146,
    "Jeffry Lum": 0
  },
  "authorFileTypeContributionMap": {
    "evelynejuliet": {
      "java": 146,
      "md": 0,
      "fxml": 0,
      "sh": 0,
      "bat": 0,
      "gradle": 0,
      "txt": 0
    },
    "Jeffry Lum": {
      "java": 0,
      "md": 0,
      "fxml": 0,
      "sh": 0,
      "bat": 0,
      "gradle": 0,
      "txt": 0
    }
  },
  "authorContributionVariance": {
    "evelynejuliet": 17013.889,
    "Jeffry Lum": 0.0
  },
  "authorDisplayNameMap": {
    "evelynejuliet": "evelynejuliet",
    "Jeffry Lum": "Jeffry Lum"
  }
}
