{
  "authorDailyContributionsMap": {
    "weigenie": [
      {
        "insertions": 241,
        "deletions": 61,
        "date": "2019-08-19",
        "commitResults": [
          {
            "hash": "d5e0a062096c820d4d9a1b2f8a9b7290910f4836",
            "messageTitle": "Level-1 completion",
            "messageBody": "",
            "insertions": 22,
            "deletions": 1
          },
          {
            "hash": "0caab2d49d4937ebec56dfb8a88abab2e20928e5",
            "messageTitle": "Level-2. Add, List",
            "messageBody": "",
            "insertions": 29,
            "deletions": 12
          },
          {
            "hash": "840c0bbb703585b2cc896e4f1261e064657e262b",
            "messageTitle": "Level-3. Mark as Done",
            "messageBody": "",
            "insertions": 32,
            "deletions": 3
          },
          {
            "hash": "27884070a4b30ea5827caee6ae2671a2b079da2d",
            "messageTitle": "Level 4. ToDos, Events, Deadlines",
            "messageBody": "",
            "insertions": 63,
            "deletions": 4
          },
          {
            "hash": "8f517aa6d2140a74d0771dfa3cce87a3b4a1449a",
            "messageTitle": "Init test folder",
            "messageBody": "",
            "insertions": 26,
            "deletions": 0
          },
          {
            "hash": "90ca47dad72df6867793f1736ea5db31b555b81b",
            "messageTitle": "Level 5. Handle Errors",
            "messageBody": "",
            "insertions": 62,
            "deletions": 41
          },
          {
            "hash": "616757f741dde745aeb1f383cc5e753ef71bc0a2",
            "messageTitle": "Level 6. Delete",
            "messageBody": "",
            "insertions": 7,
            "deletions": 0
          }
        ]
      },
      {
        "insertions": 13,
        "deletions": 4,
        "date": "2019-08-22",
        "commitResults": [
          {
            "hash": "93ce711111403ebb88244a2b2faabbfecd8ac943",
            "messageTitle": "Tweaked exceptions",
            "messageBody": "",
            "insertions": 13,
            "deletions": 4
          }
        ]
      },
      {
        "insertions": 317,
        "deletions": 132,
        "date": "2019-08-26",
        "commitResults": [
          {
            "hash": "e8baea93e6c5bfd1b2431278816d99489f91ec1b",
            "messageTitle": " Level 7. Save",
            "messageBody": "",
            "insertions": 178,
            "deletions": 69
          },
          {
            "hash": "1f731d9f68273723b0f774f7c137971e7d2e3f12",
            "messageTitle": "Removed debugging prints.",
            "messageBody": "",
            "insertions": 33,
            "deletions": 36
          },
          {
            "hash": "e24da477e2ac584712d0f29d7c866c61497059b2",
            "messageTitle": "Level 8. Dates and Times",
            "messageBody": "",
            "insertions": 106,
            "deletions": 27
          }
        ]
      },
      {
        "insertions": 1025,
        "deletions": 730,
        "date": "2019-08-28",
        "commitResults": [
          {
            "hash": "17246d2a3b63fc2ab1078ead1ca708c08c9ae6c6",
            "messageTitle": "Reset Master",
            "messageBody": "",
            "insertions": 28,
            "deletions": 280
          },
          {
            "hash": "cba3411dc44868fde42ab0f5b9e58e9e65f31444",
            "messageTitle": "Formatting and fixed minor errors.",
            "messageBody": "",
            "insertions": 74,
            "deletions": 73
          },
          {
            "hash": "c629652f0546b95d3f842550ba7d06772989f3f4",
            "messageTitle": "Level 7. Save",
            "messageBody": "",
            "insertions": 99,
            "deletions": 8
          },
          {
            "hash": "af75fb9044ce04df6db2338cc5b965f2e516835d",
            "messageTitle": "More OOP",
            "messageBody": "",
            "insertions": 352,
            "deletions": 163
          },
          {
            "hash": "506ce25e4c9cb6734a0e57c49e402740d0d5cba2",
            "messageTitle": "A-Packages.",
            "messageBody": "",
            "insertions": 48,
            "deletions": 4
          },
          {
            "hash": "9ceff2381bdd07172597e06c2c9983c268328da4",
            "messageTitle": "Revert \"A-Packages.\"",
            "messageBody": "This reverts commit 506ce25e4c9cb6734a0e57c49e402740d0d5cba2.\n",
            "insertions": 4,
            "deletions": 48
          },
          {
            "hash": "865a2807389d1687b2e52dce11f8630cd8556d09",
            "messageTitle": "A-Packages.",
            "messageBody": "",
            "insertions": 0,
            "deletions": 0
          },
          {
            "hash": "09ec26bc1fa67dfab49b654bbe69f3422f0e64dc",
            "messageTitle": "A-Packages",
            "messageBody": "",
            "insertions": 41,
            "deletions": 7
          },
          {
            "hash": "f1ecc7addfae919c0553973e3eb101e469ffd769",
            "messageTitle": "JUnit Testing.",
            "messageBody": "",
            "insertions": 44,
            "deletions": 0
          },
          {
            "hash": "5d9dd491d7e59bf0ff0739d545abc1449ccd0feb",
            "messageTitle": "Javadoc creation v1.",
            "messageBody": "",
            "insertions": 52,
            "deletions": 0
          },
          {
            "hash": "ed58bd93c5d706e3e62ea125e4797b46f52454ff",
            "messageTitle": "Javadoc.",
            "messageBody": "",
            "insertions": 132,
            "deletions": 2
          },
          {
            "hash": "f414d21d8e624bf4133628cb27f01270079369f8",
            "messageTitle": "Revert \"Javadoc creation v1.\"",
            "messageBody": "This reverts commit 5d9dd491d7e59bf0ff0739d545abc1449ccd0feb.\n",
            "insertions": 0,
            "deletions": 52
          },
          {
            "hash": "e5b953e9981232fd73994e729f7b87d4b3278533",
            "messageTitle": "Coding Standard.",
            "messageBody": "",
            "insertions": 55,
            "deletions": 30
          },
          {
            "hash": "c2920e56f0c806a1ef543fff6361385760688ba1",
            "messageTitle": "Tweaked packages.",
            "messageBody": "",
            "insertions": 31,
            "deletions": 29
          },
          {
            "hash": "d4df48850cf260841d2d70eeca7561486f8b7307",
            "messageTitle": "Level 9. Find",
            "messageBody": "",
            "insertions": 65,
            "deletions": 34
          }
        ]
      },
      {
        "insertions": 476,
        "deletions": 62,
        "date": "2019-09-03",
        "commitResults": [
          {
            "hash": "491e02f6a3a98a9e90c0ff8fee21fe7a32877add",
            "messageTitle": "1. Gradle integration. 2. Checkstyle tested and fixed.",
            "messageBody": "",
            "insertions": 140,
            "deletions": 48
          },
          {
            "hash": "2e65712fe35a9e6af405e113831aed5f7ca2618a",
            "messageTitle": "GUI.",
            "messageBody": "",
            "insertions": 336,
            "deletions": 14
          }
        ]
      },
      {
        "insertions": 1,
        "deletions": 1,
        "date": "2019-09-04",
        "commitResults": [
          {
            "hash": "2243c4cdd0dc525c35d5c8ff65960cc4d1fc80d5",
            "messageTitle": "Fixed NoClassFoundException",
            "messageBody": "",
            "insertions": 1,
            "deletions": 1
          }
        ]
      },
      {
        "insertions": 160,
        "deletions": 148,
        "date": "2019-09-10",
        "commitResults": [
          {
            "hash": "b63873da0e53d32486d22250da6e52967d566b7a",
            "messageTitle": "Integrated Duke into javafx.",
            "messageBody": "",
            "insertions": 73,
            "deletions": 47
          },
          {
            "hash": "96f4fcf5387f91b4cb17ef051906b7e5ec0b438a",
            "messageTitle": "Assertions.",
            "messageBody": "",
            "insertions": 30,
            "deletions": 6
          },
          {
            "hash": "7734df584be55763d40fce603abc47cdef14bb83",
            "messageTitle": "Code Quality.",
            "messageBody": "",
            "insertions": 57,
            "deletions": 95
          }
        ]
      },
      {
        "insertions": 402,
        "deletions": 134,
        "date": "2019-09-11",
        "commitResults": [
          {
            "hash": "d8538274f4afbca5bcc646224addd9f2d5f1dcd4",
            "messageTitle": "Improved code quality.",
            "messageBody": "",
            "insertions": 382,
            "deletions": 118
          },
          {
            "hash": "8fd8b559cb5d28b5d640a827c0b2e3d5ed52f06a",
            "messageTitle": "Bug fix: Reading from data file.",
            "messageBody": "",
            "insertions": 20,
            "deletions": 16
          }
        ]
      },
      {
        "insertions": 157,
        "deletions": 76,
        "date": "2019-09-17",
        "commitResults": [
          {
            "hash": "b79ec8548778a08745ae978d1e519dfdd31d2c16",
            "messageTitle": "C-BetterSearch",
            "messageBody": "",
            "insertions": 3,
            "deletions": 32
          },
          {
            "hash": "e9ff3a5bb3c3ff4e3feda13543470357ea4088dd",
            "messageTitle": "C-BetterSearch C-Help",
            "messageBody": "",
            "insertions": 113,
            "deletions": 3
          },
          {
            "hash": "edefcc44f9f8cbf309c47a99bd075de31c8b33bc",
            "messageTitle": "A-Assertions",
            "messageBody": "",
            "insertions": 2,
            "deletions": 0
          },
          {
            "hash": "4e439552b758fb97e07081f2fdb83e251a04c22c",
            "messageTitle": "A-CodeQuality",
            "messageBody": "",
            "insertions": 13,
            "deletions": 1
          },
          {
            "hash": "8da17c2e2d749a1a2bd93c8a30102555a7966ebc",
            "messageTitle": "user Guide.",
            "messageBody": "",
            "insertions": 25,
            "deletions": 39
          },
          {
            "hash": "83b960b2c3e4a5f73e40ac93fa96b515f388547c",
            "messageTitle": "Docs png uploaded.",
            "messageBody": "",
            "insertions": 1,
            "deletions": 1
          }
        ]
      },
      {
        "insertions": 21,
        "deletions": 55,
        "date": "2019-09-27",
        "commitResults": [
          {
            "hash": "314505afef754cc00917a4e1efbffce9650296a5",
            "messageTitle": "GUI improvements.",
            "messageBody": "",
            "insertions": 21,
            "deletions": 55
          }
        ]
      }
    ]
  },
  "authorFinalContributionMap": {
    "weigenie": 1552
  },
  "authorFileTypeContributionMap": {
    "weigenie": {
      "java": 1427,
      "md": 25,
      "fxml": 35,
      "sh": 0,
      "bat": 21,
      "gradle": 30,
      "txt": 14
    }
  },
  "authorContributionVariance": {
    "weigenie": 85847.09
  },
  "authorDisplayNameMap": {
    "weigenie": "CS2103T-W12-1 LEE W ... I GEN"
  }
}
