{
  "authorDailyContributionsMap": {
    "krusagiz": [
      {
        "insertions": 68,
        "deletions": 3,
        "date": "2019-08-18",
        "commitResults": [
          {
            "hash": "ae5541585fc0fcfb924fe8a2218a384afa9a1e63",
            "messageTitle": "[A-Gradle] Gradle Tutorial ~done~",
            "messageBody": "",
            "insertions": 27,
            "deletions": 1
          },
          {
            "hash": "e577b828942cc1c6ca27077b5a7791bf05ea8fb6",
            "messageTitle": "(minor) README changes",
            "messageBody": "",
            "insertions": 7,
            "deletions": 2
          },
          {
            "hash": "fa6078810c1dbe221b1044b4a24f7f2da0c2a8cf",
            "messageTitle": "[Level 1] Greet, Echo, Exit ~done~",
            "messageBody": "",
            "insertions": 34,
            "deletions": 0
          }
        ]
      },
      {
        "insertions": 178,
        "deletions": 29,
        "date": "2019-08-19",
        "commitResults": [
          {
            "hash": "f08c7b6da775e1e8acc36cd6b8e704827e345b41",
            "messageTitle": "[Level-1] Greet, Echo, Exit ~FIX 1.0~",
            "messageBody": "",
            "insertions": 6,
            "deletions": 5
          },
          {
            "hash": "900fd26a04d8bd6ab889895bfe6d5e5a6a351c14",
            "messageTitle": "[Level-2] Add, List ~done~",
            "messageBody": "",
            "insertions": 34,
            "deletions": 2
          },
          {
            "hash": "9f92041838fb63f966e1af76ca9a0ee14658a4e3",
            "messageTitle": "[Level-3] Mark as Done ~done~",
            "messageBody": "some formatting issues fixed\n",
            "insertions": 35,
            "deletions": 15
          },
          {
            "hash": "7d399cdebd0a1c8291121f531e39b87b7037ad2c",
            "messageTitle": "[A-Classes] Classes extension ~done~",
            "messageBody": "Added some class level javadoc comments\n",
            "insertions": 16,
            "deletions": 1
          },
          {
            "hash": "da5266ff7da5596a5a806a4dc7897b0930da40e1",
            "messageTitle": "[Level-3] Mark as Done ~FIX1.0~",
            "messageBody": "A-Classes fixed as well\n",
            "insertions": 85,
            "deletions": 2
          },
          {
            "hash": "8cc275eb1a95adfdfea4980e0fa008c3844c4714",
            "messageTitle": "General Reformatting",
            "messageBody": "",
            "insertions": 2,
            "deletions": 4
          }
        ]
      },
      {
        "insertions": 360,
        "deletions": 98,
        "date": "2019-08-20",
        "commitResults": [
          {
            "hash": "ff4a1569aa601c3d8121b404cb6639ccfefcf869",
            "messageTitle": "[Level 4] ToDos, Events, Deadlines ~done~",
            "messageBody": "Includes [A-Inheritance] ~done~\n",
            "insertions": 27,
            "deletions": 13
          },
          {
            "hash": "74303eb1b1ad24caccf9028f82f0e54b91b66130",
            "messageTitle": "[A-TextUiTesting] Testing Scripts added ~done~",
            "messageBody": "",
            "insertions": 109,
            "deletions": 0
          },
          {
            "hash": "e119bb2672059aa5d87d010376b9a3aaaaa2f18e",
            "messageTitle": "[Level 5] Handle Errors ~done~",
            "messageBody": "Includes [A-Exceptions] ~done~\n",
            "insertions": 129,
            "deletions": 31
          },
          {
            "hash": "8d37be481cbdea44ebb6a90b7311cc2d126f8d31",
            "messageTitle": "Formatting fix",
            "messageBody": "",
            "insertions": 4,
            "deletions": 0
          },
          {
            "hash": "557dccf24144e2e1d4dbf0af340e4a8b9bca2250",
            "messageTitle": "[Level 6] Delete ~done~",
            "messageBody": "Includes [A-Exceptions], [A-Collections] and [A-Enums] ~done~\n",
            "insertions": 91,
            "deletions": 54
          }
        ]
      },
      {
        "insertions": 1,
        "deletions": 1,
        "date": "2019-08-21",
        "commitResults": [
          {
            "hash": "54d322799d8a8dbed0b18d9f99fbf8db802dced4",
            "messageTitle": "Update README.md",
            "messageBody": "Formatting changes\n",
            "insertions": 1,
            "deletions": 1
          }
        ]
      },
      {
        "insertions": 635,
        "deletions": 318,
        "date": "2019-08-25",
        "commitResults": [
          {
            "hash": "af2e1c38bb6ee42486600164ca13c63b9ab8905f",
            "messageTitle": "!MAJOR! Code refactor - Overall code flow changes (more OOP style) - text-test-ui changed",
            "messageBody": "This commit was cruel\n",
            "insertions": 635,
            "deletions": 318
          }
        ]
      },
      {
        "insertions": 196,
        "deletions": 71,
        "date": "2019-08-26",
        "commitResults": [
          {
            "hash": "58e79ccec5e673c1e1977bbc51b60bedb09aaf39",
            "messageTitle": "optimised imports",
            "messageBody": "",
            "insertions": 1,
            "deletions": 21
          },
          {
            "hash": "e6dd70e011cc54f054d07a1cd7bc29af6a2a030f",
            "messageTitle": "[Level-7] Save ~done~",
            "messageBody": "Includes bug fixes to AddEventCommand and Event\nIncludes UX changes\n",
            "insertions": 124,
            "deletions": 19
          },
          {
            "hash": "7a4b803b52dd2d22baa03c08952f54c272c9a642",
            "messageTitle": "[Level-8] Dates and Times ~done~",
            "messageBody": "Includes changes to DukeEventException and DukeDeadlineException\n",
            "insertions": 54,
            "deletions": 22
          },
          {
            "hash": "28bcc780d09e495a0368008ef3460c15fb17a19d",
            "messageTitle": "Fixed Bugs from branch-Level-8 merge",
            "messageBody": "",
            "insertions": 17,
            "deletions": 9
          }
        ]
      },
      {
        "insertions": 664,
        "deletions": 252,
        "date": "2019-08-28",
        "commitResults": [
          {
            "hash": "d2af8ef1384176a6eecec3f2c53a643d18f36155",
            "messageTitle": "More Bug Fix after Merge",
            "messageBody": "",
            "insertions": 173,
            "deletions": 0
          },
          {
            "hash": "2d29dfe41c54b0239d365b2031150a8dc8f640ce",
            "messageTitle": "[A-JUnit] JUnit Tests ~done~",
            "messageBody": "",
            "insertions": 0,
            "deletions": 0
          },
          {
            "hash": "9e6716a0b9b2a35a8ed8a253e765928b2531e854",
            "messageTitle": "Bug fixes and some documentation",
            "messageBody": "",
            "insertions": 382,
            "deletions": 239
          },
          {
            "hash": "1d02fd45eee9e0e450e991cf0589af836d774fc4",
            "messageTitle": "[A-JavaDoc] ~done~",
            "messageBody": "",
            "insertions": 8,
            "deletions": 8
          },
          {
            "hash": "c17d8ae7bce1a5a3054fd35fdc420116e15e893c",
            "messageTitle": "[A-CodingStandard] ~done~",
            "messageBody": "",
            "insertions": 8,
            "deletions": 3
          },
          {
            "hash": "1e497f32214965f55031cbd134ff765d89e52544",
            "messageTitle": "[Level-9] Find ~done~",
            "messageBody": "",
            "insertions": 93,
            "deletions": 2
          }
        ]
      },
      {
        "insertions": 195,
        "deletions": 12,
        "date": "2019-09-03",
        "commitResults": [
          {
            "hash": "6bde8c2565dc5ebe95ae66069897d715cb955bb2",
            "messageTitle": "Done JavaFx Tutorial Part 1 - Introduction",
            "messageBody": "",
            "insertions": 28,
            "deletions": 2
          },
          {
            "hash": "7fc895fcad50db14c62e6b7ca87a7fb9cd88ffbf",
            "messageTitle": "Done JavaFx Tutorial Part 2 - Creating a GUI for Duke",
            "messageBody": "",
            "insertions": 56,
            "deletions": 6
          },
          {
            "hash": "453064f5fb722ae7c522746918d2678b863434b8",
            "messageTitle": "Done JavaFx Tutorial Part 3 - Interacting with the User",
            "messageBody": "",
            "insertions": 4,
            "deletions": 0
          },
          {
            "hash": "2877eaa7935f5b4b04385e4dce3b7ca65c93af11",
            "messageTitle": "Done JavaFX Tutorial 4 – FXML",
            "messageBody": "",
            "insertions": 107,
            "deletions": 0
          },
          {
            "hash": "9f63416409ac18b6ca8d48697dd366b79d5f2caf",
            "messageTitle": "[Level-10] ~done~",
            "messageBody": "",
            "insertions": 0,
            "deletions": 4
          }
        ]
      },
      {
        "insertions": 135,
        "deletions": 121,
        "date": "2019-09-04",
        "commitResults": [
          {
            "hash": "697ecc15717765e780f0b5c903711754d9778a68",
            "messageTitle": "Fixed Level-10, reupdated tag",
            "messageBody": "",
            "insertions": 135,
            "deletions": 121
          }
        ]
      },
      {
        "insertions": 4,
        "deletions": 20,
        "date": "2019-09-06",
        "commitResults": [
          {
            "hash": "4f488ce71148f77d378e3469181eb1c12bada2e9",
            "messageTitle": "Removed unnecessary files",
            "messageBody": "- Removed DialogBox.fxml\n- Force updated duke.txt\n- Updated .gitignore\n",
            "insertions": 4,
            "deletions": 20
          }
        ]
      },
      {
        "insertions": 249,
        "deletions": 138,
        "date": "2019-09-07",
        "commitResults": [
          {
            "hash": "63507e83bfffa1422a5c28316ec51415b2ef0724",
            "messageTitle": "Added newline after JavaDocs description",
            "messageBody": "",
            "insertions": 148,
            "deletions": 70
          },
          {
            "hash": "e8011a1c73a04d2e7ef96639358a92c21a212a52",
            "messageTitle": "Added more JavaDocs and Fixed switch indentation",
            "messageBody": "",
            "insertions": 76,
            "deletions": 21
          },
          {
            "hash": "9ad2010eea0687fe5bfc32cec142c75f1960b663",
            "messageTitle": "Reformatted JavaDocs",
            "messageBody": "",
            "insertions": 25,
            "deletions": 47
          }
        ]
      },
      {
        "insertions": 148,
        "deletions": 189,
        "date": "2019-09-09",
        "commitResults": [
          {
            "hash": "0e389efb1b5eebfe0333aeb514355c63c020b9eb",
            "messageTitle": "Changed import ordering to AB3 order",
            "messageBody": "",
            "insertions": 139,
            "deletions": 188
          },
          {
            "hash": "03b38c54bb7b987c85f331c0a797b0803fc129ae",
            "messageTitle": "[A-Assertions] ~done~",
            "messageBody": "",
            "insertions": 9,
            "deletions": 1
          }
        ]
      },
      {
        "insertions": 101,
        "deletions": 170,
        "date": "2019-09-14",
        "commitResults": [
          {
            "hash": "72762eb869fc26634deb0b55e986c37e4c8449d2",
            "messageTitle": "[A-CodeQuality] ~done~",
            "messageBody": "- Reoptimised Imports\n- Fixed GUI UTF encoding issue\n- Moved DATE_FORMAT from Command to Task class to make more sense\n",
            "insertions": 37,
            "deletions": 38
          },
          {
            "hash": "0992c3d1828c30b5f3d0fcf7f444d7d5d5db0e15",
            "messageTitle": "[C-BetterSearch] ~done~",
            "messageBody": "- Implemented extension C-BetterSearch\n- Improved GUI\n- Fixed FindException Messages\n",
            "insertions": 30,
            "deletions": 23
          },
          {
            "hash": "d180e9d28cc7bc2df4bebc435e68992c4ade98bb",
            "messageTitle": "Fixed GUI initialisation bug",
            "messageBody": "- Added Ui.png\n- Deleted deprecated JUNIT test cases\n- Edited savefile\n",
            "insertions": 34,
            "deletions": 109
          }
        ]
      },
      {
        "insertions": 189,
        "deletions": 20,
        "date": "2019-09-15",
        "commitResults": [
          {
            "hash": "5c7aaa3e77373daa5be5fee2d44d9d6c9df8fc9f",
            "messageTitle": "[A-UserGuide] ~done~",
            "messageBody": "- Changed some parameter names to make more sense. (details -\u003e description)\n",
            "insertions": 181,
            "deletions": 15
          },
          {
            "hash": "e2341576049dc70ffcca0e5aa74013a0dae9f7d5",
            "messageTitle": "Made the Horizontal Bars longer",
            "messageBody": "",
            "insertions": 1,
            "deletions": 1
          },
          {
            "hash": "dfa8fe2928c5b5402ce8f4e120ed6dd4819ab6d8",
            "messageTitle": "Fixed userguide formatting for a command",
            "messageBody": "",
            "insertions": 1,
            "deletions": 1
          },
          {
            "hash": "e46433637e82ebb3e54ef8bb8b59d8d54c386286",
            "messageTitle": "Added Gif to user guide",
            "messageBody": "- Fixed some grammar issue in user guide\n",
            "insertions": 6,
            "deletions": 3
          }
        ]
      },
      {
        "insertions": 21,
        "deletions": 2,
        "date": "2019-09-20",
        "commitResults": [
          {
            "hash": "b7f0b197396816242791c06e2f4320b08c7e8409",
            "messageTitle": "Patched Cross-Platform",
            "messageBody": "Follows Damith\u0027s suggestion\n",
            "insertions": 21,
            "deletions": 2
          }
        ]
      }
    ]
  },
  "authorFinalContributionMap": {
    "krusagiz": 1777
  },
  "authorFileTypeContributionMap": {
    "krusagiz": {
      "java": 1391,
      "md": 213,
      "fxml": 40,
      "sh": 34,
      "bat": 23,
      "gradle": 59,
      "txt": 17
    }
  },
  "authorContributionVariance": {
    "krusagiz": 55040.203
  },
  "authorDisplayNameMap": {
    "krusagiz": "CS2103T-W12-2 ANG C ... ELVIN"
  }
}
