[
  {
    "path": "src/main/java/Deadline.java",
    "fileType": "java",
    "lines": [
      {
        "lineNumber": 1,
        "author": {
          "gitId": "waynefong0401"
        },
        "content": "public class Deadline extends Task {"
      },
      {
        "lineNumber": 2,
        "author": {
          "gitId": "waynefong0401"
        },
        "content": "    protected String by;"
      },
      {
        "lineNumber": 3,
        "author": {
          "gitId": "waynefong0401"
        },
        "content": "    private static String TASKTYPE\u003d \"event\";"
      },
      {
        "lineNumber": 4,
        "author": {
          "gitId": "waynefong0401"
        },
        "content": ""
      },
      {
        "lineNumber": 5,
        "author": {
          "gitId": "waynefong0401"
        },
        "content": "    public Deadline(String[] curTask) throws NoDescriptionException, NoTimeException {"
      },
      {
        "lineNumber": 6,
        "author": {
          "gitId": "waynefong0401"
        },
        "content": "        super(curTask[0],TASKTYPE);"
      },
      {
        "lineNumber": 7,
        "author": {
          "gitId": "waynefong0401"
        },
        "content": "        if (curTask[1].isBlank()) throw new NoTimeException(TASKTYPE);"
      },
      {
        "lineNumber": 8,
        "author": {
          "gitId": "waynefong0401"
        },
        "content": "        else this.by \u003d curTask[1];"
      },
      {
        "lineNumber": 9,
        "author": {
          "gitId": "waynefong0401"
        },
        "content": "    }"
      },
      {
        "lineNumber": 10,
        "author": {
          "gitId": "waynefong0401"
        },
        "content": ""
      },
      {
        "lineNumber": 11,
        "author": {
          "gitId": "waynefong0401"
        },
        "content": "    @Override"
      },
      {
        "lineNumber": 12,
        "author": {
          "gitId": "waynefong0401"
        },
        "content": "    public String toString() {"
      },
      {
        "lineNumber": 13,
        "author": {
          "gitId": "waynefong0401"
        },
        "content": "        return \"[D]\" + super.toString() + \" (by: \" + by + \")\";"
      },
      {
        "lineNumber": 14,
        "author": {
          "gitId": "waynefong0401"
        },
        "content": "    }"
      },
      {
        "lineNumber": 15,
        "author": {
          "gitId": "waynefong0401"
        },
        "content": "}"
      }
    ],
    "authorContributionMap": {
      "waynefong0401": 15
    }
  },
  {
    "path": "src/main/java/Duke.java",
    "fileType": "java",
    "lines": [
      {
        "lineNumber": 1,
        "author": {
          "gitId": "waynefong0401"
        },
        "content": "import java.util.Iterator;"
      },
      {
        "lineNumber": 2,
        "author": {
          "gitId": "waynefong0401"
        },
        "content": "import java.util.Scanner;"
      },
      {
        "lineNumber": 3,
        "author": {
          "gitId": "waynefong0401"
        },
        "content": ""
      },
      {
        "lineNumber": 4,
        "author": {
          "gitId": "-"
        },
        "content": "public class Duke {"
      },
      {
        "lineNumber": 5,
        "author": {
          "gitId": "waynefong0401"
        },
        "content": ""
      },
      {
        "lineNumber": 6,
        "author": {
          "gitId": "-"
        },
        "content": "    public static void main(String[] args) {"
      },
      {
        "lineNumber": 7,
        "author": {
          "gitId": "waynefong0401"
        },
        "content": "        TaskList taskList \u003d new TaskList();"
      },
      {
        "lineNumber": 8,
        "author": {
          "gitId": "waynefong0401"
        },
        "content": ""
      },
      {
        "lineNumber": 9,
        "author": {
          "gitId": "-"
        },
        "content": "        String logo \u003d \" ____        _        \\n\""
      },
      {
        "lineNumber": 10,
        "author": {
          "gitId": "-"
        },
        "content": "                + \"|  _ \\\\ _   _| | _____ \\n\""
      },
      {
        "lineNumber": 11,
        "author": {
          "gitId": "-"
        },
        "content": "                + \"| | | | | | | |/ / _ \\\\\\n\""
      },
      {
        "lineNumber": 12,
        "author": {
          "gitId": "-"
        },
        "content": "                + \"| |_| | |_| |   \u003c  __/\\n\""
      },
      {
        "lineNumber": 13,
        "author": {
          "gitId": "-"
        },
        "content": "                + \"|____/ \\\\__,_|_|\\\\_\\\\___|\\n\";"
      },
      {
        "lineNumber": 14,
        "author": {
          "gitId": "waynefong0401"
        },
        "content": "        System.out.println(\"Hello from Weiwen\\n What can I do for you?\\n\" + logo);"
      },
      {
        "lineNumber": 15,
        "author": {
          "gitId": "waynefong0401"
        },
        "content": "        Scanner scanner \u003d new Scanner(System.in);"
      },
      {
        "lineNumber": 16,
        "author": {
          "gitId": "waynefong0401"
        },
        "content": "        while (true) {"
      },
      {
        "lineNumber": 17,
        "author": {
          "gitId": "waynefong0401"
        },
        "content": "            try{"
      },
      {
        "lineNumber": 18,
        "author": {
          "gitId": "waynefong0401"
        },
        "content": "                String cmd \u003d scanner.nextLine();"
      },
      {
        "lineNumber": 19,
        "author": {
          "gitId": "waynefong0401"
        },
        "content": "                if (cmd.equalsIgnoreCase(\"bye\")) {"
      },
      {
        "lineNumber": 20,
        "author": {
          "gitId": "waynefong0401"
        },
        "content": "                    System.out.println(\"Bye. Hope to see you again soon!\");"
      },
      {
        "lineNumber": 21,
        "author": {
          "gitId": "waynefong0401"
        },
        "content": "                    return;"
      },
      {
        "lineNumber": 22,
        "author": {
          "gitId": "waynefong0401"
        },
        "content": "                } else if (cmd.equalsIgnoreCase(\"list\")) {"
      },
      {
        "lineNumber": 23,
        "author": {
          "gitId": "waynefong0401"
        },
        "content": "                    System.out.println(\"Here are the tasks in your list:\");"
      },
      {
        "lineNumber": 24,
        "author": {
          "gitId": "waynefong0401"
        },
        "content": "                    Iterator\u003cTask\u003e iter \u003d taskList.iterator();"
      },
      {
        "lineNumber": 25,
        "author": {
          "gitId": "waynefong0401"
        },
        "content": "                    int curIndex \u003d 1;"
      },
      {
        "lineNumber": 26,
        "author": {
          "gitId": "waynefong0401"
        },
        "content": "                    while (iter.hasNext()) {"
      },
      {
        "lineNumber": 27,
        "author": {
          "gitId": "waynefong0401"
        },
        "content": "                        System.out.println(String.valueOf(curIndex++) + \".\" + iter.next().toString());"
      },
      {
        "lineNumber": 28,
        "author": {
          "gitId": "waynefong0401"
        },
        "content": "                    }"
      },
      {
        "lineNumber": 29,
        "author": {
          "gitId": "waynefong0401"
        },
        "content": "                } else if (cmd.startsWith(\"done\")) {"
      },
      {
        "lineNumber": 30,
        "author": {
          "gitId": "waynefong0401"
        },
        "content": "                    if (!cmd.split(\" \",2)[0].equalsIgnoreCase(\"done\")) {"
      },
      {
        "lineNumber": 31,
        "author": {
          "gitId": "waynefong0401"
        },
        "content": "                        taskList.addTask(cmd);"
      },
      {
        "lineNumber": 32,
        "author": {
          "gitId": "waynefong0401"
        },
        "content": "                        continue;"
      },
      {
        "lineNumber": 33,
        "author": {
          "gitId": "waynefong0401"
        },
        "content": "                    }"
      },
      {
        "lineNumber": 34,
        "author": {
          "gitId": "waynefong0401"
        },
        "content": "                    Task doneTask \u003d taskList.doneTask(cmd);"
      },
      {
        "lineNumber": 35,
        "author": {
          "gitId": "waynefong0401"
        },
        "content": "                    System.out.println(\"Nice! I\u0027ve marked this task as done: \");"
      },
      {
        "lineNumber": 36,
        "author": {
          "gitId": "waynefong0401"
        },
        "content": "                    System.out.println(doneTask.toString());"
      },
      {
        "lineNumber": 37,
        "author": {
          "gitId": "waynefong0401"
        },
        "content": "                } else if (cmd.startsWith(\"delete\")){"
      },
      {
        "lineNumber": 38,
        "author": {
          "gitId": "waynefong0401"
        },
        "content": "                    if (!cmd.split(\" \",2)[0].equalsIgnoreCase(\"delete\")) {"
      },
      {
        "lineNumber": 39,
        "author": {
          "gitId": "waynefong0401"
        },
        "content": "                        taskList.addTask(cmd);"
      },
      {
        "lineNumber": 40,
        "author": {
          "gitId": "waynefong0401"
        },
        "content": "                        continue;"
      },
      {
        "lineNumber": 41,
        "author": {
          "gitId": "waynefong0401"
        },
        "content": "                    }"
      },
      {
        "lineNumber": 42,
        "author": {
          "gitId": "waynefong0401"
        },
        "content": "                    Task deleteTask \u003d taskList.deleteTask(cmd);"
      },
      {
        "lineNumber": 43,
        "author": {
          "gitId": "waynefong0401"
        },
        "content": "                    System.out.println(\"Noted. I\u0027ve removed this task: \");"
      },
      {
        "lineNumber": 44,
        "author": {
          "gitId": "waynefong0401"
        },
        "content": "                    System.out.println(deleteTask.toString());"
      },
      {
        "lineNumber": 45,
        "author": {
          "gitId": "waynefong0401"
        },
        "content": "                    System.out.println(\"Now you have \" + taskList.size() + \" tasks in the list.\");"
      },
      {
        "lineNumber": 46,
        "author": {
          "gitId": "waynefong0401"
        },
        "content": "                } else {"
      },
      {
        "lineNumber": 47,
        "author": {
          "gitId": "waynefong0401"
        },
        "content": "                    taskList.addTask(cmd);"
      },
      {
        "lineNumber": 48,
        "author": {
          "gitId": "waynefong0401"
        },
        "content": "                }"
      },
      {
        "lineNumber": 49,
        "author": {
          "gitId": "waynefong0401"
        },
        "content": "            } catch (NoDescriptionException e) {"
      },
      {
        "lineNumber": 50,
        "author": {
          "gitId": "waynefong0401"
        },
        "content": "                System.out.println(e.toString());"
      },
      {
        "lineNumber": 51,
        "author": {
          "gitId": "waynefong0401"
        },
        "content": "            } catch (NoTimeException e) {"
      },
      {
        "lineNumber": 52,
        "author": {
          "gitId": "waynefong0401"
        },
        "content": "                System.out.println(e.toString());"
      },
      {
        "lineNumber": 53,
        "author": {
          "gitId": "waynefong0401"
        },
        "content": "            } catch (TaskNotExistException e) {"
      },
      {
        "lineNumber": 54,
        "author": {
          "gitId": "waynefong0401"
        },
        "content": "                System.out.println(e.toString());"
      },
      {
        "lineNumber": 55,
        "author": {
          "gitId": "waynefong0401"
        },
        "content": "            } catch (NumberFormatException e) {"
      },
      {
        "lineNumber": 56,
        "author": {
          "gitId": "waynefong0401"
        },
        "content": "                System.out.println(e.toString());"
      },
      {
        "lineNumber": 57,
        "author": {
          "gitId": "waynefong0401"
        },
        "content": "            }"
      },
      {
        "lineNumber": 58,
        "author": {
          "gitId": "waynefong0401"
        },
        "content": "        }"
      },
      {
        "lineNumber": 59,
        "author": {
          "gitId": "-"
        },
        "content": "    }"
      },
      {
        "lineNumber": 60,
        "author": {
          "gitId": "-"
        },
        "content": "}"
      }
    ],
    "authorContributionMap": {
      "waynefong0401": 51,
      "-": 9
    }
  },
  {
    "path": "src/main/java/Event.java",
    "fileType": "java",
    "lines": [
      {
        "lineNumber": 1,
        "author": {
          "gitId": "waynefong0401"
        },
        "content": "public class Event extends Task {"
      },
      {
        "lineNumber": 2,
        "author": {
          "gitId": "waynefong0401"
        },
        "content": "    protected String at;"
      },
      {
        "lineNumber": 3,
        "author": {
          "gitId": "waynefong0401"
        },
        "content": "    private static String TASKTYPE \u003d \"event\";"
      },
      {
        "lineNumber": 4,
        "author": {
          "gitId": "waynefong0401"
        },
        "content": ""
      },
      {
        "lineNumber": 5,
        "author": {
          "gitId": "waynefong0401"
        },
        "content": "    public Event(String[] curTask) throws NoDescriptionException, NoTimeException {"
      },
      {
        "lineNumber": 6,
        "author": {
          "gitId": "waynefong0401"
        },
        "content": "        super(curTask[0],TASKTYPE);"
      },
      {
        "lineNumber": 7,
        "author": {
          "gitId": "waynefong0401"
        },
        "content": "        if (curTask[1].isBlank()) throw new NoTimeException(TASKTYPE);"
      },
      {
        "lineNumber": 8,
        "author": {
          "gitId": "waynefong0401"
        },
        "content": "        else this.at \u003d curTask[1];"
      },
      {
        "lineNumber": 9,
        "author": {
          "gitId": "waynefong0401"
        },
        "content": "    }"
      },
      {
        "lineNumber": 10,
        "author": {
          "gitId": "waynefong0401"
        },
        "content": ""
      },
      {
        "lineNumber": 11,
        "author": {
          "gitId": "waynefong0401"
        },
        "content": "    @Override"
      },
      {
        "lineNumber": 12,
        "author": {
          "gitId": "waynefong0401"
        },
        "content": "    public String toString() {"
      },
      {
        "lineNumber": 13,
        "author": {
          "gitId": "waynefong0401"
        },
        "content": "        return \"[E]\" + super.toString() + \" (at: \" + at + \")\";"
      },
      {
        "lineNumber": 14,
        "author": {
          "gitId": "waynefong0401"
        },
        "content": "    }"
      },
      {
        "lineNumber": 15,
        "author": {
          "gitId": "waynefong0401"
        },
        "content": ""
      },
      {
        "lineNumber": 16,
        "author": {
          "gitId": "waynefong0401"
        },
        "content": "}"
      }
    ],
    "authorContributionMap": {
      "waynefong0401": 16
    }
  },
  {
    "path": "src/main/java/NoDescriptionException.java",
    "fileType": "java",
    "lines": [
      {
        "lineNumber": 1,
        "author": {
          "gitId": "waynefong0401"
        },
        "content": "public class NoDescriptionException extends Exception{"
      },
      {
        "lineNumber": 2,
        "author": {
          "gitId": "waynefong0401"
        },
        "content": "    public NoDescriptionException(String msg) {"
      },
      {
        "lineNumber": 3,
        "author": {
          "gitId": "waynefong0401"
        },
        "content": "        super(msg);"
      },
      {
        "lineNumber": 4,
        "author": {
          "gitId": "waynefong0401"
        },
        "content": "    }"
      },
      {
        "lineNumber": 5,
        "author": {
          "gitId": "waynefong0401"
        },
        "content": ""
      },
      {
        "lineNumber": 6,
        "author": {
          "gitId": "waynefong0401"
        },
        "content": "    @Override"
      },
      {
        "lineNumber": 7,
        "author": {
          "gitId": "waynefong0401"
        },
        "content": "    public String toString() {"
      },
      {
        "lineNumber": 8,
        "author": {
          "gitId": "waynefong0401"
        },
        "content": "        return \"OOPS!!! The description of a \" + getMessage() + \" cannot be empty.\";"
      },
      {
        "lineNumber": 9,
        "author": {
          "gitId": "waynefong0401"
        },
        "content": "    }"
      },
      {
        "lineNumber": 10,
        "author": {
          "gitId": "waynefong0401"
        },
        "content": "}"
      }
    ],
    "authorContributionMap": {
      "waynefong0401": 10
    }
  },
  {
    "path": "src/main/java/NoTimeException.java",
    "fileType": "java",
    "lines": [
      {
        "lineNumber": 1,
        "author": {
          "gitId": "waynefong0401"
        },
        "content": "public class NoTimeException extends Exception{"
      },
      {
        "lineNumber": 2,
        "author": {
          "gitId": "waynefong0401"
        },
        "content": "    public NoTimeException(String msg) {"
      },
      {
        "lineNumber": 3,
        "author": {
          "gitId": "waynefong0401"
        },
        "content": "        super(msg);"
      },
      {
        "lineNumber": 4,
        "author": {
          "gitId": "waynefong0401"
        },
        "content": "    }"
      },
      {
        "lineNumber": 5,
        "author": {
          "gitId": "waynefong0401"
        },
        "content": ""
      },
      {
        "lineNumber": 6,
        "author": {
          "gitId": "waynefong0401"
        },
        "content": "    @Override"
      },
      {
        "lineNumber": 7,
        "author": {
          "gitId": "waynefong0401"
        },
        "content": "    public String toString() {"
      },
      {
        "lineNumber": 8,
        "author": {
          "gitId": "waynefong0401"
        },
        "content": "        return \"OOPS!!! The time details of a \" + getMessage() + \" cannot be empty.\";"
      },
      {
        "lineNumber": 9,
        "author": {
          "gitId": "waynefong0401"
        },
        "content": "    }"
      },
      {
        "lineNumber": 10,
        "author": {
          "gitId": "waynefong0401"
        },
        "content": "}"
      }
    ],
    "authorContributionMap": {
      "waynefong0401": 10
    }
  },
  {
    "path": "src/main/java/NotNumberException.java",
    "fileType": "java",
    "lines": [
      {
        "lineNumber": 1,
        "author": {
          "gitId": "waynefong0401"
        },
        "content": "public class NotNumberException extends NumberFormatException{"
      },
      {
        "lineNumber": 2,
        "author": {
          "gitId": "waynefong0401"
        },
        "content": "    public NotNumberException() {"
      },
      {
        "lineNumber": 3,
        "author": {
          "gitId": "waynefong0401"
        },
        "content": "        super();"
      },
      {
        "lineNumber": 4,
        "author": {
          "gitId": "waynefong0401"
        },
        "content": "    }"
      },
      {
        "lineNumber": 5,
        "author": {
          "gitId": "waynefong0401"
        },
        "content": ""
      },
      {
        "lineNumber": 6,
        "author": {
          "gitId": "waynefong0401"
        },
        "content": "    @Override"
      },
      {
        "lineNumber": 7,
        "author": {
          "gitId": "waynefong0401"
        },
        "content": "    public String toString() {"
      },
      {
        "lineNumber": 8,
        "author": {
          "gitId": "waynefong0401"
        },
        "content": "        return \"OOPS!!! there is no number entered\";"
      },
      {
        "lineNumber": 9,
        "author": {
          "gitId": "waynefong0401"
        },
        "content": "    }"
      },
      {
        "lineNumber": 10,
        "author": {
          "gitId": "waynefong0401"
        },
        "content": "}"
      }
    ],
    "authorContributionMap": {
      "waynefong0401": 10
    }
  },
  {
    "path": "src/main/java/Task.java",
    "fileType": "java",
    "lines": [
      {
        "lineNumber": 1,
        "author": {
          "gitId": "waynefong0401"
        },
        "content": "public class Task {"
      },
      {
        "lineNumber": 2,
        "author": {
          "gitId": "waynefong0401"
        },
        "content": "    protected String description;"
      },
      {
        "lineNumber": 3,
        "author": {
          "gitId": "waynefong0401"
        },
        "content": "    protected boolean isDone;"
      },
      {
        "lineNumber": 4,
        "author": {
          "gitId": "waynefong0401"
        },
        "content": "    private String taskType;"
      },
      {
        "lineNumber": 5,
        "author": {
          "gitId": "waynefong0401"
        },
        "content": ""
      },
      {
        "lineNumber": 6,
        "author": {
          "gitId": "waynefong0401"
        },
        "content": "    public Task(String description,String taskType) throws NoDescriptionException {"
      },
      {
        "lineNumber": 7,
        "author": {
          "gitId": "waynefong0401"
        },
        "content": "        this.taskType \u003d taskType;"
      },
      {
        "lineNumber": 8,
        "author": {
          "gitId": "waynefong0401"
        },
        "content": ""
      },
      {
        "lineNumber": 9,
        "author": {
          "gitId": "waynefong0401"
        },
        "content": "        if (description.isBlank()) throw new NoDescriptionException(taskType);"
      },
      {
        "lineNumber": 10,
        "author": {
          "gitId": "waynefong0401"
        },
        "content": "        else this.description \u003d description;"
      },
      {
        "lineNumber": 11,
        "author": {
          "gitId": "waynefong0401"
        },
        "content": ""
      },
      {
        "lineNumber": 12,
        "author": {
          "gitId": "waynefong0401"
        },
        "content": "        this.isDone \u003d false;"
      },
      {
        "lineNumber": 13,
        "author": {
          "gitId": "waynefong0401"
        },
        "content": "    }"
      },
      {
        "lineNumber": 14,
        "author": {
          "gitId": "waynefong0401"
        },
        "content": ""
      },
      {
        "lineNumber": 15,
        "author": {
          "gitId": "waynefong0401"
        },
        "content": "    public Task taskDone() {"
      },
      {
        "lineNumber": 16,
        "author": {
          "gitId": "waynefong0401"
        },
        "content": "        this.isDone \u003d true;"
      },
      {
        "lineNumber": 17,
        "author": {
          "gitId": "waynefong0401"
        },
        "content": "        return this;"
      },
      {
        "lineNumber": 18,
        "author": {
          "gitId": "waynefong0401"
        },
        "content": "    }"
      },
      {
        "lineNumber": 19,
        "author": {
          "gitId": "waynefong0401"
        },
        "content": ""
      },
      {
        "lineNumber": 20,
        "author": {
          "gitId": "waynefong0401"
        },
        "content": "    public String getDescription() {"
      },
      {
        "lineNumber": 21,
        "author": {
          "gitId": "waynefong0401"
        },
        "content": "        return description;"
      },
      {
        "lineNumber": 22,
        "author": {
          "gitId": "waynefong0401"
        },
        "content": "    }"
      },
      {
        "lineNumber": 23,
        "author": {
          "gitId": "waynefong0401"
        },
        "content": ""
      },
      {
        "lineNumber": 24,
        "author": {
          "gitId": "waynefong0401"
        },
        "content": "    public String getStatusIcon() {"
      },
      {
        "lineNumber": 25,
        "author": {
          "gitId": "waynefong0401"
        },
        "content": "        return (isDone ? \"\\u2713\" : \"\\u2718\"); //return tick or X symbols"
      },
      {
        "lineNumber": 26,
        "author": {
          "gitId": "waynefong0401"
        },
        "content": "    }"
      },
      {
        "lineNumber": 27,
        "author": {
          "gitId": "waynefong0401"
        },
        "content": ""
      },
      {
        "lineNumber": 28,
        "author": {
          "gitId": "waynefong0401"
        },
        "content": "    @Override"
      },
      {
        "lineNumber": 29,
        "author": {
          "gitId": "waynefong0401"
        },
        "content": "    public String toString() {"
      },
      {
        "lineNumber": 30,
        "author": {
          "gitId": "waynefong0401"
        },
        "content": "        return getStatusIcon() + \" \" + getDescription();"
      },
      {
        "lineNumber": 31,
        "author": {
          "gitId": "waynefong0401"
        },
        "content": "    }"
      },
      {
        "lineNumber": 32,
        "author": {
          "gitId": "waynefong0401"
        },
        "content": "}"
      }
    ],
    "authorContributionMap": {
      "waynefong0401": 32
    }
  },
  {
    "path": "src/main/java/TaskList.java",
    "fileType": "java",
    "lines": [
      {
        "lineNumber": 1,
        "author": {
          "gitId": "waynefong0401"
        },
        "content": "import java.util.ArrayList;"
      },
      {
        "lineNumber": 2,
        "author": {
          "gitId": "waynefong0401"
        },
        "content": ""
      },
      {
        "lineNumber": 3,
        "author": {
          "gitId": "waynefong0401"
        },
        "content": "public class TaskList extends ArrayList\u003cTask\u003e {"
      },
      {
        "lineNumber": 4,
        "author": {
          "gitId": "waynefong0401"
        },
        "content": ""
      },
      {
        "lineNumber": 5,
        "author": {
          "gitId": "waynefong0401"
        },
        "content": "    public TaskList() {"
      },
      {
        "lineNumber": 6,
        "author": {
          "gitId": "waynefong0401"
        },
        "content": "        super();"
      },
      {
        "lineNumber": 7,
        "author": {
          "gitId": "waynefong0401"
        },
        "content": "    }"
      },
      {
        "lineNumber": 8,
        "author": {
          "gitId": "waynefong0401"
        },
        "content": ""
      },
      {
        "lineNumber": 9,
        "author": {
          "gitId": "waynefong0401"
        },
        "content": "    public void addTask(String cmd) throws NoDescriptionException, NoTimeException {"
      },
      {
        "lineNumber": 10,
        "author": {
          "gitId": "waynefong0401"
        },
        "content": "        boolean isTask \u003d true;"
      },
      {
        "lineNumber": 11,
        "author": {
          "gitId": "waynefong0401"
        },
        "content": "        String[] curTask \u003d {\"\",\"\"};"
      },
      {
        "lineNumber": 12,
        "author": {
          "gitId": "waynefong0401"
        },
        "content": "        String[] tempCurTask \u003d cmd.split(\" \", 2);"
      },
      {
        "lineNumber": 13,
        "author": {
          "gitId": "waynefong0401"
        },
        "content": "        curTask[0] \u003d tempCurTask[0];"
      },
      {
        "lineNumber": 14,
        "author": {
          "gitId": "waynefong0401"
        },
        "content": "        if (tempCurTask.length !\u003d 1) curTask[1] \u003d tempCurTask[1];"
      },
      {
        "lineNumber": 15,
        "author": {
          "gitId": "waynefong0401"
        },
        "content": "        switch (curTask[0]) {"
      },
      {
        "lineNumber": 16,
        "author": {
          "gitId": "waynefong0401"
        },
        "content": "        case \"todo\":"
      },
      {
        "lineNumber": 17,
        "author": {
          "gitId": "waynefong0401"
        },
        "content": "            add(new ToDo(curTask[1]));"
      },
      {
        "lineNumber": 18,
        "author": {
          "gitId": "waynefong0401"
        },
        "content": "            break;"
      },
      {
        "lineNumber": 19,
        "author": {
          "gitId": "waynefong0401"
        },
        "content": "        case \"deadline\":"
      },
      {
        "lineNumber": 20,
        "author": {
          "gitId": "waynefong0401"
        },
        "content": "            String[] ddlDetails \u003d {\"\",\"\"};"
      },
      {
        "lineNumber": 21,
        "author": {
          "gitId": "waynefong0401"
        },
        "content": "            String[] tempDdlDetails \u003d curTask[1].split(\"/\", 2);"
      },
      {
        "lineNumber": 22,
        "author": {
          "gitId": "waynefong0401"
        },
        "content": "            ddlDetails[0] \u003d tempDdlDetails[0];"
      },
      {
        "lineNumber": 23,
        "author": {
          "gitId": "waynefong0401"
        },
        "content": "            if (tempDdlDetails.length !\u003d 1) ddlDetails[1] \u003d tempDdlDetails[1];"
      },
      {
        "lineNumber": 24,
        "author": {
          "gitId": "waynefong0401"
        },
        "content": "            add(new Deadline(ddlDetails));"
      },
      {
        "lineNumber": 25,
        "author": {
          "gitId": "waynefong0401"
        },
        "content": "            break;"
      },
      {
        "lineNumber": 26,
        "author": {
          "gitId": "waynefong0401"
        },
        "content": "        case \"event\":"
      },
      {
        "lineNumber": 27,
        "author": {
          "gitId": "waynefong0401"
        },
        "content": "            String[] eventDetails \u003d {\"\",\"\"};"
      },
      {
        "lineNumber": 28,
        "author": {
          "gitId": "waynefong0401"
        },
        "content": "            String[] tempEventDetails \u003d curTask[1].split(\"/\", 2);"
      },
      {
        "lineNumber": 29,
        "author": {
          "gitId": "waynefong0401"
        },
        "content": "            eventDetails[0] \u003d tempEventDetails[0];"
      },
      {
        "lineNumber": 30,
        "author": {
          "gitId": "waynefong0401"
        },
        "content": "            if (tempEventDetails.length !\u003d 1) eventDetails[1] \u003d tempEventDetails[1];"
      },
      {
        "lineNumber": 31,
        "author": {
          "gitId": "waynefong0401"
        },
        "content": "            add(new Event(eventDetails));"
      },
      {
        "lineNumber": 32,
        "author": {
          "gitId": "waynefong0401"
        },
        "content": "            break;"
      },
      {
        "lineNumber": 33,
        "author": {
          "gitId": "waynefong0401"
        },
        "content": "        default:"
      },
      {
        "lineNumber": 34,
        "author": {
          "gitId": "waynefong0401"
        },
        "content": "            isTask \u003d false;"
      },
      {
        "lineNumber": 35,
        "author": {
          "gitId": "waynefong0401"
        },
        "content": "            System.out.println(\"OOPS!!! I\u0027m sorry, but I don\u0027t know what that means :-(\");"
      },
      {
        "lineNumber": 36,
        "author": {
          "gitId": "waynefong0401"
        },
        "content": "        }"
      },
      {
        "lineNumber": 37,
        "author": {
          "gitId": "waynefong0401"
        },
        "content": "        if (!isTask) return;"
      },
      {
        "lineNumber": 38,
        "author": {
          "gitId": "waynefong0401"
        },
        "content": "        System.out.println(\"Got it. I\u0027ve added this task: \");"
      },
      {
        "lineNumber": 39,
        "author": {
          "gitId": "waynefong0401"
        },
        "content": "        System.out.println(get(size() - 1).toString());"
      },
      {
        "lineNumber": 40,
        "author": {
          "gitId": "waynefong0401"
        },
        "content": "        System.out.println(\"Now you have \" + String.valueOf(size()) + \" tasks in the list.\");"
      },
      {
        "lineNumber": 41,
        "author": {
          "gitId": "waynefong0401"
        },
        "content": "    }"
      },
      {
        "lineNumber": 42,
        "author": {
          "gitId": "waynefong0401"
        },
        "content": ""
      },
      {
        "lineNumber": 43,
        "author": {
          "gitId": "waynefong0401"
        },
        "content": "    public Task doneTask(String cmd) throws TaskNotExistException {"
      },
      {
        "lineNumber": 44,
        "author": {
          "gitId": "waynefong0401"
        },
        "content": "        try {"
      },
      {
        "lineNumber": 45,
        "author": {
          "gitId": "waynefong0401"
        },
        "content": "            return get(Integer.parseInt(cmd.substring(4).trim()) - 1).taskDone();"
      },
      {
        "lineNumber": 46,
        "author": {
          "gitId": "waynefong0401"
        },
        "content": "        } catch (NumberFormatException e) {"
      },
      {
        "lineNumber": 47,
        "author": {
          "gitId": "waynefong0401"
        },
        "content": "            throw new NotNumberException();"
      },
      {
        "lineNumber": 48,
        "author": {
          "gitId": "waynefong0401"
        },
        "content": "        } catch (IndexOutOfBoundsException e) {"
      },
      {
        "lineNumber": 49,
        "author": {
          "gitId": "waynefong0401"
        },
        "content": "            throw new TaskNotExistException();"
      },
      {
        "lineNumber": 50,
        "author": {
          "gitId": "waynefong0401"
        },
        "content": "        }"
      },
      {
        "lineNumber": 51,
        "author": {
          "gitId": "waynefong0401"
        },
        "content": "    }"
      },
      {
        "lineNumber": 52,
        "author": {
          "gitId": "waynefong0401"
        },
        "content": ""
      },
      {
        "lineNumber": 53,
        "author": {
          "gitId": "waynefong0401"
        },
        "content": "    public Task deleteTask(String cmd) throws TaskNotExistException {"
      },
      {
        "lineNumber": 54,
        "author": {
          "gitId": "waynefong0401"
        },
        "content": "        try {"
      },
      {
        "lineNumber": 55,
        "author": {
          "gitId": "waynefong0401"
        },
        "content": "            return remove(Integer.parseInt(cmd.substring(6).trim()) - 1);"
      },
      {
        "lineNumber": 56,
        "author": {
          "gitId": "waynefong0401"
        },
        "content": "        } catch (NumberFormatException e) {"
      },
      {
        "lineNumber": 57,
        "author": {
          "gitId": "waynefong0401"
        },
        "content": "            throw new NotNumberException();"
      },
      {
        "lineNumber": 58,
        "author": {
          "gitId": "waynefong0401"
        },
        "content": "        } catch (IndexOutOfBoundsException e) {"
      },
      {
        "lineNumber": 59,
        "author": {
          "gitId": "waynefong0401"
        },
        "content": "            throw new TaskNotExistException();"
      },
      {
        "lineNumber": 60,
        "author": {
          "gitId": "waynefong0401"
        },
        "content": "        }"
      },
      {
        "lineNumber": 61,
        "author": {
          "gitId": "waynefong0401"
        },
        "content": "    }"
      },
      {
        "lineNumber": 62,
        "author": {
          "gitId": "waynefong0401"
        },
        "content": "}"
      }
    ],
    "authorContributionMap": {
      "waynefong0401": 62
    }
  },
  {
    "path": "src/main/java/TaskNotExistException.java",
    "fileType": "java",
    "lines": [
      {
        "lineNumber": 1,
        "author": {
          "gitId": "waynefong0401"
        },
        "content": "public class TaskNotExistException extends Exception {"
      },
      {
        "lineNumber": 2,
        "author": {
          "gitId": "waynefong0401"
        },
        "content": "    public TaskNotExistException() {"
      },
      {
        "lineNumber": 3,
        "author": {
          "gitId": "waynefong0401"
        },
        "content": "        super();"
      },
      {
        "lineNumber": 4,
        "author": {
          "gitId": "waynefong0401"
        },
        "content": "    }"
      },
      {
        "lineNumber": 5,
        "author": {
          "gitId": "waynefong0401"
        },
        "content": ""
      },
      {
        "lineNumber": 6,
        "author": {
          "gitId": "waynefong0401"
        },
        "content": "    @Override"
      },
      {
        "lineNumber": 7,
        "author": {
          "gitId": "waynefong0401"
        },
        "content": "    public String toString() {"
      },
      {
        "lineNumber": 8,
        "author": {
          "gitId": "waynefong0401"
        },
        "content": "        return \"OOPS!!! I\u0027m sorry, but there is no such task in the list\";"
      },
      {
        "lineNumber": 9,
        "author": {
          "gitId": "waynefong0401"
        },
        "content": "    }"
      },
      {
        "lineNumber": 10,
        "author": {
          "gitId": "waynefong0401"
        },
        "content": "}"
      }
    ],
    "authorContributionMap": {
      "waynefong0401": 10
    }
  },
  {
    "path": "src/main/java/ToDo.java",
    "fileType": "java",
    "lines": [
      {
        "lineNumber": 1,
        "author": {
          "gitId": "waynefong0401"
        },
        "content": "public class ToDo extends Task {"
      },
      {
        "lineNumber": 2,
        "author": {
          "gitId": "waynefong0401"
        },
        "content": "    private static String TASKTYPE \u003d \"todo\";"
      },
      {
        "lineNumber": 3,
        "author": {
          "gitId": "waynefong0401"
        },
        "content": "    "
      },
      {
        "lineNumber": 4,
        "author": {
          "gitId": "waynefong0401"
        },
        "content": "    public ToDo(String des) throws NoDescriptionException {"
      },
      {
        "lineNumber": 5,
        "author": {
          "gitId": "waynefong0401"
        },
        "content": "            super(des,TASKTYPE);"
      },
      {
        "lineNumber": 6,
        "author": {
          "gitId": "waynefong0401"
        },
        "content": "    }"
      },
      {
        "lineNumber": 7,
        "author": {
          "gitId": "waynefong0401"
        },
        "content": ""
      },
      {
        "lineNumber": 8,
        "author": {
          "gitId": "waynefong0401"
        },
        "content": "    @Override"
      },
      {
        "lineNumber": 9,
        "author": {
          "gitId": "waynefong0401"
        },
        "content": "    public String toString() {"
      },
      {
        "lineNumber": 10,
        "author": {
          "gitId": "waynefong0401"
        },
        "content": "        return \"[T]\" + super.toString();"
      },
      {
        "lineNumber": 11,
        "author": {
          "gitId": "waynefong0401"
        },
        "content": "    }"
      },
      {
        "lineNumber": 12,
        "author": {
          "gitId": "waynefong0401"
        },
        "content": "}"
      }
    ],
    "authorContributionMap": {
      "waynefong0401": 12
    }
  },
  {
    "path": "text-ui-test/EXPECTED.txt",
    "fileType": "txt",
    "lines": [
      {
        "lineNumber": 1,
        "author": {
          "gitId": "waynefong0401"
        },
        "content": "Hello from Weiwen"
      },
      {
        "lineNumber": 2,
        "author": {
          "gitId": "waynefong0401"
        },
        "content": " What can I do for you?"
      },
      {
        "lineNumber": 3,
        "author": {
          "gitId": "waynefong0401"
        },
        "content": " ____        _        "
      },
      {
        "lineNumber": 4,
        "author": {
          "gitId": "waynefong0401"
        },
        "content": "|  _ \\ _   _| | _____ "
      },
      {
        "lineNumber": 5,
        "author": {
          "gitId": "waynefong0401"
        },
        "content": "| | | | | | | |/ / _ \\"
      },
      {
        "lineNumber": 6,
        "author": {
          "gitId": "waynefong0401"
        },
        "content": "| |_| | |_| |   \u003c  __/"
      },
      {
        "lineNumber": 7,
        "author": {
          "gitId": "waynefong0401"
        },
        "content": "|____/ \\__,_|_|\\_\\___|"
      },
      {
        "lineNumber": 8,
        "author": {
          "gitId": "waynefong0401"
        },
        "content": ""
      },
      {
        "lineNumber": 9,
        "author": {
          "gitId": "waynefong0401"
        },
        "content": "Got it. I\u0027ve added this task: "
      },
      {
        "lineNumber": 10,
        "author": {
          "gitId": "waynefong0401"
        },
        "content": "[T]✘ a"
      },
      {
        "lineNumber": 11,
        "author": {
          "gitId": "waynefong0401"
        },
        "content": "Now you have 1 tasks in the list."
      },
      {
        "lineNumber": 12,
        "author": {
          "gitId": "waynefong0401"
        },
        "content": "Got it. I\u0027ve added this task: "
      },
      {
        "lineNumber": 13,
        "author": {
          "gitId": "waynefong0401"
        },
        "content": "[T]✘ b"
      },
      {
        "lineNumber": 14,
        "author": {
          "gitId": "waynefong0401"
        },
        "content": "Now you have 2 tasks in the list."
      },
      {
        "lineNumber": 15,
        "author": {
          "gitId": "waynefong0401"
        },
        "content": "Got it. I\u0027ve added this task: "
      },
      {
        "lineNumber": 16,
        "author": {
          "gitId": "waynefong0401"
        },
        "content": "[T]✘ jadfsl"
      },
      {
        "lineNumber": 17,
        "author": {
          "gitId": "waynefong0401"
        },
        "content": "Now you have 3 tasks in the list."
      },
      {
        "lineNumber": 18,
        "author": {
          "gitId": "waynefong0401"
        },
        "content": "OOPS!!! I\u0027m sorry, but I don\u0027t know what that means :-("
      },
      {
        "lineNumber": 19,
        "author": {
          "gitId": "waynefong0401"
        },
        "content": "Here are the tasks in your list:"
      },
      {
        "lineNumber": 20,
        "author": {
          "gitId": "waynefong0401"
        },
        "content": "1.[T]✘ a"
      },
      {
        "lineNumber": 21,
        "author": {
          "gitId": "waynefong0401"
        },
        "content": "2.[T]✘ b"
      },
      {
        "lineNumber": 22,
        "author": {
          "gitId": "waynefong0401"
        },
        "content": "3.[T]✘ jadfsl"
      },
      {
        "lineNumber": 23,
        "author": {
          "gitId": "waynefong0401"
        },
        "content": "OOPS!!! The description of a event cannot be empty."
      },
      {
        "lineNumber": 24,
        "author": {
          "gitId": "waynefong0401"
        },
        "content": "OOPS!!! The description of a event cannot be empty."
      },
      {
        "lineNumber": 25,
        "author": {
          "gitId": "waynefong0401"
        },
        "content": "OOPS!!! The time details of a event cannot be empty."
      },
      {
        "lineNumber": 26,
        "author": {
          "gitId": "waynefong0401"
        },
        "content": "Got it. I\u0027ve added this task: "
      },
      {
        "lineNumber": 27,
        "author": {
          "gitId": "waynefong0401"
        },
        "content": "[E]✘ 1 (at: b)"
      },
      {
        "lineNumber": 28,
        "author": {
          "gitId": "waynefong0401"
        },
        "content": "Now you have 4 tasks in the list."
      },
      {
        "lineNumber": 29,
        "author": {
          "gitId": "waynefong0401"
        },
        "content": "OOPS!!! The description of a event cannot be empty."
      },
      {
        "lineNumber": 30,
        "author": {
          "gitId": "waynefong0401"
        },
        "content": "OOPS!!! The description of a event cannot be empty."
      },
      {
        "lineNumber": 31,
        "author": {
          "gitId": "waynefong0401"
        },
        "content": "OOPS!!! The time details of a event cannot be empty."
      },
      {
        "lineNumber": 32,
        "author": {
          "gitId": "waynefong0401"
        },
        "content": "Got it. I\u0027ve added this task: "
      },
      {
        "lineNumber": 33,
        "author": {
          "gitId": "waynefong0401"
        },
        "content": "[D]✘ ab (by: c)"
      },
      {
        "lineNumber": 34,
        "author": {
          "gitId": "waynefong0401"
        },
        "content": "Now you have 5 tasks in the list."
      },
      {
        "lineNumber": 35,
        "author": {
          "gitId": "waynefong0401"
        },
        "content": "Here are the tasks in your list:"
      },
      {
        "lineNumber": 36,
        "author": {
          "gitId": "waynefong0401"
        },
        "content": "1.[T]✘ a"
      },
      {
        "lineNumber": 37,
        "author": {
          "gitId": "waynefong0401"
        },
        "content": "2.[T]✘ b"
      },
      {
        "lineNumber": 38,
        "author": {
          "gitId": "waynefong0401"
        },
        "content": "3.[T]✘ jadfsl"
      },
      {
        "lineNumber": 39,
        "author": {
          "gitId": "waynefong0401"
        },
        "content": "4.[E]✘ 1 (at: b)"
      },
      {
        "lineNumber": 40,
        "author": {
          "gitId": "waynefong0401"
        },
        "content": "5.[D]✘ ab (by: c)"
      },
      {
        "lineNumber": 41,
        "author": {
          "gitId": "waynefong0401"
        },
        "content": "OOPS!!! there is no number entered"
      },
      {
        "lineNumber": 42,
        "author": {
          "gitId": "waynefong0401"
        },
        "content": "OOPS!!! there is no number entered"
      },
      {
        "lineNumber": 43,
        "author": {
          "gitId": "waynefong0401"
        },
        "content": "OOPS!!! there is no number entered"
      },
      {
        "lineNumber": 44,
        "author": {
          "gitId": "waynefong0401"
        },
        "content": "Nice! I\u0027ve marked this task as done: "
      },
      {
        "lineNumber": 45,
        "author": {
          "gitId": "waynefong0401"
        },
        "content": "[T]✓ a"
      },
      {
        "lineNumber": 46,
        "author": {
          "gitId": "waynefong0401"
        },
        "content": "Here are the tasks in your list:"
      },
      {
        "lineNumber": 47,
        "author": {
          "gitId": "waynefong0401"
        },
        "content": "1.[T]✓ a"
      },
      {
        "lineNumber": 48,
        "author": {
          "gitId": "waynefong0401"
        },
        "content": "2.[T]✘ b"
      },
      {
        "lineNumber": 49,
        "author": {
          "gitId": "waynefong0401"
        },
        "content": "3.[T]✘ jadfsl"
      },
      {
        "lineNumber": 50,
        "author": {
          "gitId": "waynefong0401"
        },
        "content": "4.[E]✘ 1 (at: b)"
      },
      {
        "lineNumber": 51,
        "author": {
          "gitId": "waynefong0401"
        },
        "content": "5.[D]✘ ab (by: c)"
      },
      {
        "lineNumber": 52,
        "author": {
          "gitId": "waynefong0401"
        },
        "content": "OOPS!!! there is no number entered"
      },
      {
        "lineNumber": 53,
        "author": {
          "gitId": "waynefong0401"
        },
        "content": "OOPS!!! there is no number entered"
      },
      {
        "lineNumber": 54,
        "author": {
          "gitId": "waynefong0401"
        },
        "content": "OOPS!!! there is no number entered"
      },
      {
        "lineNumber": 55,
        "author": {
          "gitId": "waynefong0401"
        },
        "content": "OOPS!!! I\u0027m sorry, but there is no such task in the list"
      },
      {
        "lineNumber": 56,
        "author": {
          "gitId": "waynefong0401"
        },
        "content": "Noted. I\u0027ve removed this task: "
      },
      {
        "lineNumber": 57,
        "author": {
          "gitId": "waynefong0401"
        },
        "content": "[T]✓ a"
      },
      {
        "lineNumber": 58,
        "author": {
          "gitId": "waynefong0401"
        },
        "content": "Now you have 4 tasks in the list."
      },
      {
        "lineNumber": 59,
        "author": {
          "gitId": "waynefong0401"
        },
        "content": "Here are the tasks in your list:"
      },
      {
        "lineNumber": 60,
        "author": {
          "gitId": "waynefong0401"
        },
        "content": "1.[T]✘ b"
      },
      {
        "lineNumber": 61,
        "author": {
          "gitId": "waynefong0401"
        },
        "content": "2.[T]✘ jadfsl"
      },
      {
        "lineNumber": 62,
        "author": {
          "gitId": "waynefong0401"
        },
        "content": "3.[E]✘ 1 (at: b)"
      },
      {
        "lineNumber": 63,
        "author": {
          "gitId": "waynefong0401"
        },
        "content": "4.[D]✘ ab (by: c)"
      },
      {
        "lineNumber": 64,
        "author": {
          "gitId": "waynefong0401"
        },
        "content": "Bye. Hope to see you again soon!"
      }
    ],
    "authorContributionMap": {
      "waynefong0401": 64
    }
  },
  {
    "path": "text-ui-test/input.txt",
    "fileType": "txt",
    "lines": [
      {
        "lineNumber": 1,
        "author": {
          "gitId": "waynefong0401"
        },
        "content": "todo a"
      },
      {
        "lineNumber": 2,
        "author": {
          "gitId": "waynefong0401"
        },
        "content": "todo b"
      },
      {
        "lineNumber": 3,
        "author": {
          "gitId": "waynefong0401"
        },
        "content": "todo jadfsl"
      },
      {
        "lineNumber": 4,
        "author": {
          "gitId": "waynefong0401"
        },
        "content": "fajsklda"
      },
      {
        "lineNumber": 5,
        "author": {
          "gitId": "waynefong0401"
        },
        "content": "list"
      },
      {
        "lineNumber": 6,
        "author": {
          "gitId": "waynefong0401"
        },
        "content": "event "
      },
      {
        "lineNumber": 7,
        "author": {
          "gitId": "waynefong0401"
        },
        "content": "event"
      },
      {
        "lineNumber": 8,
        "author": {
          "gitId": "waynefong0401"
        },
        "content": "event 1"
      },
      {
        "lineNumber": 9,
        "author": {
          "gitId": "waynefong0401"
        },
        "content": "event 1/b"
      },
      {
        "lineNumber": 10,
        "author": {
          "gitId": "waynefong0401"
        },
        "content": "deadline "
      },
      {
        "lineNumber": 11,
        "author": {
          "gitId": "waynefong0401"
        },
        "content": "deadline"
      },
      {
        "lineNumber": 12,
        "author": {
          "gitId": "waynefong0401"
        },
        "content": "deadline ab"
      },
      {
        "lineNumber": 13,
        "author": {
          "gitId": "waynefong0401"
        },
        "content": "deadline ab/c"
      },
      {
        "lineNumber": 14,
        "author": {
          "gitId": "waynefong0401"
        },
        "content": "list"
      },
      {
        "lineNumber": 15,
        "author": {
          "gitId": "waynefong0401"
        },
        "content": "done"
      },
      {
        "lineNumber": 16,
        "author": {
          "gitId": "waynefong0401"
        },
        "content": "done "
      },
      {
        "lineNumber": 17,
        "author": {
          "gitId": "waynefong0401"
        },
        "content": "done abc"
      },
      {
        "lineNumber": 18,
        "author": {
          "gitId": "waynefong0401"
        },
        "content": "done 1"
      },
      {
        "lineNumber": 19,
        "author": {
          "gitId": "waynefong0401"
        },
        "content": "list"
      },
      {
        "lineNumber": 20,
        "author": {
          "gitId": "waynefong0401"
        },
        "content": "delete"
      },
      {
        "lineNumber": 21,
        "author": {
          "gitId": "waynefong0401"
        },
        "content": "delete "
      },
      {
        "lineNumber": 22,
        "author": {
          "gitId": "waynefong0401"
        },
        "content": "delete ab"
      },
      {
        "lineNumber": 23,
        "author": {
          "gitId": "waynefong0401"
        },
        "content": "delete 10"
      },
      {
        "lineNumber": 24,
        "author": {
          "gitId": "waynefong0401"
        },
        "content": "delete 1"
      },
      {
        "lineNumber": 25,
        "author": {
          "gitId": "waynefong0401"
        },
        "content": "list"
      },
      {
        "lineNumber": 26,
        "author": {
          "gitId": "waynefong0401"
        },
        "content": "bye"
      }
    ],
    "authorContributionMap": {
      "waynefong0401": 26
    }
  },
  {
    "path": "text-ui-test/runtest.sh",
    "fileType": "sh",
    "lines": [
      {
        "lineNumber": 1,
        "author": {
          "gitId": "waynefong0401"
        },
        "content": "#!/usr/bin/env bash"
      },
      {
        "lineNumber": 2,
        "author": {
          "gitId": "waynefong0401"
        },
        "content": ""
      },
      {
        "lineNumber": 3,
        "author": {
          "gitId": "waynefong0401"
        },
        "content": "# create bin directory if it doesn\u0027t exist"
      },
      {
        "lineNumber": 4,
        "author": {
          "gitId": "waynefong0401"
        },
        "content": "if [ ! -d \"../bin\" ]"
      },
      {
        "lineNumber": 5,
        "author": {
          "gitId": "waynefong0401"
        },
        "content": "then"
      },
      {
        "lineNumber": 6,
        "author": {
          "gitId": "waynefong0401"
        },
        "content": "    mkdir ../bin"
      },
      {
        "lineNumber": 7,
        "author": {
          "gitId": "waynefong0401"
        },
        "content": "fi"
      },
      {
        "lineNumber": 8,
        "author": {
          "gitId": "waynefong0401"
        },
        "content": ""
      },
      {
        "lineNumber": 9,
        "author": {
          "gitId": "waynefong0401"
        },
        "content": "# delete output from previous run"
      },
      {
        "lineNumber": 10,
        "author": {
          "gitId": "waynefong0401"
        },
        "content": "if [ -e \"./ACTUAL.TXT\" ]"
      },
      {
        "lineNumber": 11,
        "author": {
          "gitId": "waynefong0401"
        },
        "content": "then"
      },
      {
        "lineNumber": 12,
        "author": {
          "gitId": "waynefong0401"
        },
        "content": "    rm ACTUAL.TXT"
      },
      {
        "lineNumber": 13,
        "author": {
          "gitId": "waynefong0401"
        },
        "content": "fi"
      },
      {
        "lineNumber": 14,
        "author": {
          "gitId": "waynefong0401"
        },
        "content": ""
      },
      {
        "lineNumber": 15,
        "author": {
          "gitId": "waynefong0401"
        },
        "content": "# compile the code into the bin folder, terminates if error occurred"
      },
      {
        "lineNumber": 16,
        "author": {
          "gitId": "waynefong0401"
        },
        "content": "if ! javac -cp ../src -Xlint:none -d ../bin ../src/main/java/*.java"
      },
      {
        "lineNumber": 17,
        "author": {
          "gitId": "waynefong0401"
        },
        "content": "then"
      },
      {
        "lineNumber": 18,
        "author": {
          "gitId": "waynefong0401"
        },
        "content": "    echo \"********** BUILD FAILURE **********\""
      },
      {
        "lineNumber": 19,
        "author": {
          "gitId": "waynefong0401"
        },
        "content": "    exit 1"
      },
      {
        "lineNumber": 20,
        "author": {
          "gitId": "waynefong0401"
        },
        "content": "fi"
      },
      {
        "lineNumber": 21,
        "author": {
          "gitId": "waynefong0401"
        },
        "content": ""
      },
      {
        "lineNumber": 22,
        "author": {
          "gitId": "waynefong0401"
        },
        "content": "# run the program, feed commands from input.txt file and redirect the output to the ACTUAL.TXT"
      },
      {
        "lineNumber": 23,
        "author": {
          "gitId": "waynefong0401"
        },
        "content": "java -classpath ../bin Duke \u003c input.txt \u003e ACTUAL.TXT"
      },
      {
        "lineNumber": 24,
        "author": {
          "gitId": "waynefong0401"
        },
        "content": ""
      },
      {
        "lineNumber": 25,
        "author": {
          "gitId": "waynefong0401"
        },
        "content": "# compare the output to the expected output"
      },
      {
        "lineNumber": 26,
        "author": {
          "gitId": "waynefong0401"
        },
        "content": "diff ACTUAL.TXT EXPECTED.TXT"
      },
      {
        "lineNumber": 27,
        "author": {
          "gitId": "waynefong0401"
        },
        "content": "if [ $? -eq 0 ]"
      },
      {
        "lineNumber": 28,
        "author": {
          "gitId": "waynefong0401"
        },
        "content": "then"
      },
      {
        "lineNumber": 29,
        "author": {
          "gitId": "waynefong0401"
        },
        "content": "    echo \"Test result: PASSED\""
      },
      {
        "lineNumber": 30,
        "author": {
          "gitId": "waynefong0401"
        },
        "content": "    exit 0"
      },
      {
        "lineNumber": 31,
        "author": {
          "gitId": "waynefong0401"
        },
        "content": "else"
      },
      {
        "lineNumber": 32,
        "author": {
          "gitId": "waynefong0401"
        },
        "content": "    echo \"Test result: FAILED\""
      },
      {
        "lineNumber": 33,
        "author": {
          "gitId": "waynefong0401"
        },
        "content": "    exit 1"
      },
      {
        "lineNumber": 34,
        "author": {
          "gitId": "waynefong0401"
        },
        "content": "fi"
      }
    ],
    "authorContributionMap": {
      "waynefong0401": 34
    }
  }
]
