{
  "authorDailyContributionsMap": {
    "waynefong0401": [
      {
        "insertions": 129,
        "deletions": 21,
        "date": "2019-08-24",
        "commitResults": [
          {
            "hash": "0b6d06467bb62128994da0e95cd17c97c244cba4",
            "messageTitle": "Level-1",
            "messageBody": "",
            "insertions": 14,
            "deletions": 1
          },
          {
            "hash": "dc2f606a06c24bd1db2efd7ab786f76b110ca2f5",
            "messageTitle": "Level-2",
            "messageBody": "",
            "insertions": 14,
            "deletions": 2
          },
          {
            "hash": "ab48d73ce91eff68c9c636de92d1b508ea21c309",
            "messageTitle": "Level-3",
            "messageBody": "",
            "insertions": 32,
            "deletions": 6
          },
          {
            "hash": "c16cab6ee6e996b70e4931c860236c50e249b6f7",
            "messageTitle": "Level-4",
            "messageBody": "",
            "insertions": 69,
            "deletions": 12
          }
        ]
      },
      {
        "insertions": 582,
        "deletions": 339,
        "date": "2019-08-25",
        "commitResults": [
          {
            "hash": "33ecb03174cfec81c17f725cca390d513003fe19",
            "messageTitle": "Level-5",
            "messageBody": "",
            "insertions": 184,
            "deletions": 48
          },
          {
            "hash": "27f6f5dcb2443649226e8829cfa4a0e16eea361f",
            "messageTitle": "Level-6",
            "messageBody": "",
            "insertions": 31,
            "deletions": 14
          },
          {
            "hash": "0b5f1f01d9681a1aaf91f9faa0a2f6a8e466f42b",
            "messageTitle": "Level-4",
            "messageBody": "",
            "insertions": 91,
            "deletions": 1
          },
          {
            "hash": "dd46f93d5bdbec680d10d194aaf823dcbb84e930",
            "messageTitle": "Revert \"Level-4\"",
            "messageBody": "This reverts commit 0b5f1f01d9681a1aaf91f9faa0a2f6a8e466f42b.\n",
            "insertions": 1,
            "deletions": 91
          },
          {
            "hash": "44fc0a3fe14e6f2d498e7ac56b6a85fc545233d0",
            "messageTitle": "testingRevert",
            "messageBody": "",
            "insertions": 101,
            "deletions": 37
          },
          {
            "hash": "759c1f06a87f1b92d9ce2fece64e79070fe757a8",
            "messageTitle": "fucked up",
            "messageBody": "",
            "insertions": 47,
            "deletions": 5
          },
          {
            "hash": "528c400834961e2f127879100e09d72db05e40ee",
            "messageTitle": "testing",
            "messageBody": "",
            "insertions": 36,
            "deletions": 142
          },
          {
            "hash": "eb3b81e504bf22c6438b1dbd1c95627149156b4f",
            "messageTitle": "Final",
            "messageBody": "",
            "insertions": 91,
            "deletions": 1
          }
        ]
      },
      {
        "insertions": 97,
        "deletions": 17,
        "date": "2019-08-29",
        "commitResults": [
          {
            "hash": "a0711fbf1871e9ce65e7b47dc203e4034e964747",
            "messageTitle": "Level-7",
            "messageBody": "",
            "insertions": 67,
            "deletions": 3
          },
          {
            "hash": "c63d171b1055ffb35f6788a7b5f0dde077bae835",
            "messageTitle": "Level-8",
            "messageBody": "",
            "insertions": 27,
            "deletions": 9
          },
          {
            "hash": "86e5a4468eacced4d8a83059021eabda262756cf",
            "messageTitle": "Shorten date format",
            "messageBody": "",
            "insertions": 3,
            "deletions": 5
          }
        ]
      },
      {
        "insertions": 1094,
        "deletions": 635,
        "date": "2019-08-30",
        "commitResults": [
          {
            "hash": "68d9c5680e4591fe6a4d4f4524a83b8ed343bb44",
            "messageTitle": "A-MoreOOP",
            "messageBody": "",
            "insertions": 613,
            "deletions": 253
          },
          {
            "hash": "5fbaf2ddfcfc666d46e0417f21f7fbc742efb1ff",
            "messageTitle": "A-MoreOOP",
            "messageBody": "",
            "insertions": 400,
            "deletions": 211
          },
          {
            "hash": "47f99b97b5a84683622fca6d9bc9d24f451b6339",
            "messageTitle": "A-Packages",
            "messageBody": "",
            "insertions": 11,
            "deletions": 170
          },
          {
            "hash": "b43e688f137a4e006178edc12cfd1d9e5406c247",
            "messageTitle": "A-JUnit",
            "messageBody": "",
            "insertions": 70,
            "deletions": 1
          }
        ]
      },
      {
        "insertions": 265,
        "deletions": 73,
        "date": "2019-08-31",
        "commitResults": [
          {
            "hash": "7e3f34a17fbf1b268c80b78a0394fe1bab789533",
            "messageTitle": "Level",
            "messageBody": "",
            "insertions": 63,
            "deletions": 6
          },
          {
            "hash": "aeba2ba4b8d9a4269e65110c51f4b0822ede88d6",
            "messageTitle": "Level-9",
            "messageBody": "",
            "insertions": 1,
            "deletions": 3
          },
          {
            "hash": "910180f2af68be09877558dfaa3773cf3369dd61",
            "messageTitle": "A-CodingStandard",
            "messageBody": "",
            "insertions": 55,
            "deletions": 37
          },
          {
            "hash": "9640e7e2636e839eb3b27f33e2dd3ba703babd81",
            "messageTitle": "A-JavaDoc",
            "messageBody": "",
            "insertions": 146,
            "deletions": 27
          }
        ]
      }
    ]
  },
  "authorFinalContributionMap": {
    "waynefong0401": 1094
  },
  "authorFileTypeContributionMap": {
    "waynefong0401": {
      "java": 946,
      "md": 0,
      "fxml": 0,
      "sh": 34,
      "bat": 0,
      "gradle": 15,
      "txt": 99
    }
  },
  "authorContributionVariance": {
    "waynefong0401": 207903.31
  },
  "authorDisplayNameMap": {
    "waynefong0401": "FANG  ... EIWEN"
  }
}
