[
  {
    "path": "build.gradle",
    "fileType": "gradle",
    "lines": [
      {
        "lineNumber": 1,
        "author": {
          "gitId": "Jeffry Lum"
        },
        "content": "plugins {"
      },
      {
        "lineNumber": 2,
        "author": {
          "gitId": "Jeffry Lum"
        },
        "content": "    id \u0027java\u0027"
      },
      {
        "lineNumber": 3,
        "author": {
          "gitId": "Jeffry Lum"
        },
        "content": "    id \u0027application\u0027"
      },
      {
        "lineNumber": 4,
        "author": {
          "gitId": "Jeffry Lum"
        },
        "content": "}"
      },
      {
        "lineNumber": 5,
        "author": {
          "gitId": "Jeffry Lum"
        },
        "content": ""
      },
      {
        "lineNumber": 6,
        "author": {
          "gitId": "Jeffry Lum"
        },
        "content": "group \u0027seedu.duke\u0027"
      },
      {
        "lineNumber": 7,
        "author": {
          "gitId": "Jeffry Lum"
        },
        "content": "version \u00270.1.0\u0027"
      },
      {
        "lineNumber": 8,
        "author": {
          "gitId": "Jeffry Lum"
        },
        "content": ""
      },
      {
        "lineNumber": 9,
        "author": {
          "gitId": "Jeffry Lum"
        },
        "content": "repositories {"
      },
      {
        "lineNumber": 10,
        "author": {
          "gitId": "Jeffry Lum"
        },
        "content": "    mavenCentral()"
      },
      {
        "lineNumber": 11,
        "author": {
          "gitId": "Jeffry Lum"
        },
        "content": "}"
      },
      {
        "lineNumber": 12,
        "author": {
          "gitId": "Jeffry Lum"
        },
        "content": ""
      },
      {
        "lineNumber": 13,
        "author": {
          "gitId": "Jeffry Lum"
        },
        "content": "application {"
      },
      {
        "lineNumber": 14,
        "author": {
          "gitId": "Tianyi"
        },
        "content": "    mainClassName \u003d \"Main\""
      },
      {
        "lineNumber": 15,
        "author": {
          "gitId": "Tianyi"
        },
        "content": "}"
      },
      {
        "lineNumber": 16,
        "author": {
          "gitId": "Tianyi"
        },
        "content": ""
      },
      {
        "lineNumber": 17,
        "author": {
          "gitId": "Tianyi"
        },
        "content": "run {"
      },
      {
        "lineNumber": 18,
        "author": {
          "gitId": "Tianyi"
        },
        "content": "    standardInput \u003d System.in"
      },
      {
        "lineNumber": 19,
        "author": {
          "gitId": "Jeffry Lum"
        },
        "content": "}"
      }
    ],
    "authorContributionMap": {
      "Tianyi": 5,
      "Jeffry Lum": 14
    }
  },
  {
    "path": "gradlew.bat",
    "fileType": "bat",
    "lines": [
      {
        "lineNumber": 1,
        "author": {
          "gitId": "Jeffry Lum"
        },
        "content": "@if \"%DEBUG%\" \u003d\u003d \"\" @echo off"
      },
      {
        "lineNumber": 2,
        "author": {
          "gitId": "Jeffry Lum"
        },
        "content": "@rem ##########################################################################"
      },
      {
        "lineNumber": 3,
        "author": {
          "gitId": "Jeffry Lum"
        },
        "content": "@rem"
      },
      {
        "lineNumber": 4,
        "author": {
          "gitId": "Jeffry Lum"
        },
        "content": "@rem  Gradle startup script for Windows"
      },
      {
        "lineNumber": 5,
        "author": {
          "gitId": "Jeffry Lum"
        },
        "content": "@rem"
      },
      {
        "lineNumber": 6,
        "author": {
          "gitId": "Jeffry Lum"
        },
        "content": "@rem ##########################################################################"
      },
      {
        "lineNumber": 7,
        "author": {
          "gitId": "Jeffry Lum"
        },
        "content": ""
      },
      {
        "lineNumber": 8,
        "author": {
          "gitId": "Jeffry Lum"
        },
        "content": "@rem Set local scope for the variables with windows NT shell"
      },
      {
        "lineNumber": 9,
        "author": {
          "gitId": "Jeffry Lum"
        },
        "content": "if \"%OS%\"\u003d\u003d\"Windows_NT\" setlocal"
      },
      {
        "lineNumber": 10,
        "author": {
          "gitId": "Jeffry Lum"
        },
        "content": ""
      },
      {
        "lineNumber": 11,
        "author": {
          "gitId": "Jeffry Lum"
        },
        "content": "set DIRNAME\u003d%~dp0"
      },
      {
        "lineNumber": 12,
        "author": {
          "gitId": "Jeffry Lum"
        },
        "content": "if \"%DIRNAME%\" \u003d\u003d \"\" set DIRNAME\u003d."
      },
      {
        "lineNumber": 13,
        "author": {
          "gitId": "Jeffry Lum"
        },
        "content": "set APP_BASE_NAME\u003d%~n0"
      },
      {
        "lineNumber": 14,
        "author": {
          "gitId": "Jeffry Lum"
        },
        "content": "set APP_HOME\u003d%DIRNAME%"
      },
      {
        "lineNumber": 15,
        "author": {
          "gitId": "Jeffry Lum"
        },
        "content": ""
      },
      {
        "lineNumber": 16,
        "author": {
          "gitId": "Jeffry Lum"
        },
        "content": "@rem Add default JVM options here. You can also use JAVA_OPTS and GRADLE_OPTS to pass JVM options to this script."
      },
      {
        "lineNumber": 17,
        "author": {
          "gitId": "Jeffry Lum"
        },
        "content": "set DEFAULT_JVM_OPTS\u003d\"-Xmx64m\""
      },
      {
        "lineNumber": 18,
        "author": {
          "gitId": "Jeffry Lum"
        },
        "content": ""
      },
      {
        "lineNumber": 19,
        "author": {
          "gitId": "Jeffry Lum"
        },
        "content": "@rem Find java.exe"
      },
      {
        "lineNumber": 20,
        "author": {
          "gitId": "Jeffry Lum"
        },
        "content": "if defined JAVA_HOME goto findJavaFromJavaHome"
      },
      {
        "lineNumber": 21,
        "author": {
          "gitId": "Jeffry Lum"
        },
        "content": ""
      },
      {
        "lineNumber": 22,
        "author": {
          "gitId": "Jeffry Lum"
        },
        "content": "set JAVA_EXE\u003djava.exe"
      },
      {
        "lineNumber": 23,
        "author": {
          "gitId": "Jeffry Lum"
        },
        "content": "%JAVA_EXE% -version \u003eNUL 2\u003e\u00261"
      },
      {
        "lineNumber": 24,
        "author": {
          "gitId": "Jeffry Lum"
        },
        "content": "if \"%ERRORLEVEL%\" \u003d\u003d \"0\" goto init"
      },
      {
        "lineNumber": 25,
        "author": {
          "gitId": "Jeffry Lum"
        },
        "content": ""
      },
      {
        "lineNumber": 26,
        "author": {
          "gitId": "Jeffry Lum"
        },
        "content": "echo."
      },
      {
        "lineNumber": 27,
        "author": {
          "gitId": "Jeffry Lum"
        },
        "content": "echo ERROR: JAVA_HOME is not set and no \u0027java\u0027 command could be found in your PATH."
      },
      {
        "lineNumber": 28,
        "author": {
          "gitId": "Jeffry Lum"
        },
        "content": "echo."
      },
      {
        "lineNumber": 29,
        "author": {
          "gitId": "Jeffry Lum"
        },
        "content": "echo Please set the JAVA_HOME variable in your environment to match the"
      },
      {
        "lineNumber": 30,
        "author": {
          "gitId": "Jeffry Lum"
        },
        "content": "echo location of your Java installation."
      },
      {
        "lineNumber": 31,
        "author": {
          "gitId": "Jeffry Lum"
        },
        "content": ""
      },
      {
        "lineNumber": 32,
        "author": {
          "gitId": "Jeffry Lum"
        },
        "content": "goto fail"
      },
      {
        "lineNumber": 33,
        "author": {
          "gitId": "Jeffry Lum"
        },
        "content": ""
      },
      {
        "lineNumber": 34,
        "author": {
          "gitId": "Jeffry Lum"
        },
        "content": ":findJavaFromJavaHome"
      },
      {
        "lineNumber": 35,
        "author": {
          "gitId": "Jeffry Lum"
        },
        "content": "set JAVA_HOME\u003d%JAVA_HOME:\"\u003d%"
      },
      {
        "lineNumber": 36,
        "author": {
          "gitId": "Jeffry Lum"
        },
        "content": "set JAVA_EXE\u003d%JAVA_HOME%/bin/java.exe"
      },
      {
        "lineNumber": 37,
        "author": {
          "gitId": "Jeffry Lum"
        },
        "content": ""
      },
      {
        "lineNumber": 38,
        "author": {
          "gitId": "Jeffry Lum"
        },
        "content": "if exist \"%JAVA_EXE%\" goto init"
      },
      {
        "lineNumber": 39,
        "author": {
          "gitId": "Jeffry Lum"
        },
        "content": ""
      },
      {
        "lineNumber": 40,
        "author": {
          "gitId": "Jeffry Lum"
        },
        "content": "echo."
      },
      {
        "lineNumber": 41,
        "author": {
          "gitId": "Jeffry Lum"
        },
        "content": "echo ERROR: JAVA_HOME is set to an invalid directory: %JAVA_HOME%"
      },
      {
        "lineNumber": 42,
        "author": {
          "gitId": "Jeffry Lum"
        },
        "content": "echo."
      },
      {
        "lineNumber": 43,
        "author": {
          "gitId": "Jeffry Lum"
        },
        "content": "echo Please set the JAVA_HOME variable in your environment to match the"
      },
      {
        "lineNumber": 44,
        "author": {
          "gitId": "Jeffry Lum"
        },
        "content": "echo location of your Java installation."
      },
      {
        "lineNumber": 45,
        "author": {
          "gitId": "Jeffry Lum"
        },
        "content": ""
      },
      {
        "lineNumber": 46,
        "author": {
          "gitId": "Jeffry Lum"
        },
        "content": "goto fail"
      },
      {
        "lineNumber": 47,
        "author": {
          "gitId": "Jeffry Lum"
        },
        "content": ""
      },
      {
        "lineNumber": 48,
        "author": {
          "gitId": "Jeffry Lum"
        },
        "content": ":init"
      },
      {
        "lineNumber": 49,
        "author": {
          "gitId": "Jeffry Lum"
        },
        "content": "@rem Get command-line arguments, handling Windows variants"
      },
      {
        "lineNumber": 50,
        "author": {
          "gitId": "Jeffry Lum"
        },
        "content": ""
      },
      {
        "lineNumber": 51,
        "author": {
          "gitId": "Jeffry Lum"
        },
        "content": "if not \"%OS%\" \u003d\u003d \"Windows_NT\" goto win9xME_args"
      },
      {
        "lineNumber": 52,
        "author": {
          "gitId": "Jeffry Lum"
        },
        "content": ""
      },
      {
        "lineNumber": 53,
        "author": {
          "gitId": "Jeffry Lum"
        },
        "content": ":win9xME_args"
      },
      {
        "lineNumber": 54,
        "author": {
          "gitId": "Jeffry Lum"
        },
        "content": "@rem Slurp the command line arguments."
      },
      {
        "lineNumber": 55,
        "author": {
          "gitId": "Jeffry Lum"
        },
        "content": "set CMD_LINE_ARGS\u003d"
      },
      {
        "lineNumber": 56,
        "author": {
          "gitId": "Jeffry Lum"
        },
        "content": "set _SKIP\u003d2"
      },
      {
        "lineNumber": 57,
        "author": {
          "gitId": "Jeffry Lum"
        },
        "content": ""
      },
      {
        "lineNumber": 58,
        "author": {
          "gitId": "Jeffry Lum"
        },
        "content": ":win9xME_args_slurp"
      },
      {
        "lineNumber": 59,
        "author": {
          "gitId": "Jeffry Lum"
        },
        "content": "if \"x%~1\" \u003d\u003d \"x\" goto execute"
      },
      {
        "lineNumber": 60,
        "author": {
          "gitId": "Jeffry Lum"
        },
        "content": ""
      },
      {
        "lineNumber": 61,
        "author": {
          "gitId": "Jeffry Lum"
        },
        "content": "set CMD_LINE_ARGS\u003d%*"
      },
      {
        "lineNumber": 62,
        "author": {
          "gitId": "Jeffry Lum"
        },
        "content": ""
      },
      {
        "lineNumber": 63,
        "author": {
          "gitId": "Jeffry Lum"
        },
        "content": ":execute"
      },
      {
        "lineNumber": 64,
        "author": {
          "gitId": "Jeffry Lum"
        },
        "content": "@rem Setup the command line"
      },
      {
        "lineNumber": 65,
        "author": {
          "gitId": "Jeffry Lum"
        },
        "content": ""
      },
      {
        "lineNumber": 66,
        "author": {
          "gitId": "Jeffry Lum"
        },
        "content": "set CLASSPATH\u003d%APP_HOME%\\gradle\\wrapper\\gradle-wrapper.jar"
      },
      {
        "lineNumber": 67,
        "author": {
          "gitId": "Jeffry Lum"
        },
        "content": ""
      },
      {
        "lineNumber": 68,
        "author": {
          "gitId": "Jeffry Lum"
        },
        "content": "@rem Execute Gradle"
      },
      {
        "lineNumber": 69,
        "author": {
          "gitId": "Jeffry Lum"
        },
        "content": "\"%JAVA_EXE%\" %DEFAULT_JVM_OPTS% %JAVA_OPTS% %GRADLE_OPTS% \"-Dorg.gradle.appname\u003d%APP_BASE_NAME%\" -classpath \"%CLASSPATH%\" org.gradle.wrapper.GradleWrapperMain %CMD_LINE_ARGS%"
      },
      {
        "lineNumber": 70,
        "author": {
          "gitId": "Jeffry Lum"
        },
        "content": ""
      },
      {
        "lineNumber": 71,
        "author": {
          "gitId": "Jeffry Lum"
        },
        "content": ":end"
      },
      {
        "lineNumber": 72,
        "author": {
          "gitId": "Jeffry Lum"
        },
        "content": "@rem End local scope for the variables with windows NT shell"
      },
      {
        "lineNumber": 73,
        "author": {
          "gitId": "Jeffry Lum"
        },
        "content": "if \"%ERRORLEVEL%\"\u003d\u003d\"0\" goto mainEnd"
      },
      {
        "lineNumber": 74,
        "author": {
          "gitId": "Jeffry Lum"
        },
        "content": ""
      },
      {
        "lineNumber": 75,
        "author": {
          "gitId": "Jeffry Lum"
        },
        "content": ":fail"
      },
      {
        "lineNumber": 76,
        "author": {
          "gitId": "Jeffry Lum"
        },
        "content": "rem Set variable GRADLE_EXIT_CONSOLE if you need the _script_ return code instead of"
      },
      {
        "lineNumber": 77,
        "author": {
          "gitId": "Jeffry Lum"
        },
        "content": "rem the _cmd.exe /c_ return code!"
      },
      {
        "lineNumber": 78,
        "author": {
          "gitId": "Jeffry Lum"
        },
        "content": "if  not \"\" \u003d\u003d \"%GRADLE_EXIT_CONSOLE%\" exit 1"
      },
      {
        "lineNumber": 79,
        "author": {
          "gitId": "Jeffry Lum"
        },
        "content": "exit /b 1"
      },
      {
        "lineNumber": 80,
        "author": {
          "gitId": "Jeffry Lum"
        },
        "content": ""
      },
      {
        "lineNumber": 81,
        "author": {
          "gitId": "Jeffry Lum"
        },
        "content": ":mainEnd"
      },
      {
        "lineNumber": 82,
        "author": {
          "gitId": "Jeffry Lum"
        },
        "content": "if \"%OS%\"\u003d\u003d\"Windows_NT\" endlocal"
      },
      {
        "lineNumber": 83,
        "author": {
          "gitId": "Jeffry Lum"
        },
        "content": ""
      },
      {
        "lineNumber": 84,
        "author": {
          "gitId": "Jeffry Lum"
        },
        "content": ":omega"
      }
    ],
    "authorContributionMap": {
      "Jeffry Lum": 84
    }
  },
  {
    "path": "settings.gradle",
    "fileType": "gradle",
    "lines": [
      {
        "lineNumber": 1,
        "author": {
          "gitId": "Jeffry Lum"
        },
        "content": "rootProject.name \u003d \u0027duke\u0027"
      }
    ],
    "authorContributionMap": {
      "Jeffry Lum": 1
    }
  },
  {
    "path": "src/main/java/Command.java",
    "fileType": "java",
    "lines": [
      {
        "lineNumber": 1,
        "author": {
          "gitId": "Tianyi"
        },
        "content": "/*"
      },
      {
        "lineNumber": 2,
        "author": {
          "gitId": "Tianyi"
        },
        "content": "Parses command to get information"
      },
      {
        "lineNumber": 3,
        "author": {
          "gitId": "Tianyi"
        },
        "content": " */"
      },
      {
        "lineNumber": 4,
        "author": {
          "gitId": "Tianyi"
        },
        "content": "public class Command {"
      },
      {
        "lineNumber": 5,
        "author": {
          "gitId": "Tianyi"
        },
        "content": "    private CommandType type;"
      },
      {
        "lineNumber": 6,
        "author": {
          "gitId": "Tianyi"
        },
        "content": "    private int targetIndex;"
      },
      {
        "lineNumber": 7,
        "author": {
          "gitId": "Tianyi"
        },
        "content": "    private String addedTask;"
      },
      {
        "lineNumber": 8,
        "author": {
          "gitId": "Tianyi"
        },
        "content": ""
      },
      {
        "lineNumber": 9,
        "author": {
          "gitId": "Tianyi"
        },
        "content": "    private Command(CommandType type) {"
      },
      {
        "lineNumber": 10,
        "author": {
          "gitId": "Tianyi"
        },
        "content": "        // for primitive command"
      },
      {
        "lineNumber": 11,
        "author": {
          "gitId": "Tianyi"
        },
        "content": "        this.type \u003d type;"
      },
      {
        "lineNumber": 12,
        "author": {
          "gitId": "Tianyi"
        },
        "content": "    }"
      },
      {
        "lineNumber": 13,
        "author": {
          "gitId": "Tianyi"
        },
        "content": "    private Command(CommandType type, int taskNumber) {"
      },
      {
        "lineNumber": 14,
        "author": {
          "gitId": "Tianyi"
        },
        "content": "        // for DONE"
      },
      {
        "lineNumber": 15,
        "author": {
          "gitId": "Tianyi"
        },
        "content": "        this.type \u003d type;"
      },
      {
        "lineNumber": 16,
        "author": {
          "gitId": "Tianyi"
        },
        "content": "        this.targetIndex \u003d taskNumber - 1;"
      },
      {
        "lineNumber": 17,
        "author": {
          "gitId": "Tianyi"
        },
        "content": "    }"
      },
      {
        "lineNumber": 18,
        "author": {
          "gitId": "Tianyi"
        },
        "content": "    private Command(CommandType type, String addedTask) {"
      },
      {
        "lineNumber": 19,
        "author": {
          "gitId": "Tianyi"
        },
        "content": "        // for adding tasks"
      },
      {
        "lineNumber": 20,
        "author": {
          "gitId": "Tianyi"
        },
        "content": "        this.type \u003d type;"
      },
      {
        "lineNumber": 21,
        "author": {
          "gitId": "Tianyi"
        },
        "content": "        this.addedTask \u003d addedTask;"
      },
      {
        "lineNumber": 22,
        "author": {
          "gitId": "Tianyi"
        },
        "content": "    }"
      },
      {
        "lineNumber": 23,
        "author": {
          "gitId": "Tianyi"
        },
        "content": ""
      },
      {
        "lineNumber": 24,
        "author": {
          "gitId": "Tianyi"
        },
        "content": "    public static Command NewCommand(String instruction) {"
      },
      {
        "lineNumber": 25,
        "author": {
          "gitId": "Tianyi"
        },
        "content": "        String[] command \u003d instruction.split(\" \");"
      },
      {
        "lineNumber": 26,
        "author": {
          "gitId": "Tianyi"
        },
        "content": "        switch (command[0]) {"
      },
      {
        "lineNumber": 27,
        "author": {
          "gitId": "Tianyi"
        },
        "content": "            case \"list\":"
      },
      {
        "lineNumber": 28,
        "author": {
          "gitId": "Tianyi"
        },
        "content": "                return new Command(CommandType.LIST);"
      },
      {
        "lineNumber": 29,
        "author": {
          "gitId": "Tianyi"
        },
        "content": "            case \"bye\":"
      },
      {
        "lineNumber": 30,
        "author": {
          "gitId": "Tianyi"
        },
        "content": "                return new Command(CommandType.BYE);"
      },
      {
        "lineNumber": 31,
        "author": {
          "gitId": "Tianyi"
        },
        "content": "            case \"done\":"
      },
      {
        "lineNumber": 32,
        "author": {
          "gitId": "Tianyi"
        },
        "content": "                return new Command(CommandType.DONE, Integer.parseInt(command[1]));"
      },
      {
        "lineNumber": 33,
        "author": {
          "gitId": "Tianyi"
        },
        "content": "            default:"
      },
      {
        "lineNumber": 34,
        "author": {
          "gitId": "Tianyi"
        },
        "content": "                return new Command(CommandType.ADD, instruction);"
      },
      {
        "lineNumber": 35,
        "author": {
          "gitId": "Tianyi"
        },
        "content": "        }"
      },
      {
        "lineNumber": 36,
        "author": {
          "gitId": "Tianyi"
        },
        "content": "    }"
      },
      {
        "lineNumber": 37,
        "author": {
          "gitId": "Tianyi"
        },
        "content": ""
      },
      {
        "lineNumber": 38,
        "author": {
          "gitId": "Tianyi"
        },
        "content": "    public int getTargetIndex() {"
      },
      {
        "lineNumber": 39,
        "author": {
          "gitId": "Tianyi"
        },
        "content": "        return targetIndex;"
      },
      {
        "lineNumber": 40,
        "author": {
          "gitId": "Tianyi"
        },
        "content": "    }"
      },
      {
        "lineNumber": 41,
        "author": {
          "gitId": "Tianyi"
        },
        "content": ""
      },
      {
        "lineNumber": 42,
        "author": {
          "gitId": "Tianyi"
        },
        "content": ""
      },
      {
        "lineNumber": 43,
        "author": {
          "gitId": "Tianyi"
        },
        "content": "    public CommandType getType() {"
      },
      {
        "lineNumber": 44,
        "author": {
          "gitId": "Tianyi"
        },
        "content": "        return type;"
      },
      {
        "lineNumber": 45,
        "author": {
          "gitId": "Tianyi"
        },
        "content": "    }"
      },
      {
        "lineNumber": 46,
        "author": {
          "gitId": "Tianyi"
        },
        "content": ""
      },
      {
        "lineNumber": 47,
        "author": {
          "gitId": "Tianyi"
        },
        "content": "    public String getAddedTask() {"
      },
      {
        "lineNumber": 48,
        "author": {
          "gitId": "Tianyi"
        },
        "content": "        return addedTask;"
      },
      {
        "lineNumber": 49,
        "author": {
          "gitId": "Tianyi"
        },
        "content": "    }"
      },
      {
        "lineNumber": 50,
        "author": {
          "gitId": "Tianyi"
        },
        "content": ""
      },
      {
        "lineNumber": 51,
        "author": {
          "gitId": "Tianyi"
        },
        "content": "    enum CommandType {"
      },
      {
        "lineNumber": 52,
        "author": {
          "gitId": "Tianyi"
        },
        "content": "        BYE, LIST, DONE, ADD"
      },
      {
        "lineNumber": 53,
        "author": {
          "gitId": "Tianyi"
        },
        "content": "    }"
      },
      {
        "lineNumber": 54,
        "author": {
          "gitId": "Tianyi"
        },
        "content": "}"
      }
    ],
    "authorContributionMap": {
      "Tianyi": 54
    }
  },
  {
    "path": "src/main/java/Duke.java",
    "fileType": "java",
    "lines": [
      {
        "lineNumber": 1,
        "author": {
          "gitId": "Tianyi"
        },
        "content": "import java.lang.annotation.Repeatable;"
      },
      {
        "lineNumber": 2,
        "author": {
          "gitId": "Tianyi"
        },
        "content": "import java.util.ArrayList;"
      },
      {
        "lineNumber": 3,
        "author": {
          "gitId": "Tianyi"
        },
        "content": "import java.util.Iterator;"
      },
      {
        "lineNumber": 4,
        "author": {
          "gitId": "Tianyi"
        },
        "content": "import java.util.List;"
      },
      {
        "lineNumber": 5,
        "author": {
          "gitId": "Tianyi"
        },
        "content": "import java.util.Scanner;"
      },
      {
        "lineNumber": 6,
        "author": {
          "gitId": "Tianyi"
        },
        "content": ""
      },
      {
        "lineNumber": 7,
        "author": {
          "gitId": "-"
        },
        "content": "public class Duke {"
      },
      {
        "lineNumber": 8,
        "author": {
          "gitId": "Tianyi"
        },
        "content": "    private List\u003cTask\u003e taskList;"
      },
      {
        "lineNumber": 9,
        "author": {
          "gitId": "Tianyi"
        },
        "content": ""
      },
      {
        "lineNumber": 10,
        "author": {
          "gitId": "Tianyi"
        },
        "content": "    public Duke() {"
      },
      {
        "lineNumber": 11,
        "author": {
          "gitId": "Tianyi"
        },
        "content": "        this.taskList \u003d new ArrayList\u003c\u003e();"
      },
      {
        "lineNumber": 12,
        "author": {
          "gitId": "Tianyi"
        },
        "content": "    }"
      },
      {
        "lineNumber": 13,
        "author": {
          "gitId": "Tianyi"
        },
        "content": ""
      },
      {
        "lineNumber": 14,
        "author": {
          "gitId": "Tianyi"
        },
        "content": ""
      },
      {
        "lineNumber": 15,
        "author": {
          "gitId": "Tianyi"
        },
        "content": "    public void run() {"
      },
      {
        "lineNumber": 16,
        "author": {
          "gitId": "-"
        },
        "content": "        String logo \u003d \" ____        _        \\n\""
      },
      {
        "lineNumber": 17,
        "author": {
          "gitId": "-"
        },
        "content": "                + \"|  _ \\\\ _   _| | _____ \\n\""
      },
      {
        "lineNumber": 18,
        "author": {
          "gitId": "-"
        },
        "content": "                + \"| | | | | | | |/ / _ \\\\\\n\""
      },
      {
        "lineNumber": 19,
        "author": {
          "gitId": "-"
        },
        "content": "                + \"| |_| | |_| |   \u003c  __/\\n\""
      },
      {
        "lineNumber": 20,
        "author": {
          "gitId": "-"
        },
        "content": "                + \"|____/ \\\\__,_|_|\\\\_\\\\___|\\n\";"
      },
      {
        "lineNumber": 21,
        "author": {
          "gitId": "Tianyi"
        },
        "content": ""
      },
      {
        "lineNumber": 22,
        "author": {
          "gitId": "Tianyi"
        },
        "content": "        Scanner sc \u003d new Scanner(System.in);"
      },
      {
        "lineNumber": 23,
        "author": {
          "gitId": "Tianyi"
        },
        "content": ""
      },
      {
        "lineNumber": 24,
        "author": {
          "gitId": "Tianyi"
        },
        "content": "        // start interaction"
      },
      {
        "lineNumber": 25,
        "author": {
          "gitId": "Tianyi"
        },
        "content": "        Response.NewGreetings().print();"
      },
      {
        "lineNumber": 26,
        "author": {
          "gitId": "Tianyi"
        },
        "content": ""
      },
      {
        "lineNumber": 27,
        "author": {
          "gitId": "Tianyi"
        },
        "content": "        while (sc.hasNext()) {"
      },
      {
        "lineNumber": 28,
        "author": {
          "gitId": "Tianyi"
        },
        "content": "            Command command \u003d Command.NewCommand(sc.nextLine());"
      },
      {
        "lineNumber": 29,
        "author": {
          "gitId": "Tianyi"
        },
        "content": "            switch (command.getType()) {"
      },
      {
        "lineNumber": 30,
        "author": {
          "gitId": "Tianyi"
        },
        "content": "                case LIST:"
      },
      {
        "lineNumber": 31,
        "author": {
          "gitId": "Tianyi"
        },
        "content": "                    this.handleList();"
      },
      {
        "lineNumber": 32,
        "author": {
          "gitId": "Tianyi"
        },
        "content": "                    break;"
      },
      {
        "lineNumber": 33,
        "author": {
          "gitId": "Tianyi"
        },
        "content": "                case DONE:"
      },
      {
        "lineNumber": 34,
        "author": {
          "gitId": "Tianyi"
        },
        "content": "                    this.handleDone(command.getTargetIndex());"
      },
      {
        "lineNumber": 35,
        "author": {
          "gitId": "Tianyi"
        },
        "content": "                    break;"
      },
      {
        "lineNumber": 36,
        "author": {
          "gitId": "Tianyi"
        },
        "content": "                case ADD:"
      },
      {
        "lineNumber": 37,
        "author": {
          "gitId": "Tianyi"
        },
        "content": "                    this.handleAddItem(command.getAddedTask());"
      },
      {
        "lineNumber": 38,
        "author": {
          "gitId": "Tianyi"
        },
        "content": "                    break;"
      },
      {
        "lineNumber": 39,
        "author": {
          "gitId": "Tianyi"
        },
        "content": "                case BYE:"
      },
      {
        "lineNumber": 40,
        "author": {
          "gitId": "Tianyi"
        },
        "content": "                    this.handleBye();"
      },
      {
        "lineNumber": 41,
        "author": {
          "gitId": "Tianyi"
        },
        "content": "                    return;  // exit"
      },
      {
        "lineNumber": 42,
        "author": {
          "gitId": "Tianyi"
        },
        "content": "                default:"
      },
      {
        "lineNumber": 43,
        "author": {
          "gitId": "Tianyi"
        },
        "content": "                    // placeholder"
      },
      {
        "lineNumber": 44,
        "author": {
          "gitId": "Tianyi"
        },
        "content": ""
      },
      {
        "lineNumber": 45,
        "author": {
          "gitId": "Tianyi"
        },
        "content": "            }"
      },
      {
        "lineNumber": 46,
        "author": {
          "gitId": "Tianyi"
        },
        "content": "        }"
      },
      {
        "lineNumber": 47,
        "author": {
          "gitId": "Tianyi"
        },
        "content": "        sc.close();"
      },
      {
        "lineNumber": 48,
        "author": {
          "gitId": "Tianyi"
        },
        "content": "    }"
      },
      {
        "lineNumber": 49,
        "author": {
          "gitId": "Tianyi"
        },
        "content": ""
      },
      {
        "lineNumber": 50,
        "author": {
          "gitId": "Tianyi"
        },
        "content": "    private void handleDone(int targetIndex) {"
      },
      {
        "lineNumber": 51,
        "author": {
          "gitId": "Tianyi"
        },
        "content": "        this.taskList.get(targetIndex).setCompleted(true);"
      },
      {
        "lineNumber": 52,
        "author": {
          "gitId": "Tianyi"
        },
        "content": "        Response.NewDone(this.taskList.get(targetIndex)).print();"
      },
      {
        "lineNumber": 53,
        "author": {
          "gitId": "Tianyi"
        },
        "content": "    }"
      },
      {
        "lineNumber": 54,
        "author": {
          "gitId": "Tianyi"
        },
        "content": ""
      },
      {
        "lineNumber": 55,
        "author": {
          "gitId": "Tianyi"
        },
        "content": "    private void handleBye() {"
      },
      {
        "lineNumber": 56,
        "author": {
          "gitId": "Tianyi"
        },
        "content": "        Response.NewFarewell().print();"
      },
      {
        "lineNumber": 57,
        "author": {
          "gitId": "Tianyi"
        },
        "content": "    }"
      },
      {
        "lineNumber": 58,
        "author": {
          "gitId": "Tianyi"
        },
        "content": ""
      },
      {
        "lineNumber": 59,
        "author": {
          "gitId": "Tianyi"
        },
        "content": "    private void handleAddItem(String item) {"
      },
      {
        "lineNumber": 60,
        "author": {
          "gitId": "Tianyi"
        },
        "content": "        this.taskList.add(new Task(item));"
      },
      {
        "lineNumber": 61,
        "author": {
          "gitId": "Tianyi"
        },
        "content": "        Response.NewAdded(item).print();"
      },
      {
        "lineNumber": 62,
        "author": {
          "gitId": "Tianyi"
        },
        "content": "    }"
      },
      {
        "lineNumber": 63,
        "author": {
          "gitId": "Tianyi"
        },
        "content": ""
      },
      {
        "lineNumber": 64,
        "author": {
          "gitId": "Tianyi"
        },
        "content": "    private void handleList() {"
      },
      {
        "lineNumber": 65,
        "author": {
          "gitId": "Tianyi"
        },
        "content": "        Response.NewListing(this.taskList).print();"
      },
      {
        "lineNumber": 66,
        "author": {
          "gitId": "-"
        },
        "content": "    }"
      },
      {
        "lineNumber": 67,
        "author": {
          "gitId": "-"
        },
        "content": "}"
      }
    ],
    "authorContributionMap": {
      "Tianyi": 59,
      "-": 8
    }
  },
  {
    "path": "src/main/java/Main.java",
    "fileType": "java",
    "lines": [
      {
        "lineNumber": 1,
        "author": {
          "gitId": "Tianyi"
        },
        "content": "public class Main {"
      },
      {
        "lineNumber": 2,
        "author": {
          "gitId": "Tianyi"
        },
        "content": "    public static void main(String[] args) {"
      },
      {
        "lineNumber": 3,
        "author": {
          "gitId": "Tianyi"
        },
        "content": "        Duke app \u003d new Duke();"
      },
      {
        "lineNumber": 4,
        "author": {
          "gitId": "Tianyi"
        },
        "content": "        app.run();"
      },
      {
        "lineNumber": 5,
        "author": {
          "gitId": "Tianyi"
        },
        "content": "    }"
      },
      {
        "lineNumber": 6,
        "author": {
          "gitId": "Tianyi"
        },
        "content": "}"
      }
    ],
    "authorContributionMap": {
      "Tianyi": 6
    }
  },
  {
    "path": "src/main/java/Response.java",
    "fileType": "java",
    "lines": [
      {
        "lineNumber": 1,
        "author": {
          "gitId": "Tianyi"
        },
        "content": "import java.util.ArrayList;"
      },
      {
        "lineNumber": 2,
        "author": {
          "gitId": "Tianyi"
        },
        "content": "import java.util.List;"
      },
      {
        "lineNumber": 3,
        "author": {
          "gitId": "Tianyi"
        },
        "content": "import java.util.stream.Collectors;"
      },
      {
        "lineNumber": 4,
        "author": {
          "gitId": "Tianyi"
        },
        "content": "import java.util.stream.IntStream;"
      },
      {
        "lineNumber": 5,
        "author": {
          "gitId": "Tianyi"
        },
        "content": ""
      },
      {
        "lineNumber": 6,
        "author": {
          "gitId": "Tianyi"
        },
        "content": "/*"
      },
      {
        "lineNumber": 7,
        "author": {
          "gitId": "Tianyi"
        },
        "content": "Handles response formatting"
      },
      {
        "lineNumber": 8,
        "author": {
          "gitId": "Tianyi"
        },
        "content": " */"
      },
      {
        "lineNumber": 9,
        "author": {
          "gitId": "Tianyi"
        },
        "content": "public class Response {"
      },
      {
        "lineNumber": 10,
        "author": {
          "gitId": "Tianyi"
        },
        "content": "    private List\u003cString\u003e content;"
      },
      {
        "lineNumber": 11,
        "author": {
          "gitId": "Tianyi"
        },
        "content": ""
      },
      {
        "lineNumber": 12,
        "author": {
          "gitId": "Tianyi"
        },
        "content": "    private Response() {"
      },
      {
        "lineNumber": 13,
        "author": {
          "gitId": "Tianyi"
        },
        "content": "        this.content \u003d new ArrayList\u003c\u003e();"
      },
      {
        "lineNumber": 14,
        "author": {
          "gitId": "Tianyi"
        },
        "content": "    }"
      },
      {
        "lineNumber": 15,
        "author": {
          "gitId": "Tianyi"
        },
        "content": ""
      },
      {
        "lineNumber": 16,
        "author": {
          "gitId": "Tianyi"
        },
        "content": "    private Response(List\u003cString\u003e content) {"
      },
      {
        "lineNumber": 17,
        "author": {
          "gitId": "Tianyi"
        },
        "content": "        this.content \u003d content;"
      },
      {
        "lineNumber": 18,
        "author": {
          "gitId": "Tianyi"
        },
        "content": "    }"
      },
      {
        "lineNumber": 19,
        "author": {
          "gitId": "Tianyi"
        },
        "content": ""
      },
      {
        "lineNumber": 20,
        "author": {
          "gitId": "Tianyi"
        },
        "content": "    public static Response NewGreetings() {"
      },
      {
        "lineNumber": 21,
        "author": {
          "gitId": "Tianyi"
        },
        "content": "        return new Response(List.of("
      },
      {
        "lineNumber": 22,
        "author": {
          "gitId": "Tianyi"
        },
        "content": "                \"Hello! I\u0027m Duke\","
      },
      {
        "lineNumber": 23,
        "author": {
          "gitId": "Tianyi"
        },
        "content": "                \"What can I do for you?\""
      },
      {
        "lineNumber": 24,
        "author": {
          "gitId": "Tianyi"
        },
        "content": "        ));"
      },
      {
        "lineNumber": 25,
        "author": {
          "gitId": "Tianyi"
        },
        "content": "    }"
      },
      {
        "lineNumber": 26,
        "author": {
          "gitId": "Tianyi"
        },
        "content": ""
      },
      {
        "lineNumber": 27,
        "author": {
          "gitId": "Tianyi"
        },
        "content": "    public static Response NewFarewell() {"
      },
      {
        "lineNumber": 28,
        "author": {
          "gitId": "Tianyi"
        },
        "content": "        return new Response(List.of("
      },
      {
        "lineNumber": 29,
        "author": {
          "gitId": "Tianyi"
        },
        "content": "                \"Bye. Hope to see you again soon!\""
      },
      {
        "lineNumber": 30,
        "author": {
          "gitId": "Tianyi"
        },
        "content": "        ));"
      },
      {
        "lineNumber": 31,
        "author": {
          "gitId": "Tianyi"
        },
        "content": "    }"
      },
      {
        "lineNumber": 32,
        "author": {
          "gitId": "Tianyi"
        },
        "content": ""
      },
      {
        "lineNumber": 33,
        "author": {
          "gitId": "Tianyi"
        },
        "content": "    public static Response NewAdded(String item) {"
      },
      {
        "lineNumber": 34,
        "author": {
          "gitId": "Tianyi"
        },
        "content": "        String added \u003d \"added: \";"
      },
      {
        "lineNumber": 35,
        "author": {
          "gitId": "Tianyi"
        },
        "content": "        return new Response(List.of(added + item));"
      },
      {
        "lineNumber": 36,
        "author": {
          "gitId": "Tianyi"
        },
        "content": "    }"
      },
      {
        "lineNumber": 37,
        "author": {
          "gitId": "Tianyi"
        },
        "content": ""
      },
      {
        "lineNumber": 38,
        "author": {
          "gitId": "Tianyi"
        },
        "content": "    public static Response NewDone(Task item) {"
      },
      {
        "lineNumber": 39,
        "author": {
          "gitId": "Tianyi"
        },
        "content": "        return new Response(List.of("
      },
      {
        "lineNumber": 40,
        "author": {
          "gitId": "Tianyi"
        },
        "content": "                \"Nice! I\u0027ve marked this task as done:\","
      },
      {
        "lineNumber": 41,
        "author": {
          "gitId": "Tianyi"
        },
        "content": "                \"  \" + item.toString()"
      },
      {
        "lineNumber": 42,
        "author": {
          "gitId": "Tianyi"
        },
        "content": "        ));"
      },
      {
        "lineNumber": 43,
        "author": {
          "gitId": "Tianyi"
        },
        "content": "    }"
      },
      {
        "lineNumber": 44,
        "author": {
          "gitId": "Tianyi"
        },
        "content": ""
      },
      {
        "lineNumber": 45,
        "author": {
          "gitId": "Tianyi"
        },
        "content": "    public static Response NewListing(List\u003cTask\u003e items) {"
      },
      {
        "lineNumber": 46,
        "author": {
          "gitId": "Tianyi"
        },
        "content": "        List\u003cString\u003e content \u003d IntStream.range(0, items.size())"
      },
      {
        "lineNumber": 47,
        "author": {
          "gitId": "Tianyi"
        },
        "content": "                .mapToObj(i -\u003e (i + 1) + \".\" + items.get(i).toString())"
      },
      {
        "lineNumber": 48,
        "author": {
          "gitId": "Tianyi"
        },
        "content": "                .collect(Collectors.toList());"
      },
      {
        "lineNumber": 49,
        "author": {
          "gitId": "Tianyi"
        },
        "content": ""
      },
      {
        "lineNumber": 50,
        "author": {
          "gitId": "Tianyi"
        },
        "content": "        return new Response(content);"
      },
      {
        "lineNumber": 51,
        "author": {
          "gitId": "Tianyi"
        },
        "content": "    }"
      },
      {
        "lineNumber": 52,
        "author": {
          "gitId": "Tianyi"
        },
        "content": ""
      },
      {
        "lineNumber": 53,
        "author": {
          "gitId": "Tianyi"
        },
        "content": "    public static Response NewEcho(String input) {"
      },
      {
        "lineNumber": 54,
        "author": {
          "gitId": "Tianyi"
        },
        "content": "        return new Response(List.of(input));"
      },
      {
        "lineNumber": 55,
        "author": {
          "gitId": "Tianyi"
        },
        "content": "    }"
      },
      {
        "lineNumber": 56,
        "author": {
          "gitId": "Tianyi"
        },
        "content": ""
      },
      {
        "lineNumber": 57,
        "author": {
          "gitId": "Tianyi"
        },
        "content": "    public void print() {"
      },
      {
        "lineNumber": 58,
        "author": {
          "gitId": "Tianyi"
        },
        "content": "        String border \u003d \"    \";"
      },
      {
        "lineNumber": 59,
        "author": {
          "gitId": "Tianyi"
        },
        "content": "        String contentIndent \u003d \"     \";"
      },
      {
        "lineNumber": 60,
        "author": {
          "gitId": "Tianyi"
        },
        "content": "        String divider \u003d \"____________________________________________________________\";"
      },
      {
        "lineNumber": 61,
        "author": {
          "gitId": "Tianyi"
        },
        "content": "        // output"
      },
      {
        "lineNumber": 62,
        "author": {
          "gitId": "Tianyi"
        },
        "content": "        System.out.println(border + divider);"
      },
      {
        "lineNumber": 63,
        "author": {
          "gitId": "Tianyi"
        },
        "content": "        for (String line : content) {"
      },
      {
        "lineNumber": 64,
        "author": {
          "gitId": "Tianyi"
        },
        "content": "            System.out.print(contentIndent);"
      },
      {
        "lineNumber": 65,
        "author": {
          "gitId": "Tianyi"
        },
        "content": "            System.out.println(line);"
      },
      {
        "lineNumber": 66,
        "author": {
          "gitId": "Tianyi"
        },
        "content": "        }"
      },
      {
        "lineNumber": 67,
        "author": {
          "gitId": "Tianyi"
        },
        "content": "        System.out.println(border + divider);"
      },
      {
        "lineNumber": 68,
        "author": {
          "gitId": "Tianyi"
        },
        "content": "    }"
      },
      {
        "lineNumber": 69,
        "author": {
          "gitId": "Tianyi"
        },
        "content": ""
      },
      {
        "lineNumber": 70,
        "author": {
          "gitId": "Tianyi"
        },
        "content": "}"
      }
    ],
    "authorContributionMap": {
      "Tianyi": 70
    }
  },
  {
    "path": "src/main/java/Task.java",
    "fileType": "java",
    "lines": [
      {
        "lineNumber": 1,
        "author": {
          "gitId": "Tianyi"
        },
        "content": "public class Task {"
      },
      {
        "lineNumber": 2,
        "author": {
          "gitId": "Tianyi"
        },
        "content": "    private boolean isCompleted;"
      },
      {
        "lineNumber": 3,
        "author": {
          "gitId": "Tianyi"
        },
        "content": "    private String taskName;"
      },
      {
        "lineNumber": 4,
        "author": {
          "gitId": "Tianyi"
        },
        "content": ""
      },
      {
        "lineNumber": 5,
        "author": {
          "gitId": "Tianyi"
        },
        "content": "    public Task(String taskName) {"
      },
      {
        "lineNumber": 6,
        "author": {
          "gitId": "Tianyi"
        },
        "content": "        this.isCompleted \u003d false;"
      },
      {
        "lineNumber": 7,
        "author": {
          "gitId": "Tianyi"
        },
        "content": "        this.taskName \u003d taskName;"
      },
      {
        "lineNumber": 8,
        "author": {
          "gitId": "Tianyi"
        },
        "content": "    }"
      },
      {
        "lineNumber": 9,
        "author": {
          "gitId": "Tianyi"
        },
        "content": ""
      },
      {
        "lineNumber": 10,
        "author": {
          "gitId": "Tianyi"
        },
        "content": "    public String getTaskName() {"
      },
      {
        "lineNumber": 11,
        "author": {
          "gitId": "Tianyi"
        },
        "content": "        return taskName;"
      },
      {
        "lineNumber": 12,
        "author": {
          "gitId": "Tianyi"
        },
        "content": "    }"
      },
      {
        "lineNumber": 13,
        "author": {
          "gitId": "Tianyi"
        },
        "content": ""
      },
      {
        "lineNumber": 14,
        "author": {
          "gitId": "Tianyi"
        },
        "content": "    public boolean isCompleted() {"
      },
      {
        "lineNumber": 15,
        "author": {
          "gitId": "Tianyi"
        },
        "content": "        return isCompleted;"
      },
      {
        "lineNumber": 16,
        "author": {
          "gitId": "Tianyi"
        },
        "content": "    }"
      },
      {
        "lineNumber": 17,
        "author": {
          "gitId": "Tianyi"
        },
        "content": ""
      },
      {
        "lineNumber": 18,
        "author": {
          "gitId": "Tianyi"
        },
        "content": "    public void setCompleted(boolean completed) {"
      },
      {
        "lineNumber": 19,
        "author": {
          "gitId": "Tianyi"
        },
        "content": "        isCompleted \u003d completed;"
      },
      {
        "lineNumber": 20,
        "author": {
          "gitId": "Tianyi"
        },
        "content": "    }"
      },
      {
        "lineNumber": 21,
        "author": {
          "gitId": "Tianyi"
        },
        "content": ""
      },
      {
        "lineNumber": 22,
        "author": {
          "gitId": "Tianyi"
        },
        "content": "    @Override"
      },
      {
        "lineNumber": 23,
        "author": {
          "gitId": "Tianyi"
        },
        "content": "    public String toString() {"
      },
      {
        "lineNumber": 24,
        "author": {
          "gitId": "Tianyi"
        },
        "content": "        String statusIcon \u003d this.isCompleted ? \"✓\" : \"✗\";"
      },
      {
        "lineNumber": 25,
        "author": {
          "gitId": "Tianyi"
        },
        "content": "        return String.format(\"[%s] %s\", statusIcon, this.taskName);"
      },
      {
        "lineNumber": 26,
        "author": {
          "gitId": "Tianyi"
        },
        "content": "    }"
      },
      {
        "lineNumber": 27,
        "author": {
          "gitId": "Tianyi"
        },
        "content": "}"
      }
    ],
    "authorContributionMap": {
      "Tianyi": 27
    }
  }
]
