{
  "authorDailyContributionsMap": {
    "zhixianggg": [
      {
        "insertions": 95,
        "deletions": 23,
        "date": "2019-08-17",
        "commitResults": [
          {
            "hash": "3e717f76c72160e68452b87aa182a265173004e9",
            "messageTitle": "level-5 added DukeException into Duke app and added 6 error messages",
            "messageBody": "",
            "insertions": 37,
            "deletions": 8
          },
          {
            "hash": "589234c4cb9b641577222b0352e64560738720f2",
            "messageTitle": "level-6: added \"delete\" feature + error messages specific to delete feature.",
            "messageBody": "",
            "insertions": 37,
            "deletions": 2
          },
          {
            "hash": "b56164ca4fba9c833715c7054c4aa0b4a50450fc",
            "messageTitle": "Level-6: Added print message for done and fixed error handling for done",
            "messageBody": "",
            "insertions": 21,
            "deletions": 13
          }
        ]
      },
      {
        "insertions": 53,
        "deletions": 52,
        "date": "2019-08-23",
        "commitResults": [
          {
            "hash": "d5db4dbcd144f67e90dd399753fd6b8d8da6af8a",
            "messageTitle": "Converted tabs to spaces",
            "messageBody": "",
            "insertions": 53,
            "deletions": 52
          }
        ]
      },
      {
        "insertions": 213,
        "deletions": 98,
        "date": "2019-08-24",
        "commitResults": [
          {
            "hash": "1e378bd509d3fbd2c8b12ca6bad1ac22df11cbae",
            "messageTitle": "Level-7: added duke.txt and read file capability",
            "messageBody": "",
            "insertions": 104,
            "deletions": 50
          },
          {
            "hash": "2a5f25bbfd1dd6b53e08f1bde7a430ad758ec09d",
            "messageTitle": "Level-7: added FileWriter",
            "messageBody": "",
            "insertions": 37,
            "deletions": 7
          },
          {
            "hash": "44abf16023b419063f4c249096e00e324720195c",
            "messageTitle": "Level-7: changed duke.txt",
            "messageBody": "",
            "insertions": 0,
            "deletions": 1
          },
          {
            "hash": "15fc725b26d33ab7e9e796ff375516d8c0647fa5",
            "messageTitle": "Level-8: Added java.time.LocalDateTime to main, Deadline and Event classes.",
            "messageBody": "",
            "insertions": 47,
            "deletions": 26
          },
          {
            "hash": "50a85ce585f7c6a460b03b578d9ef882d7a7437e",
            "messageTitle": "Level-8: Updated Deadline.java",
            "messageBody": "",
            "insertions": 25,
            "deletions": 14
          }
        ]
      },
      {
        "insertions": 17,
        "deletions": 38,
        "date": "2019-08-25",
        "commitResults": [
          {
            "hash": "fb629fc79ac6f78e95afcc761b51f04f3d54a79f",
            "messageTitle": "Level-8: Used DateTimeFormatter to parse instead of doing it manually",
            "messageBody": "",
            "insertions": 17,
            "deletions": 38
          }
        ]
      },
      {
        "insertions": 1024,
        "deletions": 318,
        "date": "2019-08-26",
        "commitResults": [
          {
            "hash": "540ebb50120515ee5a72cebe1f4ac08def48a908",
            "messageTitle": "A-MoreOOP: Rewrote Duke in OOP instead of procedural style. Added Parser, Storage, TaskList, Ui, AddCommand,ByeCommand, Command, DeleteCommand, DoneCommand, ListCommand.",
            "messageBody": "",
            "insertions": 447,
            "deletions": 13
          },
          {
            "hash": "3ce80af626e829611936d8189b3b5f73452fba07",
            "messageTitle": "A-MoreOOP: Deleted old un-refactored Duke code.",
            "messageBody": "",
            "insertions": 0,
            "deletions": 232
          },
          {
            "hash": "4f7d1c8d04da6fa499370300bb41782e54a709e0",
            "messageTitle": "A-Packages: Created 4 packages (command, logic, ui and task)",
            "messageBody": "",
            "insertions": 84,
            "deletions": 7
          },
          {
            "hash": "ac7dd821e105fed52c6c3c1102388db4b0a89846",
            "messageTitle": "A-Packages: Packaged storage under duke.storage. Also changed the file path for duke.txt",
            "messageBody": "",
            "insertions": 20,
            "deletions": 16
          },
          {
            "hash": "825bb051c296457bd8821fd22c12fb3615faa18b",
            "messageTitle": "A-JUnit: Added ParserTest + added overriden equals method for ByeCommand, ListCommand",
            "messageBody": "",
            "insertions": 60,
            "deletions": 0
          },
          {
            "hash": "1bf0aa8b491625692e7776278bfd201ca5f9e0e9",
            "messageTitle": "A-JUnit: Packaged ParserTest + added dummy test in DukeTest",
            "messageBody": "",
            "insertions": 14,
            "deletions": 1
          },
          {
            "hash": "11209bcb609bbd62cae746997a2e5af01ee3760d",
            "messageTitle": "changed duke.txt location",
            "messageBody": "",
            "insertions": 8,
            "deletions": 1
          },
          {
            "hash": "2a8e2bf266c2e5082f8389897264b6bebd2b6e0a",
            "messageTitle": "A-JavaDoc: added JavaDoc to every file.",
            "messageBody": "",
            "insertions": 138,
            "deletions": 14
          },
          {
            "hash": "b5d2fdcdaf8b3e5c22b388f59a7c15faf3ab88fd",
            "messageTitle": "A-CodingStandard: Editted Task, Ui and Duke to conform to coding standard.",
            "messageBody": "",
            "insertions": 3,
            "deletions": 9
          },
          {
            "hash": "a1edf154dcc6a0bac61fb83856a8699f242d69a0",
            "messageTitle": "A-JavaDoc Changed Duke.java and moved duke.txt",
            "messageBody": "",
            "insertions": 4,
            "deletions": 4
          },
          {
            "hash": "e8888cc9af57c075542fb1db744d6b90750e2227",
            "messageTitle": "A-CodingStandard: Updated coding style in all the files.",
            "messageBody": "",
            "insertions": 15,
            "deletions": 11
          },
          {
            "hash": "660160ff5dcc46192231caeaefa6bbcdf7b45860",
            "messageTitle": "Level-9: Added FindCommand and updated Parser, TaskList and Ui",
            "messageBody": "",
            "insertions": 57,
            "deletions": 2
          },
          {
            "hash": "40b640cbcfd89de877de687a8edab99e7b595866",
            "messageTitle": "Merge branch \u0027branch-Level-9\u0027",
            "messageBody": "",
            "insertions": 172,
            "deletions": 0
          },
          {
            "hash": "2b11b657883fc25f22f228703138b1ed486ffa94",
            "messageTitle": "Changed Duke.java",
            "messageBody": "",
            "insertions": 2,
            "deletions": 8
          }
        ]
      },
      {
        "insertions": 20,
        "deletions": 9,
        "date": "2019-08-28",
        "commitResults": [
          {
            "hash": "4d8e08bc051a6d662cdf26835d477e0930602059",
            "messageTitle": "Changed Duke.java",
            "messageBody": "",
            "insertions": 20,
            "deletions": 9
          }
        ]
      }
    ]
  },
  "authorFinalContributionMap": {
    "zhixianggg": 1051
  },
  "authorFileTypeContributionMap": {
    "zhixianggg": {
      "java": 878,
      "md": 0,
      "fxml": 0,
      "sh": 0,
      "bat": 0,
      "gradle": 1,
      "txt": 172
    }
  },
  "authorContributionVariance": {
    "zhixianggg": 125460.945
  },
  "authorDisplayNameMap": {
    "zhixianggg": "OON  .. IANG"
  }
}
