{
  "authorDailyContributionsMap": {
    "kerwin97": [
      {
        "insertions": 243,
        "deletions": 33,
        "date": "2019-08-22",
        "commitResults": [
          {
            "hash": "4a8623d2dc2c77d30f4a0a75e4d94ead151aaf71",
            "messageTitle": "level1 code",
            "messageBody": "",
            "insertions": 33,
            "deletions": 2
          },
          {
            "hash": "adf5e4d53f83a1482bada60c3589aa50959848ae",
            "messageTitle": "Level2 Code",
            "messageBody": "",
            "insertions": 12,
            "deletions": 1
          },
          {
            "hash": "41cb22d10418f775e7fe65bb16b0d8df07629fd6",
            "messageTitle": "Level3 code",
            "messageBody": "",
            "insertions": 45,
            "deletions": 6
          },
          {
            "hash": "571dabb1e9204e73b4f6f7c6a65a72afdee53fa7",
            "messageTitle": "Level4 Code",
            "messageBody": "",
            "insertions": 108,
            "deletions": 0
          },
          {
            "hash": "b1b47acd18dad77ee81af32d1b8aa93ed5b5faf0",
            "messageTitle": "Level5 code and fixed some bugs from level4",
            "messageBody": "",
            "insertions": 45,
            "deletions": 24
          }
        ]
      },
      {
        "insertions": 29,
        "deletions": 17,
        "date": "2019-08-23",
        "commitResults": [
          {
            "hash": "1ee90daf16676a8a6cdc612f511a8b893673c6a6",
            "messageTitle": "Level6 code",
            "messageBody": "",
            "insertions": 16,
            "deletions": 0
          },
          {
            "hash": "650175448ea456b066528c0f30d918e70e4e0058",
            "messageTitle": "fixed bugs for LEvel6",
            "messageBody": "",
            "insertions": 13,
            "deletions": 17
          }
        ]
      },
      {
        "insertions": 127,
        "deletions": 4,
        "date": "2019-08-28",
        "commitResults": [
          {
            "hash": "d11d252a95f79afea3ff1921533a34335d01ad67",
            "messageTitle": "Level-7 code",
            "messageBody": "",
            "insertions": 127,
            "deletions": 4
          }
        ]
      },
      {
        "insertions": 42,
        "deletions": 4,
        "date": "2019-09-02",
        "commitResults": [
          {
            "hash": "1bd9d78812e17f1667470fdac6a95287dbd42c8c",
            "messageTitle": "Level-8 code",
            "messageBody": "",
            "insertions": 37,
            "deletions": 2
          },
          {
            "hash": "8ba09ce82e6f72c9eeea4b1170b1c51723064df7",
            "messageTitle": "Level7 and 8 bug fixes",
            "messageBody": "",
            "insertions": 5,
            "deletions": 2
          }
        ]
      },
      {
        "insertions": 651,
        "deletions": 337,
        "date": "2019-09-04",
        "commitResults": [
          {
            "hash": "7634709e8f19678159651452532e28c09665d574",
            "messageTitle": "A-MoreOOP",
            "messageBody": "",
            "insertions": 430,
            "deletions": 293
          },
          {
            "hash": "53bae2175bfc213e7c4a6db47a147fb194a54def",
            "messageTitle": "improved A-MoreOOP",
            "messageBody": "",
            "insertions": 43,
            "deletions": 31
          },
          {
            "hash": "339490e3d37e86ee0170a4c85fcd08cec3301ff7",
            "messageTitle": "A-JUnit",
            "messageBody": "",
            "insertions": 38,
            "deletions": 7
          },
          {
            "hash": "5bf85dcd123c020706bb9aaa7696bfb7935eda74",
            "messageTitle": "fixes",
            "messageBody": "",
            "insertions": 13,
            "deletions": 0
          },
          {
            "hash": "2a6429b37770b947311b6176a34e34faf95f4ecd",
            "messageTitle": "A-JavaDoc",
            "messageBody": "",
            "insertions": 65,
            "deletions": 0
          },
          {
            "hash": "bc26e90c6f363a8e7474f5e611349cc4c634a68a",
            "messageTitle": "fixes",
            "messageBody": "",
            "insertions": 3,
            "deletions": 4
          },
          {
            "hash": "60e95081ff37433d4f36573d7ebd4e9927901712",
            "messageTitle": "A-CodingStandard",
            "messageBody": "",
            "insertions": 14,
            "deletions": 1
          },
          {
            "hash": "56e163e9973866e9af60952be49c4fc93e93013b",
            "messageTitle": "Level-9",
            "messageBody": "",
            "insertions": 45,
            "deletions": 1
          }
        ]
      }
    ]
  },
  "authorFinalContributionMap": {
    "kerwin97": 704
  },
  "authorFileTypeContributionMap": {
    "kerwin97": {
      "java": 698,
      "md": 0,
      "fxml": 0,
      "sh": 0,
      "bat": 0,
      "gradle": 0,
      "txt": 6
    }
  },
  "authorContributionVariance": {
    "kerwin97": 48157.727
  },
  "authorDisplayNameMap": {
    "kerwin97": "CS2103T-F14-2 LIM S ... ERWIN"
  }
}
