{
  "authorDailyContributionsMap": {
    "choongyx": [
      {
        "insertions": 378,
        "deletions": 169,
        "date": "2019-08-21",
        "commitResults": [
          {
            "hash": "58b55f158d27ebb855403b2e6921b621d6fff543",
            "messageTitle": "Add greet, echo, exit feature",
            "messageBody": "",
            "insertions": 12,
            "deletions": 1
          },
          {
            "hash": "f119ca0770d6532a7b42e68d8dfd3954c4f92ded",
            "messageTitle": "Enable adding and listing of user input texts",
            "messageBody": "",
            "insertions": 14,
            "deletions": 1
          },
          {
            "hash": "96486db21d8a50b092806146f9e2f74d9af3a4e7",
            "messageTitle": "Created Task class and add mark as done feature",
            "messageBody": "",
            "insertions": 34,
            "deletions": 3
          },
          {
            "hash": "6166c40ad871722139ff2cca44c9d98f203fce59",
            "messageTitle": "Add Todo, Event and Deadline classes which inherit from Task",
            "messageBody": "",
            "insertions": 60,
            "deletions": 3
          },
          {
            "hash": "cd3f949619fcdc8156aa8a34c1c6f2a57ce4ab6f",
            "messageTitle": "Revert \"Add Todo, Event and Deadline classes which inherit from Task\"",
            "messageBody": "This reverts commit 6166c40ad871722139ff2cca44c9d98f203fce59.\n",
            "insertions": 3,
            "deletions": 60
          },
          {
            "hash": "05a69bdf9dd920507b501c114d4713d990a80724",
            "messageTitle": "Edited mark as done feature to ensure that tasknumber can be more than 1 digit",
            "messageBody": "",
            "insertions": 1,
            "deletions": 1
          },
          {
            "hash": "c62db86dae4f7cd44fbac6a3bc2af390afeffe11",
            "messageTitle": "Add Todo, Event and Deadline classes which inherit from Task",
            "messageBody": "",
            "insertions": 61,
            "deletions": 3
          },
          {
            "hash": "202767f432648f0561b73564f3e02e51ce6c9a57",
            "messageTitle": "Handle empty and invalid inputs for done, todo, deadline and event. DukeException class created.",
            "messageBody": "",
            "insertions": 102,
            "deletions": 30
          },
          {
            "hash": "29ba9000850ae9082de7212ce350efb248c5b17e",
            "messageTitle": "Enable deleting of tasks + handle empty and invalid inputs for task number in delete",
            "messageBody": "",
            "insertions": 55,
            "deletions": 19
          },
          {
            "hash": "7af2e33c57c7706d4e6bbf4145b7f39b21afd2df",
            "messageTitle": "Basic checkstyle editing",
            "messageBody": "",
            "insertions": 36,
            "deletions": 48
          }
        ]
      },
      {
        "insertions": 189,
        "deletions": 29,
        "date": "2019-08-27",
        "commitResults": [
          {
            "hash": "aa8fcec347dbe2aeb68ac1e33ca0d7f74332eb47",
            "messageTitle": "Enable save feature. List updated in harddisk whenever modified and list is loaded into application when start up.",
            "messageBody": "",
            "insertions": 131,
            "deletions": 2
          },
          {
            "hash": "df392f3321a29d8dd9c84fc062419ce2daad1c06",
            "messageTitle": "Replace with explicit import statements",
            "messageBody": "",
            "insertions": 6,
            "deletions": 1
          },
          {
            "hash": "99efa7515cd495cac77a01c48f759dea1ef5dba4",
            "messageTitle": "Implement dates and times",
            "messageBody": "",
            "insertions": 26,
            "deletions": 6
          },
          {
            "hash": "fd942141ac9550670c7d73478800ca8c757778fa",
            "messageTitle": "Edits to ensure that inputs able to read in date and time",
            "messageBody": "",
            "insertions": 26,
            "deletions": 20
          }
        ]
      }
    ]
  },
  "authorFinalContributionMap": {
    "choongyx": 370
  },
  "authorFileTypeContributionMap": {
    "choongyx": {
      "java": 370,
      "md": 0,
      "fxml": 0,
      "sh": 0,
      "bat": 0,
      "gradle": 0,
      "txt": 0
    }
  },
  "authorContributionVariance": {
    "choongyx": 24830.354
  },
  "authorDisplayNameMap": {
    "choongyx": "CHOO ..  XIN"
  }
}
