{
  "authorDailyContributionsMap": {
    "Jeffry Lum": [],
    "limhawjia": [
      {
        "insertions": 34,
        "deletions": 2,
        "date": "2019-08-21",
        "commitResults": [
          {
            "hash": "0392c942eb5dfb2e9238153910ecda1d81c18ab7",
            "messageTitle": "Initial commit + gradle setup",
            "messageBody": "- Forked, cloned and setup duke project.\n- Setup gradle with checkstyle and shadow plugins.\n- Also added Junit dependency.\n- Wrote a dummy Junit test for validation purposes.\n",
            "insertions": 34,
            "deletions": 2
          }
        ]
      },
      {
        "insertions": 843,
        "deletions": 184,
        "date": "2019-08-22",
        "commitResults": [
          {
            "hash": "13afe0779404a4f9272bb27f3ea95c31a7669b7f",
            "messageTitle": "Created command pattern to execute user commands",
            "messageBody": "- created command interface\n- created greet and echo command\n- created utils package to handle printing\n- configured Duke class to serve as program entry point\n",
            "insertions": 97,
            "deletions": 9
          },
          {
            "hash": "2cd969c2ebc979845614ea1c34e432ef251ae4d6",
            "messageTitle": "Abstracted input parsing from echo command",
            "messageBody": "- created a new utils class to handle user input\n- removed scanner instance from echo command\n",
            "insertions": 19,
            "deletions": 5
          },
          {
            "hash": "992f256accf5ea13e6db000470a0b696adfd531e",
            "messageTitle": "Created MVC pattern to administer and display task list, added various new commands",
            "messageBody": "- Model is a simple list of strings at the moment\n- Controller is instantiated in Duke and injected into commands for them to invoke the necessary changes\n- Abstracted out display of goodbye message from EchoCommand\n- Renamed EchoCommand to ListenCommand which is now in charge of listening to user input\n- New AddCommand to add tasks\n- New ListCommand to list tasks\n",
            "insertions": 149,
            "deletions": 31
          },
          {
            "hash": "d8acea0328f85a57880e301e048f017260a01439",
            "messageTitle": "Fixed some indentation issues",
            "messageBody": "",
            "insertions": 2,
            "deletions": 2
          },
          {
            "hash": "9b70316c8b6d8af26185e423fd7c9b7400daf517",
            "messageTitle": "Represented tasks with new Task class instead of string, made printing methods more readable",
            "messageBody": "- New task class with description and done boolean\n- Use StringBuilder to form large strings to improve performance\n- New output sequence that does not add a new line before second horizontal divider\n",
            "insertions": 60,
            "deletions": 20
          },
          {
            "hash": "3053f9c10715b7ecf6cf610afd5cffea76b20117",
            "messageTitle": "Reverted printing sequence",
            "messageBody": "Reason:\nNew printing sequence not intuitive. Client should not have to manually add a new line before the second horizontal divider.\n",
            "insertions": 13,
            "deletions": 8
          },
          {
            "hash": "3422f45131b5e3a0ae2dada9267e9ffd0cdc4e4a",
            "messageTitle": "Created new command to mark tasks as done, created DukeMessage class to abstract formatting concerns from client, all printing of output now called in commands",
            "messageBody": "- output utils now takes DukeMessage as argument to print messages\n- printing of messages still handled by output utils but is now called within execute method of Commands.\n- TaskListView is now solely in charge of formatting duke messages\n",
            "insertions": 132,
            "deletions": 24
          },
          {
            "hash": "ed5b96bbf60b458256edacec5e9d616dce172780",
            "messageTitle": "Cleaned unnecessary import statements",
            "messageBody": "",
            "insertions": 0,
            "deletions": 3
          },
          {
            "hash": "c17df5f847cb19a3b5e5541eb53f668959319482",
            "messageTitle": "Replaced tick and cross characters with ASCII values",
            "messageBody": "",
            "insertions": 2,
            "deletions": 2
          },
          {
            "hash": "95c920d97ffb885916019e93c8d6c7a7257c59c8",
            "messageTitle": "Refactored Task to be an abstract class, created new classes that inherits from Task to meet the specifications, created a TaskKeyword enum",
            "messageBody": "- TaskKeyword enum contains functional interface to generate corresponding Task to avoid manual switch case\n- Each Task contains a TaskKeyword field to enforce client to add new enum value when adding new Task\n- Each controller method now returns a DukeMessage that represents the output of each operation to abstract View logic from commands\n",
            "insertions": 175,
            "deletions": 46
          },
          {
            "hash": "dad7061bdfc10e871316ee5a7701de71009cf28f",
            "messageTitle": "Abstracted printing of output to view class, fixed some issues with output messages",
            "messageBody": "",
            "insertions": 21,
            "deletions": 23
          },
          {
            "hash": "a6a67738515bab30b3bea695a2b677a4a465cb9c",
            "messageTitle": "Created chain of responsibility pattern where MainErrorHandler tries to delegate exceptions to appropriate handlers",
            "messageBody": "- TaskException is an abstract class of exceptions related to the different tasks\n",
            "insertions": 59,
            "deletions": 2
          },
          {
            "hash": "14b78551989c330bacb7efa1ac3bbb6474fa44be",
            "messageTitle": "Created new UnknownCommandException, replaced generic error message",
            "messageBody": "- UnknownCommandException thrown when user invalid command\n",
            "insertions": 15,
            "deletions": 5
          },
          {
            "hash": "3e8904559a2c190f671f43e827d301f4e7dda761",
            "messageTitle": "Added new command to handle delete requests, updated tasklistcontroller and tasklistview with the relevant methods",
            "messageBody": "",
            "insertions": 42,
            "deletions": 4
          },
          {
            "hash": "7ddbf859eaa53ba137b00f016b75ff84ddb28587",
            "messageTitle": "Added test for textUI",
            "messageBody": "",
            "insertions": 57,
            "deletions": 0
          }
        ]
      }
    ]
  },
  "authorFinalContributionMap": {
    "Jeffry Lum": 99,
    "limhawjia": 709
  },
  "authorFileTypeContributionMap": {
    "Jeffry Lum": {
      "java": 0,
      "md": 0,
      "fxml": 0,
      "sh": 0,
      "bat": 84,
      "gradle": 15,
      "txt": 0
    },
    "limhawjia": {
      "java": 615,
      "md": 10,
      "fxml": 0,
      "sh": 36,
      "bat": 0,
      "gradle": 27,
      "txt": 21
    }
  },
  "authorContributionVariance": {
    "Jeffry Lum": 0.0,
    "limhawjia": 127800.12
  },
  "authorDisplayNameMap": {
    "Jeffry Lum": "Jeffry Lum",
    "limhawjia": "limhawjia"
  }
}
