[
  {
    "path": "src/main/java/Deadline.java",
    "fileType": "java",
    "lines": [
      {
        "lineNumber": 1,
        "author": {
          "gitId": "dawo5010"
        },
        "content": "public class Deadline extends Task {"
      },
      {
        "lineNumber": 2,
        "author": {
          "gitId": "dawo5010"
        },
        "content": ""
      },
      {
        "lineNumber": 3,
        "author": {
          "gitId": "dawo5010"
        },
        "content": "    protected String deadline;"
      },
      {
        "lineNumber": 4,
        "author": {
          "gitId": "dawo5010"
        },
        "content": ""
      },
      {
        "lineNumber": 5,
        "author": {
          "gitId": "dawo5010"
        },
        "content": "    public Deadline(String taskName, String deadline) {"
      },
      {
        "lineNumber": 6,
        "author": {
          "gitId": "dawo5010"
        },
        "content": "        super(taskName);"
      },
      {
        "lineNumber": 7,
        "author": {
          "gitId": "dawo5010"
        },
        "content": "        this.deadline \u003d deadline;"
      },
      {
        "lineNumber": 8,
        "author": {
          "gitId": "dawo5010"
        },
        "content": "    }"
      },
      {
        "lineNumber": 9,
        "author": {
          "gitId": "dawo5010"
        },
        "content": ""
      },
      {
        "lineNumber": 10,
        "author": {
          "gitId": "dawo5010"
        },
        "content": "    @Override"
      },
      {
        "lineNumber": 11,
        "author": {
          "gitId": "dawo5010"
        },
        "content": "    public String toString() {"
      },
      {
        "lineNumber": 12,
        "author": {
          "gitId": "dawo5010"
        },
        "content": "        return \"[D]\" + super.toString() + \" (by: \" + deadline + \")\" + \"\\n\";"
      },
      {
        "lineNumber": 13,
        "author": {
          "gitId": "dawo5010"
        },
        "content": "    }"
      },
      {
        "lineNumber": 14,
        "author": {
          "gitId": "dawo5010"
        },
        "content": "}"
      }
    ],
    "authorContributionMap": {
      "dawo5010": 14
    }
  },
  {
    "path": "src/main/java/Duke.java",
    "fileType": "java",
    "lines": [
      {
        "lineNumber": 1,
        "author": {
          "gitId": "dawo5010"
        },
        "content": "import java.util.Arrays;"
      },
      {
        "lineNumber": 2,
        "author": {
          "gitId": "dawo5010"
        },
        "content": "import java.util.Scanner;"
      },
      {
        "lineNumber": 3,
        "author": {
          "gitId": "dawo5010"
        },
        "content": "import java.util.ArrayList;"
      },
      {
        "lineNumber": 4,
        "author": {
          "gitId": "dawo5010"
        },
        "content": ""
      },
      {
        "lineNumber": 5,
        "author": {
          "gitId": "-"
        },
        "content": "public class Duke {"
      },
      {
        "lineNumber": 6,
        "author": {
          "gitId": "dawo5010"
        },
        "content": ""
      },
      {
        "lineNumber": 7,
        "author": {
          "gitId": "dawo5010"
        },
        "content": "    private static String divider \u003d \"\\t____________________________________________________________\\n\";"
      },
      {
        "lineNumber": 8,
        "author": {
          "gitId": "dawo5010"
        },
        "content": "    private static String intro \u003d \"\\t Hello! I\u0027m Duke\\n\\t What can I do for you?\\n\";"
      },
      {
        "lineNumber": 9,
        "author": {
          "gitId": "dawo5010"
        },
        "content": "    private static String goodbye \u003d \"\\t Bye. Hope to see you again soon!\\n\";"
      },
      {
        "lineNumber": 10,
        "author": {
          "gitId": "dawo5010"
        },
        "content": "    private static String tasklist_header \u003d \"\\t Here are the tasks in your list:\\n\";"
      },
      {
        "lineNumber": 11,
        "author": {
          "gitId": "dawo5010"
        },
        "content": "    private static String done_message \u003d \"\\t Nice! I\u0027ve marked this task as done:\\n\";"
      },
      {
        "lineNumber": 12,
        "author": {
          "gitId": "dawo5010"
        },
        "content": "    private static String task_added_message \u003d \"\\t Got it. I\u0027ve added this task:\\n\";"
      },
      {
        "lineNumber": 13,
        "author": {
          "gitId": "dawo5010"
        },
        "content": "    private static String delete_message \u003d \"\\t Noted. I\u0027ve removed this task:\\n\";"
      },
      {
        "lineNumber": 14,
        "author": {
          "gitId": "dawo5010"
        },
        "content": ""
      },
      {
        "lineNumber": 15,
        "author": {
          "gitId": "-"
        },
        "content": "    public static void main(String[] args) {"
      },
      {
        "lineNumber": 16,
        "author": {
          "gitId": "-"
        },
        "content": "        String logo \u003d \" ____        _        \\n\""
      },
      {
        "lineNumber": 17,
        "author": {
          "gitId": "-"
        },
        "content": "                + \"|  _ \\\\ _   _| | _____ \\n\""
      },
      {
        "lineNumber": 18,
        "author": {
          "gitId": "-"
        },
        "content": "                + \"| | | | | | | |/ / _ \\\\\\n\""
      },
      {
        "lineNumber": 19,
        "author": {
          "gitId": "-"
        },
        "content": "                + \"| |_| | |_| |   \u003c  __/\\n\""
      },
      {
        "lineNumber": 20,
        "author": {
          "gitId": "-"
        },
        "content": "                + \"|____/ \\\\__,_|_|\\\\_\\\\___|\\n\";"
      },
      {
        "lineNumber": 21,
        "author": {
          "gitId": "-"
        },
        "content": "        System.out.println(\"Hello from\\n\" + logo);"
      },
      {
        "lineNumber": 22,
        "author": {
          "gitId": "dawo5010"
        },
        "content": ""
      },
      {
        "lineNumber": 23,
        "author": {
          "gitId": "dawo5010"
        },
        "content": "        print(intro);"
      },
      {
        "lineNumber": 24,
        "author": {
          "gitId": "dawo5010"
        },
        "content": ""
      },
      {
        "lineNumber": 25,
        "author": {
          "gitId": "dawo5010"
        },
        "content": "        Scanner scanner \u003d new Scanner(System.in);"
      },
      {
        "lineNumber": 26,
        "author": {
          "gitId": "dawo5010"
        },
        "content": "        boolean run \u003d true;"
      },
      {
        "lineNumber": 27,
        "author": {
          "gitId": "dawo5010"
        },
        "content": "        ArrayList\u003cTask\u003e list \u003d new ArrayList\u003c\u003e(100);"
      },
      {
        "lineNumber": 28,
        "author": {
          "gitId": "dawo5010"
        },
        "content": ""
      },
      {
        "lineNumber": 29,
        "author": {
          "gitId": "dawo5010"
        },
        "content": "        while (run) {"
      },
      {
        "lineNumber": 30,
        "author": {
          "gitId": "dawo5010"
        },
        "content": "            try {"
      },
      {
        "lineNumber": 31,
        "author": {
          "gitId": "dawo5010"
        },
        "content": "                String[] input \u003d scanner.nextLine().split(\" \");"
      },
      {
        "lineNumber": 32,
        "author": {
          "gitId": "dawo5010"
        },
        "content": "                String command \u003d input[0];"
      },
      {
        "lineNumber": 33,
        "author": {
          "gitId": "dawo5010"
        },
        "content": "                String[] params \u003d Arrays.copyOfRange(input, 1, input.length);"
      },
      {
        "lineNumber": 34,
        "author": {
          "gitId": "dawo5010"
        },
        "content": ""
      },
      {
        "lineNumber": 35,
        "author": {
          "gitId": "dawo5010"
        },
        "content": "                switch (command) {"
      },
      {
        "lineNumber": 36,
        "author": {
          "gitId": "dawo5010"
        },
        "content": "                    case \"bye\": {"
      },
      {
        "lineNumber": 37,
        "author": {
          "gitId": "dawo5010"
        },
        "content": "                        print(goodbye);"
      },
      {
        "lineNumber": 38,
        "author": {
          "gitId": "dawo5010"
        },
        "content": "                        run \u003d false;"
      },
      {
        "lineNumber": 39,
        "author": {
          "gitId": "dawo5010"
        },
        "content": "                        break;"
      },
      {
        "lineNumber": 40,
        "author": {
          "gitId": "dawo5010"
        },
        "content": "                    }"
      },
      {
        "lineNumber": 41,
        "author": {
          "gitId": "dawo5010"
        },
        "content": "                    case \"list\": {"
      },
      {
        "lineNumber": 42,
        "author": {
          "gitId": "dawo5010"
        },
        "content": "                        if (list.isEmpty()) {"
      },
      {
        "lineNumber": 43,
        "author": {
          "gitId": "dawo5010"
        },
        "content": "                            throw new DukeException(\"There are no tasks to display.\");"
      },
      {
        "lineNumber": 44,
        "author": {
          "gitId": "dawo5010"
        },
        "content": "                        }"
      },
      {
        "lineNumber": 45,
        "author": {
          "gitId": "dawo5010"
        },
        "content": "                        StringBuilder s \u003d new StringBuilder(tasklist_header);"
      },
      {
        "lineNumber": 46,
        "author": {
          "gitId": "dawo5010"
        },
        "content": "                        for (int i \u003d 0; i \u003c list.size(); i++) {"
      },
      {
        "lineNumber": 47,
        "author": {
          "gitId": "dawo5010"
        },
        "content": "                            s.append(\"\\t \" + (i+1) + \".\").append(list.get(i));"
      },
      {
        "lineNumber": 48,
        "author": {
          "gitId": "dawo5010"
        },
        "content": "                        }"
      },
      {
        "lineNumber": 49,
        "author": {
          "gitId": "dawo5010"
        },
        "content": "                        print(s.toString());"
      },
      {
        "lineNumber": 50,
        "author": {
          "gitId": "dawo5010"
        },
        "content": "                        break;"
      },
      {
        "lineNumber": 51,
        "author": {
          "gitId": "dawo5010"
        },
        "content": "                    }"
      },
      {
        "lineNumber": 52,
        "author": {
          "gitId": "dawo5010"
        },
        "content": "                    case \"done\": {"
      },
      {
        "lineNumber": 53,
        "author": {
          "gitId": "dawo5010"
        },
        "content": "                        int id;"
      },
      {
        "lineNumber": 54,
        "author": {
          "gitId": "dawo5010"
        },
        "content": "                        try {"
      },
      {
        "lineNumber": 55,
        "author": {
          "gitId": "dawo5010"
        },
        "content": "                            id \u003d Integer.valueOf(params[0]);"
      },
      {
        "lineNumber": 56,
        "author": {
          "gitId": "dawo5010"
        },
        "content": "                        } catch (IndexOutOfBoundsException e) {"
      },
      {
        "lineNumber": 57,
        "author": {
          "gitId": "dawo5010"
        },
        "content": "                            throw new DukeException(\"You need to specify a task ID to mark as done.\");"
      },
      {
        "lineNumber": 58,
        "author": {
          "gitId": "dawo5010"
        },
        "content": "                        }"
      },
      {
        "lineNumber": 59,
        "author": {
          "gitId": "dawo5010"
        },
        "content": "                        Task current;"
      },
      {
        "lineNumber": 60,
        "author": {
          "gitId": "dawo5010"
        },
        "content": "                        try {"
      },
      {
        "lineNumber": 61,
        "author": {
          "gitId": "dawo5010"
        },
        "content": "                            current \u003d list.get(id - 1);"
      },
      {
        "lineNumber": 62,
        "author": {
          "gitId": "dawo5010"
        },
        "content": "                        } catch (IndexOutOfBoundsException e) {"
      },
      {
        "lineNumber": 63,
        "author": {
          "gitId": "dawo5010"
        },
        "content": "                            throw new DukeException(\"No such task with that ID.\");"
      },
      {
        "lineNumber": 64,
        "author": {
          "gitId": "dawo5010"
        },
        "content": "                        }"
      },
      {
        "lineNumber": 65,
        "author": {
          "gitId": "dawo5010"
        },
        "content": "                        boolean status \u003d current.markAsComplete();"
      },
      {
        "lineNumber": 66,
        "author": {
          "gitId": "dawo5010"
        },
        "content": "                        if (!status) {"
      },
      {
        "lineNumber": 67,
        "author": {
          "gitId": "dawo5010"
        },
        "content": "                            throw new DukeException(\"Action already marked as done!\");"
      },
      {
        "lineNumber": 68,
        "author": {
          "gitId": "dawo5010"
        },
        "content": "                        }"
      },
      {
        "lineNumber": 69,
        "author": {
          "gitId": "dawo5010"
        },
        "content": "                        String s \u003d done_message + \"\\t   \" + current;"
      },
      {
        "lineNumber": 70,
        "author": {
          "gitId": "dawo5010"
        },
        "content": "                        print(s);"
      },
      {
        "lineNumber": 71,
        "author": {
          "gitId": "dawo5010"
        },
        "content": "                        break;"
      },
      {
        "lineNumber": 72,
        "author": {
          "gitId": "dawo5010"
        },
        "content": "                    }"
      },
      {
        "lineNumber": 73,
        "author": {
          "gitId": "dawo5010"
        },
        "content": "                    case \"delete\":{"
      },
      {
        "lineNumber": 74,
        "author": {
          "gitId": "dawo5010"
        },
        "content": "                        int id;"
      },
      {
        "lineNumber": 75,
        "author": {
          "gitId": "dawo5010"
        },
        "content": "                        try {"
      },
      {
        "lineNumber": 76,
        "author": {
          "gitId": "dawo5010"
        },
        "content": "                            id \u003d Integer.valueOf(params[0]);"
      },
      {
        "lineNumber": 77,
        "author": {
          "gitId": "dawo5010"
        },
        "content": "                        } catch (IndexOutOfBoundsException e) {"
      },
      {
        "lineNumber": 78,
        "author": {
          "gitId": "dawo5010"
        },
        "content": "                            throw new DukeException(\"You need to specify a task ID to delete.\");"
      },
      {
        "lineNumber": 79,
        "author": {
          "gitId": "dawo5010"
        },
        "content": "                        }"
      },
      {
        "lineNumber": 80,
        "author": {
          "gitId": "dawo5010"
        },
        "content": "                        Task current;"
      },
      {
        "lineNumber": 81,
        "author": {
          "gitId": "dawo5010"
        },
        "content": "                        try {"
      },
      {
        "lineNumber": 82,
        "author": {
          "gitId": "dawo5010"
        },
        "content": "                            current \u003d list.remove(id - 1);"
      },
      {
        "lineNumber": 83,
        "author": {
          "gitId": "dawo5010"
        },
        "content": "                        } catch (IndexOutOfBoundsException e) {"
      },
      {
        "lineNumber": 84,
        "author": {
          "gitId": "dawo5010"
        },
        "content": "                            throw new DukeException(\"No such task with that ID.\");"
      },
      {
        "lineNumber": 85,
        "author": {
          "gitId": "dawo5010"
        },
        "content": "                        }"
      },
      {
        "lineNumber": 86,
        "author": {
          "gitId": "dawo5010"
        },
        "content": "                        String s \u003d delete_message + \"\\t   \" + current;"
      },
      {
        "lineNumber": 87,
        "author": {
          "gitId": "dawo5010"
        },
        "content": "                        print(s);"
      },
      {
        "lineNumber": 88,
        "author": {
          "gitId": "dawo5010"
        },
        "content": "                        break;"
      },
      {
        "lineNumber": 89,
        "author": {
          "gitId": "dawo5010"
        },
        "content": "                    }"
      },
      {
        "lineNumber": 90,
        "author": {
          "gitId": "dawo5010"
        },
        "content": "                    case \"todo\": {"
      },
      {
        "lineNumber": 91,
        "author": {
          "gitId": "dawo5010"
        },
        "content": "                        String task \u003d joinStrings(params);"
      },
      {
        "lineNumber": 92,
        "author": {
          "gitId": "dawo5010"
        },
        "content": "                        if (task.isEmpty()) {"
      },
      {
        "lineNumber": 93,
        "author": {
          "gitId": "dawo5010"
        },
        "content": "                            throw new DukeException(\"The description of a todo cannot be empty.\");"
      },
      {
        "lineNumber": 94,
        "author": {
          "gitId": "dawo5010"
        },
        "content": "                        }"
      },
      {
        "lineNumber": 95,
        "author": {
          "gitId": "dawo5010"
        },
        "content": "                        Task current \u003d new ToDo(task);"
      },
      {
        "lineNumber": 96,
        "author": {
          "gitId": "dawo5010"
        },
        "content": "                        list.add(current);"
      },
      {
        "lineNumber": 97,
        "author": {
          "gitId": "dawo5010"
        },
        "content": "                        String s \u003d task_added_message + \"\\t   \" + current + totalNoOfTasks(list);"
      },
      {
        "lineNumber": 98,
        "author": {
          "gitId": "dawo5010"
        },
        "content": "                        print(s);"
      },
      {
        "lineNumber": 99,
        "author": {
          "gitId": "dawo5010"
        },
        "content": "                        break;"
      },
      {
        "lineNumber": 100,
        "author": {
          "gitId": "dawo5010"
        },
        "content": "                    }"
      },
      {
        "lineNumber": 101,
        "author": {
          "gitId": "dawo5010"
        },
        "content": "                    case \"deadline\": {"
      },
      {
        "lineNumber": 102,
        "author": {
          "gitId": "dawo5010"
        },
        "content": "                        if (joinStrings(params).isEmpty()) {"
      },
      {
        "lineNumber": 103,
        "author": {
          "gitId": "dawo5010"
        },
        "content": "                            throw new DukeException(\"The description and due date of a deadline cannot be empty.\");"
      },
      {
        "lineNumber": 104,
        "author": {
          "gitId": "dawo5010"
        },
        "content": "                        }"
      },
      {
        "lineNumber": 105,
        "author": {
          "gitId": "dawo5010"
        },
        "content": "                        String[] details \u003d splitByIdentifier(params, \"/by\");"
      },
      {
        "lineNumber": 106,
        "author": {
          "gitId": "dawo5010"
        },
        "content": "                        if (details[0].isEmpty() \u0026\u0026 details[1].isEmpty()) {"
      },
      {
        "lineNumber": 107,
        "author": {
          "gitId": "dawo5010"
        },
        "content": "                            throw new DukeException(\"You need to specify a due date, denoted by /by\");"
      },
      {
        "lineNumber": 108,
        "author": {
          "gitId": "dawo5010"
        },
        "content": "                        } else if (details[0].isEmpty() \u0026\u0026 !details[1].isEmpty()) {"
      },
      {
        "lineNumber": 109,
        "author": {
          "gitId": "dawo5010"
        },
        "content": "                            throw new DukeException(\"The description of a deadline cannot be empty.\");"
      },
      {
        "lineNumber": 110,
        "author": {
          "gitId": "dawo5010"
        },
        "content": "                        }"
      },
      {
        "lineNumber": 111,
        "author": {
          "gitId": "dawo5010"
        },
        "content": "                        Task current \u003d new Deadline(details[0], details[1]);"
      },
      {
        "lineNumber": 112,
        "author": {
          "gitId": "dawo5010"
        },
        "content": "                        list.add(current);"
      },
      {
        "lineNumber": 113,
        "author": {
          "gitId": "dawo5010"
        },
        "content": "                        String s \u003d task_added_message + \"\\t   \" + current + totalNoOfTasks(list);"
      },
      {
        "lineNumber": 114,
        "author": {
          "gitId": "dawo5010"
        },
        "content": "                        print(s);"
      },
      {
        "lineNumber": 115,
        "author": {
          "gitId": "dawo5010"
        },
        "content": "                        break;"
      },
      {
        "lineNumber": 116,
        "author": {
          "gitId": "dawo5010"
        },
        "content": "                    }"
      },
      {
        "lineNumber": 117,
        "author": {
          "gitId": "dawo5010"
        },
        "content": "                    case \"event\": {"
      },
      {
        "lineNumber": 118,
        "author": {
          "gitId": "dawo5010"
        },
        "content": "                        if (joinStrings(params).isEmpty()) {"
      },
      {
        "lineNumber": 119,
        "author": {
          "gitId": "dawo5010"
        },
        "content": "                            throw new DukeException(\"The description and due date of an event cannot be empty.\");"
      },
      {
        "lineNumber": 120,
        "author": {
          "gitId": "dawo5010"
        },
        "content": "                        }"
      },
      {
        "lineNumber": 121,
        "author": {
          "gitId": "dawo5010"
        },
        "content": "                        String[] details \u003d splitByIdentifier(params, \"/at\");"
      },
      {
        "lineNumber": 122,
        "author": {
          "gitId": "dawo5010"
        },
        "content": "                        if (details[0].isEmpty() \u0026\u0026 details[1].isEmpty()) {"
      },
      {
        "lineNumber": 123,
        "author": {
          "gitId": "dawo5010"
        },
        "content": "                            throw new DukeException(\"You need to specify a due date, denoted by /at\");"
      },
      {
        "lineNumber": 124,
        "author": {
          "gitId": "dawo5010"
        },
        "content": "                        } else if (details[0].isEmpty() \u0026\u0026 !details[1].isEmpty()) {"
      },
      {
        "lineNumber": 125,
        "author": {
          "gitId": "dawo5010"
        },
        "content": "                            throw new DukeException(\"The description of an event cannot be empty.\");"
      },
      {
        "lineNumber": 126,
        "author": {
          "gitId": "dawo5010"
        },
        "content": "                        }"
      },
      {
        "lineNumber": 127,
        "author": {
          "gitId": "dawo5010"
        },
        "content": "                        Task current \u003d new Event(details[0], details[1]);"
      },
      {
        "lineNumber": 128,
        "author": {
          "gitId": "dawo5010"
        },
        "content": "                        list.add(current);"
      },
      {
        "lineNumber": 129,
        "author": {
          "gitId": "dawo5010"
        },
        "content": "                        String s \u003d task_added_message + \"\\t   \" + current + totalNoOfTasks(list);"
      },
      {
        "lineNumber": 130,
        "author": {
          "gitId": "dawo5010"
        },
        "content": "                        print(s);"
      },
      {
        "lineNumber": 131,
        "author": {
          "gitId": "dawo5010"
        },
        "content": "                        break;"
      },
      {
        "lineNumber": 132,
        "author": {
          "gitId": "dawo5010"
        },
        "content": "                    }"
      },
      {
        "lineNumber": 133,
        "author": {
          "gitId": "dawo5010"
        },
        "content": "                    default: {"
      },
      {
        "lineNumber": 134,
        "author": {
          "gitId": "dawo5010"
        },
        "content": "                        throw new DukeException(\"I\u0027m sorry, but I don\u0027t know what that means.\");"
      },
      {
        "lineNumber": 135,
        "author": {
          "gitId": "dawo5010"
        },
        "content": "                    }"
      },
      {
        "lineNumber": 136,
        "author": {
          "gitId": "dawo5010"
        },
        "content": "                }"
      },
      {
        "lineNumber": 137,
        "author": {
          "gitId": "dawo5010"
        },
        "content": "            } catch (DukeException e) {"
      },
      {
        "lineNumber": 138,
        "author": {
          "gitId": "dawo5010"
        },
        "content": "                print(e.toString());"
      },
      {
        "lineNumber": 139,
        "author": {
          "gitId": "dawo5010"
        },
        "content": "            }"
      },
      {
        "lineNumber": 140,
        "author": {
          "gitId": "dawo5010"
        },
        "content": ""
      },
      {
        "lineNumber": 141,
        "author": {
          "gitId": "dawo5010"
        },
        "content": "        }"
      },
      {
        "lineNumber": 142,
        "author": {
          "gitId": "dawo5010"
        },
        "content": ""
      },
      {
        "lineNumber": 143,
        "author": {
          "gitId": "-"
        },
        "content": "    }"
      },
      {
        "lineNumber": 144,
        "author": {
          "gitId": "dawo5010"
        },
        "content": ""
      },
      {
        "lineNumber": 145,
        "author": {
          "gitId": "dawo5010"
        },
        "content": "    private static void print (String s) {"
      },
      {
        "lineNumber": 146,
        "author": {
          "gitId": "dawo5010"
        },
        "content": "        System.out.print(divider);"
      },
      {
        "lineNumber": 147,
        "author": {
          "gitId": "dawo5010"
        },
        "content": "        System.out.print(s);"
      },
      {
        "lineNumber": 148,
        "author": {
          "gitId": "dawo5010"
        },
        "content": "        System.out.print(divider);"
      },
      {
        "lineNumber": 149,
        "author": {
          "gitId": "dawo5010"
        },
        "content": "    }"
      },
      {
        "lineNumber": 150,
        "author": {
          "gitId": "dawo5010"
        },
        "content": ""
      },
      {
        "lineNumber": 151,
        "author": {
          "gitId": "dawo5010"
        },
        "content": "    private static String joinStrings (String[] strings) {"
      },
      {
        "lineNumber": 152,
        "author": {
          "gitId": "dawo5010"
        },
        "content": "        StringBuilder s \u003d new StringBuilder();"
      },
      {
        "lineNumber": 153,
        "author": {
          "gitId": "dawo5010"
        },
        "content": "        for (int i \u003d 0; i \u003c strings.length; i++) {"
      },
      {
        "lineNumber": 154,
        "author": {
          "gitId": "dawo5010"
        },
        "content": "            if (i \u003d\u003d strings.length - 1) {"
      },
      {
        "lineNumber": 155,
        "author": {
          "gitId": "dawo5010"
        },
        "content": "                s.append(strings[i]);"
      },
      {
        "lineNumber": 156,
        "author": {
          "gitId": "dawo5010"
        },
        "content": "            } else {"
      },
      {
        "lineNumber": 157,
        "author": {
          "gitId": "dawo5010"
        },
        "content": "                s.append(strings[i]).append(\" \");"
      },
      {
        "lineNumber": 158,
        "author": {
          "gitId": "dawo5010"
        },
        "content": "            }"
      },
      {
        "lineNumber": 159,
        "author": {
          "gitId": "dawo5010"
        },
        "content": "        }"
      },
      {
        "lineNumber": 160,
        "author": {
          "gitId": "dawo5010"
        },
        "content": "        return s.toString();"
      },
      {
        "lineNumber": 161,
        "author": {
          "gitId": "dawo5010"
        },
        "content": "    }"
      },
      {
        "lineNumber": 162,
        "author": {
          "gitId": "dawo5010"
        },
        "content": ""
      },
      {
        "lineNumber": 163,
        "author": {
          "gitId": "dawo5010"
        },
        "content": "    private static String[] splitByIdentifier(String[] params, String identifier) {"
      },
      {
        "lineNumber": 164,
        "author": {
          "gitId": "dawo5010"
        },
        "content": "        int split \u003d 0;"
      },
      {
        "lineNumber": 165,
        "author": {
          "gitId": "dawo5010"
        },
        "content": "        for (int i \u003d 0; i \u003c params.length; i++) {"
      },
      {
        "lineNumber": 166,
        "author": {
          "gitId": "dawo5010"
        },
        "content": "            if (params[i].equals(identifier)) {"
      },
      {
        "lineNumber": 167,
        "author": {
          "gitId": "dawo5010"
        },
        "content": "                split \u003d i;"
      },
      {
        "lineNumber": 168,
        "author": {
          "gitId": "dawo5010"
        },
        "content": "            }"
      },
      {
        "lineNumber": 169,
        "author": {
          "gitId": "Jeffry Lum"
        },
        "content": "        }"
      },
      {
        "lineNumber": 170,
        "author": {
          "gitId": "dawo5010"
        },
        "content": "        String task_desc \u003d joinStrings(Arrays.copyOfRange(params, 0, split));"
      },
      {
        "lineNumber": 171,
        "author": {
          "gitId": "dawo5010"
        },
        "content": "        String task_due \u003d joinStrings(Arrays.copyOfRange(params, split + 1, params.length));"
      },
      {
        "lineNumber": 172,
        "author": {
          "gitId": "dawo5010"
        },
        "content": "        return new String[]{task_desc, task_due};"
      },
      {
        "lineNumber": 173,
        "author": {
          "gitId": "dawo5010"
        },
        "content": "    }"
      },
      {
        "lineNumber": 174,
        "author": {
          "gitId": "dawo5010"
        },
        "content": ""
      },
      {
        "lineNumber": 175,
        "author": {
          "gitId": "dawo5010"
        },
        "content": "    private static String totalNoOfTasks(ArrayList list) {"
      },
      {
        "lineNumber": 176,
        "author": {
          "gitId": "dawo5010"
        },
        "content": "        int noOfTasks \u003d list.size();"
      },
      {
        "lineNumber": 177,
        "author": {
          "gitId": "dawo5010"
        },
        "content": "        return \"\\t Now you have \" + (noOfTasks) + (noOfTasks \u003d\u003d 1? \" task\" : \" tasks\") + \" in the list.\\n\";"
      },
      {
        "lineNumber": 178,
        "author": {
          "gitId": "dawo5010"
        },
        "content": "    }"
      },
      {
        "lineNumber": 179,
        "author": {
          "gitId": "dawo5010"
        },
        "content": ""
      },
      {
        "lineNumber": 180,
        "author": {
          "gitId": "-"
        },
        "content": "}"
      }
    ],
    "authorContributionMap": {
      "dawo5010": 169,
      "Jeffry Lum": 1,
      "-": 10
    }
  },
  {
    "path": "src/main/java/DukeException.java",
    "fileType": "java",
    "lines": [
      {
        "lineNumber": 1,
        "author": {
          "gitId": "dawo5010"
        },
        "content": "public class DukeException extends Exception {"
      },
      {
        "lineNumber": 2,
        "author": {
          "gitId": "dawo5010"
        },
        "content": ""
      },
      {
        "lineNumber": 3,
        "author": {
          "gitId": "dawo5010"
        },
        "content": "    String error;"
      },
      {
        "lineNumber": 4,
        "author": {
          "gitId": "dawo5010"
        },
        "content": ""
      },
      {
        "lineNumber": 5,
        "author": {
          "gitId": "dawo5010"
        },
        "content": "    public DukeException(String error) {"
      },
      {
        "lineNumber": 6,
        "author": {
          "gitId": "dawo5010"
        },
        "content": "        this.error \u003d error;"
      },
      {
        "lineNumber": 7,
        "author": {
          "gitId": "dawo5010"
        },
        "content": "    }"
      },
      {
        "lineNumber": 8,
        "author": {
          "gitId": "dawo5010"
        },
        "content": ""
      },
      {
        "lineNumber": 9,
        "author": {
          "gitId": "dawo5010"
        },
        "content": "    @Override"
      },
      {
        "lineNumber": 10,
        "author": {
          "gitId": "dawo5010"
        },
        "content": "    public String toString() {"
      },
      {
        "lineNumber": 11,
        "author": {
          "gitId": "dawo5010"
        },
        "content": "        return \"\\t ☹ OOPS!!! \" + error + \"\\n\";"
      },
      {
        "lineNumber": 12,
        "author": {
          "gitId": "dawo5010"
        },
        "content": "    }"
      },
      {
        "lineNumber": 13,
        "author": {
          "gitId": "dawo5010"
        },
        "content": "}"
      }
    ],
    "authorContributionMap": {
      "dawo5010": 13
    }
  },
  {
    "path": "src/main/java/Event.java",
    "fileType": "java",
    "lines": [
      {
        "lineNumber": 1,
        "author": {
          "gitId": "dawo5010"
        },
        "content": "public class Event extends Task {"
      },
      {
        "lineNumber": 2,
        "author": {
          "gitId": "dawo5010"
        },
        "content": ""
      },
      {
        "lineNumber": 3,
        "author": {
          "gitId": "dawo5010"
        },
        "content": "    protected String time;"
      },
      {
        "lineNumber": 4,
        "author": {
          "gitId": "dawo5010"
        },
        "content": ""
      },
      {
        "lineNumber": 5,
        "author": {
          "gitId": "dawo5010"
        },
        "content": "    public Event(String taskName, String time) {"
      },
      {
        "lineNumber": 6,
        "author": {
          "gitId": "dawo5010"
        },
        "content": "        super(taskName);"
      },
      {
        "lineNumber": 7,
        "author": {
          "gitId": "dawo5010"
        },
        "content": "        this.time \u003d time;"
      },
      {
        "lineNumber": 8,
        "author": {
          "gitId": "dawo5010"
        },
        "content": "    }"
      },
      {
        "lineNumber": 9,
        "author": {
          "gitId": "dawo5010"
        },
        "content": ""
      },
      {
        "lineNumber": 10,
        "author": {
          "gitId": "dawo5010"
        },
        "content": "    @Override"
      },
      {
        "lineNumber": 11,
        "author": {
          "gitId": "dawo5010"
        },
        "content": "    public String toString() {"
      },
      {
        "lineNumber": 12,
        "author": {
          "gitId": "dawo5010"
        },
        "content": "        return \"[E]\" + super.toString() + \" (at: \" + time + \")\" + \"\\n\";"
      },
      {
        "lineNumber": 13,
        "author": {
          "gitId": "dawo5010"
        },
        "content": "    }"
      },
      {
        "lineNumber": 14,
        "author": {
          "gitId": "dawo5010"
        },
        "content": ""
      },
      {
        "lineNumber": 15,
        "author": {
          "gitId": "dawo5010"
        },
        "content": "}"
      }
    ],
    "authorContributionMap": {
      "dawo5010": 15
    }
  },
  {
    "path": "src/main/java/Status.java",
    "fileType": "java",
    "lines": [
      {
        "lineNumber": 1,
        "author": {
          "gitId": "dawo5010"
        },
        "content": "enum Status {"
      },
      {
        "lineNumber": 2,
        "author": {
          "gitId": "dawo5010"
        },
        "content": "    INCOMPLETE,"
      },
      {
        "lineNumber": 3,
        "author": {
          "gitId": "dawo5010"
        },
        "content": "    COMPLETE"
      },
      {
        "lineNumber": 4,
        "author": {
          "gitId": "dawo5010"
        },
        "content": "}"
      }
    ],
    "authorContributionMap": {
      "dawo5010": 4
    }
  },
  {
    "path": "src/main/java/Task.java",
    "fileType": "java",
    "lines": [
      {
        "lineNumber": 1,
        "author": {
          "gitId": "dawo5010"
        },
        "content": "public abstract class Task {"
      },
      {
        "lineNumber": 2,
        "author": {
          "gitId": "dawo5010"
        },
        "content": ""
      },
      {
        "lineNumber": 3,
        "author": {
          "gitId": "dawo5010"
        },
        "content": "    protected Status completed;"
      },
      {
        "lineNumber": 4,
        "author": {
          "gitId": "dawo5010"
        },
        "content": "    protected String taskName;"
      },
      {
        "lineNumber": 5,
        "author": {
          "gitId": "dawo5010"
        },
        "content": ""
      },
      {
        "lineNumber": 6,
        "author": {
          "gitId": "dawo5010"
        },
        "content": "    public Task(String taskName) {"
      },
      {
        "lineNumber": 7,
        "author": {
          "gitId": "dawo5010"
        },
        "content": "        this.completed \u003d Status.INCOMPLETE;"
      },
      {
        "lineNumber": 8,
        "author": {
          "gitId": "dawo5010"
        },
        "content": "        this.taskName \u003d taskName;"
      },
      {
        "lineNumber": 9,
        "author": {
          "gitId": "dawo5010"
        },
        "content": "    }"
      },
      {
        "lineNumber": 10,
        "author": {
          "gitId": "dawo5010"
        },
        "content": ""
      },
      {
        "lineNumber": 11,
        "author": {
          "gitId": "dawo5010"
        },
        "content": "    public boolean markAsComplete() {"
      },
      {
        "lineNumber": 12,
        "author": {
          "gitId": "dawo5010"
        },
        "content": "        if (this.completed \u003d\u003d Status.INCOMPLETE) {"
      },
      {
        "lineNumber": 13,
        "author": {
          "gitId": "dawo5010"
        },
        "content": "            completed \u003d Status.COMPLETE;"
      },
      {
        "lineNumber": 14,
        "author": {
          "gitId": "dawo5010"
        },
        "content": "            return true;"
      },
      {
        "lineNumber": 15,
        "author": {
          "gitId": "dawo5010"
        },
        "content": "        } else {"
      },
      {
        "lineNumber": 16,
        "author": {
          "gitId": "dawo5010"
        },
        "content": "            return false;"
      },
      {
        "lineNumber": 17,
        "author": {
          "gitId": "dawo5010"
        },
        "content": "        }"
      },
      {
        "lineNumber": 18,
        "author": {
          "gitId": "dawo5010"
        },
        "content": "    }"
      },
      {
        "lineNumber": 19,
        "author": {
          "gitId": "dawo5010"
        },
        "content": ""
      },
      {
        "lineNumber": 20,
        "author": {
          "gitId": "dawo5010"
        },
        "content": "    @Override"
      },
      {
        "lineNumber": 21,
        "author": {
          "gitId": "dawo5010"
        },
        "content": "    public String toString() {"
      },
      {
        "lineNumber": 22,
        "author": {
          "gitId": "dawo5010"
        },
        "content": "        return \"[\" + (this.completed \u003d\u003d Status.COMPLETE ? \"✓\" : \"✗\") + \"] \" + taskName;"
      },
      {
        "lineNumber": 23,
        "author": {
          "gitId": "dawo5010"
        },
        "content": "    }"
      },
      {
        "lineNumber": 24,
        "author": {
          "gitId": "dawo5010"
        },
        "content": ""
      },
      {
        "lineNumber": 25,
        "author": {
          "gitId": "dawo5010"
        },
        "content": "}"
      }
    ],
    "authorContributionMap": {
      "dawo5010": 25
    }
  },
  {
    "path": "src/main/java/ToDo.java",
    "fileType": "java",
    "lines": [
      {
        "lineNumber": 1,
        "author": {
          "gitId": "dawo5010"
        },
        "content": "public class ToDo extends Task {"
      },
      {
        "lineNumber": 2,
        "author": {
          "gitId": "dawo5010"
        },
        "content": ""
      },
      {
        "lineNumber": 3,
        "author": {
          "gitId": "dawo5010"
        },
        "content": "    public ToDo(String taskName) {"
      },
      {
        "lineNumber": 4,
        "author": {
          "gitId": "dawo5010"
        },
        "content": "        super(taskName);"
      },
      {
        "lineNumber": 5,
        "author": {
          "gitId": "dawo5010"
        },
        "content": "    }"
      },
      {
        "lineNumber": 6,
        "author": {
          "gitId": "dawo5010"
        },
        "content": ""
      },
      {
        "lineNumber": 7,
        "author": {
          "gitId": "dawo5010"
        },
        "content": "    @Override"
      },
      {
        "lineNumber": 8,
        "author": {
          "gitId": "dawo5010"
        },
        "content": "    public String toString() {"
      },
      {
        "lineNumber": 9,
        "author": {
          "gitId": "dawo5010"
        },
        "content": "        return \"[T]\" + super.toString() + \"\\n\";"
      },
      {
        "lineNumber": 10,
        "author": {
          "gitId": "dawo5010"
        },
        "content": "    }"
      },
      {
        "lineNumber": 11,
        "author": {
          "gitId": "dawo5010"
        },
        "content": ""
      },
      {
        "lineNumber": 12,
        "author": {
          "gitId": "dawo5010"
        },
        "content": "}"
      }
    ],
    "authorContributionMap": {
      "dawo5010": 12
    }
  },
  {
    "path": "text-ui-test/input.txt",
    "fileType": "txt",
    "lines": [
      {
        "lineNumber": 1,
        "author": {
          "gitId": "dawo5010"
        },
        "content": "todo read book"
      },
      {
        "lineNumber": 2,
        "author": {
          "gitId": "dawo5010"
        },
        "content": "deadline return book /by June 6th"
      },
      {
        "lineNumber": 3,
        "author": {
          "gitId": "dawo5010"
        },
        "content": "event project meeting /at Aug 6th 2-4pm"
      },
      {
        "lineNumber": 4,
        "author": {
          "gitId": "dawo5010"
        },
        "content": "todo join sports club"
      },
      {
        "lineNumber": 5,
        "author": {
          "gitId": "dawo5010"
        },
        "content": "done 1"
      },
      {
        "lineNumber": 6,
        "author": {
          "gitId": "dawo5010"
        },
        "content": "done 4"
      },
      {
        "lineNumber": 7,
        "author": {
          "gitId": "dawo5010"
        },
        "content": "todo borrow book"
      },
      {
        "lineNumber": 8,
        "author": {
          "gitId": "dawo5010"
        },
        "content": "list"
      },
      {
        "lineNumber": 9,
        "author": {
          "gitId": "dawo5010"
        },
        "content": "deadline return book /by Sunday"
      },
      {
        "lineNumber": 10,
        "author": {
          "gitId": "dawo5010"
        },
        "content": "event project meeting /at Mon 2-4pm"
      },
      {
        "lineNumber": 11,
        "author": {
          "gitId": "dawo5010"
        },
        "content": "list"
      },
      {
        "lineNumber": 12,
        "author": {
          "gitId": "dawo5010"
        },
        "content": "bye"
      }
    ],
    "authorContributionMap": {
      "dawo5010": 12
    }
  },
  {
    "path": "text-ui-test/runtest.sh",
    "fileType": "sh",
    "lines": [
      {
        "lineNumber": 1,
        "author": {
          "gitId": "dawo5010"
        },
        "content": "#!/usr/bin/env bash"
      },
      {
        "lineNumber": 2,
        "author": {
          "gitId": "dawo5010"
        },
        "content": ""
      },
      {
        "lineNumber": 3,
        "author": {
          "gitId": "dawo5010"
        },
        "content": "# create bin directory if it doesn\u0027t exist"
      },
      {
        "lineNumber": 4,
        "author": {
          "gitId": "dawo5010"
        },
        "content": "if [ ! -d \"../bin\" ]"
      },
      {
        "lineNumber": 5,
        "author": {
          "gitId": "dawo5010"
        },
        "content": "then"
      },
      {
        "lineNumber": 6,
        "author": {
          "gitId": "dawo5010"
        },
        "content": "    mkdir ../bin"
      },
      {
        "lineNumber": 7,
        "author": {
          "gitId": "dawo5010"
        },
        "content": "fi"
      },
      {
        "lineNumber": 8,
        "author": {
          "gitId": "dawo5010"
        },
        "content": ""
      },
      {
        "lineNumber": 9,
        "author": {
          "gitId": "dawo5010"
        },
        "content": "# delete output from previous run"
      },
      {
        "lineNumber": 10,
        "author": {
          "gitId": "dawo5010"
        },
        "content": "if [ -e \"./ACTUAL.TXT\" ]"
      },
      {
        "lineNumber": 11,
        "author": {
          "gitId": "dawo5010"
        },
        "content": "then"
      },
      {
        "lineNumber": 12,
        "author": {
          "gitId": "dawo5010"
        },
        "content": "    rm ACTUAL.TXT"
      },
      {
        "lineNumber": 13,
        "author": {
          "gitId": "dawo5010"
        },
        "content": "fi"
      },
      {
        "lineNumber": 14,
        "author": {
          "gitId": "dawo5010"
        },
        "content": ""
      },
      {
        "lineNumber": 15,
        "author": {
          "gitId": "dawo5010"
        },
        "content": "# compile the code into the bin folder, terminates if error occurred"
      },
      {
        "lineNumber": 16,
        "author": {
          "gitId": "dawo5010"
        },
        "content": "if ! javac -cp ../src/main/java -Xlint:none -d ../bin ../src/main/java/Duke.java"
      },
      {
        "lineNumber": 17,
        "author": {
          "gitId": "dawo5010"
        },
        "content": "then"
      },
      {
        "lineNumber": 18,
        "author": {
          "gitId": "dawo5010"
        },
        "content": "    echo \"********** BUILD FAILURE **********\""
      },
      {
        "lineNumber": 19,
        "author": {
          "gitId": "dawo5010"
        },
        "content": "    exit 1"
      },
      {
        "lineNumber": 20,
        "author": {
          "gitId": "dawo5010"
        },
        "content": "fi"
      },
      {
        "lineNumber": 21,
        "author": {
          "gitId": "dawo5010"
        },
        "content": ""
      },
      {
        "lineNumber": 22,
        "author": {
          "gitId": "dawo5010"
        },
        "content": "# run the program, feed commands from input.txt file and redirect the output to the ACTUAL.TXT"
      },
      {
        "lineNumber": 23,
        "author": {
          "gitId": "dawo5010"
        },
        "content": "java -classpath ../bin Duke \u003c input.txt \u003e ACTUAL.TXT"
      },
      {
        "lineNumber": 24,
        "author": {
          "gitId": "dawo5010"
        },
        "content": ""
      },
      {
        "lineNumber": 25,
        "author": {
          "gitId": "dawo5010"
        },
        "content": "# compare the output to the expected output"
      },
      {
        "lineNumber": 26,
        "author": {
          "gitId": "dawo5010"
        },
        "content": "diff ACTUAL.TXT EXPECTED.TXT"
      },
      {
        "lineNumber": 27,
        "author": {
          "gitId": "dawo5010"
        },
        "content": "if [ $? -eq 0 ]"
      },
      {
        "lineNumber": 28,
        "author": {
          "gitId": "dawo5010"
        },
        "content": "then"
      },
      {
        "lineNumber": 29,
        "author": {
          "gitId": "dawo5010"
        },
        "content": "    echo \"Test result: PASSED\""
      },
      {
        "lineNumber": 30,
        "author": {
          "gitId": "dawo5010"
        },
        "content": "    exit 0"
      },
      {
        "lineNumber": 31,
        "author": {
          "gitId": "dawo5010"
        },
        "content": "else"
      },
      {
        "lineNumber": 32,
        "author": {
          "gitId": "dawo5010"
        },
        "content": "    echo \"Test result: FAILED\""
      },
      {
        "lineNumber": 33,
        "author": {
          "gitId": "dawo5010"
        },
        "content": "    exit 1"
      },
      {
        "lineNumber": 34,
        "author": {
          "gitId": "dawo5010"
        },
        "content": "fi"
      }
    ],
    "authorContributionMap": {
      "dawo5010": 34
    }
  }
]
