{
  "authorDailyContributionsMap": {
    "kangyeelim": [
      {
        "insertions": 216,
        "deletions": 101,
        "date": "2019-08-17",
        "commitResults": [
          {
            "hash": "05b7627728ad741e316fdcc62437d9102388a3c6",
            "messageTitle": "Add greeting the user to main in Duke",
            "messageBody": "",
            "insertions": 5,
            "deletions": 0
          },
          {
            "hash": "b4ba574981da92507ed7a70fa85c08b2a498c507",
            "messageTitle": "Add printing of greeting and echo-ing of command to main in Duke",
            "messageBody": "",
            "insertions": 7,
            "deletions": 0
          },
          {
            "hash": "dcc9424d6bdd1c08d31b553d0da3d02b07572c48",
            "messageTitle": "Add exit message when exited to main in Duke",
            "messageBody": "",
            "insertions": 3,
            "deletions": 0
          },
          {
            "hash": "d7c14b16725fb45612e99e78747bcfa6c1f003fc",
            "messageTitle": "Change printed statement when command is entered to main in Duke",
            "messageBody": "",
            "insertions": 8,
            "deletions": 1
          },
          {
            "hash": "9bfdc3a425788678771f646310e8d6543d8a66d5",
            "messageTitle": "Edit all messages to remove newline and add list command to main in Duke",
            "messageBody": "",
            "insertions": 8,
            "deletions": 3
          },
          {
            "hash": "1f1c106c65172b03aa6ff0e7fd0a7b77b2073a15",
            "messageTitle": "Add task class with to store description and if it is done, Add condition to take in command to mark task as done and print in main in Duke. Edit all messages except for list to have a new line.",
            "messageBody": "",
            "insertions": 32,
            "deletions": 6
          },
          {
            "hash": "42308b0545769bbb6198368735636c80442c0132",
            "messageTitle": "Add condition to take in command to list out tasks with status icon and edit the message for listing out tasks.",
            "messageBody": "",
            "insertions": 6,
            "deletions": 3
          },
          {
            "hash": "fac9b2d131e3ff357d117d0357635dbc2ce52d25",
            "messageTitle": "Change access identifier of member variables from private to protected",
            "messageBody": "",
            "insertions": 2,
            "deletions": 2
          },
          {
            "hash": "5549c26276e033bc9b7627bf34e7feb36e525def",
            "messageTitle": "Make new classes event, todo, deadline that extends from task. Add toString method for task.",
            "messageBody": "",
            "insertions": 57,
            "deletions": 5
          },
          {
            "hash": "9484c619fb376dda46ad029cfd472a5d4b1be2cd",
            "messageTitle": "Edit toString to remove extra space. Edit substring index for event in main in Duke to get correct event description.",
            "messageBody": "",
            "insertions": 2,
            "deletions": 2
          },
          {
            "hash": "4778f1168719ae76aede0b24264bc1f546a5f867",
            "messageTitle": "Edit list status which states number of tasks. Edit substring starting index to get correct event description in main in Duke.",
            "messageBody": "",
            "insertions": 4,
            "deletions": 2
          },
          {
            "hash": "84da6a6b5fba3ee477546428b7d9933abc0742b4",
            "messageTitle": "Edit list status which states number of tasks in list.",
            "messageBody": "",
            "insertions": 16,
            "deletions": 1
          },
          {
            "hash": "54538e7655331fe9848a26ac006ec2a0eec98487",
            "messageTitle": "Edit list status which states number of tasks in list. Remove IO testing files for next level.",
            "messageBody": "",
            "insertions": 0,
            "deletions": 10
          },
          {
            "hash": "1a92bb4ec167e8d1c3086a9a714c73a13921238e",
            "messageTitle": "Edit toString return string for event.",
            "messageBody": "",
            "insertions": 66,
            "deletions": 1
          },
          {
            "hash": "524295cb38fbed9d9c074263b786424e76646e07",
            "messageTitle": "Removed bat and sh and IO testing files for next level",
            "messageBody": "",
            "insertions": 0,
            "deletions": 65
          }
        ]
      },
      {
        "insertions": 256,
        "deletions": 102,
        "date": "2019-08-18",
        "commitResults": [
          {
            "hash": "328f04b37c7ae569530a7c6a14d68fd4f0bfa232",
            "messageTitle": "Add DukeException class and add exception handling for different cases.",
            "messageBody": "",
            "insertions": 107,
            "deletions": 35
          },
          {
            "hash": "6f0102333ea70e290298fb4bbf78afcfe64e37cd",
            "messageTitle": "Add more exception handling conditions to handle wrong syntax user input for event, todo, deadline.",
            "messageBody": "",
            "insertions": 17,
            "deletions": 5
          },
          {
            "hash": "e922407f2cc4d30299ce0d15e672c6b78e18e9c0",
            "messageTitle": "Edit input taken in by todo for description due to error previously.",
            "messageBody": "",
            "insertions": 1,
            "deletions": 1
          },
          {
            "hash": "6cc6fa07881329d29e3489fff33bf5eac0d41100",
            "messageTitle": "Add delete and exception handling to delete. Add more exception handling for todo and done for incorrect user input which was not done in the previous level.",
            "messageBody": "",
            "insertions": 63,
            "deletions": 12
          },
          {
            "hash": "d694b93ede5e7c4d021e6769ab5871097ffdfcc9",
            "messageTitle": "Add more comments for each exception handling condition and enter new line for LoC that are too long.",
            "messageBody": "",
            "insertions": 68,
            "deletions": 34
          },
          {
            "hash": "778f6665a34be73ae5afd364b7843a43ef352b23",
            "messageTitle": "Remove unnecessary exception handling in the condition to add new task but incorrect or no such command.",
            "messageBody": "",
            "insertions": 0,
            "deletions": 15
          }
        ]
      },
      {
        "insertions": 202,
        "deletions": 50,
        "date": "2019-08-24",
        "commitResults": [
          {
            "hash": "8c43c0ad10ffbbb6978b1ad644fe3b26e5ab17c3",
            "messageTitle": "Add feature to load data from data file, duke.txt if it exists and feature to write list contents into duke.txt when delete (error to be fixed).",
            "messageBody": "",
            "insertions": 84,
            "deletions": 2
          },
          {
            "hash": "76d5c57ea8c5831a17afc06fc4830844932fdb51",
            "messageTitle": "Fixed errors with loading data file and writing file when there is task deleted.",
            "messageBody": "",
            "insertions": 11,
            "deletions": 5
          },
          {
            "hash": "6fbf1c2a00bee0e9a122e4504677e83f3a581bc0",
            "messageTitle": "Add feature to append data file when new task added and feature to write into data file when task marked as done.",
            "messageBody": "",
            "insertions": 35,
            "deletions": 21
          },
          {
            "hash": "44805e07e3f6baf6525ea8652a6edef38ca92b72",
            "messageTitle": "Remove unwanted code of system prints that was to check where exception was thrown.",
            "messageBody": "",
            "insertions": 0,
            "deletions": 1
          },
          {
            "hash": "16dbf1e7f3db8dd1a8fa0ffaf5bcaedaadd459d7",
            "messageTitle": "Add exception handling to print checked exception.",
            "messageBody": "",
            "insertions": 1,
            "deletions": 0
          },
          {
            "hash": "c133092f431bb052aab84aa30f1d654b94273e3f",
            "messageTitle": "Change member variable of event and deadline to take in date and time as Date class and add exception handling for parse exception.",
            "messageBody": "",
            "insertions": 39,
            "deletions": 10
          },
          {
            "hash": "6c6fa77129a1e1076d50bf949a172bfbdbc950e3",
            "messageTitle": "Edited file reading part of Level- 7 to take in Date class added in Level-8 and end program if file cannot be read or initialised.",
            "messageBody": "",
            "insertions": 32,
            "deletions": 11
          }
        ]
      },
      {
        "insertions": 871,
        "deletions": 305,
        "date": "2019-08-25",
        "commitResults": [
          {
            "hash": "037309125f525ccaa30fc4140e98fc09215ab450",
            "messageTitle": "Add Command class and its child classes, Parser class, Storage class, TaskList class, Ui class and restructure Duke for more OOP.",
            "messageBody": "",
            "insertions": 606,
            "deletions": 300
          },
          {
            "hash": "7bc3f1ab9d661f81a738d0c01704a6a94d4d71ae",
            "messageTitle": "Remove unnecessary imports.",
            "messageBody": "",
            "insertions": 1,
            "deletions": 2
          },
          {
            "hash": "3e34d1e3fc364109b2f2487a64ca075c160796db",
            "messageTitle": "Package the classes in seedu.duke and set up test modules.",
            "messageBody": "",
            "insertions": 78,
            "deletions": 0
          },
          {
            "hash": "2c49a4528a536241512baa23cc32fb3a3b8eb681",
            "messageTitle": "Edit Parser readInFileLine to read in 1 or 0 correctly and add test modules.",
            "messageBody": "",
            "insertions": 186,
            "deletions": 3
          }
        ]
      },
      {
        "insertions": 1251,
        "deletions": 102,
        "date": "2019-08-26",
        "commitResults": [
          {
            "hash": "691632a4d19a11ee65603b81d2a25f7b9a798979",
            "messageTitle": "Add more test modules and correct all errors found by test modules in Ui, Parser.",
            "messageBody": "",
            "insertions": 489,
            "deletions": 5
          },
          {
            "hash": "e17b3bee138eb10ca91ff934d0e22bb4bb4c5c4e",
            "messageTitle": "Add javadoc comments in all the classes.",
            "messageBody": "",
            "insertions": 639,
            "deletions": 14
          },
          {
            "hash": "82142c335cd1e4cbbacb68a0c6c61a958b1a3d4b",
            "messageTitle": "Edit javadocs comments of constructors of classes.",
            "messageBody": "",
            "insertions": 20,
            "deletions": 20
          },
          {
            "hash": "e1176e17d716cd6298459e8fff0381b610af9672",
            "messageTitle": "Edit javadoc comments to better fit javadoc standards.",
            "messageBody": "",
            "insertions": 103,
            "deletions": 63
          }
        ]
      },
      {
        "insertions": 348,
        "deletions": 52,
        "date": "2019-08-27",
        "commitResults": [
          {
            "hash": "1bdfb78751c52427a9523f4065c086ec847c90c1",
            "messageTitle": "Edit code to fit coding standard.",
            "messageBody": "",
            "insertions": 33,
            "deletions": 31
          },
          {
            "hash": "82e57c0e72d15f27079f55dd7ce965ab876abb08",
            "messageTitle": "Add feature to find tasks in list matching a keyword.",
            "messageBody": "",
            "insertions": 182,
            "deletions": 1
          },
          {
            "hash": "6112de0503f25768f8d6fa7fdd1a4cdb3b4055a8",
            "messageTitle": "Add feature to allow user input variation for date and time.",
            "messageBody": "",
            "insertions": 41,
            "deletions": 20
          },
          {
            "hash": "cce9a27d16a77944c60952fcd443f8e484591bb6",
            "messageTitle": "Add StorageStub for testing.",
            "messageBody": "",
            "insertions": 92,
            "deletions": 0
          }
        ]
      },
      {
        "insertions": 490,
        "deletions": 128,
        "date": "2019-09-01",
        "commitResults": [
          {
            "hash": "37215e81683e229aede535ee381ba27b998bc04a",
            "messageTitle": "add gradle to project.",
            "messageBody": "",
            "insertions": 70,
            "deletions": 55
          },
          {
            "hash": "af8ab991038184fb8bba6b6777c8053132353351",
            "messageTitle": "add basic gui features.",
            "messageBody": "",
            "insertions": 420,
            "deletions": 73
          }
        ]
      },
      {
        "insertions": 44,
        "deletions": 173,
        "date": "2019-09-02",
        "commitResults": [
          {
            "hash": "8f9af144a534a256c8478cdc68a233d8cc8d37f7",
            "messageTitle": "remove unnecessary code due to fxml.",
            "messageBody": "",
            "insertions": 14,
            "deletions": 156
          },
          {
            "hash": "bdfc63deb612021294926a2c13c307bb0cd065c7",
            "messageTitle": "edit the dimensions for dialogbox.",
            "messageBody": "",
            "insertions": 30,
            "deletions": 17
          }
        ]
      },
      {
        "insertions": 51,
        "deletions": 83,
        "date": "2019-09-03",
        "commitResults": [
          {
            "hash": "d378bf30ba21a6da1d8b49eda685dd55c9f0d7c4",
            "messageTitle": "edit javadocs comments.",
            "messageBody": "",
            "insertions": 50,
            "deletions": 83
          },
          {
            "hash": "46a311dd05e5f3ab4530cab7768b6826548cc2fc",
            "messageTitle": "edit javadocs comment.",
            "messageBody": "",
            "insertions": 1,
            "deletions": 0
          }
        ]
      },
      {
        "insertions": 383,
        "deletions": 280,
        "date": "2019-09-07",
        "commitResults": [
          {
            "hash": "e7cc4f8871769f390d11f1a7cf7dc051526ce8b8",
            "messageTitle": "Branch A-Assertions (#4)",
            "messageBody": "* change profile pic to circle.\r\n\r\n* edit dialog box to use label.\r\n\r\n* add java assertions.\r\n\r\n* change javafx ver in fxml.\r\n",
            "insertions": 58,
            "deletions": 50
          },
          {
            "hash": "28eca7c2a71474048c2e1b6727d9bd62ba79d8f7",
            "messageTitle": "edit code to improve code quality. (#5)",
            "messageBody": "",
            "insertions": 325,
            "deletions": 230
          }
        ]
      },
      {
        "insertions": 889,
        "deletions": 89,
        "date": "2019-09-09",
        "commitResults": [
          {
            "hash": "86936ee970fa570327c11ffb373aecb806cd1142",
            "messageTitle": "Branch extension (#6)",
            "messageBody": "* add extension to manage expenses.\r\n\r\n* edit bugs for delete expense.\r\n\r\n* add help command but needs improvement.\r\n\r\n* add some javadocs comments.\r\n\r\n* remove unnecessary methods for execute.\r\n\r\n* add javadocs comments and help command.\r\n",
            "insertions": 665,
            "deletions": 82
          },
          {
            "hash": "f20955e3d46e18191ad41eaec4ac5577b7c76bdd",
            "messageTitle": "add tutorial feature to teach duke.",
            "messageBody": "",
            "insertions": 224,
            "deletions": 7
          }
        ]
      },
      {
        "insertions": 334,
        "deletions": 288,
        "date": "2019-09-11",
        "commitResults": [
          {
            "hash": "0e500a4d9aeac24aa2b510922fd8db53f70754a5",
            "messageTitle": "edit main class in build file.",
            "messageBody": "",
            "insertions": 45,
            "deletions": 2
          },
          {
            "hash": "c1920d33fb1ac2ac583c5820b8fa928c4dfc21ec",
            "messageTitle": "convert to fxml for tutorial scene but still have scene config left in comments.",
            "messageBody": "",
            "insertions": 227,
            "deletions": 8
          },
          {
            "hash": "9de80138b1d9c2a51eddd1d1a93bfe042c4ee5dd",
            "messageTitle": "remove tutorial scene javafx config comments.",
            "messageBody": "",
            "insertions": 0,
            "deletions": 158
          },
          {
            "hash": "1ad5ea652c3d98ef16a48a075a84938892f55cd4",
            "messageTitle": "remove unnecessary methods.",
            "messageBody": "",
            "insertions": 1,
            "deletions": 9
          },
          {
            "hash": "1d02b21054a3d64821a3b4a5941e664687be5291",
            "messageTitle": "clean up code.",
            "messageBody": "",
            "insertions": 61,
            "deletions": 111
          }
        ]
      },
      {
        "insertions": 301,
        "deletions": 158,
        "date": "2019-09-12",
        "commitResults": [
          {
            "hash": "c419e954236ce7bf8e43f8bbd95ff12e32581268",
            "messageTitle": "edit all javadocs comments.",
            "messageBody": "",
            "insertions": 301,
            "deletions": 158
          }
        ]
      }
    ]
  },
  "authorFinalContributionMap": {
    "kangyeelim": 3736
  },
  "authorFileTypeContributionMap": {
    "kangyeelim": {
      "java": 3603,
      "md": 0,
      "fxml": 89,
      "sh": 0,
      "bat": 0,
      "gradle": 32,
      "txt": 12
    }
  },
  "authorContributionVariance": {
    "kangyeelim": 145433.69
  },
  "authorDisplayNameMap": {
    "kangyeelim": "CS2103T-T13-3 LIM K ... G YEE"
  }
}
