[
  {
    "path": "src/main/java/Deadline.java",
    "fileType": "java",
    "lines": [
      {
        "lineNumber": 1,
        "author": {
          "gitId": "alages97"
        },
        "content": "public class Deadline extends Task   {"
      },
      {
        "lineNumber": 2,
        "author": {
          "gitId": "alages97"
        },
        "content": "    private String deadlineTime;"
      },
      {
        "lineNumber": 3,
        "author": {
          "gitId": "alages97"
        },
        "content": ""
      },
      {
        "lineNumber": 4,
        "author": {
          "gitId": "alages97"
        },
        "content": "    public Deadline(String name) {"
      },
      {
        "lineNumber": 5,
        "author": {
          "gitId": "alages97"
        },
        "content": "        super(name);"
      },
      {
        "lineNumber": 6,
        "author": {
          "gitId": "alages97"
        },
        "content": "    }"
      },
      {
        "lineNumber": 7,
        "author": {
          "gitId": "alages97"
        },
        "content": ""
      },
      {
        "lineNumber": 8,
        "author": {
          "gitId": "alages97"
        },
        "content": "    public Deadline(String name, String dT) {"
      },
      {
        "lineNumber": 9,
        "author": {
          "gitId": "alages97"
        },
        "content": "        super(name);"
      },
      {
        "lineNumber": 10,
        "author": {
          "gitId": "alages97"
        },
        "content": "        formatDeadlineTime(dT);"
      },
      {
        "lineNumber": 11,
        "author": {
          "gitId": "alages97"
        },
        "content": "    }"
      },
      {
        "lineNumber": 12,
        "author": {
          "gitId": "alages97"
        },
        "content": ""
      },
      {
        "lineNumber": 13,
        "author": {
          "gitId": "alages97"
        },
        "content": "    public void formatDeadlineTime(String dT) {"
      },
      {
        "lineNumber": 14,
        "author": {
          "gitId": "alages97"
        },
        "content": "        String format \u003d dT.substring(0,2) + \":\" + dT.substring(2);"
      },
      {
        "lineNumber": 15,
        "author": {
          "gitId": "alages97"
        },
        "content": "        this.deadlineTime \u003d format;"
      },
      {
        "lineNumber": 16,
        "author": {
          "gitId": "alages97"
        },
        "content": "    }"
      },
      {
        "lineNumber": 17,
        "author": {
          "gitId": "alages97"
        },
        "content": ""
      },
      {
        "lineNumber": 18,
        "author": {
          "gitId": "alages97"
        },
        "content": "    public String toString() {"
      },
      {
        "lineNumber": 19,
        "author": {
          "gitId": "alages97"
        },
        "content": "        return \"[D]\" + super.toString() + \"(\" + deadlineTime + \")\";"
      },
      {
        "lineNumber": 20,
        "author": {
          "gitId": "alages97"
        },
        "content": "    }"
      },
      {
        "lineNumber": 21,
        "author": {
          "gitId": "alages97"
        },
        "content": "}"
      }
    ],
    "authorContributionMap": {
      "alages97": 21
    }
  },
  {
    "path": "src/main/java/DeadlineDetailsEmptyException.java",
    "fileType": "java",
    "lines": [
      {
        "lineNumber": 1,
        "author": {
          "gitId": "alages97"
        },
        "content": "public class DeadlineDetailsEmptyException extends DukeException {"
      },
      {
        "lineNumber": 2,
        "author": {
          "gitId": "alages97"
        },
        "content": "    public DeadlineDetailsEmptyException(String message) {"
      },
      {
        "lineNumber": 3,
        "author": {
          "gitId": "alages97"
        },
        "content": "        super(message);"
      },
      {
        "lineNumber": 4,
        "author": {
          "gitId": "alages97"
        },
        "content": "    }"
      },
      {
        "lineNumber": 5,
        "author": {
          "gitId": "alages97"
        },
        "content": "}"
      }
    ],
    "authorContributionMap": {
      "alages97": 5
    }
  },
  {
    "path": "src/main/java/Duke.java",
    "fileType": "java",
    "lines": [
      {
        "lineNumber": 1,
        "author": {
          "gitId": "alages97"
        },
        "content": "import java.lang.reflect.Array;"
      },
      {
        "lineNumber": 2,
        "author": {
          "gitId": "alages97"
        },
        "content": "import java.util.ArrayList;"
      },
      {
        "lineNumber": 3,
        "author": {
          "gitId": "alages97"
        },
        "content": "import java.util.Scanner;"
      },
      {
        "lineNumber": 4,
        "author": {
          "gitId": "alages97"
        },
        "content": ""
      },
      {
        "lineNumber": 5,
        "author": {
          "gitId": "-"
        },
        "content": "public class Duke {"
      },
      {
        "lineNumber": 6,
        "author": {
          "gitId": "-"
        },
        "content": "    public static void main(String[] args) {"
      },
      {
        "lineNumber": 7,
        "author": {
          "gitId": "alages97"
        },
        "content": "/*        String logo \u003d \" ____        _        \\n\""
      },
      {
        "lineNumber": 8,
        "author": {
          "gitId": "-"
        },
        "content": "                + \"|  _ \\\\ _   _| | _____ \\n\""
      },
      {
        "lineNumber": 9,
        "author": {
          "gitId": "-"
        },
        "content": "                + \"| | | | | | | |/ / _ \\\\\\n\""
      },
      {
        "lineNumber": 10,
        "author": {
          "gitId": "-"
        },
        "content": "                + \"| |_| | |_| |   \u003c  __/\\n\""
      },
      {
        "lineNumber": 11,
        "author": {
          "gitId": "-"
        },
        "content": "                + \"|____/ \\\\__,_|_|\\\\_\\\\___|\\n\";"
      },
      {
        "lineNumber": 12,
        "author": {
          "gitId": "alages97"
        },
        "content": "        System.out.println(\"Hello from\\n\" + logo);*/"
      },
      {
        "lineNumber": 13,
        "author": {
          "gitId": "alages97"
        },
        "content": "        System.out.println(\"Hello! I\u0027m Duke\");"
      },
      {
        "lineNumber": 14,
        "author": {
          "gitId": "alages97"
        },
        "content": "        System.out.println(\"What can I do for you?\");"
      },
      {
        "lineNumber": 15,
        "author": {
          "gitId": "alages97"
        },
        "content": "        try {"
      },
      {
        "lineNumber": 16,
        "author": {
          "gitId": "alages97"
        },
        "content": "            run();"
      },
      {
        "lineNumber": 17,
        "author": {
          "gitId": "alages97"
        },
        "content": "        } catch (DukeException e) {"
      },
      {
        "lineNumber": 18,
        "author": {
          "gitId": "alages97"
        },
        "content": "            System.out.println(e.getMessage());"
      },
      {
        "lineNumber": 19,
        "author": {
          "gitId": "alages97"
        },
        "content": "        }"
      },
      {
        "lineNumber": 20,
        "author": {
          "gitId": "alages97"
        },
        "content": "    }"
      },
      {
        "lineNumber": 21,
        "author": {
          "gitId": "alages97"
        },
        "content": ""
      },
      {
        "lineNumber": 22,
        "author": {
          "gitId": "alages97"
        },
        "content": "    public static void run() throws DukeException {"
      },
      {
        "lineNumber": 23,
        "author": {
          "gitId": "alages97"
        },
        "content": "        Scanner sc \u003d new Scanner(System.in);"
      },
      {
        "lineNumber": 24,
        "author": {
          "gitId": "alages97"
        },
        "content": "        ArrayList\u003cTask\u003e commandList \u003d new ArrayList\u003cTask\u003e();"
      },
      {
        "lineNumber": 25,
        "author": {
          "gitId": "alages97"
        },
        "content": "        String input \u003d sc.nextLine();"
      },
      {
        "lineNumber": 26,
        "author": {
          "gitId": "alages97"
        },
        "content": "        while (!input.equals(\"bye\")) {"
      },
      {
        "lineNumber": 27,
        "author": {
          "gitId": "alages97"
        },
        "content": "            if (input.length() \u003c\u003d 3) {"
      },
      {
        "lineNumber": 28,
        "author": {
          "gitId": "alages97"
        },
        "content": "                throw new IncorrectInputException(\"OOPS!!! I\u0027m sorry, but I don\u0027t know what that means :-(\");"
      },
      {
        "lineNumber": 29,
        "author": {
          "gitId": "alages97"
        },
        "content": "            } else {"
      },
      {
        "lineNumber": 30,
        "author": {
          "gitId": "alages97"
        },
        "content": "                if (input.equals(\"list\")) {"
      },
      {
        "lineNumber": 31,
        "author": {
          "gitId": "alages97"
        },
        "content": "                    System.out.println(\"Here are the tasks in your list:\");"
      },
      {
        "lineNumber": 32,
        "author": {
          "gitId": "alages97"
        },
        "content": "                    int size \u003d commandList.size();"
      },
      {
        "lineNumber": 33,
        "author": {
          "gitId": "alages97"
        },
        "content": "                    for (int i \u003d 1; i \u003c size + 1; i++) {"
      },
      {
        "lineNumber": 34,
        "author": {
          "gitId": "alages97"
        },
        "content": "                        System.out.print(i + \".\");"
      },
      {
        "lineNumber": 35,
        "author": {
          "gitId": "alages97"
        },
        "content": "                        System.out.println(commandList.get(i - 1));"
      },
      {
        "lineNumber": 36,
        "author": {
          "gitId": "alages97"
        },
        "content": "                    }"
      },
      {
        "lineNumber": 37,
        "author": {
          "gitId": "alages97"
        },
        "content": "                } else if (input.substring(0, 4).equals(\"done\")) {"
      },
      {
        "lineNumber": 38,
        "author": {
          "gitId": "alages97"
        },
        "content": "                    String[] arr \u003d input.split(\" \");"
      },
      {
        "lineNumber": 39,
        "author": {
          "gitId": "alages97"
        },
        "content": "                    int number \u003d Integer.parseInt(arr[1]);"
      },
      {
        "lineNumber": 40,
        "author": {
          "gitId": "alages97"
        },
        "content": "                    if (number \u003e commandList.size() + 1) {"
      },
      {
        "lineNumber": 41,
        "author": {
          "gitId": "alages97"
        },
        "content": "                        throw new TaskNotFoundException(\"OOPS!!! Task number is incorrect\");"
      },
      {
        "lineNumber": 42,
        "author": {
          "gitId": "alages97"
        },
        "content": "                    }"
      },
      {
        "lineNumber": 43,
        "author": {
          "gitId": "alages97"
        },
        "content": "                    commandList.get(number - 1).complete();"
      },
      {
        "lineNumber": 44,
        "author": {
          "gitId": "alages97"
        },
        "content": "                }"
      },
      {
        "lineNumber": 45,
        "author": {
          "gitId": "alages97"
        },
        "content": "                else {"
      },
      {
        "lineNumber": 46,
        "author": {
          "gitId": "alages97"
        },
        "content": "                    if (input.substring(0, 4).equals(\"todo\")) {"
      },
      {
        "lineNumber": 47,
        "author": {
          "gitId": "alages97"
        },
        "content": "                        if (input.length() \u003d\u003d 4) {"
      },
      {
        "lineNumber": 48,
        "author": {
          "gitId": "alages97"
        },
        "content": "                            throw new TodoEmptyDescriptionException(\"OOPS!!! The description of a todo cannot be empty.\");"
      },
      {
        "lineNumber": 49,
        "author": {
          "gitId": "alages97"
        },
        "content": "                        }"
      },
      {
        "lineNumber": 50,
        "author": {
          "gitId": "alages97"
        },
        "content": "                        ToDo todo \u003d new ToDo(input.substring(5));"
      },
      {
        "lineNumber": 51,
        "author": {
          "gitId": "alages97"
        },
        "content": "                        commandList.add(todo);"
      },
      {
        "lineNumber": 52,
        "author": {
          "gitId": "alages97"
        },
        "content": "                        System.out.println(\"Got it. I\u0027ve added this task:\");"
      },
      {
        "lineNumber": 53,
        "author": {
          "gitId": "alages97"
        },
        "content": "                        System.out.println(todo);"
      },
      {
        "lineNumber": 54,
        "author": {
          "gitId": "alages97"
        },
        "content": "                    } else if (input.length() \u003c\u003d 4) {"
      },
      {
        "lineNumber": 55,
        "author": {
          "gitId": "alages97"
        },
        "content": "                        throw new IncorrectInputException(\"OOPS!!! I\u0027m sorry, but I don\u0027t know what that means :-(\");"
      },
      {
        "lineNumber": 56,
        "author": {
          "gitId": "alages97"
        },
        "content": "                    } else if (input.substring(0, 5).equals(\"event\")) {"
      },
      {
        "lineNumber": 57,
        "author": {
          "gitId": "alages97"
        },
        "content": "                        String eventDetails \u003d input.substring(6);"
      },
      {
        "lineNumber": 58,
        "author": {
          "gitId": "alages97"
        },
        "content": "                        String[] arr \u003d eventDetails.split(\"/\");"
      },
      {
        "lineNumber": 59,
        "author": {
          "gitId": "alages97"
        },
        "content": "                        try {"
      },
      {
        "lineNumber": 60,
        "author": {
          "gitId": "alages97"
        },
        "content": "                            Event event \u003d new Event(arr[0], arr[1]);"
      },
      {
        "lineNumber": 61,
        "author": {
          "gitId": "alages97"
        },
        "content": ""
      },
      {
        "lineNumber": 62,
        "author": {
          "gitId": "alages97"
        },
        "content": "                            if (arr[1].length() \u003d\u003d 0) {"
      },
      {
        "lineNumber": 63,
        "author": {
          "gitId": "alages97"
        },
        "content": "                                throw new EventDetailsEmptyException(\"OOPS!!! Event details cannot be empty.\");"
      },
      {
        "lineNumber": 64,
        "author": {
          "gitId": "alages97"
        },
        "content": "                            }"
      },
      {
        "lineNumber": 65,
        "author": {
          "gitId": "alages97"
        },
        "content": "                            commandList.add(event);"
      },
      {
        "lineNumber": 66,
        "author": {
          "gitId": "alages97"
        },
        "content": "                            System.out.println(\"Got it. I\u0027ve added this task:\");"
      },
      {
        "lineNumber": 67,
        "author": {
          "gitId": "alages97"
        },
        "content": "                            System.out.println(event);"
      },
      {
        "lineNumber": 68,
        "author": {
          "gitId": "alages97"
        },
        "content": "                        } catch (ArrayIndexOutOfBoundsException e) {"
      },
      {
        "lineNumber": 69,
        "author": {
          "gitId": "alages97"
        },
        "content": "                            System.out.println(\"Input format is wrong.\");"
      },
      {
        "lineNumber": 70,
        "author": {
          "gitId": "alages97"
        },
        "content": "                        }"
      },
      {
        "lineNumber": 71,
        "author": {
          "gitId": "alages97"
        },
        "content": "                    } else if (input.substring(0,6).equals(\"delete\")) {"
      },
      {
        "lineNumber": 72,
        "author": {
          "gitId": "alages97"
        },
        "content": "                        String[] arr \u003d input.split(\" \");"
      },
      {
        "lineNumber": 73,
        "author": {
          "gitId": "alages97"
        },
        "content": "                        int number \u003d Integer.parseInt(arr[1]);"
      },
      {
        "lineNumber": 74,
        "author": {
          "gitId": "alages97"
        },
        "content": "                        if (number \u003e commandList.size() + 1) {"
      },
      {
        "lineNumber": 75,
        "author": {
          "gitId": "alages97"
        },
        "content": "                            throw new TaskNotFoundException(\"OOPS!!! Task number is incorrect\");"
      },
      {
        "lineNumber": 76,
        "author": {
          "gitId": "alages97"
        },
        "content": "                        }"
      },
      {
        "lineNumber": 77,
        "author": {
          "gitId": "alages97"
        },
        "content": "                        System.out.println(\"Noted. I\u0027ve removed this task:\");"
      },
      {
        "lineNumber": 78,
        "author": {
          "gitId": "alages97"
        },
        "content": "                        System.out.println(commandList.get(number-1));"
      },
      {
        "lineNumber": 79,
        "author": {
          "gitId": "alages97"
        },
        "content": "                        commandList.remove(number-1);"
      },
      {
        "lineNumber": 80,
        "author": {
          "gitId": "alages97"
        },
        "content": "                } else if (input.length() \u003c\u003d 7) {"
      },
      {
        "lineNumber": 81,
        "author": {
          "gitId": "alages97"
        },
        "content": "                        throw new IncorrectInputException(\"OOPS!!! I\u0027m sorry, but I don\u0027t know what that means :-(\");"
      },
      {
        "lineNumber": 82,
        "author": {
          "gitId": "alages97"
        },
        "content": "                    } else if (input.substring(0, 8).equals(\"deadline\")) {"
      },
      {
        "lineNumber": 83,
        "author": {
          "gitId": "alages97"
        },
        "content": "                        String deadlineDetails \u003d input.substring(9);"
      },
      {
        "lineNumber": 84,
        "author": {
          "gitId": "alages97"
        },
        "content": "                        String[] arr \u003d deadlineDetails.split(\"/\");"
      },
      {
        "lineNumber": 85,
        "author": {
          "gitId": "alages97"
        },
        "content": "                        try {"
      },
      {
        "lineNumber": 86,
        "author": {
          "gitId": "alages97"
        },
        "content": "                            Deadline deadline \u003d new Deadline(arr[0], arr[1]);"
      },
      {
        "lineNumber": 87,
        "author": {
          "gitId": "alages97"
        },
        "content": "                            if (arr[1].length() \u003d\u003d 0) {"
      },
      {
        "lineNumber": 88,
        "author": {
          "gitId": "alages97"
        },
        "content": "                                throw new DeadlineDetailsEmptyException(\"OOPS!!! Deadline details cannot be empty\");"
      },
      {
        "lineNumber": 89,
        "author": {
          "gitId": "alages97"
        },
        "content": "                            }"
      },
      {
        "lineNumber": 90,
        "author": {
          "gitId": "alages97"
        },
        "content": "                            commandList.add(deadline);"
      },
      {
        "lineNumber": 91,
        "author": {
          "gitId": "alages97"
        },
        "content": "                            System.out.println(\"Got it. I\u0027ve added this task:\");"
      },
      {
        "lineNumber": 92,
        "author": {
          "gitId": "alages97"
        },
        "content": "                            System.out.println(deadline);"
      },
      {
        "lineNumber": 93,
        "author": {
          "gitId": "alages97"
        },
        "content": "                        } catch (ArrayIndexOutOfBoundsException e) {"
      },
      {
        "lineNumber": 94,
        "author": {
          "gitId": "alages97"
        },
        "content": "                            System.out.println(\"Input format is wrong.\");"
      },
      {
        "lineNumber": 95,
        "author": {
          "gitId": "alages97"
        },
        "content": "                        }"
      },
      {
        "lineNumber": 96,
        "author": {
          "gitId": "alages97"
        },
        "content": "                    } else {"
      },
      {
        "lineNumber": 97,
        "author": {
          "gitId": "alages97"
        },
        "content": "                        throw new IncorrectInputException(\"OOPS!!! I\u0027m sorry, but I don\u0027t know what that means :-(\");"
      },
      {
        "lineNumber": 98,
        "author": {
          "gitId": "alages97"
        },
        "content": "                    }"
      },
      {
        "lineNumber": 99,
        "author": {
          "gitId": "alages97"
        },
        "content": "                    int numberOfTasks \u003d commandList.size();"
      },
      {
        "lineNumber": 100,
        "author": {
          "gitId": "alages97"
        },
        "content": "                    if (numberOfTasks \u003d\u003d 1) {"
      },
      {
        "lineNumber": 101,
        "author": {
          "gitId": "alages97"
        },
        "content": "                        System.out.println(\"Now you have \" + numberOfTasks + \" task in the list\");"
      },
      {
        "lineNumber": 102,
        "author": {
          "gitId": "alages97"
        },
        "content": "                    } else"
      },
      {
        "lineNumber": 103,
        "author": {
          "gitId": "alages97"
        },
        "content": "                        System.out.println(\"Now you have \" + numberOfTasks + \" tasks in the list\");"
      },
      {
        "lineNumber": 104,
        "author": {
          "gitId": "alages97"
        },
        "content": "                }"
      },
      {
        "lineNumber": 105,
        "author": {
          "gitId": "alages97"
        },
        "content": "                input \u003d sc.nextLine();"
      },
      {
        "lineNumber": 106,
        "author": {
          "gitId": "alages97"
        },
        "content": "            }"
      },
      {
        "lineNumber": 107,
        "author": {
          "gitId": "alages97"
        },
        "content": "        }"
      },
      {
        "lineNumber": 108,
        "author": {
          "gitId": "alages97"
        },
        "content": "        System.out.println(\"Bye. Hope to see you again soon!\");"
      },
      {
        "lineNumber": 109,
        "author": {
          "gitId": "alages97"
        },
        "content": ""
      },
      {
        "lineNumber": 110,
        "author": {
          "gitId": "-"
        },
        "content": "    }"
      },
      {
        "lineNumber": 111,
        "author": {
          "gitId": "-"
        },
        "content": "}"
      }
    ],
    "authorContributionMap": {
      "alages97": 103,
      "-": 8
    }
  },
  {
    "path": "src/main/java/DukeException.java",
    "fileType": "java",
    "lines": [
      {
        "lineNumber": 1,
        "author": {
          "gitId": "alages97"
        },
        "content": "public class DukeException extends Exception {"
      },
      {
        "lineNumber": 2,
        "author": {
          "gitId": "alages97"
        },
        "content": "    public DukeException(String message) {"
      },
      {
        "lineNumber": 3,
        "author": {
          "gitId": "alages97"
        },
        "content": "        super(message);"
      },
      {
        "lineNumber": 4,
        "author": {
          "gitId": "alages97"
        },
        "content": "    }"
      },
      {
        "lineNumber": 5,
        "author": {
          "gitId": "alages97"
        },
        "content": "}"
      }
    ],
    "authorContributionMap": {
      "alages97": 5
    }
  },
  {
    "path": "src/main/java/Event.java",
    "fileType": "java",
    "lines": [
      {
        "lineNumber": 1,
        "author": {
          "gitId": "alages97"
        },
        "content": "public class Event extends Task {"
      },
      {
        "lineNumber": 2,
        "author": {
          "gitId": "alages97"
        },
        "content": "    private String eventTime;"
      },
      {
        "lineNumber": 3,
        "author": {
          "gitId": "alages97"
        },
        "content": ""
      },
      {
        "lineNumber": 4,
        "author": {
          "gitId": "alages97"
        },
        "content": "    public Event(String name) {"
      },
      {
        "lineNumber": 5,
        "author": {
          "gitId": "alages97"
        },
        "content": "        super(name);"
      },
      {
        "lineNumber": 6,
        "author": {
          "gitId": "alages97"
        },
        "content": "    }"
      },
      {
        "lineNumber": 7,
        "author": {
          "gitId": "alages97"
        },
        "content": ""
      },
      {
        "lineNumber": 8,
        "author": {
          "gitId": "alages97"
        },
        "content": "    public Event(String name, String eT) {"
      },
      {
        "lineNumber": 9,
        "author": {
          "gitId": "alages97"
        },
        "content": "        super(name);"
      },
      {
        "lineNumber": 10,
        "author": {
          "gitId": "alages97"
        },
        "content": "        formatEventTime(eT);"
      },
      {
        "lineNumber": 11,
        "author": {
          "gitId": "alages97"
        },
        "content": "    }"
      },
      {
        "lineNumber": 12,
        "author": {
          "gitId": "alages97"
        },
        "content": "    public void formatEventTime(String eT) {"
      },
      {
        "lineNumber": 13,
        "author": {
          "gitId": "alages97"
        },
        "content": "        String format \u003d eT.substring(0,2) + \":\" + eT.substring(2);"
      },
      {
        "lineNumber": 14,
        "author": {
          "gitId": "alages97"
        },
        "content": "        this.eventTime \u003d format;"
      },
      {
        "lineNumber": 15,
        "author": {
          "gitId": "alages97"
        },
        "content": "    }"
      },
      {
        "lineNumber": 16,
        "author": {
          "gitId": "alages97"
        },
        "content": ""
      },
      {
        "lineNumber": 17,
        "author": {
          "gitId": "alages97"
        },
        "content": "    public String toString() {"
      },
      {
        "lineNumber": 18,
        "author": {
          "gitId": "alages97"
        },
        "content": "        return \"[E]\" + super.toString() + \"(\" + eventTime + \")\";"
      },
      {
        "lineNumber": 19,
        "author": {
          "gitId": "alages97"
        },
        "content": "    }"
      },
      {
        "lineNumber": 20,
        "author": {
          "gitId": "alages97"
        },
        "content": "}"
      }
    ],
    "authorContributionMap": {
      "alages97": 20
    }
  },
  {
    "path": "src/main/java/EventDetailsEmptyException.java",
    "fileType": "java",
    "lines": [
      {
        "lineNumber": 1,
        "author": {
          "gitId": "alages97"
        },
        "content": "public class EventDetailsEmptyException extends DukeException {"
      },
      {
        "lineNumber": 2,
        "author": {
          "gitId": "alages97"
        },
        "content": "    public EventDetailsEmptyException(String message) {"
      },
      {
        "lineNumber": 3,
        "author": {
          "gitId": "alages97"
        },
        "content": "        super(message);"
      },
      {
        "lineNumber": 4,
        "author": {
          "gitId": "alages97"
        },
        "content": "    }"
      },
      {
        "lineNumber": 5,
        "author": {
          "gitId": "alages97"
        },
        "content": "}"
      }
    ],
    "authorContributionMap": {
      "alages97": 5
    }
  },
  {
    "path": "src/main/java/IncorrectInputException.java",
    "fileType": "java",
    "lines": [
      {
        "lineNumber": 1,
        "author": {
          "gitId": "alages97"
        },
        "content": "public class IncorrectInputException extends DukeException {"
      },
      {
        "lineNumber": 2,
        "author": {
          "gitId": "alages97"
        },
        "content": "    public IncorrectInputException(String message) {"
      },
      {
        "lineNumber": 3,
        "author": {
          "gitId": "alages97"
        },
        "content": "        super(message);"
      },
      {
        "lineNumber": 4,
        "author": {
          "gitId": "alages97"
        },
        "content": "    }"
      },
      {
        "lineNumber": 5,
        "author": {
          "gitId": "alages97"
        },
        "content": "}"
      }
    ],
    "authorContributionMap": {
      "alages97": 5
    }
  },
  {
    "path": "src/main/java/Task.java",
    "fileType": "java",
    "lines": [
      {
        "lineNumber": 1,
        "author": {
          "gitId": "alages97"
        },
        "content": "public class Task {"
      },
      {
        "lineNumber": 2,
        "author": {
          "gitId": "alages97"
        },
        "content": "    protected boolean completed \u003d false;"
      },
      {
        "lineNumber": 3,
        "author": {
          "gitId": "alages97"
        },
        "content": "    protected String name;"
      },
      {
        "lineNumber": 4,
        "author": {
          "gitId": "alages97"
        },
        "content": ""
      },
      {
        "lineNumber": 5,
        "author": {
          "gitId": "alages97"
        },
        "content": "    public Task(String name) {"
      },
      {
        "lineNumber": 6,
        "author": {
          "gitId": "alages97"
        },
        "content": "        this.name \u003d name;"
      },
      {
        "lineNumber": 7,
        "author": {
          "gitId": "alages97"
        },
        "content": "    }"
      },
      {
        "lineNumber": 8,
        "author": {
          "gitId": "alages97"
        },
        "content": ""
      },
      {
        "lineNumber": 9,
        "author": {
          "gitId": "alages97"
        },
        "content": "    public void complete() {"
      },
      {
        "lineNumber": 10,
        "author": {
          "gitId": "alages97"
        },
        "content": "        this.completed \u003d true;"
      },
      {
        "lineNumber": 11,
        "author": {
          "gitId": "alages97"
        },
        "content": "        System.out.println(\"Nice! I\u0027ve marked this task as done:\");"
      },
      {
        "lineNumber": 12,
        "author": {
          "gitId": "alages97"
        },
        "content": "        System.out.println(\"[+] \" + this.name);"
      },
      {
        "lineNumber": 13,
        "author": {
          "gitId": "alages97"
        },
        "content": "    }"
      },
      {
        "lineNumber": 14,
        "author": {
          "gitId": "alages97"
        },
        "content": ""
      },
      {
        "lineNumber": 15,
        "author": {
          "gitId": "alages97"
        },
        "content": "    public String getName() {"
      },
      {
        "lineNumber": 16,
        "author": {
          "gitId": "alages97"
        },
        "content": "        return this.name;"
      },
      {
        "lineNumber": 17,
        "author": {
          "gitId": "alages97"
        },
        "content": "    }"
      },
      {
        "lineNumber": 18,
        "author": {
          "gitId": "alages97"
        },
        "content": ""
      },
      {
        "lineNumber": 19,
        "author": {
          "gitId": "alages97"
        },
        "content": "    public String toString() {"
      },
      {
        "lineNumber": 20,
        "author": {
          "gitId": "alages97"
        },
        "content": "        if (!this.completed) {"
      },
      {
        "lineNumber": 21,
        "author": {
          "gitId": "alages97"
        },
        "content": "            return \"[-] \" + this.name;"
      },
      {
        "lineNumber": 22,
        "author": {
          "gitId": "alages97"
        },
        "content": "        } else {"
      },
      {
        "lineNumber": 23,
        "author": {
          "gitId": "alages97"
        },
        "content": "            return \"[+] \" + this.name;"
      },
      {
        "lineNumber": 24,
        "author": {
          "gitId": "alages97"
        },
        "content": "        }"
      },
      {
        "lineNumber": 25,
        "author": {
          "gitId": "alages97"
        },
        "content": "    }"
      },
      {
        "lineNumber": 26,
        "author": {
          "gitId": "alages97"
        },
        "content": ""
      },
      {
        "lineNumber": 27,
        "author": {
          "gitId": "alages97"
        },
        "content": "}"
      }
    ],
    "authorContributionMap": {
      "alages97": 27
    }
  },
  {
    "path": "src/main/java/TaskNotFoundException.java",
    "fileType": "java",
    "lines": [
      {
        "lineNumber": 1,
        "author": {
          "gitId": "alages97"
        },
        "content": "public class TaskNotFoundException extends DukeException {"
      },
      {
        "lineNumber": 2,
        "author": {
          "gitId": "alages97"
        },
        "content": "    public TaskNotFoundException(String message) {"
      },
      {
        "lineNumber": 3,
        "author": {
          "gitId": "alages97"
        },
        "content": "        super(message);"
      },
      {
        "lineNumber": 4,
        "author": {
          "gitId": "alages97"
        },
        "content": "    }"
      },
      {
        "lineNumber": 5,
        "author": {
          "gitId": "alages97"
        },
        "content": "}"
      }
    ],
    "authorContributionMap": {
      "alages97": 5
    }
  },
  {
    "path": "src/main/java/ToDo.java",
    "fileType": "java",
    "lines": [
      {
        "lineNumber": 1,
        "author": {
          "gitId": "alages97"
        },
        "content": "public class ToDo extends Task {"
      },
      {
        "lineNumber": 2,
        "author": {
          "gitId": "alages97"
        },
        "content": ""
      },
      {
        "lineNumber": 3,
        "author": {
          "gitId": "alages97"
        },
        "content": "    public ToDo(String name) {"
      },
      {
        "lineNumber": 4,
        "author": {
          "gitId": "alages97"
        },
        "content": "        super(name);"
      },
      {
        "lineNumber": 5,
        "author": {
          "gitId": "alages97"
        },
        "content": "    }"
      },
      {
        "lineNumber": 6,
        "author": {
          "gitId": "alages97"
        },
        "content": ""
      },
      {
        "lineNumber": 7,
        "author": {
          "gitId": "alages97"
        },
        "content": "    public String toString() {"
      },
      {
        "lineNumber": 8,
        "author": {
          "gitId": "alages97"
        },
        "content": "        return \"[T]\" + super.toString();"
      },
      {
        "lineNumber": 9,
        "author": {
          "gitId": "alages97"
        },
        "content": "    }"
      },
      {
        "lineNumber": 10,
        "author": {
          "gitId": "alages97"
        },
        "content": "}"
      }
    ],
    "authorContributionMap": {
      "alages97": 10
    }
  },
  {
    "path": "src/main/java/TodoEmptyDescriptionException.java",
    "fileType": "java",
    "lines": [
      {
        "lineNumber": 1,
        "author": {
          "gitId": "alages97"
        },
        "content": "public class TodoEmptyDescriptionException extends DukeException {"
      },
      {
        "lineNumber": 2,
        "author": {
          "gitId": "alages97"
        },
        "content": "    public TodoEmptyDescriptionException(String message) {"
      },
      {
        "lineNumber": 3,
        "author": {
          "gitId": "alages97"
        },
        "content": "        super(message);"
      },
      {
        "lineNumber": 4,
        "author": {
          "gitId": "alages97"
        },
        "content": "    }"
      },
      {
        "lineNumber": 5,
        "author": {
          "gitId": "alages97"
        },
        "content": "}"
      },
      {
        "lineNumber": 6,
        "author": {
          "gitId": "alages97"
        },
        "content": ""
      }
    ],
    "authorContributionMap": {
      "alages97": 6
    }
  }
]
