{
  "authorDailyContributionsMap": {
    "alages97": [
      {
        "insertions": 266,
        "deletions": 56,
        "date": "2019-08-20",
        "commitResults": [
          {
            "hash": "c68466f38a05dec00d57424f05c9614baeba1b44",
            "messageTitle": "Level 1",
            "messageBody": "",
            "insertions": 15,
            "deletions": 3
          },
          {
            "hash": "5ec764a44ddea4883d16f10f3b806603241d7f00",
            "messageTitle": "Add, List",
            "messageBody": "",
            "insertions": 16,
            "deletions": 3
          },
          {
            "hash": "8098d1f35ad852203892aeb92f6e9946b16e421b",
            "messageTitle": "Mark as Done",
            "messageBody": "",
            "insertions": 37,
            "deletions": 7
          },
          {
            "hash": "47afc39892aece4a86e7609cc90e25e8792916a0",
            "messageTitle": "ToDos, Events, Deadlines",
            "messageBody": "",
            "insertions": 79,
            "deletions": 5
          },
          {
            "hash": "b4871bc9fe8ef75f2ac3751c2b8d9d0c789a6d0e",
            "messageTitle": "Handle Errors",
            "messageBody": "",
            "insertions": 99,
            "deletions": 36
          },
          {
            "hash": "616bb8c5febc30d28e5a6ad8c113f4adbfcb696e",
            "messageTitle": "Delete",
            "messageBody": "",
            "insertions": 20,
            "deletions": 2
          }
        ]
      },
      {
        "insertions": 76,
        "deletions": 73,
        "date": "2019-08-22",
        "commitResults": [
          {
            "hash": "133de49b5a744eddbe781f8a8fdd279b3ce2d97a",
            "messageTitle": "Level 5",
            "messageBody": "",
            "insertions": 75,
            "deletions": 73
          },
          {
            "hash": "4b4dd44d682964046f1dfebaff93d924384bffb9",
            "messageTitle": "Level 6",
            "messageBody": "",
            "insertions": 1,
            "deletions": 0
          }
        ]
      }
    ]
  },
  "authorFinalContributionMap": {
    "alages97": 105
  },
  "authorFileTypeContributionMap": {
    "alages97": {
      "java": 105,
      "md": 0,
      "fxml": 0,
      "sh": 0,
      "bat": 0,
      "gradle": 0,
      "txt": 0
    }
  },
  "authorContributionVariance": {
    "alages97": 13456.205
  },
  "authorDisplayNameMap": {
    "alages97": "K AL .. AGES"
  }
}
