{
  "authorDailyContributionsMap": {
    "Jeffry Lum": [],
    "hooncp": [
      {
        "insertions": 23,
        "deletions": 7,
        "date": "2019-08-20",
        "commitResults": [
          {
            "hash": "f451921820d51d4f6ac4de74e4e5c2c0af175d72",
            "messageTitle": "level 1 of Duke program",
            "messageBody": "",
            "insertions": 23,
            "deletions": 7
          }
        ]
      },
      {
        "insertions": 179,
        "deletions": 53,
        "date": "2019-08-21",
        "commitResults": [
          {
            "hash": "6766d5a2c36ec18cda8d4371b247ae12d374ad00",
            "messageTitle": "Revert \"level 1 of Duke program\"",
            "messageBody": "This reverts commit f451921820d51d4f6ac4de74e4e5c2c0af175d72.\n",
            "insertions": 7,
            "deletions": 23
          },
          {
            "hash": "413ad00dc8dff4101dbf248bf71e13da4d44cd32",
            "messageTitle": "level 1 of Duke",
            "messageBody": "",
            "insertions": 24,
            "deletions": 8
          },
          {
            "hash": "55d70cc56ecf6d5ba44baea2dea82e715ccd2817",
            "messageTitle": "Completed level 2 of Duke",
            "messageBody": "",
            "insertions": 26,
            "deletions": 1
          },
          {
            "hash": "8336c60a49fe3e3fb2b8d1c586d49b22e6e481b9",
            "messageTitle": "added Task class and integrated with Duke class",
            "messageBody": "",
            "insertions": 56,
            "deletions": 7
          },
          {
            "hash": "70098d0695e2ae61ce1eb09dd48751c2b8afa15c",
            "messageTitle": "changed equals to equalsIgnoreCase",
            "messageBody": "",
            "insertions": 4,
            "deletions": 4
          },
          {
            "hash": "5d0c49bba7a0dd50aca4037f92d9041b0ae7b796",
            "messageTitle": "added Todo, Deadline and Event classes",
            "messageBody": "",
            "insertions": 38,
            "deletions": 2
          },
          {
            "hash": "e744edb3b66a85a824ba611349f1092412148407",
            "messageTitle": "integrated Event Todo and Deadline to Duke and complete level 5",
            "messageBody": "",
            "insertions": 24,
            "deletions": 8
          }
        ]
      },
      {
        "insertions": 68,
        "deletions": 29,
        "date": "2019-08-22",
        "commitResults": [
          {
            "hash": "020a4d52299078598007859e407ad09341678501",
            "messageTitle": "added in InvalidInputException and IndexOutofBoundsException",
            "messageBody": "",
            "insertions": 47,
            "deletions": 27
          },
          {
            "hash": "bc4888f50fbcf85732f095514b293509fe8bd03b",
            "messageTitle": "added in more exceptions",
            "messageBody": "",
            "insertions": 7,
            "deletions": 2
          },
          {
            "hash": "a023792e4138c869031a66a2e83e97f57c930653",
            "messageTitle": "added in delete function and respective exceptions",
            "messageBody": "",
            "insertions": 14,
            "deletions": 0
          }
        ]
      }
    ]
  },
  "authorFinalContributionMap": {
    "Jeffry Lum": 102,
    "hooncp": 188
  },
  "authorFileTypeContributionMap": {
    "Jeffry Lum": {
      "java": 2,
      "md": 0,
      "fxml": 0,
      "sh": 0,
      "bat": 84,
      "gradle": 16,
      "txt": 0
    },
    "hooncp": {
      "java": 187,
      "md": 0,
      "fxml": 0,
      "sh": 0,
      "bat": 0,
      "gradle": 1,
      "txt": 0
    }
  },
  "authorContributionVariance": {
    "Jeffry Lum": 0.0,
    "hooncp": 6531.6333
  },
  "authorDisplayNameMap": {
    "Jeffry Lum": "Jeffry Lum",
    "hooncp": "hooncp"
  }
}
