{
  "authorDailyContributionsMap": {
    "ning-sy210": [
      {
        "insertions": 405,
        "deletions": 61,
        "date": "2019-08-27",
        "commitResults": [
          {
            "hash": "9d60368f8a5ef05d2b1222795272e75f36dde935",
            "messageTitle": "Duke can now greet users upon program startup",
            "messageBody": "",
            "insertions": 32,
            "deletions": 7
          },
          {
            "hash": "967c40be074e4276da29e8e272c85200ad1a5065",
            "messageTitle": "Duke can now echo user commands and exit program when instructed",
            "messageBody": "",
            "insertions": 22,
            "deletions": 0
          },
          {
            "hash": "797fc642cac2690071de81e383b5d8c74f1248d9",
            "messageTitle": "Duke can now add tasks and list them",
            "messageBody": "",
            "insertions": 17,
            "deletions": 1
          },
          {
            "hash": "08424ed2cae518539ceea1d3b2ea376a2e152fa5",
            "messageTitle": "Added Task.java",
            "messageBody": "",
            "insertions": 18,
            "deletions": 0
          },
          {
            "hash": "faa63fbd0855bf854f6e4c8b04e708d3aad0afee",
            "messageTitle": "Duke can now mark tasks as \"Done\"",
            "messageBody": "",
            "insertions": 30,
            "deletions": 10
          },
          {
            "hash": "25793ec5ddf3f6cec1b84522c4efe35031143539",
            "messageTitle": "Added Deadline.java",
            "messageBody": "",
            "insertions": 18,
            "deletions": 0
          },
          {
            "hash": "e57acf4d6975a90d8573ce190ffbd95f9403e4b7",
            "messageTitle": "Added Event.java",
            "messageBody": "",
            "insertions": 15,
            "deletions": 0
          },
          {
            "hash": "7b6794343e4c8a1589bb23a8d96c21b6b897a829",
            "messageTitle": "Added ToDo.java",
            "messageBody": "",
            "insertions": 10,
            "deletions": 0
          },
          {
            "hash": "d467cfd7104fc4727bb6a4c63d9d7cbe8e101c0d",
            "messageTitle": "Duke can now create ToDo-s, Deadlines and Events upon user request.",
            "messageBody": "",
            "insertions": 59,
            "deletions": 2
          },
          {
            "hash": "b3287b5c428e4919ea7eac0de330d30f52ee904e",
            "messageTitle": "Handles incorrect Duke command input formats",
            "messageBody": "",
            "insertions": 7,
            "deletions": 0
          },
          {
            "hash": "854cb7fe500bafb3bb9c8932d48b5de76abeddd5",
            "messageTitle": "Handles invalid Duke commands that are not specified",
            "messageBody": "",
            "insertions": 7,
            "deletions": 0
          },
          {
            "hash": "cf34153a2d3764bde0eeac9133177eb1a4debfb0",
            "messageTitle": "Handles empty user inputs",
            "messageBody": "",
            "insertions": 9,
            "deletions": 0
          },
          {
            "hash": "30a0c2ccc86f827d83e70235ee11217604d4aad2",
            "messageTitle": "Added exception handling for Duke",
            "messageBody": "",
            "insertions": 11,
            "deletions": 4
          },
          {
            "hash": "82095f86e4a7a0fe95d1a98129d55da0dc2697bb",
            "messageTitle": "Added Exception Handling for Duke",
            "messageBody": "",
            "insertions": 131,
            "deletions": 35
          },
          {
            "hash": "48600419fefc04128e7d78b57c57fb1d1a9ac139",
            "messageTitle": "Duke can now delete tasks as instructed by user",
            "messageBody": "",
            "insertions": 19,
            "deletions": 2
          }
        ]
      },
      {
        "insertions": 348,
        "deletions": 75,
        "date": "2019-08-28",
        "commitResults": [
          {
            "hash": "f491179d277a60a285684587bc7e28f95d56b3aa",
            "messageTitle": "Added unicode characters to indicate file completion status",
            "messageBody": "",
            "insertions": 1,
            "deletions": 1
          },
          {
            "hash": "ebe6b2c46db66f5cc9e94940a8c817845e41261d",
            "messageTitle": "Changed \u0027private\u0027 accessor fields to \u0027protected\u0027",
            "messageBody": "",
            "insertions": 4,
            "deletions": 4
          },
          {
            "hash": "1b99b908e3bc99d9b8cd7abecc0bc9cf8c088acc",
            "messageTitle": "Added IOHandler that can save and add tasks onto local save file",
            "messageBody": "",
            "insertions": 17,
            "deletions": 0
          },
          {
            "hash": "752915d94bf29b47ddedd2f0295e26fc952fd83d",
            "messageTitle": "Added Parser for converting task objects to and from text",
            "messageBody": "",
            "insertions": 17,
            "deletions": 0
          },
          {
            "hash": "1c703ad0934e8067edc660827e985603bffafcb5",
            "messageTitle": "Duke can now save tasks to local save file",
            "messageBody": "",
            "insertions": 23,
            "deletions": 7
          },
          {
            "hash": "436a446eaa971a675ea819dac2a2ef15bf5c7b96",
            "messageTitle": "Removed unnecessary line character",
            "messageBody": "",
            "insertions": 0,
            "deletions": 1
          },
          {
            "hash": "63199e2767a73f85c4089ca5aaf823bcaf07b53d",
            "messageTitle": "IOHandler can now overwrite existing save file",
            "messageBody": "",
            "insertions": 22,
            "deletions": 2
          },
          {
            "hash": "63c6f5612346ec717fe7bb4e8b370e2f18b66c6e",
            "messageTitle": "Duke can now call IOHandler to handle \u0027delete\u0027 and \u0027done\u0027 operations",
            "messageBody": "",
            "insertions": 13,
            "deletions": 3
          },
          {
            "hash": "6940071dcb3f919e6d411c09d8ab2d6cfd9bb540",
            "messageTitle": "Added scanner close statement",
            "messageBody": "",
            "insertions": 1,
            "deletions": 0
          },
          {
            "hash": "cdb4dc44be2259ead15f4cae9d2f426d223f0570",
            "messageTitle": "Added new constructors",
            "messageBody": "",
            "insertions": 31,
            "deletions": 0
          },
          {
            "hash": "1a180ee790b15d3f2cd5fe782f50d2363e64b6dc",
            "messageTitle": "Duke is now able to load a save file (if it exists) upon bootup",
            "messageBody": "",
            "insertions": 21,
            "deletions": 3
          },
          {
            "hash": "71aa37bb2e90d55fd83de13dc4e6ee623e44332c",
            "messageTitle": "IOHandler can now read and create save files",
            "messageBody": "",
            "insertions": 25,
            "deletions": 0
          },
          {
            "hash": "2922e7eec0a0bc569a8e8a002f7a9825caec84a6",
            "messageTitle": "Parser can now parse Strings and return Task objects",
            "messageBody": "",
            "insertions": 39,
            "deletions": 3
          },
          {
            "hash": "6825afdb69bb9f2cc8705aaa47562ae3fb29ad82",
            "messageTitle": "Added new constructor",
            "messageBody": "",
            "insertions": 5,
            "deletions": 0
          },
          {
            "hash": "84d844675a42033a321654d5c48e983cab1f678d",
            "messageTitle": "Slight UI improvement",
            "messageBody": "",
            "insertions": 1,
            "deletions": 1
          },
          {
            "hash": "19041fe469f27121f5f98ca06a2ccee9803380da",
            "messageTitle": "Added Parser class to recognize user date inputs",
            "messageBody": "",
            "insertions": 50,
            "deletions": 0
          },
          {
            "hash": "a465b981d3a476ae7f65b374ebeefc34955bc109",
            "messageTitle": "Tasks will now have their date/time properly formatted",
            "messageBody": "",
            "insertions": 26,
            "deletions": 19
          },
          {
            "hash": "44cfc4a8473b8984a357062556da47a00c99d24b",
            "messageTitle": "Minor changes to support date/time formatting of tasks",
            "messageBody": "",
            "insertions": 11,
            "deletions": 23
          },
          {
            "hash": "42195f14a262a5f5733ff20b9987473f398ca517",
            "messageTitle": "Slight changes to catch various exceptions",
            "messageBody": "",
            "insertions": 12,
            "deletions": 1
          },
          {
            "hash": "117025932531bf89674ec1af6bfc44711c990447",
            "messageTitle": "Added exception handling for Parser",
            "messageBody": "",
            "insertions": 15,
            "deletions": 3
          },
          {
            "hash": "9db21747e55fc0e75654ee0ef24a849968cd76d1",
            "messageTitle": "Slight modifications after merging",
            "messageBody": "",
            "insertions": 14,
            "deletions": 4
          }
        ]
      },
      {
        "insertions": 813,
        "deletions": 569,
        "date": "2019-08-29",
        "commitResults": [
          {
            "hash": "05852631fb5c0a3ce110059758afda8fb88eebe3",
            "messageTitle": "Refactored code to adopt a more OOP approach",
            "messageBody": "",
            "insertions": 404,
            "deletions": 297
          },
          {
            "hash": "82bff94eeb9ebb0b5f99ffddd70c2e321e8ee1cd",
            "messageTitle": "Classes with similar functionality are now packaged.",
            "messageBody": "",
            "insertions": 250,
            "deletions": 225
          },
          {
            "hash": "d8c961d14d91866973ee154110577e19b61458bb",
            "messageTitle": "Packaged Duke.java into duke",
            "messageBody": "",
            "insertions": 2,
            "deletions": 0
          },
          {
            "hash": "26c4945c5d040d3c31773d4ea2bedcfe32fd1ed6",
            "messageTitle": "Moved exception handling for Tasklist.delete() from Parser.java to TaskList.java",
            "messageBody": "",
            "insertions": 19,
            "deletions": 11
          },
          {
            "hash": "0b1ae6d6fc08bce217121e50ce94abe4635fa578",
            "messageTitle": "Minor bug fixing",
            "messageBody": "",
            "insertions": 2,
            "deletions": 2
          },
          {
            "hash": "f52b92e3d30467ad42e43d6ffa63a748b9cc2e7f",
            "messageTitle": "A-JUnit testing",
            "messageBody": "",
            "insertions": 71,
            "deletions": 0
          },
          {
            "hash": "bd51416072490e69791b33a66dc28777489a69b6",
            "messageTitle": "Setup Gradle",
            "messageBody": "",
            "insertions": 22,
            "deletions": 1
          },
          {
            "hash": "875d9243b754b2c6c202b724a57ae5970bb42561",
            "messageTitle": "Updated code style as checked by checkStyle",
            "messageBody": "",
            "insertions": 43,
            "deletions": 33
          }
        ]
      },
      {
        "insertions": 291,
        "deletions": 41,
        "date": "2019-08-30",
        "commitResults": [
          {
            "hash": "affbaf69ca0caa2b6849f622862d1942253184dd",
            "messageTitle": "Added Javadoc",
            "messageBody": "",
            "insertions": 158,
            "deletions": 1
          },
          {
            "hash": "8f9be114f7aaa104398a00cdf98d60d5e546e0bc",
            "messageTitle": "TaskList now has a temporary search list so that users can mark task as done or delete directly from the search results.",
            "messageBody": "",
            "insertions": 74,
            "deletions": 13
          },
          {
            "hash": "bca2ff8a38f0800ae0a17f19ca92693220c9f4c4",
            "messageTitle": "Duke can now find matching tasks with user specified keyword",
            "messageBody": "",
            "insertions": 21,
            "deletions": 9
          },
          {
            "hash": "19ade739cb0cc62f4ecd047416fecba8819a3d56",
            "messageTitle": "Minor changes to support Duke\u0027s \"find\" functionality",
            "messageBody": "",
            "insertions": 1,
            "deletions": 1
          },
          {
            "hash": "2dc796230b399dca6691a76dc8ac80cb0d8e73c9",
            "messageTitle": "Javadoc correction",
            "messageBody": "",
            "insertions": 5,
            "deletions": 5
          },
          {
            "hash": "56504f03e9f8d2e74c5dd71b6548ba6f4b605aea",
            "messageTitle": "Updates to Javadoc plus minor bug fixing",
            "messageBody": "",
            "insertions": 32,
            "deletions": 12
          }
        ]
      }
    ]
  },
  "authorFinalContributionMap": {
    "ning-sy210": 1097
  },
  "authorFileTypeContributionMap": {
    "ning-sy210": {
      "java": 1075,
      "md": 0,
      "fxml": 0,
      "sh": 0,
      "bat": 0,
      "gradle": 22,
      "txt": 0
    }
  },
  "authorContributionVariance": {
    "ning-sy210": 130968.375
  },
  "authorDisplayNameMap": {
    "ning-sy210": "CS2103T-F14 NING  ... GYING"
  }
}
