{
  "authorDailyContributionsMap": {
    "choonx99": [
      {
        "insertions": 81,
        "deletions": 14,
        "date": "2019-08-18",
        "commitResults": [
          {
            "hash": "72bc48dbd225c1eafca4c49dc72d6e1a128c0c57",
            "messageTitle": "First commit",
            "messageBody": "",
            "insertions": 1,
            "deletions": 0
          },
          {
            "hash": "ae5e7d8e0285cd0f1ec6575322dcb44af66444e0",
            "messageTitle": "added greet, read input and goodbye functions for level1",
            "messageBody": "",
            "insertions": 23,
            "deletions": 7
          },
          {
            "hash": "c873d837f3d07723654a8a8f04448f8370208183",
            "messageTitle": "added print task list function",
            "messageBody": "",
            "insertions": 22,
            "deletions": 2
          },
          {
            "hash": "fa4c7fb4c4235ca3d871513bd9d885ac9aa0b38b",
            "messageTitle": "added Task class, modified read input function",
            "messageBody": "",
            "insertions": 35,
            "deletions": 5
          }
        ]
      },
      {
        "insertions": 196,
        "deletions": 35,
        "date": "2019-08-19",
        "commitResults": [
          {
            "hash": "fba9684024d9eb7773dce5af6a79caec4047294d",
            "messageTitle": "added function to add task to tasklist, added Classes Deadline, Event, ToDo",
            "messageBody": "",
            "insertions": 56,
            "deletions": 4
          },
          {
            "hash": "57cb9f24787b8418193e46685cc2db094c9af673",
            "messageTitle": "added Duke exception classes, added function to handle input by throwing exceptions",
            "messageBody": "",
            "insertions": 88,
            "deletions": 4
          },
          {
            "hash": "7431f94efd6cb58b00771bc02e3f084a2b640f19",
            "messageTitle": "added delete function and increased error handling possibilities to include delete function errors",
            "messageBody": "",
            "insertions": 52,
            "deletions": 27
          }
        ]
      },
      {
        "insertions": 591,
        "deletions": 287,
        "date": "2019-08-26",
        "commitResults": [
          {
            "hash": "744c1e579e1a6e231d055d530dd55bf93f76227d",
            "messageTitle": "Added function to save task list on text file and read task list from text file",
            "messageBody": "",
            "insertions": 81,
            "deletions": 1
          },
          {
            "hash": "8825d619fb2705483fb1de9e708557e20dbb5515",
            "messageTitle": "Added DateTime class to accept DateTime input",
            "messageBody": "",
            "insertions": 168,
            "deletions": 9
          },
          {
            "hash": "b0a4108ead343c6568921cab3c971b98ff337c55",
            "messageTitle": "Added Storage, Parser, TaskList and Ui classes to make it more OOP",
            "messageBody": "",
            "insertions": 342,
            "deletions": 277
          }
        ]
      },
      {
        "insertions": 60,
        "deletions": 12,
        "date": "2019-08-27",
        "commitResults": [
          {
            "hash": "78e212df1c6211927417994e1678cb24fda7f275",
            "messageTitle": "Added TaskTest and ToDoTest for junit testing",
            "messageBody": "",
            "insertions": 52,
            "deletions": 6
          },
          {
            "hash": "00f0b7f97de9f1dfa9301cf0a9cdda032ddf81da",
            "messageTitle": "Merge branch \u0027gradle\u0027 and changed special character for isDone in Storage class",
            "messageBody": "",
            "insertions": 8,
            "deletions": 6
          }
        ]
      },
      {
        "insertions": 138,
        "deletions": 11,
        "date": "2019-08-28",
        "commitResults": [
          {
            "hash": "653812384481e74cd926bfb0c5274e6d08195d37",
            "messageTitle": "completed javadoc for Duke",
            "messageBody": "",
            "insertions": 105,
            "deletions": 9
          },
          {
            "hash": "0bfe5fc57378fc8af3bd2ec50b1df4fd190d56f2",
            "messageTitle": "Added find function to allow searching of tasks",
            "messageBody": "",
            "insertions": 33,
            "deletions": 2
          }
        ]
      },
      {
        "insertions": 624,
        "deletions": 327,
        "date": "2019-09-04",
        "commitResults": [
          {
            "hash": "26a613bc02b971ee5a8c1ec066ea3613b970aa05",
            "messageTitle": "completed javafx tutorial part 3",
            "messageBody": "",
            "insertions": 371,
            "deletions": 124
          },
          {
            "hash": "056ec32d807e95c817631aacb3f7eea810132aa7",
            "messageTitle": "Added MainWindow, DialogBox, Main, Launcher files to run Duke with javafx",
            "messageBody": "",
            "insertions": 180,
            "deletions": 162
          },
          {
            "hash": "8cf1dd49e2244b4f31a135f64087cd5e0e50dfe3",
            "messageTitle": "added checkstyle to gradle",
            "messageBody": "",
            "insertions": 73,
            "deletions": 41
          }
        ]
      },
      {
        "insertions": 70,
        "deletions": 50,
        "date": "2019-09-10",
        "commitResults": [
          {
            "hash": "85821fc92ad74939e88b5691b4642ba24415eac8",
            "messageTitle": "Added assertions",
            "messageBody": "",
            "insertions": 24,
            "deletions": 0
          },
          {
            "hash": "b18ba7956c293624644dfe03fb1da4a853823cc1",
            "messageTitle": "Refactored load function in Storage, added extra date check in DateTime, removed emoticons from error messages (#5)",
            "messageBody": "",
            "insertions": 46,
            "deletions": 50
          }
        ]
      },
      {
        "insertions": 137,
        "deletions": 70,
        "date": "2019-09-16",
        "commitResults": [
          {
            "hash": "4a276fa9aa96d543dfcc85306cd7fbef948409cf",
            "messageTitle": "refactored Parser and Ui, added edit function in Ui",
            "messageBody": "",
            "insertions": 137,
            "deletions": 70
          }
        ]
      }
    ]
  },
  "authorFinalContributionMap": {
    "choonx99": 1131
  },
  "authorFileTypeContributionMap": {
    "choonx99": {
      "java": 1056,
      "md": 0,
      "fxml": 42,
      "sh": 0,
      "bat": 0,
      "gradle": 25,
      "txt": 8
    }
  },
  "authorContributionVariance": {
    "choonx99": 49812.08
  },
  "authorDisplayNameMap": {
    "choonx99": "CS2103-T14-4 NG CH ... N WAH"
  }
}
