{
  "authorDailyContributionsMap": {
    "Yen-Peng": [
      {
        "insertions": 277,
        "deletions": 100,
        "date": "2019-08-22",
        "commitResults": [
          {
            "hash": "a73054f4db6f86566f590e81769ad9998a2c8af5",
            "messageTitle": "Add greet, echo and exit functionality",
            "messageBody": "",
            "insertions": 36,
            "deletions": 6
          },
          {
            "hash": "9560ac4fcea098ebd156be96605ecd33b146e598",
            "messageTitle": "Add new Task class to create tasks and included add and list functionality to main class",
            "messageBody": "",
            "insertions": 32,
            "deletions": 4
          },
          {
            "hash": "852151aae570cffa01917f66c410ddf735d0ef60",
            "messageTitle": "Add ability to mark tasks as done",
            "messageBody": "",
            "insertions": 32,
            "deletions": 7
          },
          {
            "hash": "a9cc02e64805544972ee714bfbdc7a3eb0e63940",
            "messageTitle": "Add support for tracking three types of tasks: ToDos, Deadlines, Events",
            "messageBody": "",
            "insertions": 90,
            "deletions": 4
          },
          {
            "hash": "68236c4b78b608a41a254d3e536af8a4603b4c41",
            "messageTitle": "Amended Level-4",
            "messageBody": "",
            "insertions": 66,
            "deletions": 65
          },
          {
            "hash": "a1656c53a7a503c6da0c0844e850d2731ed23140",
            "messageTitle": "Teach Duke to deal with errors such as incorrect inputs entered by user.",
            "messageBody": "",
            "insertions": 4,
            "deletions": 0
          },
          {
            "hash": "587c81d66276257f7a6a963f66d1b379f3cbb93c",
            "messageTitle": "Add support for deleting tasks from the list",
            "messageBody": "",
            "insertions": 17,
            "deletions": 14
          }
        ]
      },
      {
        "insertions": 113,
        "deletions": 88,
        "date": "2019-08-26",
        "commitResults": [
          {
            "hash": "fc104e68b38b3a2e7b1308122fcbc59de4d1b900",
            "messageTitle": "Changed name of chatbot to Smart Baby. Corrected how chatbot handles errors",
            "messageBody": "",
            "insertions": 113,
            "deletions": 88
          }
        ]
      }
    ]
  },
  "authorFinalContributionMap": {
    "Yen-Peng": 209
  },
  "authorFileTypeContributionMap": {
    "Yen-Peng": {
      "java": 209,
      "md": 0,
      "fxml": 0,
      "sh": 0,
      "bat": 0,
      "gradle": 0,
      "txt": 0
    }
  },
  "authorContributionVariance": {
    "Yen-Peng": 13832.61
  },
  "authorDisplayNameMap": {
    "Yen-Peng": "YIP Y ...  PENG"
  }
}
