{
  "authorDailyContributionsMap": {
    "cutieprobe": [
      {
        "insertions": 640,
        "deletions": 238,
        "date": "2019-09-01",
        "commitResults": [
          {
            "hash": "4db2d6a53a9216ec0a9e65b6c3c0c0007ed9b113",
            "messageTitle": "Configure gradle",
            "messageBody": "",
            "insertions": 6,
            "deletions": 2
          },
          {
            "hash": "4ca7f7d2ddac2014e18a6857cf8655fd8a7660fc",
            "messageTitle": "Implement greet, echo and exit",
            "messageBody": "",
            "insertions": 16,
            "deletions": 6
          },
          {
            "hash": "cb5eb10a2c70eb46375d3cefb3df610340fd30e5",
            "messageTitle": "Implement add and list",
            "messageBody": "",
            "insertions": 11,
            "deletions": 1
          },
          {
            "hash": "502c70de2ce49c2088dfac9a883883ad44348283",
            "messageTitle": "Implement ability to mark tasks as done",
            "messageBody": "",
            "insertions": 35,
            "deletions": 4
          },
          {
            "hash": "2f08ad3470e5c7742b933afbdbf709766a9da451",
            "messageTitle": "Implement Inheritance to support multiple task types",
            "messageBody": "",
            "insertions": 49,
            "deletions": 3
          },
          {
            "hash": "de82c27c8c193f35df4175e6f44707675fe313b3",
            "messageTitle": "Implement todo, event and deadline",
            "messageBody": "",
            "insertions": 107,
            "deletions": 26
          },
          {
            "hash": "78076f5f181a69cc340a233403d0324f6e098f21",
            "messageTitle": "Implement error handling",
            "messageBody": "",
            "insertions": 71,
            "deletions": 42
          },
          {
            "hash": "72f9d2306d2d2c124a9a13cdf2a443db7e645727",
            "messageTitle": "Store all tasks in an ArrayList",
            "messageBody": "",
            "insertions": 12,
            "deletions": 15
          },
          {
            "hash": "f31fafd6a1cc9955346698e336816bf34d736ff6",
            "messageTitle": "Add delete",
            "messageBody": "",
            "insertions": 16,
            "deletions": 0
          },
          {
            "hash": "e10c106cd78be670f21861dc72078da564b10884",
            "messageTitle": "Extract all java files into duke package",
            "messageBody": "",
            "insertions": 13,
            "deletions": 1
          },
          {
            "hash": "b5ce14ff94e4d318db9f996f8a5c38a713782361",
            "messageTitle": "Add text-ui testing",
            "messageBody": "",
            "insertions": 49,
            "deletions": 2
          },
          {
            "hash": "71ced1ef30b41f77d9616025cdf8362fb166c160",
            "messageTitle": "Configure gradle and clean up style",
            "messageBody": "",
            "insertions": 154,
            "deletions": 125
          },
          {
            "hash": "53740f6e0e3f5a3bce273b27d56658114c93c697",
            "messageTitle": "Implement Save",
            "messageBody": "",
            "insertions": 101,
            "deletions": 11
          }
        ]
      },
      {
        "insertions": 24,
        "deletions": 8,
        "date": "2019-09-02",
        "commitResults": [
          {
            "hash": "e38f8f037739e9a0b00192b7e156f97bc14e052b",
            "messageTitle": "Implement datetime format",
            "messageBody": "",
            "insertions": 24,
            "deletions": 8
          }
        ]
      },
      {
        "insertions": 526,
        "deletions": 303,
        "date": "2019-09-05",
        "commitResults": [
          {
            "hash": "dcb94ef033b8986ac40c8ee3761de8f3a1de6b75",
            "messageTitle": "Refactor code, add more OOP, and divide classes into packages",
            "messageBody": "",
            "insertions": 526,
            "deletions": 303
          }
        ]
      },
      {
        "insertions": 374,
        "deletions": 39,
        "date": "2019-09-11",
        "commitResults": [
          {
            "hash": "5565759e3d08f5df5e1db4911b7f0592ce338b06",
            "messageTitle": "Add JUnit Testing",
            "messageBody": "",
            "insertions": 45,
            "deletions": 0
          },
          {
            "hash": "1bdfd78fdf7d8815624236435e09cd71dd09fd2d",
            "messageTitle": "Add JAR file",
            "messageBody": "",
            "insertions": 8,
            "deletions": 0
          },
          {
            "hash": "8a2ef1714188cda86fc26c6c5548f29907b7ae1a",
            "messageTitle": "Add JavaDoc",
            "messageBody": "",
            "insertions": 235,
            "deletions": 18
          },
          {
            "hash": "436f4fab4fb63b459807f0fa6d163493a855c424",
            "messageTitle": "Add coding standard",
            "messageBody": "",
            "insertions": 21,
            "deletions": 21
          },
          {
            "hash": "826e35b39a773caa97a2fede3ce0dc2e5a474c06",
            "messageTitle": "Add find feature",
            "messageBody": "",
            "insertions": 59,
            "deletions": 0
          },
          {
            "hash": "2df0fb29b7edfc27e5c682efbeed2f6bd729f011",
            "messageTitle": "Add more JavaDoc",
            "messageBody": "",
            "insertions": 6,
            "deletions": 0
          }
        ]
      },
      {
        "insertions": 366,
        "deletions": 116,
        "date": "2019-09-28",
        "commitResults": [
          {
            "hash": "7130a8b04ac288cf77b97ed55e3f66ce7cec802f",
            "messageTitle": "Add GUI",
            "messageBody": "",
            "insertions": 341,
            "deletions": 96
          },
          {
            "hash": "0d7a4bd39f8c2acad400d18356d312bd8ba7130d",
            "messageTitle": "Add Assertions",
            "messageBody": "",
            "insertions": 22,
            "deletions": 8
          },
          {
            "hash": "9858c807514f05bb71532b99d3746c6965254133",
            "messageTitle": "Improve code quality",
            "messageBody": "",
            "insertions": 3,
            "deletions": 12
          }
        ]
      },
      {
        "insertions": 936,
        "deletions": 264,
        "date": "2019-09-29",
        "commitResults": [
          {
            "hash": "c03c21bd7a7ba873357a8cd36d354dd19c47c0d0",
            "messageTitle": "Add friendlier syntax and allow users to customize command shortcuts",
            "messageBody": "",
            "insertions": 638,
            "deletions": 215
          },
          {
            "hash": "95265a480d80ec02a74b334e8885277002a5d6f5",
            "messageTitle": "Add screenshot and user guide, fix minor bugs and improve UI",
            "messageBody": "",
            "insertions": 245,
            "deletions": 13
          },
          {
            "hash": "152912eb0a48918c5b6039716b9bdc319ebfaf95",
            "messageTitle": "Edit README.md",
            "messageBody": "",
            "insertions": 15,
            "deletions": 16
          },
          {
            "hash": "e7536b34d18bb4c7e49e6054502cd173cb31bac7",
            "messageTitle": "Fix minor storage bugs and configure gradle for a new release",
            "messageBody": "",
            "insertions": 10,
            "deletions": 7
          },
          {
            "hash": "c846bee121b250b1d2aa8a2c3db86afed5fa9e47",
            "messageTitle": "Configure gradle for cross-platform compatibility",
            "messageBody": "",
            "insertions": 21,
            "deletions": 6
          },
          {
            "hash": "58fdb56901004c66e8d912c729c5a9ab63f34fc8",
            "messageTitle": "Fix bugs in parser",
            "messageBody": "",
            "insertions": 7,
            "deletions": 7
          }
        ]
      }
    ]
  },
  "authorFinalContributionMap": {
    "cutieprobe": 1951
  },
  "authorFileTypeContributionMap": {
    "cutieprobe": {
      "java": 1535,
      "md": 279,
      "fxml": 37,
      "sh": 30,
      "bat": 17,
      "gradle": 35,
      "txt": 18
    }
  },
  "authorContributionVariance": {
    "cutieprobe": 66119.66
  },
  "authorDisplayNameMap": {
    "cutieprobe": "CS2103-T16-3 LIU Z ...  ZIMU"
  }
}
