{
  "authorDailyContributionsMap": {
    "Jeffry Lum": [],
    "Mandy Wang": [
      {
        "insertions": 323,
        "deletions": 171,
        "date": "2019-08-21",
        "commitResults": [
          {
            "hash": "feada0854b018d2bb96b0485ba0e30ac44fdc13f",
            "messageTitle": "Level-1 complete",
            "messageBody": "",
            "insertions": 15,
            "deletions": 0
          },
          {
            "hash": "376d68e5703bc143cbeda3a27248ad44dae2029c",
            "messageTitle": "Level-2 complete",
            "messageBody": "",
            "insertions": 11,
            "deletions": 3
          },
          {
            "hash": "20778fbe73bdd7a127a0b36f4088420610dfd1fa",
            "messageTitle": "Level-3 complete",
            "messageBody": "",
            "insertions": 27,
            "deletions": 4
          },
          {
            "hash": "4c8f6946cedb2a813c6f867d901738b5fcb23a33",
            "messageTitle": "Level-4 complete",
            "messageBody": "",
            "insertions": 73,
            "deletions": 9
          },
          {
            "hash": "95773c0a63b8cb564dbd6335d1504616cd45189c",
            "messageTitle": "Revert \"Level-4 complete\"",
            "messageBody": "This reverts commit 4c8f6946cedb2a813c6f867d901738b5fcb23a33.\n",
            "insertions": 9,
            "deletions": 73
          },
          {
            "hash": "6f00efa961d21e7bffbdf9fee2413ae82c5e632f",
            "messageTitle": "Revert \"Revert \"Level-4 complete\"\"",
            "messageBody": "This reverts commit 95773c0a63b8cb564dbd6335d1504616cd45189c.\n",
            "insertions": 73,
            "deletions": 9
          },
          {
            "hash": "65049b567bb4db3ab5489b46519c4e007db3986a",
            "messageTitle": "fixed bugs, Level-4 complete",
            "messageBody": "",
            "insertions": 2,
            "deletions": 2
          },
          {
            "hash": "eb4d8a22446a60bc7798ac839037a2c57f44877d",
            "messageTitle": "DukeException minimally works",
            "messageBody": "",
            "insertions": 63,
            "deletions": 48
          },
          {
            "hash": "80acdb844fc87d58d8eca82008792022aca7cb19",
            "messageTitle": "fixed spacing bug, and added additional exception handling",
            "messageBody": "",
            "insertions": 9,
            "deletions": 3
          },
          {
            "hash": "40e49d8c9a50708818ee14ff09f512991539e5a4",
            "messageTitle": "more exceptions",
            "messageBody": "",
            "insertions": 28,
            "deletions": 19
          },
          {
            "hash": "5112b7e20443692e37bd6dcb29507c205b52457b",
            "messageTitle": "add deletion and relevant exception handling",
            "messageBody": "",
            "insertions": 13,
            "deletions": 1
          }
        ]
      }
    ]
  },
  "authorFinalContributionMap": {
    "Jeffry Lum": 10,
    "Mandy Wang": 152
  },
  "authorFileTypeContributionMap": {
    "Jeffry Lum": {
      "java": 10,
      "md": 0,
      "fxml": 0,
      "sh": 0,
      "bat": 0,
      "gradle": 0,
      "txt": 0
    },
    "Mandy Wang": {
      "java": 152,
      "md": 0,
      "fxml": 0,
      "sh": 0,
      "bat": 0,
      "gradle": 0,
      "txt": 0
    }
  },
  "authorContributionVariance": {
    "Jeffry Lum": 0.0,
    "Mandy Wang": 33893.887
  },
  "authorDisplayNameMap": {
    "Jeffry Lum": "Jeffry Lum",
    "Mandy Wang": "Mandy Wang"
  }
}
