{
  "authorDailyContributionsMap": {
    "Jeffry Lum": [],
    "kelvinnharris": [
      {
        "insertions": 257,
        "deletions": 61,
        "date": "2019-08-21",
        "commitResults": [
          {
            "hash": "f96f69371b61ea356a1c22240198e771225b8e04",
            "messageTitle": "Finish Level-1",
            "messageBody": "",
            "insertions": 18,
            "deletions": 6
          },
          {
            "hash": "4d06cf2f76a90544e5d799bce0cb05babd278df0",
            "messageTitle": "Finish Level-2",
            "messageBody": "",
            "insertions": 14,
            "deletions": 4
          },
          {
            "hash": "775b207df33afaa734c5e3dcaebc0dcc2cc82ec1",
            "messageTitle": "Add Task class",
            "messageBody": "",
            "insertions": 29,
            "deletions": 0
          },
          {
            "hash": "73367a334eb43dbc4725b40e947a942e7f33e1bb",
            "messageTitle": "Finish Level-3",
            "messageBody": "",
            "insertions": 17,
            "deletions": 6
          },
          {
            "hash": "a6be4dc9fde76d847910e69dc97947dc7e6988f4",
            "messageTitle": "Finish Level-4",
            "messageBody": "",
            "insertions": 91,
            "deletions": 16
          },
          {
            "hash": "5ea6949ddbe69b5974658bb0fd71944e5c83eca9",
            "messageTitle": "Finish Level-5",
            "messageBody": "",
            "insertions": 76,
            "deletions": 29
          },
          {
            "hash": "53072d389c8505ab823b1fdb1174a654cc49dd58",
            "messageTitle": "Finish Level-6",
            "messageBody": "",
            "insertions": 12,
            "deletions": 0
          }
        ]
      }
    ]
  },
  "authorFinalContributionMap": {
    "Jeffry Lum": 0,
    "kelvinnharris": 202
  },
  "authorFileTypeContributionMap": {
    "Jeffry Lum": {
      "java": 0,
      "md": 0,
      "fxml": 0,
      "sh": 0,
      "bat": 0,
      "gradle": 0,
      "txt": 0
    },
    "kelvinnharris": {
      "java": 202,
      "md": 0,
      "fxml": 0,
      "sh": 0,
      "bat": 0,
      "gradle": 0,
      "txt": 0
    }
  },
  "authorContributionVariance": {
    "Jeffry Lum": 0.0,
    "kelvinnharris": 14045.0
  },
  "authorDisplayNameMap": {
    "Jeffry Lum": "Jeffry Lum",
    "kelvinnharris": "kelvinnharris"
  }
}
