{
  "authorDailyContributionsMap": {
    "qiujiaaa": [
      {
        "insertions": 227,
        "deletions": 58,
        "date": "2019-08-20",
        "commitResults": [
          {
            "hash": "e4f8b5e5f4c7801d5b578eec964279a83c4ccb62",
            "messageTitle": "update Level-1",
            "messageBody": "",
            "insertions": 33,
            "deletions": 6
          },
          {
            "hash": "14138b12e15171e545e4e27b41e2df1e8032d026",
            "messageTitle": "update Level-2",
            "messageBody": "",
            "insertions": 18,
            "deletions": 1
          },
          {
            "hash": "6ce7d51c9d0f8c90b317483d67ecc840196e21f2",
            "messageTitle": "update Level-3",
            "messageBody": "",
            "insertions": 47,
            "deletions": 15
          },
          {
            "hash": "567ce868f4ccceaac84d82c983a7a146f544517a",
            "messageTitle": "update Level-4",
            "messageBody": "",
            "insertions": 62,
            "deletions": 4
          },
          {
            "hash": "aa102ad562ef0215047a24a59001c75cbb3ecb78",
            "messageTitle": "update Level-5",
            "messageBody": "",
            "insertions": 67,
            "deletions": 32
          }
        ]
      },
      {
        "insertions": 20,
        "deletions": 0,
        "date": "2019-08-21",
        "commitResults": [
          {
            "hash": "be03219fde22208e2839a56f0b6682e9f87103e8",
            "messageTitle": "update Level-6",
            "messageBody": "",
            "insertions": 20,
            "deletions": 0
          }
        ]
      },
      {
        "insertions": 188,
        "deletions": 24,
        "date": "2019-08-25",
        "commitResults": [
          {
            "hash": "8cb6447e1178c36082a446d2010890ea09a8c2ba",
            "messageTitle": "update Level-7",
            "messageBody": "",
            "insertions": 143,
            "deletions": 18
          },
          {
            "hash": "01447f5b902354654a2ef628b8ac7abfea4c036b",
            "messageTitle": "update Level-8",
            "messageBody": "",
            "insertions": 41,
            "deletions": 2
          },
          {
            "hash": "f90b4810143b8cc9f09cb0e9c2d3c7bfb1f9883c",
            "messageTitle": "fixed bug for Level-8",
            "messageBody": "",
            "insertions": 4,
            "deletions": 4
          }
        ]
      },
      {
        "insertions": 875,
        "deletions": 159,
        "date": "2019-08-26",
        "commitResults": [
          {
            "hash": "c718f711b7be459445601a0eef6d52ea522d284b",
            "messageTitle": "update A-MoreOOP",
            "messageBody": "",
            "insertions": 308,
            "deletions": 140
          },
          {
            "hash": "aa89aa08b5f03262f1135e9e7fe37a1231561635",
            "messageTitle": "update A-Packages",
            "messageBody": "",
            "insertions": 93,
            "deletions": 9
          },
          {
            "hash": "db072508568aa829693f069c4f094bb5cee6635b",
            "messageTitle": "update A-JUnit",
            "messageBody": "",
            "insertions": 78,
            "deletions": 0
          },
          {
            "hash": "05bfd080549b1448c9e33ec405a4efd8967d30c8",
            "messageTitle": "update A-JavaDoc",
            "messageBody": "",
            "insertions": 243,
            "deletions": 6
          },
          {
            "hash": "d0caee329654ffae9286e58bcec1bf7219da539b",
            "messageTitle": "update A-CodingStandard",
            "messageBody": "",
            "insertions": 27,
            "deletions": 3
          },
          {
            "hash": "0335034c8266f3896925e9c17d13c16fd5f35b11",
            "messageTitle": "update Level-9",
            "messageBody": "",
            "insertions": 74,
            "deletions": 0
          },
          {
            "hash": "dbfbcfa32c09c98ceb645d6356dd057b7e365cb5",
            "messageTitle": "minor edits to javadoc comments",
            "messageBody": "",
            "insertions": 52,
            "deletions": 1
          }
        ]
      },
      {
        "insertions": 101,
        "deletions": 77,
        "date": "2019-09-02",
        "commitResults": [
          {
            "hash": "70d7ec4b6427425c7c41c4712bb0906fd177ef1a",
            "messageTitle": "update A-Gradle",
            "messageBody": "",
            "insertions": 32,
            "deletions": 10
          },
          {
            "hash": "b481d01d40197f5e7d24bf75c5f1e16ffa3082c1",
            "messageTitle": "minor edits to tab spaces",
            "messageBody": "",
            "insertions": 34,
            "deletions": 33
          },
          {
            "hash": "31f8d5ae9be37a3ded30b11190ccd592718df474",
            "messageTitle": "update A-CheckStyle",
            "messageBody": "",
            "insertions": 16,
            "deletions": 14
          },
          {
            "hash": "94dd08ec0fc109933e46478de645a64d5a94a958",
            "messageTitle": "update storing data after each command instead of only after the exit command",
            "messageBody": "",
            "insertions": 19,
            "deletions": 20
          }
        ]
      },
      {
        "insertions": 330,
        "deletions": 6,
        "date": "2019-09-03",
        "commitResults": [
          {
            "hash": "7385490044171581c8296c442fe188c24bed5a3b",
            "messageTitle": "add GUI",
            "messageBody": "",
            "insertions": 330,
            "deletions": 6
          }
        ]
      },
      {
        "insertions": 232,
        "deletions": 254,
        "date": "2019-09-04",
        "commitResults": [
          {
            "hash": "6a3649e40b5749f5d271735d20326c08039906ca",
            "messageTitle": "update UI",
            "messageBody": "",
            "insertions": 152,
            "deletions": 232
          },
          {
            "hash": "6035487a144fc14b7a6eaa90470a15414fa7266b",
            "messageTitle": "update test cases and some javadoc comments",
            "messageBody": "",
            "insertions": 23,
            "deletions": 18
          },
          {
            "hash": "79eddd00d6c52f9df039963ddda17daee53f9238",
            "messageTitle": "update date format",
            "messageBody": "",
            "insertions": 57,
            "deletions": 4
          }
        ]
      }
    ]
  },
  "authorFinalContributionMap": {
    "qiujiaaa": 1398
  },
  "authorFileTypeContributionMap": {
    "qiujiaaa": {
      "java": 1331,
      "md": 2,
      "fxml": 35,
      "sh": 0,
      "bat": 0,
      "gradle": 26,
      "txt": 4
    }
  },
  "authorContributionVariance": {
    "qiujiaaa": 62556.05
  },
  "authorDisplayNameMap": {
    "qiujiaaa": "CS2103T-T09-4 OOI Q ... U JIA"
  }
}
