{
  "authorDailyContributionsMap": {
    "TSAI-HSIAO-HAN": [
      {
        "insertions": 265,
        "deletions": 52,
        "date": "2019-08-20",
        "commitResults": [
          {
            "hash": "024e753e3c7eabe39e29492a6b1920fbba8fb613",
            "messageTitle": "Echo and end with bye",
            "messageBody": "",
            "insertions": 23,
            "deletions": 1
          },
          {
            "hash": "ac433d829eac92efd6850f0deb1cc7473ab52bb0",
            "messageTitle": "Add add function and list function",
            "messageBody": "",
            "insertions": 11,
            "deletions": 1
          },
          {
            "hash": "23460065613afff0a5275e8a8627f1d576900623",
            "messageTitle": "Add Task class and mark as done function",
            "messageBody": "",
            "insertions": 33,
            "deletions": 3
          },
          {
            "hash": "92560cc1e99c99d2de12b29dd5ff8144d7528ef4",
            "messageTitle": "add space",
            "messageBody": "",
            "insertions": 2,
            "deletions": 1
          },
          {
            "hash": "779a0f7b9e7d3eeb0d3cc67ce48568e0d0417b4c",
            "messageTitle": "Add Todo, Event, Deadline class extends from Task abstract class",
            "messageBody": "",
            "insertions": 69,
            "deletions": 11
          },
          {
            "hash": "b4183439097bb17d16e231380ca7bec852d948b0",
            "messageTitle": "Add error testing",
            "messageBody": "",
            "insertions": 40,
            "deletions": 0
          },
          {
            "hash": "08fc60665756f1456203595137c2452384e216f7",
            "messageTitle": "exception handling(add DukeException class)",
            "messageBody": "",
            "insertions": 69,
            "deletions": 35
          },
          {
            "hash": "86af51f6ccbeaec9274cf1697b31288807cff732",
            "messageTitle": "Add delete function",
            "messageBody": "",
            "insertions": 18,
            "deletions": 0
          }
        ]
      },
      {
        "insertions": 112,
        "deletions": 9,
        "date": "2019-08-28",
        "commitResults": [
          {
            "hash": "da1f2dc6a34196aa3b0387ec85ec8e534f37abca",
            "messageTitle": "add reset and read file function",
            "messageBody": "",
            "insertions": 86,
            "deletions": 3
          },
          {
            "hash": "e18cab5e440ee7bbd8b1035bd63f20f379fc54ab",
            "messageTitle": "Add Date Object to Deadline and Event class",
            "messageBody": "",
            "insertions": 26,
            "deletions": 6
          }
        ]
      }
    ]
  },
  "authorFinalContributionMap": {
    "TSAI-HSIAO-HAN": 317
  },
  "authorFileTypeContributionMap": {
    "TSAI-HSIAO-HAN": {
      "java": 273,
      "md": 0,
      "fxml": 0,
      "sh": 34,
      "bat": 0,
      "gradle": 0,
      "txt": 10
    }
  },
  "authorContributionVariance": {
    "TSAI-HSIAO-HAN": 7720.982
  },
  "authorDisplayNameMap": {
    "TSAI-HSIAO-HAN": "TSAI, ... O-HAN"
  }
}
