{
  "authorDailyContributionsMap": {
    "yhtingg": [
      {
        "insertions": 24,
        "deletions": 1,
        "date": "2019-08-20",
        "commitResults": [
          {
            "hash": "5211221b4127e6f424b3aeecb5436373f8c598aa",
            "messageTitle": "Add Gradle support for Checkstyle and Testing",
            "messageBody": "",
            "insertions": 24,
            "deletions": 1
          }
        ]
      },
      {
        "insertions": 145,
        "deletions": 21,
        "date": "2019-08-21",
        "commitResults": [
          {
            "hash": "194688bdf6c9a154fe950aa2697f73ce0e916589",
            "messageTitle": "Implement Level-1 features",
            "messageBody": "",
            "insertions": 47,
            "deletions": 0
          },
          {
            "hash": "686ae78b7ebf1819738f420ff4ec004ee0654235",
            "messageTitle": "Implement Level-2 features",
            "messageBody": "",
            "insertions": 51,
            "deletions": 11
          },
          {
            "hash": "3c13bbfdd2f1cb9dfc226faed9a772e4a41784c4",
            "messageTitle": "Implement Level-3 features",
            "messageBody": "",
            "insertions": 47,
            "deletions": 10
          }
        ]
      }
    ],
    "Jeffry Lum": [
      {
        "insertions": 2,
        "deletions": 2,
        "date": "2019-08-16",
        "commitResults": [
          {
            "hash": "5df56a8908679dfc9efc6fcca655b1f9de85d51e",
            "messageTitle": "Remove references to DukeStub",
            "messageBody": "",
            "insertions": 2,
            "deletions": 2
          }
        ]
      }
    ]
  },
  "authorFinalContributionMap": {
    "yhtingg": 147,
    "Jeffry Lum": 103
  },
  "authorFileTypeContributionMap": {
    "yhtingg": {
      "java": 125,
      "md": 0,
      "fxml": 0,
      "sh": 0,
      "bat": 0,
      "gradle": 22,
      "txt": 0
    },
    "Jeffry Lum": {
      "java": 1,
      "md": 2,
      "fxml": 0,
      "sh": 0,
      "bat": 84,
      "gradle": 16,
      "txt": 0
    }
  },
  "authorContributionVariance": {
    "yhtingg": 3683.4727,
    "Jeffry Lum": 2.2222223
  },
  "authorDisplayNameMap": {
    "yhtingg": "yhtingg",
    "Jeffry Lum": "Jeffry Lum"
  }
}
