{
  "authorDailyContributionsMap": {
    "ambervoong": [
      {
        "insertions": 101,
        "deletions": 16,
        "date": "2019-08-18",
        "commitResults": [
          {
            "hash": "1c091a4e773ea6c9602490c44c5e9ed9953a7530",
            "messageTitle": "Set up Gradle, Checkstyle, and Shadow plugins as well as Junit.",
            "messageBody": "",
            "insertions": 22,
            "deletions": 1
          },
          {
            "hash": "6d6d0245fecfcc3297757dade4b4119150ed54c0",
            "messageTitle": "Implement Level 1. Greet, Echo, Exit.",
            "messageBody": "",
            "insertions": 56,
            "deletions": 10
          },
          {
            "hash": "ea74023a095e8704ca9bb6b496550e78f2c4afee",
            "messageTitle": "Implement Level 2. Add, List.",
            "messageBody": "",
            "insertions": 23,
            "deletions": 5
          }
        ]
      },
      {
        "insertions": 256,
        "deletions": 49,
        "date": "2019-08-19",
        "commitResults": [
          {
            "hash": "67b3bcb611af7775685f7086b36bab22c150e851",
            "messageTitle": "Implement A-Classes.",
            "messageBody": "",
            "insertions": 3,
            "deletions": 1
          },
          {
            "hash": "6e2b52c9a9e5bc4699ddad16f4c37b6c461ae636",
            "messageTitle": "Implement Level 3. Mark as Done.",
            "messageBody": "",
            "insertions": 77,
            "deletions": 19
          },
          {
            "hash": "468aa3654811026a2bb06e252942ddf0a812ca29",
            "messageTitle": "Implement A-Inheritance to create 3 new task types, extending class Task.",
            "messageBody": "",
            "insertions": 77,
            "deletions": 4
          },
          {
            "hash": "3b9d16767918f57fc33e0482654ae2ec28b2d07f",
            "messageTitle": "Implement Level 4. ToDos, Events, Deadlines.",
            "messageBody": "",
            "insertions": 64,
            "deletions": 25
          },
          {
            "hash": "c1c7650ff64833284cf12fade222391ec5816ea5",
            "messageTitle": "Implement A-TextUiTesting. Test cases and output are not committed as they belong in bin/.",
            "messageBody": "",
            "insertions": 35,
            "deletions": 0
          }
        ]
      },
      {
        "insertions": 127,
        "deletions": 51,
        "date": "2019-08-20",
        "commitResults": [
          {
            "hash": "0f29e39de4662d5f22884a00a448af0278c58433",
            "messageTitle": "Implement Level 5. Handle Errors and A-Exceptions. Stretch goal: handle all possible errors.",
            "messageBody": "",
            "insertions": 58,
            "deletions": 17
          },
          {
            "hash": "eeb65b1c2439e208f733abbe898ef99dd78c8bd4",
            "messageTitle": "Implement Level 6. Delete, A-Enums. A-Collections already implemented earlier but was not tagged.",
            "messageBody": "",
            "insertions": 69,
            "deletions": 34
          }
        ]
      },
      {
        "insertions": 448,
        "deletions": 196,
        "date": "2019-08-26",
        "commitResults": [
          {
            "hash": "7fee3654ca8c56f55b606881963a9fcdb8efcb6f",
            "messageTitle": "Make code more OOP. Extract Ui, Parser, Tasklist and Command classes.",
            "messageBody": "",
            "insertions": 448,
            "deletions": 196
          }
        ]
      }
    ]
  },
  "authorFinalContributionMap": {
    "ambervoong": 631
  },
  "authorFileTypeContributionMap": {
    "ambervoong": {
      "java": 574,
      "md": 0,
      "fxml": 0,
      "sh": 35,
      "bat": 0,
      "gradle": 22,
      "txt": 0
    }
  },
  "authorContributionVariance": {
    "ambervoong": 37495.35
  },
  "authorDisplayNameMap": {
    "ambervoong": "VOON .. XUAN"
  }
}
