[
  {
    "path": "src/main/java/DateTime.java",
    "fileType": "java",
    "lines": [
      {
        "lineNumber": 1,
        "author": {
          "gitId": "CowSaysBaa"
        },
        "content": "public class DateTime {"
      },
      {
        "lineNumber": 2,
        "author": {
          "gitId": "CowSaysBaa"
        },
        "content": "    private int day, month, year, time;"
      },
      {
        "lineNumber": 3,
        "author": {
          "gitId": "CowSaysBaa"
        },
        "content": ""
      },
      {
        "lineNumber": 4,
        "author": {
          "gitId": "CowSaysBaa"
        },
        "content": "    public DateTime(String input) throws IndexOutOfBoundsException, DukeException, NumberFormatException {"
      },
      {
        "lineNumber": 5,
        "author": {
          "gitId": "CowSaysBaa"
        },
        "content": "        String[] rawInput \u003d input.split(\" \");"
      },
      {
        "lineNumber": 6,
        "author": {
          "gitId": "CowSaysBaa"
        },
        "content": "        String[] date \u003d rawInput[0].split(\"/\");"
      },
      {
        "lineNumber": 7,
        "author": {
          "gitId": "CowSaysBaa"
        },
        "content": ""
      },
      {
        "lineNumber": 8,
        "author": {
          "gitId": "CowSaysBaa"
        },
        "content": "        this.day \u003d Integer.parseInt(date[0]);"
      },
      {
        "lineNumber": 9,
        "author": {
          "gitId": "CowSaysBaa"
        },
        "content": "        this.month \u003d Integer.parseInt(date[1]);"
      },
      {
        "lineNumber": 10,
        "author": {
          "gitId": "CowSaysBaa"
        },
        "content": "        this.year \u003d Integer.parseInt(date[2]);"
      },
      {
        "lineNumber": 11,
        "author": {
          "gitId": "CowSaysBaa"
        },
        "content": "        this.time \u003d Integer.parseInt(rawInput[1]);"
      },
      {
        "lineNumber": 12,
        "author": {
          "gitId": "CowSaysBaa"
        },
        "content": ""
      },
      {
        "lineNumber": 13,
        "author": {
          "gitId": "CowSaysBaa"
        },
        "content": "        if (time \u003e 2359 || time \u003c 0) {"
      },
      {
        "lineNumber": 14,
        "author": {
          "gitId": "CowSaysBaa"
        },
        "content": "            throw new DukeException(\"Please enter a valid time\");"
      },
      {
        "lineNumber": 15,
        "author": {
          "gitId": "CowSaysBaa"
        },
        "content": "        }"
      },
      {
        "lineNumber": 16,
        "author": {
          "gitId": "CowSaysBaa"
        },
        "content": ""
      },
      {
        "lineNumber": 17,
        "author": {
          "gitId": "CowSaysBaa"
        },
        "content": "        if (day \u003c 1 || day \u003e 31) {"
      },
      {
        "lineNumber": 18,
        "author": {
          "gitId": "CowSaysBaa"
        },
        "content": "            throw new DukeException(\"Please enter a valid day\");"
      },
      {
        "lineNumber": 19,
        "author": {
          "gitId": "CowSaysBaa"
        },
        "content": "        }"
      },
      {
        "lineNumber": 20,
        "author": {
          "gitId": "CowSaysBaa"
        },
        "content": ""
      },
      {
        "lineNumber": 21,
        "author": {
          "gitId": "CowSaysBaa"
        },
        "content": "        if (month \u003c 1 || month \u003e 12) {"
      },
      {
        "lineNumber": 22,
        "author": {
          "gitId": "CowSaysBaa"
        },
        "content": "            throw new DukeException(\"Please enter a valid month\");"
      },
      {
        "lineNumber": 23,
        "author": {
          "gitId": "CowSaysBaa"
        },
        "content": "        }"
      },
      {
        "lineNumber": 24,
        "author": {
          "gitId": "CowSaysBaa"
        },
        "content": "    }"
      },
      {
        "lineNumber": 25,
        "author": {
          "gitId": "CowSaysBaa"
        },
        "content": ""
      },
      {
        "lineNumber": 26,
        "author": {
          "gitId": "CowSaysBaa"
        },
        "content": "    @Override"
      },
      {
        "lineNumber": 27,
        "author": {
          "gitId": "CowSaysBaa"
        },
        "content": "    public String toString() {"
      },
      {
        "lineNumber": 28,
        "author": {
          "gitId": "CowSaysBaa"
        },
        "content": "        return this.day + \"/\" + this.month + \"/\" + this.year + \" \" + this.time;"
      },
      {
        "lineNumber": 29,
        "author": {
          "gitId": "CowSaysBaa"
        },
        "content": "    }"
      },
      {
        "lineNumber": 30,
        "author": {
          "gitId": "CowSaysBaa"
        },
        "content": "}"
      }
    ],
    "authorContributionMap": {
      "CowSaysBaa": 30
    }
  },
  {
    "path": "src/main/java/Deadlines.java",
    "fileType": "java",
    "lines": [
      {
        "lineNumber": 1,
        "author": {
          "gitId": "CowSaysBaa"
        },
        "content": "public class Deadlines extends Task {"
      },
      {
        "lineNumber": 2,
        "author": {
          "gitId": "CowSaysBaa"
        },
        "content": ""
      },
      {
        "lineNumber": 3,
        "author": {
          "gitId": "CowSaysBaa"
        },
        "content": "    protected DateTime date;"
      },
      {
        "lineNumber": 4,
        "author": {
          "gitId": "CowSaysBaa"
        },
        "content": ""
      },
      {
        "lineNumber": 5,
        "author": {
          "gitId": "CowSaysBaa"
        },
        "content": ""
      },
      {
        "lineNumber": 6,
        "author": {
          "gitId": "CowSaysBaa"
        },
        "content": "    public Deadlines(String description, DateTime date, boolean isDone) {"
      },
      {
        "lineNumber": 7,
        "author": {
          "gitId": "CowSaysBaa"
        },
        "content": "        super(description, isDone);"
      },
      {
        "lineNumber": 8,
        "author": {
          "gitId": "CowSaysBaa"
        },
        "content": "        this.date \u003d date;"
      },
      {
        "lineNumber": 9,
        "author": {
          "gitId": "CowSaysBaa"
        },
        "content": "    }"
      },
      {
        "lineNumber": 10,
        "author": {
          "gitId": "CowSaysBaa"
        },
        "content": ""
      },
      {
        "lineNumber": 11,
        "author": {
          "gitId": "CowSaysBaa"
        },
        "content": "    public DateTime getDate() {"
      },
      {
        "lineNumber": 12,
        "author": {
          "gitId": "CowSaysBaa"
        },
        "content": "        return this.date;"
      },
      {
        "lineNumber": 13,
        "author": {
          "gitId": "CowSaysBaa"
        },
        "content": "    }"
      },
      {
        "lineNumber": 14,
        "author": {
          "gitId": "CowSaysBaa"
        },
        "content": ""
      },
      {
        "lineNumber": 15,
        "author": {
          "gitId": "CowSaysBaa"
        },
        "content": "    @Override"
      },
      {
        "lineNumber": 16,
        "author": {
          "gitId": "CowSaysBaa"
        },
        "content": "    public String toString() {"
      },
      {
        "lineNumber": 17,
        "author": {
          "gitId": "CowSaysBaa"
        },
        "content": "        return \"[D]\" + \"[\" + getStatusIcon() + \"] \" + getDescription() + \" (by: \" + date + \")\";"
      },
      {
        "lineNumber": 18,
        "author": {
          "gitId": "CowSaysBaa"
        },
        "content": "    }"
      },
      {
        "lineNumber": 19,
        "author": {
          "gitId": "CowSaysBaa"
        },
        "content": "}"
      }
    ],
    "authorContributionMap": {
      "CowSaysBaa": 19
    }
  },
  {
    "path": "src/main/java/Duke.java",
    "fileType": "java",
    "lines": [
      {
        "lineNumber": 1,
        "author": {
          "gitId": "CowSaysBaa"
        },
        "content": "import java.io.FileNotFoundException;"
      },
      {
        "lineNumber": 2,
        "author": {
          "gitId": "CowSaysBaa"
        },
        "content": "import java.io.IOException;"
      },
      {
        "lineNumber": 3,
        "author": {
          "gitId": "CowSaysBaa"
        },
        "content": ""
      },
      {
        "lineNumber": 4,
        "author": {
          "gitId": "-"
        },
        "content": "public class Duke {"
      },
      {
        "lineNumber": 5,
        "author": {
          "gitId": "-"
        },
        "content": "    public static void main(String[] args) {"
      },
      {
        "lineNumber": 6,
        "author": {
          "gitId": "CowSaysBaa"
        },
        "content": "        ToDoList work \u003d new ToDoList();"
      },
      {
        "lineNumber": 7,
        "author": {
          "gitId": "CowSaysBaa"
        },
        "content": "        Ui ui \u003d new Ui();"
      },
      {
        "lineNumber": 8,
        "author": {
          "gitId": "CowSaysBaa"
        },
        "content": ""
      },
      {
        "lineNumber": 9,
        "author": {
          "gitId": "CowSaysBaa"
        },
        "content": "        ui.printMessage(\"Hello! I\u0027m Duke\\n     What can i do for you?\");"
      },
      {
        "lineNumber": 10,
        "author": {
          "gitId": "CowSaysBaa"
        },
        "content": ""
      },
      {
        "lineNumber": 11,
        "author": {
          "gitId": "CowSaysBaa"
        },
        "content": "        try {"
      },
      {
        "lineNumber": 12,
        "author": {
          "gitId": "CowSaysBaa"
        },
        "content": "            work.run();"
      },
      {
        "lineNumber": 13,
        "author": {
          "gitId": "CowSaysBaa"
        },
        "content": "        } catch (IOException e) {"
      },
      {
        "lineNumber": 14,
        "author": {
          "gitId": "CowSaysBaa"
        },
        "content": "            ui.printError(e.getMessage());"
      },
      {
        "lineNumber": 15,
        "author": {
          "gitId": "CowSaysBaa"
        },
        "content": "        }"
      },
      {
        "lineNumber": 16,
        "author": {
          "gitId": "CowSaysBaa"
        },
        "content": ""
      },
      {
        "lineNumber": 17,
        "author": {
          "gitId": "-"
        },
        "content": "    }"
      },
      {
        "lineNumber": 18,
        "author": {
          "gitId": "-"
        },
        "content": "}"
      }
    ],
    "authorContributionMap": {
      "-": 4,
      "CowSaysBaa": 14
    }
  },
  {
    "path": "src/main/java/DukeException.java",
    "fileType": "java",
    "lines": [
      {
        "lineNumber": 1,
        "author": {
          "gitId": "CowSaysBaa"
        },
        "content": "public class DukeException extends Exception {"
      },
      {
        "lineNumber": 2,
        "author": {
          "gitId": "CowSaysBaa"
        },
        "content": ""
      },
      {
        "lineNumber": 3,
        "author": {
          "gitId": "CowSaysBaa"
        },
        "content": "    private String s;"
      },
      {
        "lineNumber": 4,
        "author": {
          "gitId": "CowSaysBaa"
        },
        "content": ""
      },
      {
        "lineNumber": 5,
        "author": {
          "gitId": "CowSaysBaa"
        },
        "content": "    public DukeException(String s) {"
      },
      {
        "lineNumber": 6,
        "author": {
          "gitId": "CowSaysBaa"
        },
        "content": "        super(s);"
      },
      {
        "lineNumber": 7,
        "author": {
          "gitId": "CowSaysBaa"
        },
        "content": "        this.s \u003d s;"
      },
      {
        "lineNumber": 8,
        "author": {
          "gitId": "CowSaysBaa"
        },
        "content": "    }"
      },
      {
        "lineNumber": 9,
        "author": {
          "gitId": "CowSaysBaa"
        },
        "content": ""
      },
      {
        "lineNumber": 10,
        "author": {
          "gitId": "CowSaysBaa"
        },
        "content": "}"
      }
    ],
    "authorContributionMap": {
      "CowSaysBaa": 10
    }
  },
  {
    "path": "src/main/java/Events.java",
    "fileType": "java",
    "lines": [
      {
        "lineNumber": 1,
        "author": {
          "gitId": "CowSaysBaa"
        },
        "content": "public class Events extends Task {"
      },
      {
        "lineNumber": 2,
        "author": {
          "gitId": "CowSaysBaa"
        },
        "content": ""
      },
      {
        "lineNumber": 3,
        "author": {
          "gitId": "CowSaysBaa"
        },
        "content": "    protected DateTime date;"
      },
      {
        "lineNumber": 4,
        "author": {
          "gitId": "CowSaysBaa"
        },
        "content": ""
      },
      {
        "lineNumber": 5,
        "author": {
          "gitId": "CowSaysBaa"
        },
        "content": "    public Events(String description, DateTime date, boolean isDone) {"
      },
      {
        "lineNumber": 6,
        "author": {
          "gitId": "CowSaysBaa"
        },
        "content": "        super(description, isDone);"
      },
      {
        "lineNumber": 7,
        "author": {
          "gitId": "CowSaysBaa"
        },
        "content": "        this.date \u003d date;"
      },
      {
        "lineNumber": 8,
        "author": {
          "gitId": "CowSaysBaa"
        },
        "content": "    }"
      },
      {
        "lineNumber": 9,
        "author": {
          "gitId": "CowSaysBaa"
        },
        "content": ""
      },
      {
        "lineNumber": 10,
        "author": {
          "gitId": "CowSaysBaa"
        },
        "content": "    public DateTime getDate() {"
      },
      {
        "lineNumber": 11,
        "author": {
          "gitId": "CowSaysBaa"
        },
        "content": "        return this.date;"
      },
      {
        "lineNumber": 12,
        "author": {
          "gitId": "CowSaysBaa"
        },
        "content": "    }"
      },
      {
        "lineNumber": 13,
        "author": {
          "gitId": "CowSaysBaa"
        },
        "content": ""
      },
      {
        "lineNumber": 14,
        "author": {
          "gitId": "CowSaysBaa"
        },
        "content": "    @Override"
      },
      {
        "lineNumber": 15,
        "author": {
          "gitId": "CowSaysBaa"
        },
        "content": "    public String toString() {"
      },
      {
        "lineNumber": 16,
        "author": {
          "gitId": "CowSaysBaa"
        },
        "content": "        return \"[E]\" + \"[\" + getStatusIcon() + \"] \" + getDescription() + \" (at: \" + date + \")\";"
      },
      {
        "lineNumber": 17,
        "author": {
          "gitId": "CowSaysBaa"
        },
        "content": "    }"
      },
      {
        "lineNumber": 18,
        "author": {
          "gitId": "CowSaysBaa"
        },
        "content": "}"
      }
    ],
    "authorContributionMap": {
      "CowSaysBaa": 18
    }
  },
  {
    "path": "src/main/java/Parser.java",
    "fileType": "java",
    "lines": [
      {
        "lineNumber": 1,
        "author": {
          "gitId": "CowSaysBaa"
        },
        "content": "import java.io.IOException;"
      },
      {
        "lineNumber": 2,
        "author": {
          "gitId": "CowSaysBaa"
        },
        "content": ""
      },
      {
        "lineNumber": 3,
        "author": {
          "gitId": "CowSaysBaa"
        },
        "content": "public class Parser {"
      },
      {
        "lineNumber": 4,
        "author": {
          "gitId": "CowSaysBaa"
        },
        "content": ""
      },
      {
        "lineNumber": 5,
        "author": {
          "gitId": "CowSaysBaa"
        },
        "content": "    public static void parse(String input, Ui ui, TaskList task, Storage storage) throws IOException {"
      },
      {
        "lineNumber": 6,
        "author": {
          "gitId": "CowSaysBaa"
        },
        "content": ""
      },
      {
        "lineNumber": 7,
        "author": {
          "gitId": "CowSaysBaa"
        },
        "content": "        if (input.equals(\"list\")) {"
      },
      {
        "lineNumber": 8,
        "author": {
          "gitId": "CowSaysBaa"
        },
        "content": "            ui.printList(task.getList());"
      },
      {
        "lineNumber": 9,
        "author": {
          "gitId": "CowSaysBaa"
        },
        "content": "        } else {"
      },
      {
        "lineNumber": 10,
        "author": {
          "gitId": "CowSaysBaa"
        },
        "content": "            String[] temp \u003d input.split(\" \");"
      },
      {
        "lineNumber": 11,
        "author": {
          "gitId": "CowSaysBaa"
        },
        "content": "            if (temp.length \u003d\u003d 0) {"
      },
      {
        "lineNumber": 12,
        "author": {
          "gitId": "CowSaysBaa"
        },
        "content": "                ui.printMessage(\"Please input something :(\");"
      },
      {
        "lineNumber": 13,
        "author": {
          "gitId": "CowSaysBaa"
        },
        "content": "            } else if (temp[0].equals(\"done\")) {"
      },
      {
        "lineNumber": 14,
        "author": {
          "gitId": "CowSaysBaa"
        },
        "content": "                try {"
      },
      {
        "lineNumber": 15,
        "author": {
          "gitId": "CowSaysBaa"
        },
        "content": "                    int index \u003d Integer.parseInt(temp[1]) - 1;"
      },
      {
        "lineNumber": 16,
        "author": {
          "gitId": "CowSaysBaa"
        },
        "content": "                    ui.printDone(task.getList(), index);"
      },
      {
        "lineNumber": 17,
        "author": {
          "gitId": "CowSaysBaa"
        },
        "content": "                    storage.arrayToFile(task.getList());"
      },
      {
        "lineNumber": 18,
        "author": {
          "gitId": "CowSaysBaa"
        },
        "content": "                } catch (NullPointerException e) {"
      },
      {
        "lineNumber": 19,
        "author": {
          "gitId": "CowSaysBaa"
        },
        "content": "                    ui.printError(\"Please input a valid task number.\");"
      },
      {
        "lineNumber": 20,
        "author": {
          "gitId": "CowSaysBaa"
        },
        "content": "                }"
      },
      {
        "lineNumber": 21,
        "author": {
          "gitId": "CowSaysBaa"
        },
        "content": ""
      },
      {
        "lineNumber": 22,
        "author": {
          "gitId": "CowSaysBaa"
        },
        "content": "            } else if (temp[0].equals(\"delete\")) { //command to delete task"
      },
      {
        "lineNumber": 23,
        "author": {
          "gitId": "CowSaysBaa"
        },
        "content": "                try {"
      },
      {
        "lineNumber": 24,
        "author": {
          "gitId": "CowSaysBaa"
        },
        "content": "                    Task toRemove \u003d task.getList().remove(Integer.parseInt(temp[1]) - 1);"
      },
      {
        "lineNumber": 25,
        "author": {
          "gitId": "CowSaysBaa"
        },
        "content": "                    ui.printRemove(task.getList(), toRemove);"
      },
      {
        "lineNumber": 26,
        "author": {
          "gitId": "CowSaysBaa"
        },
        "content": "                    storage.arrayToFile(task.getList());"
      },
      {
        "lineNumber": 27,
        "author": {
          "gitId": "CowSaysBaa"
        },
        "content": ""
      },
      {
        "lineNumber": 28,
        "author": {
          "gitId": "CowSaysBaa"
        },
        "content": "                } catch (NullPointerException e) {"
      },
      {
        "lineNumber": 29,
        "author": {
          "gitId": "CowSaysBaa"
        },
        "content": "                    ui.printError(\"Please input a valid task number to delete.\");"
      },
      {
        "lineNumber": 30,
        "author": {
          "gitId": "CowSaysBaa"
        },
        "content": "                } catch (IndexOutOfBoundsException e) {"
      },
      {
        "lineNumber": 31,
        "author": {
          "gitId": "CowSaysBaa"
        },
        "content": "                    ui.printError(\"Please input a valid task number to delete.\");"
      },
      {
        "lineNumber": 32,
        "author": {
          "gitId": "CowSaysBaa"
        },
        "content": "                }"
      },
      {
        "lineNumber": 33,
        "author": {
          "gitId": "CowSaysBaa"
        },
        "content": "            } else { //command to add task to list"
      },
      {
        "lineNumber": 34,
        "author": {
          "gitId": "CowSaysBaa"
        },
        "content": ""
      },
      {
        "lineNumber": 35,
        "author": {
          "gitId": "CowSaysBaa"
        },
        "content": "                DateTime date;"
      },
      {
        "lineNumber": 36,
        "author": {
          "gitId": "CowSaysBaa"
        },
        "content": "                String message;"
      },
      {
        "lineNumber": 37,
        "author": {
          "gitId": "CowSaysBaa"
        },
        "content": "                boolean added \u003d false;"
      },
      {
        "lineNumber": 38,
        "author": {
          "gitId": "CowSaysBaa"
        },
        "content": ""
      },
      {
        "lineNumber": 39,
        "author": {
          "gitId": "CowSaysBaa"
        },
        "content": "                try {"
      },
      {
        "lineNumber": 40,
        "author": {
          "gitId": "CowSaysBaa"
        },
        "content": "                    switch (temp[0]) {"
      },
      {
        "lineNumber": 41,
        "author": {
          "gitId": "CowSaysBaa"
        },
        "content": "                    case \"deadline\":"
      },
      {
        "lineNumber": 42,
        "author": {
          "gitId": "CowSaysBaa"
        },
        "content": "                        task.addDeadline(input, false);"
      },
      {
        "lineNumber": 43,
        "author": {
          "gitId": "CowSaysBaa"
        },
        "content": "                        added \u003d true;"
      },
      {
        "lineNumber": 44,
        "author": {
          "gitId": "CowSaysBaa"
        },
        "content": "                        storage.arrayToFile(task.getList());"
      },
      {
        "lineNumber": 45,
        "author": {
          "gitId": "CowSaysBaa"
        },
        "content": "                        break;"
      },
      {
        "lineNumber": 46,
        "author": {
          "gitId": "CowSaysBaa"
        },
        "content": "                    case \"event\":"
      },
      {
        "lineNumber": 47,
        "author": {
          "gitId": "CowSaysBaa"
        },
        "content": "                        task.addEvent(input, false);"
      },
      {
        "lineNumber": 48,
        "author": {
          "gitId": "CowSaysBaa"
        },
        "content": "                        added \u003d true;"
      },
      {
        "lineNumber": 49,
        "author": {
          "gitId": "CowSaysBaa"
        },
        "content": "                        storage.arrayToFile(task.getList());"
      },
      {
        "lineNumber": 50,
        "author": {
          "gitId": "CowSaysBaa"
        },
        "content": "                        break;"
      },
      {
        "lineNumber": 51,
        "author": {
          "gitId": "CowSaysBaa"
        },
        "content": "                    case \"todo\":"
      },
      {
        "lineNumber": 52,
        "author": {
          "gitId": "CowSaysBaa"
        },
        "content": "                        if (temp.length \u003c 2) {"
      },
      {
        "lineNumber": 53,
        "author": {
          "gitId": "CowSaysBaa"
        },
        "content": "                            throw new DukeException(\"☹ OOPS!!! The description of a todo cannot be empty.\");"
      },
      {
        "lineNumber": 54,
        "author": {
          "gitId": "CowSaysBaa"
        },
        "content": "                        }"
      },
      {
        "lineNumber": 55,
        "author": {
          "gitId": "CowSaysBaa"
        },
        "content": "                        task.addToDo(input, false);"
      },
      {
        "lineNumber": 56,
        "author": {
          "gitId": "CowSaysBaa"
        },
        "content": "                        added \u003d true;"
      },
      {
        "lineNumber": 57,
        "author": {
          "gitId": "CowSaysBaa"
        },
        "content": "                        storage.arrayToFile(task.getList());"
      },
      {
        "lineNumber": 58,
        "author": {
          "gitId": "CowSaysBaa"
        },
        "content": "                        break;"
      },
      {
        "lineNumber": 59,
        "author": {
          "gitId": "CowSaysBaa"
        },
        "content": "                    }"
      },
      {
        "lineNumber": 60,
        "author": {
          "gitId": "CowSaysBaa"
        },
        "content": ""
      },
      {
        "lineNumber": 61,
        "author": {
          "gitId": "CowSaysBaa"
        },
        "content": "                    if (added) {"
      },
      {
        "lineNumber": 62,
        "author": {
          "gitId": "CowSaysBaa"
        },
        "content": "                        ui.printAdd(task.getList());"
      },
      {
        "lineNumber": 63,
        "author": {
          "gitId": "CowSaysBaa"
        },
        "content": "                    } else {"
      },
      {
        "lineNumber": 64,
        "author": {
          "gitId": "CowSaysBaa"
        },
        "content": "                        throw new DukeException(\"☹ OOPS!!! I\u0027m sorry, but I don\u0027t know what that means :-(\");"
      },
      {
        "lineNumber": 65,
        "author": {
          "gitId": "CowSaysBaa"
        },
        "content": "                    }"
      },
      {
        "lineNumber": 66,
        "author": {
          "gitId": "CowSaysBaa"
        },
        "content": ""
      },
      {
        "lineNumber": 67,
        "author": {
          "gitId": "CowSaysBaa"
        },
        "content": "                } catch (DukeException e) {"
      },
      {
        "lineNumber": 68,
        "author": {
          "gitId": "CowSaysBaa"
        },
        "content": "                    ui.printError(e.getMessage());"
      },
      {
        "lineNumber": 69,
        "author": {
          "gitId": "CowSaysBaa"
        },
        "content": "                } catch (StringIndexOutOfBoundsException e) {"
      },
      {
        "lineNumber": 70,
        "author": {
          "gitId": "CowSaysBaa"
        },
        "content": "                    ui.printError(\"Please input a task and date.\");"
      },
      {
        "lineNumber": 71,
        "author": {
          "gitId": "CowSaysBaa"
        },
        "content": "                } catch (IndexOutOfBoundsException e) {"
      },
      {
        "lineNumber": 72,
        "author": {
          "gitId": "CowSaysBaa"
        },
        "content": "                    ui.printError(\"Please input a valid date and time.\");"
      },
      {
        "lineNumber": 73,
        "author": {
          "gitId": "CowSaysBaa"
        },
        "content": "                } catch (NumberFormatException e) {"
      },
      {
        "lineNumber": 74,
        "author": {
          "gitId": "CowSaysBaa"
        },
        "content": "                    ui.printError(\"Please input a valid date and time.\");"
      },
      {
        "lineNumber": 75,
        "author": {
          "gitId": "CowSaysBaa"
        },
        "content": "                }"
      },
      {
        "lineNumber": 76,
        "author": {
          "gitId": "CowSaysBaa"
        },
        "content": ""
      },
      {
        "lineNumber": 77,
        "author": {
          "gitId": "CowSaysBaa"
        },
        "content": "            }"
      },
      {
        "lineNumber": 78,
        "author": {
          "gitId": "CowSaysBaa"
        },
        "content": "        }"
      },
      {
        "lineNumber": 79,
        "author": {
          "gitId": "CowSaysBaa"
        },
        "content": ""
      },
      {
        "lineNumber": 80,
        "author": {
          "gitId": "CowSaysBaa"
        },
        "content": "    }"
      },
      {
        "lineNumber": 81,
        "author": {
          "gitId": "CowSaysBaa"
        },
        "content": "}"
      }
    ],
    "authorContributionMap": {
      "CowSaysBaa": 81
    }
  },
  {
    "path": "src/main/java/Storage.java",
    "fileType": "java",
    "lines": [
      {
        "lineNumber": 1,
        "author": {
          "gitId": "CowSaysBaa"
        },
        "content": "import java.io.File;"
      },
      {
        "lineNumber": 2,
        "author": {
          "gitId": "CowSaysBaa"
        },
        "content": "import java.io.FileNotFoundException;"
      },
      {
        "lineNumber": 3,
        "author": {
          "gitId": "CowSaysBaa"
        },
        "content": "import java.io.FileWriter;"
      },
      {
        "lineNumber": 4,
        "author": {
          "gitId": "CowSaysBaa"
        },
        "content": "import java.io.IOException;"
      },
      {
        "lineNumber": 5,
        "author": {
          "gitId": "CowSaysBaa"
        },
        "content": "import java.util.ArrayList;"
      },
      {
        "lineNumber": 6,
        "author": {
          "gitId": "CowSaysBaa"
        },
        "content": "import java.util.Scanner;"
      },
      {
        "lineNumber": 7,
        "author": {
          "gitId": "CowSaysBaa"
        },
        "content": ""
      },
      {
        "lineNumber": 8,
        "author": {
          "gitId": "CowSaysBaa"
        },
        "content": "public class Storage {"
      },
      {
        "lineNumber": 9,
        "author": {
          "gitId": "CowSaysBaa"
        },
        "content": ""
      },
      {
        "lineNumber": 10,
        "author": {
          "gitId": "CowSaysBaa"
        },
        "content": "    String filePath;"
      },
      {
        "lineNumber": 11,
        "author": {
          "gitId": "CowSaysBaa"
        },
        "content": "    File f;"
      },
      {
        "lineNumber": 12,
        "author": {
          "gitId": "CowSaysBaa"
        },
        "content": ""
      },
      {
        "lineNumber": 13,
        "author": {
          "gitId": "CowSaysBaa"
        },
        "content": "    public Storage(String filePath) throws IOException {"
      },
      {
        "lineNumber": 14,
        "author": {
          "gitId": "CowSaysBaa"
        },
        "content": "        this.filePath \u003d filePath;"
      },
      {
        "lineNumber": 15,
        "author": {
          "gitId": "CowSaysBaa"
        },
        "content": ""
      },
      {
        "lineNumber": 16,
        "author": {
          "gitId": "CowSaysBaa"
        },
        "content": "        File f \u003d new File(filePath);"
      },
      {
        "lineNumber": 17,
        "author": {
          "gitId": "CowSaysBaa"
        },
        "content": "        if (!f.exists()) {"
      },
      {
        "lineNumber": 18,
        "author": {
          "gitId": "CowSaysBaa"
        },
        "content": "            f.createNewFile();"
      },
      {
        "lineNumber": 19,
        "author": {
          "gitId": "CowSaysBaa"
        },
        "content": "        }"
      },
      {
        "lineNumber": 20,
        "author": {
          "gitId": "CowSaysBaa"
        },
        "content": "        this.f \u003d f;"
      },
      {
        "lineNumber": 21,
        "author": {
          "gitId": "CowSaysBaa"
        },
        "content": "    }"
      },
      {
        "lineNumber": 22,
        "author": {
          "gitId": "CowSaysBaa"
        },
        "content": ""
      },
      {
        "lineNumber": 23,
        "author": {
          "gitId": "CowSaysBaa"
        },
        "content": "    public ArrayList\u003cTask\u003e fileInitialization() throws FileNotFoundException {"
      },
      {
        "lineNumber": 24,
        "author": {
          "gitId": "CowSaysBaa"
        },
        "content": ""
      },
      {
        "lineNumber": 25,
        "author": {
          "gitId": "CowSaysBaa"
        },
        "content": "        Scanner s \u003d new Scanner(f);"
      },
      {
        "lineNumber": 26,
        "author": {
          "gitId": "CowSaysBaa"
        },
        "content": "        ArrayList\u003cTask\u003e clone \u003d new ArrayList\u003cTask\u003e();"
      },
      {
        "lineNumber": 27,
        "author": {
          "gitId": "CowSaysBaa"
        },
        "content": ""
      },
      {
        "lineNumber": 28,
        "author": {
          "gitId": "CowSaysBaa"
        },
        "content": "        while (s.hasNext()) {"
      },
      {
        "lineNumber": 29,
        "author": {
          "gitId": "CowSaysBaa"
        },
        "content": "            String input \u003d s.nextLine();"
      },
      {
        "lineNumber": 30,
        "author": {
          "gitId": "CowSaysBaa"
        },
        "content": "            String[] inputArr \u003d input.split(\" \\\\| \");"
      },
      {
        "lineNumber": 31,
        "author": {
          "gitId": "CowSaysBaa"
        },
        "content": "            boolean done;"
      },
      {
        "lineNumber": 32,
        "author": {
          "gitId": "CowSaysBaa"
        },
        "content": "            if (inputArr[1].equals(\"1\")) {"
      },
      {
        "lineNumber": 33,
        "author": {
          "gitId": "CowSaysBaa"
        },
        "content": "                done \u003d true;"
      },
      {
        "lineNumber": 34,
        "author": {
          "gitId": "CowSaysBaa"
        },
        "content": "            } else {"
      },
      {
        "lineNumber": 35,
        "author": {
          "gitId": "CowSaysBaa"
        },
        "content": "                done \u003d false;"
      },
      {
        "lineNumber": 36,
        "author": {
          "gitId": "CowSaysBaa"
        },
        "content": "            }"
      },
      {
        "lineNumber": 37,
        "author": {
          "gitId": "CowSaysBaa"
        },
        "content": ""
      },
      {
        "lineNumber": 38,
        "author": {
          "gitId": "CowSaysBaa"
        },
        "content": "            try {"
      },
      {
        "lineNumber": 39,
        "author": {
          "gitId": "CowSaysBaa"
        },
        "content": "                switch (inputArr[0]) {"
      },
      {
        "lineNumber": 40,
        "author": {
          "gitId": "CowSaysBaa"
        },
        "content": "                case \"T\":"
      },
      {
        "lineNumber": 41,
        "author": {
          "gitId": "CowSaysBaa"
        },
        "content": "                    clone.add(new ToDos(inputArr[2], done));"
      },
      {
        "lineNumber": 42,
        "author": {
          "gitId": "CowSaysBaa"
        },
        "content": "                    break;"
      },
      {
        "lineNumber": 43,
        "author": {
          "gitId": "CowSaysBaa"
        },
        "content": "                case \"D\":"
      },
      {
        "lineNumber": 44,
        "author": {
          "gitId": "CowSaysBaa"
        },
        "content": "                    clone.add(new Deadlines(inputArr[2], new DateTime(inputArr[3]), done));"
      },
      {
        "lineNumber": 45,
        "author": {
          "gitId": "CowSaysBaa"
        },
        "content": "                    break;"
      },
      {
        "lineNumber": 46,
        "author": {
          "gitId": "CowSaysBaa"
        },
        "content": "                case \"E\":"
      },
      {
        "lineNumber": 47,
        "author": {
          "gitId": "CowSaysBaa"
        },
        "content": "                    clone.add(new Events(inputArr[2], new DateTime(inputArr[3]), done));"
      },
      {
        "lineNumber": 48,
        "author": {
          "gitId": "CowSaysBaa"
        },
        "content": "                    break;"
      },
      {
        "lineNumber": 49,
        "author": {
          "gitId": "CowSaysBaa"
        },
        "content": "                }"
      },
      {
        "lineNumber": 50,
        "author": {
          "gitId": "CowSaysBaa"
        },
        "content": "            } catch (DukeException e) {"
      },
      {
        "lineNumber": 51,
        "author": {
          "gitId": "CowSaysBaa"
        },
        "content": "                System.out.println(e);"
      },
      {
        "lineNumber": 52,
        "author": {
          "gitId": "CowSaysBaa"
        },
        "content": "            }"
      },
      {
        "lineNumber": 53,
        "author": {
          "gitId": "CowSaysBaa"
        },
        "content": ""
      },
      {
        "lineNumber": 54,
        "author": {
          "gitId": "CowSaysBaa"
        },
        "content": "        }"
      },
      {
        "lineNumber": 55,
        "author": {
          "gitId": "CowSaysBaa"
        },
        "content": ""
      },
      {
        "lineNumber": 56,
        "author": {
          "gitId": "CowSaysBaa"
        },
        "content": "        return clone;"
      },
      {
        "lineNumber": 57,
        "author": {
          "gitId": "CowSaysBaa"
        },
        "content": "    }"
      },
      {
        "lineNumber": 58,
        "author": {
          "gitId": "CowSaysBaa"
        },
        "content": ""
      },
      {
        "lineNumber": 59,
        "author": {
          "gitId": "CowSaysBaa"
        },
        "content": "    public void writeToFile(String textToAdd) throws IOException {"
      },
      {
        "lineNumber": 60,
        "author": {
          "gitId": "CowSaysBaa"
        },
        "content": "        FileWriter fw \u003d new FileWriter(filePath);"
      },
      {
        "lineNumber": 61,
        "author": {
          "gitId": "CowSaysBaa"
        },
        "content": "        fw.write(textToAdd);"
      },
      {
        "lineNumber": 62,
        "author": {
          "gitId": "CowSaysBaa"
        },
        "content": "        fw.close();"
      },
      {
        "lineNumber": 63,
        "author": {
          "gitId": "CowSaysBaa"
        },
        "content": "    }"
      },
      {
        "lineNumber": 64,
        "author": {
          "gitId": "CowSaysBaa"
        },
        "content": ""
      },
      {
        "lineNumber": 65,
        "author": {
          "gitId": "CowSaysBaa"
        },
        "content": "    public void arrayToFile(ArrayList\u003cTask\u003e arr) throws IOException {"
      },
      {
        "lineNumber": 66,
        "author": {
          "gitId": "CowSaysBaa"
        },
        "content": "        String memo \u003d \"\";"
      },
      {
        "lineNumber": 67,
        "author": {
          "gitId": "CowSaysBaa"
        },
        "content": ""
      },
      {
        "lineNumber": 68,
        "author": {
          "gitId": "CowSaysBaa"
        },
        "content": "        for (Task i : arr) {"
      },
      {
        "lineNumber": 69,
        "author": {
          "gitId": "CowSaysBaa"
        },
        "content": "            int done;"
      },
      {
        "lineNumber": 70,
        "author": {
          "gitId": "CowSaysBaa"
        },
        "content": "            if (i.isDone()) {"
      },
      {
        "lineNumber": 71,
        "author": {
          "gitId": "CowSaysBaa"
        },
        "content": "                done \u003d 1;"
      },
      {
        "lineNumber": 72,
        "author": {
          "gitId": "CowSaysBaa"
        },
        "content": "            } else {"
      },
      {
        "lineNumber": 73,
        "author": {
          "gitId": "CowSaysBaa"
        },
        "content": "                done \u003d 0;"
      },
      {
        "lineNumber": 74,
        "author": {
          "gitId": "CowSaysBaa"
        },
        "content": "            }"
      },
      {
        "lineNumber": 75,
        "author": {
          "gitId": "CowSaysBaa"
        },
        "content": ""
      },
      {
        "lineNumber": 76,
        "author": {
          "gitId": "CowSaysBaa"
        },
        "content": "            if (i instanceof ToDos) {"
      },
      {
        "lineNumber": 77,
        "author": {
          "gitId": "CowSaysBaa"
        },
        "content": "                memo \u003d memo + \"T | \" + done + \" | \" + i.getDescription() + \"\\n\";"
      },
      {
        "lineNumber": 78,
        "author": {
          "gitId": "CowSaysBaa"
        },
        "content": "            } else if (i instanceof Deadlines) {"
      },
      {
        "lineNumber": 79,
        "author": {
          "gitId": "CowSaysBaa"
        },
        "content": "                memo \u003d memo + \"D | \" + done + \" | \" + i.getDescription() + \" | \" + ((Deadlines) i).getDate() + \"\\n\";"
      },
      {
        "lineNumber": 80,
        "author": {
          "gitId": "CowSaysBaa"
        },
        "content": "            } else {"
      },
      {
        "lineNumber": 81,
        "author": {
          "gitId": "CowSaysBaa"
        },
        "content": "                memo \u003d memo + \"E | \" + done + \" | \" + i.getDescription() + \" | \" + ((Events) i).getDate() + \"\\n\";"
      },
      {
        "lineNumber": 82,
        "author": {
          "gitId": "CowSaysBaa"
        },
        "content": "            }"
      },
      {
        "lineNumber": 83,
        "author": {
          "gitId": "CowSaysBaa"
        },
        "content": "        }"
      },
      {
        "lineNumber": 84,
        "author": {
          "gitId": "CowSaysBaa"
        },
        "content": ""
      },
      {
        "lineNumber": 85,
        "author": {
          "gitId": "CowSaysBaa"
        },
        "content": "        writeToFile(memo);"
      },
      {
        "lineNumber": 86,
        "author": {
          "gitId": "CowSaysBaa"
        },
        "content": "    }"
      },
      {
        "lineNumber": 87,
        "author": {
          "gitId": "CowSaysBaa"
        },
        "content": "}"
      }
    ],
    "authorContributionMap": {
      "CowSaysBaa": 87
    }
  },
  {
    "path": "src/main/java/Task.java",
    "fileType": "java",
    "lines": [
      {
        "lineNumber": 1,
        "author": {
          "gitId": "CowSaysBaa"
        },
        "content": "public class Task {"
      },
      {
        "lineNumber": 2,
        "author": {
          "gitId": "CowSaysBaa"
        },
        "content": "    private String description;"
      },
      {
        "lineNumber": 3,
        "author": {
          "gitId": "CowSaysBaa"
        },
        "content": "    private boolean isDone;"
      },
      {
        "lineNumber": 4,
        "author": {
          "gitId": "CowSaysBaa"
        },
        "content": ""
      },
      {
        "lineNumber": 5,
        "author": {
          "gitId": "CowSaysBaa"
        },
        "content": "    protected Task(String description, boolean isDone) {"
      },
      {
        "lineNumber": 6,
        "author": {
          "gitId": "CowSaysBaa"
        },
        "content": "        this.description \u003d description;"
      },
      {
        "lineNumber": 7,
        "author": {
          "gitId": "CowSaysBaa"
        },
        "content": "        this.isDone \u003d isDone;"
      },
      {
        "lineNumber": 8,
        "author": {
          "gitId": "CowSaysBaa"
        },
        "content": "    }"
      },
      {
        "lineNumber": 9,
        "author": {
          "gitId": "CowSaysBaa"
        },
        "content": ""
      },
      {
        "lineNumber": 10,
        "author": {
          "gitId": "CowSaysBaa"
        },
        "content": "    public String getStatusIcon() {"
      },
      {
        "lineNumber": 11,
        "author": {
          "gitId": "CowSaysBaa"
        },
        "content": "        return (isDone ? \"\\u2713\" : \"\\u2718\"); //return tick or X symbols"
      },
      {
        "lineNumber": 12,
        "author": {
          "gitId": "CowSaysBaa"
        },
        "content": "    }"
      },
      {
        "lineNumber": 13,
        "author": {
          "gitId": "CowSaysBaa"
        },
        "content": ""
      },
      {
        "lineNumber": 14,
        "author": {
          "gitId": "CowSaysBaa"
        },
        "content": "    public String getDescription() {"
      },
      {
        "lineNumber": 15,
        "author": {
          "gitId": "CowSaysBaa"
        },
        "content": "        return this.description;"
      },
      {
        "lineNumber": 16,
        "author": {
          "gitId": "CowSaysBaa"
        },
        "content": "    }"
      },
      {
        "lineNumber": 17,
        "author": {
          "gitId": "CowSaysBaa"
        },
        "content": ""
      },
      {
        "lineNumber": 18,
        "author": {
          "gitId": "CowSaysBaa"
        },
        "content": "    public boolean isDone() {"
      },
      {
        "lineNumber": 19,
        "author": {
          "gitId": "CowSaysBaa"
        },
        "content": "        return this.isDone;"
      },
      {
        "lineNumber": 20,
        "author": {
          "gitId": "CowSaysBaa"
        },
        "content": "    }"
      },
      {
        "lineNumber": 21,
        "author": {
          "gitId": "CowSaysBaa"
        },
        "content": ""
      },
      {
        "lineNumber": 22,
        "author": {
          "gitId": "CowSaysBaa"
        },
        "content": "    public void markAsDone() {"
      },
      {
        "lineNumber": 23,
        "author": {
          "gitId": "CowSaysBaa"
        },
        "content": "        this.isDone \u003d true;"
      },
      {
        "lineNumber": 24,
        "author": {
          "gitId": "CowSaysBaa"
        },
        "content": "    }"
      },
      {
        "lineNumber": 25,
        "author": {
          "gitId": "CowSaysBaa"
        },
        "content": ""
      },
      {
        "lineNumber": 26,
        "author": {
          "gitId": "CowSaysBaa"
        },
        "content": "    @Override"
      },
      {
        "lineNumber": 27,
        "author": {
          "gitId": "CowSaysBaa"
        },
        "content": "    public String toString() {"
      },
      {
        "lineNumber": 28,
        "author": {
          "gitId": "CowSaysBaa"
        },
        "content": "        return \"[\" + getStatusIcon() + \"] \" + getDescription();"
      },
      {
        "lineNumber": 29,
        "author": {
          "gitId": "CowSaysBaa"
        },
        "content": "    }"
      },
      {
        "lineNumber": 30,
        "author": {
          "gitId": "CowSaysBaa"
        },
        "content": "}"
      }
    ],
    "authorContributionMap": {
      "CowSaysBaa": 30
    }
  },
  {
    "path": "src/main/java/TaskList.java",
    "fileType": "java",
    "lines": [
      {
        "lineNumber": 1,
        "author": {
          "gitId": "CowSaysBaa"
        },
        "content": "import java.lang.reflect.Array;"
      },
      {
        "lineNumber": 2,
        "author": {
          "gitId": "CowSaysBaa"
        },
        "content": "import java.util.ArrayList;"
      },
      {
        "lineNumber": 3,
        "author": {
          "gitId": "CowSaysBaa"
        },
        "content": ""
      },
      {
        "lineNumber": 4,
        "author": {
          "gitId": "CowSaysBaa"
        },
        "content": "public class TaskList {"
      },
      {
        "lineNumber": 5,
        "author": {
          "gitId": "CowSaysBaa"
        },
        "content": "    ArrayList\u003cTask\u003e arr \u003d new ArrayList\u003cTask\u003e();"
      },
      {
        "lineNumber": 6,
        "author": {
          "gitId": "CowSaysBaa"
        },
        "content": ""
      },
      {
        "lineNumber": 7,
        "author": {
          "gitId": "CowSaysBaa"
        },
        "content": "    public TaskList(ArrayList\u003cTask\u003e arr) {"
      },
      {
        "lineNumber": 8,
        "author": {
          "gitId": "CowSaysBaa"
        },
        "content": "        this.arr \u003d arr;"
      },
      {
        "lineNumber": 9,
        "author": {
          "gitId": "CowSaysBaa"
        },
        "content": "    }"
      },
      {
        "lineNumber": 10,
        "author": {
          "gitId": "CowSaysBaa"
        },
        "content": ""
      },
      {
        "lineNumber": 11,
        "author": {
          "gitId": "CowSaysBaa"
        },
        "content": "    public ArrayList\u003cTask\u003e getList() {"
      },
      {
        "lineNumber": 12,
        "author": {
          "gitId": "CowSaysBaa"
        },
        "content": "        return this.arr;"
      },
      {
        "lineNumber": 13,
        "author": {
          "gitId": "CowSaysBaa"
        },
        "content": "    }"
      },
      {
        "lineNumber": 14,
        "author": {
          "gitId": "CowSaysBaa"
        },
        "content": ""
      },
      {
        "lineNumber": 15,
        "author": {
          "gitId": "CowSaysBaa"
        },
        "content": "    public void addToDo(String whatToAdd, boolean isDone) {"
      },
      {
        "lineNumber": 16,
        "author": {
          "gitId": "CowSaysBaa"
        },
        "content": "        String message;"
      },
      {
        "lineNumber": 17,
        "author": {
          "gitId": "CowSaysBaa"
        },
        "content": "        message \u003d whatToAdd.substring(whatToAdd.indexOf(\u0027 \u0027) + 1);"
      },
      {
        "lineNumber": 18,
        "author": {
          "gitId": "CowSaysBaa"
        },
        "content": "        arr.add(new ToDos(message, isDone));"
      },
      {
        "lineNumber": 19,
        "author": {
          "gitId": "CowSaysBaa"
        },
        "content": "    }"
      },
      {
        "lineNumber": 20,
        "author": {
          "gitId": "CowSaysBaa"
        },
        "content": ""
      },
      {
        "lineNumber": 21,
        "author": {
          "gitId": "CowSaysBaa"
        },
        "content": "    public void addEvent(String whatToAdd, boolean isDone) throws DukeException, NumberFormatException {"
      },
      {
        "lineNumber": 22,
        "author": {
          "gitId": "CowSaysBaa"
        },
        "content": "        String message;"
      },
      {
        "lineNumber": 23,
        "author": {
          "gitId": "CowSaysBaa"
        },
        "content": "        DateTime date;"
      },
      {
        "lineNumber": 24,
        "author": {
          "gitId": "CowSaysBaa"
        },
        "content": "        date \u003d new DateTime(whatToAdd.substring(whatToAdd.indexOf(\"/\") + 4));"
      },
      {
        "lineNumber": 25,
        "author": {
          "gitId": "CowSaysBaa"
        },
        "content": "        message \u003d whatToAdd.substring(whatToAdd.indexOf(\u0027 \u0027) + 1, whatToAdd.indexOf(\"/\") - 1);"
      },
      {
        "lineNumber": 26,
        "author": {
          "gitId": "CowSaysBaa"
        },
        "content": "        arr.add(new Events(message, date, isDone));"
      },
      {
        "lineNumber": 27,
        "author": {
          "gitId": "CowSaysBaa"
        },
        "content": "    }"
      },
      {
        "lineNumber": 28,
        "author": {
          "gitId": "CowSaysBaa"
        },
        "content": ""
      },
      {
        "lineNumber": 29,
        "author": {
          "gitId": "CowSaysBaa"
        },
        "content": "    public void addDeadline(String whatToAdd, boolean isDone) throws DukeException, NumberFormatException {"
      },
      {
        "lineNumber": 30,
        "author": {
          "gitId": "CowSaysBaa"
        },
        "content": "        String message;"
      },
      {
        "lineNumber": 31,
        "author": {
          "gitId": "CowSaysBaa"
        },
        "content": "        DateTime date;"
      },
      {
        "lineNumber": 32,
        "author": {
          "gitId": "CowSaysBaa"
        },
        "content": "        date \u003d new DateTime(whatToAdd.substring(whatToAdd.indexOf(\"/\") + 4));"
      },
      {
        "lineNumber": 33,
        "author": {
          "gitId": "CowSaysBaa"
        },
        "content": "        message \u003d whatToAdd.substring(whatToAdd.indexOf(\u0027 \u0027) + 1, whatToAdd.indexOf(\"/\") - 1);"
      },
      {
        "lineNumber": 34,
        "author": {
          "gitId": "CowSaysBaa"
        },
        "content": "        arr.add(new Deadlines(message, date, isDone));"
      },
      {
        "lineNumber": 35,
        "author": {
          "gitId": "CowSaysBaa"
        },
        "content": "    }"
      },
      {
        "lineNumber": 36,
        "author": {
          "gitId": "CowSaysBaa"
        },
        "content": ""
      },
      {
        "lineNumber": 37,
        "author": {
          "gitId": "CowSaysBaa"
        },
        "content": "}"
      }
    ],
    "authorContributionMap": {
      "CowSaysBaa": 37
    }
  },
  {
    "path": "src/main/java/ToDoList.java",
    "fileType": "java",
    "lines": [
      {
        "lineNumber": 1,
        "author": {
          "gitId": "CowSaysBaa"
        },
        "content": "import java.util.Scanner;"
      },
      {
        "lineNumber": 2,
        "author": {
          "gitId": "CowSaysBaa"
        },
        "content": "import java.io.IOException;"
      },
      {
        "lineNumber": 3,
        "author": {
          "gitId": "CowSaysBaa"
        },
        "content": ""
      },
      {
        "lineNumber": 4,
        "author": {
          "gitId": "CowSaysBaa"
        },
        "content": "public class ToDoList {"
      },
      {
        "lineNumber": 5,
        "author": {
          "gitId": "CowSaysBaa"
        },
        "content": ""
      },
      {
        "lineNumber": 6,
        "author": {
          "gitId": "CowSaysBaa"
        },
        "content": "    public void run() throws IOException {"
      },
      {
        "lineNumber": 7,
        "author": {
          "gitId": "CowSaysBaa"
        },
        "content": ""
      },
      {
        "lineNumber": 8,
        "author": {
          "gitId": "CowSaysBaa"
        },
        "content": "        Scanner sc \u003d new Scanner(System.in);"
      },
      {
        "lineNumber": 9,
        "author": {
          "gitId": "CowSaysBaa"
        },
        "content": "        Ui ui \u003d new Ui();"
      },
      {
        "lineNumber": 10,
        "author": {
          "gitId": "CowSaysBaa"
        },
        "content": "        Storage storage \u003d new Storage(\"./todoList.txt\");"
      },
      {
        "lineNumber": 11,
        "author": {
          "gitId": "CowSaysBaa"
        },
        "content": ""
      },
      {
        "lineNumber": 12,
        "author": {
          "gitId": "CowSaysBaa"
        },
        "content": "        TaskList task \u003d new TaskList(storage.fileInitialization());"
      },
      {
        "lineNumber": 13,
        "author": {
          "gitId": "CowSaysBaa"
        },
        "content": ""
      },
      {
        "lineNumber": 14,
        "author": {
          "gitId": "CowSaysBaa"
        },
        "content": "        String input \u003d sc.nextLine();"
      },
      {
        "lineNumber": 15,
        "author": {
          "gitId": "CowSaysBaa"
        },
        "content": ""
      },
      {
        "lineNumber": 16,
        "author": {
          "gitId": "CowSaysBaa"
        },
        "content": "        while (!input.equals(\"bye\")) {"
      },
      {
        "lineNumber": 17,
        "author": {
          "gitId": "CowSaysBaa"
        },
        "content": "            Parser.parse(input, ui, task, storage);"
      },
      {
        "lineNumber": 18,
        "author": {
          "gitId": "CowSaysBaa"
        },
        "content": "            input \u003d sc.nextLine();"
      },
      {
        "lineNumber": 19,
        "author": {
          "gitId": "CowSaysBaa"
        },
        "content": "        }"
      },
      {
        "lineNumber": 20,
        "author": {
          "gitId": "CowSaysBaa"
        },
        "content": "        if (input.equals(\"bye\")) {"
      },
      {
        "lineNumber": 21,
        "author": {
          "gitId": "CowSaysBaa"
        },
        "content": "            ui.printBye();"
      },
      {
        "lineNumber": 22,
        "author": {
          "gitId": "CowSaysBaa"
        },
        "content": "        }"
      },
      {
        "lineNumber": 23,
        "author": {
          "gitId": "CowSaysBaa"
        },
        "content": "    }"
      },
      {
        "lineNumber": 24,
        "author": {
          "gitId": "CowSaysBaa"
        },
        "content": "}"
      }
    ],
    "authorContributionMap": {
      "CowSaysBaa": 24
    }
  },
  {
    "path": "src/main/java/ToDos.java",
    "fileType": "java",
    "lines": [
      {
        "lineNumber": 1,
        "author": {
          "gitId": "CowSaysBaa"
        },
        "content": "public class ToDos extends Task {"
      },
      {
        "lineNumber": 2,
        "author": {
          "gitId": "CowSaysBaa"
        },
        "content": ""
      },
      {
        "lineNumber": 3,
        "author": {
          "gitId": "CowSaysBaa"
        },
        "content": "    public ToDos(String description, boolean isDone) {"
      },
      {
        "lineNumber": 4,
        "author": {
          "gitId": "CowSaysBaa"
        },
        "content": "        super(description, isDone);"
      },
      {
        "lineNumber": 5,
        "author": {
          "gitId": "CowSaysBaa"
        },
        "content": "    }"
      },
      {
        "lineNumber": 6,
        "author": {
          "gitId": "CowSaysBaa"
        },
        "content": ""
      },
      {
        "lineNumber": 7,
        "author": {
          "gitId": "CowSaysBaa"
        },
        "content": "    @Override"
      },
      {
        "lineNumber": 8,
        "author": {
          "gitId": "CowSaysBaa"
        },
        "content": "    public String toString() {"
      },
      {
        "lineNumber": 9,
        "author": {
          "gitId": "CowSaysBaa"
        },
        "content": "        return \"[T]\" + \"[\" + getStatusIcon() + \"] \" + getDescription();"
      },
      {
        "lineNumber": 10,
        "author": {
          "gitId": "CowSaysBaa"
        },
        "content": "    }"
      },
      {
        "lineNumber": 11,
        "author": {
          "gitId": "CowSaysBaa"
        },
        "content": "}"
      }
    ],
    "authorContributionMap": {
      "CowSaysBaa": 11
    }
  },
  {
    "path": "src/main/java/Ui.java",
    "fileType": "java",
    "lines": [
      {
        "lineNumber": 1,
        "author": {
          "gitId": "CowSaysBaa"
        },
        "content": "import java.util.ArrayList;"
      },
      {
        "lineNumber": 2,
        "author": {
          "gitId": "CowSaysBaa"
        },
        "content": ""
      },
      {
        "lineNumber": 3,
        "author": {
          "gitId": "CowSaysBaa"
        },
        "content": "public class Ui {"
      },
      {
        "lineNumber": 4,
        "author": {
          "gitId": "CowSaysBaa"
        },
        "content": "    private final String border \u003d \"    ____________________________________________________________\";"
      },
      {
        "lineNumber": 5,
        "author": {
          "gitId": "CowSaysBaa"
        },
        "content": ""
      },
      {
        "lineNumber": 6,
        "author": {
          "gitId": "CowSaysBaa"
        },
        "content": "    public void printList(ArrayList\u003cTask\u003e arr) {"
      },
      {
        "lineNumber": 7,
        "author": {
          "gitId": "CowSaysBaa"
        },
        "content": "        System.out.println(border);"
      },
      {
        "lineNumber": 8,
        "author": {
          "gitId": "CowSaysBaa"
        },
        "content": "        System.out.println(\"     Here are the tasks in your list:\");"
      },
      {
        "lineNumber": 9,
        "author": {
          "gitId": "CowSaysBaa"
        },
        "content": "        for (int i \u003d 0; i \u003c arr.size(); i++) {"
      },
      {
        "lineNumber": 10,
        "author": {
          "gitId": "CowSaysBaa"
        },
        "content": "            System.out.println(\"     \" + (i + 1) + \".\" + arr.get(i));"
      },
      {
        "lineNumber": 11,
        "author": {
          "gitId": "CowSaysBaa"
        },
        "content": "        }"
      },
      {
        "lineNumber": 12,
        "author": {
          "gitId": "CowSaysBaa"
        },
        "content": "        System.out.println(border);"
      },
      {
        "lineNumber": 13,
        "author": {
          "gitId": "CowSaysBaa"
        },
        "content": "    }"
      },
      {
        "lineNumber": 14,
        "author": {
          "gitId": "CowSaysBaa"
        },
        "content": ""
      },
      {
        "lineNumber": 15,
        "author": {
          "gitId": "CowSaysBaa"
        },
        "content": "    public void printAdd(ArrayList\u003cTask\u003e arr) {"
      },
      {
        "lineNumber": 16,
        "author": {
          "gitId": "CowSaysBaa"
        },
        "content": "        System.out.println(border);"
      },
      {
        "lineNumber": 17,
        "author": {
          "gitId": "CowSaysBaa"
        },
        "content": "        System.out.println(\"     Got it. I\u0027ve added this task: \");"
      },
      {
        "lineNumber": 18,
        "author": {
          "gitId": "CowSaysBaa"
        },
        "content": "        System.out.println(\"       \" + arr.get(arr.size() - 1));"
      },
      {
        "lineNumber": 19,
        "author": {
          "gitId": "CowSaysBaa"
        },
        "content": "        System.out.printf(\"     Now you have %s tasks in the list.\\n\", arr.size());"
      },
      {
        "lineNumber": 20,
        "author": {
          "gitId": "CowSaysBaa"
        },
        "content": "        System.out.println(border);"
      },
      {
        "lineNumber": 21,
        "author": {
          "gitId": "CowSaysBaa"
        },
        "content": "    }"
      },
      {
        "lineNumber": 22,
        "author": {
          "gitId": "CowSaysBaa"
        },
        "content": ""
      },
      {
        "lineNumber": 23,
        "author": {
          "gitId": "CowSaysBaa"
        },
        "content": "    public void printDone(ArrayList\u003cTask\u003e arr, int index) {"
      },
      {
        "lineNumber": 24,
        "author": {
          "gitId": "CowSaysBaa"
        },
        "content": "        arr.get(index).markAsDone();"
      },
      {
        "lineNumber": 25,
        "author": {
          "gitId": "CowSaysBaa"
        },
        "content": "        System.out.println(border);"
      },
      {
        "lineNumber": 26,
        "author": {
          "gitId": "CowSaysBaa"
        },
        "content": "        System.out.println(\"     Nice! I\u0027ve marked this task as done: \");"
      },
      {
        "lineNumber": 27,
        "author": {
          "gitId": "CowSaysBaa"
        },
        "content": "        System.out.println(\"       \" + arr.get(index));"
      },
      {
        "lineNumber": 28,
        "author": {
          "gitId": "CowSaysBaa"
        },
        "content": "        System.out.println(border);"
      },
      {
        "lineNumber": 29,
        "author": {
          "gitId": "CowSaysBaa"
        },
        "content": "    }"
      },
      {
        "lineNumber": 30,
        "author": {
          "gitId": "CowSaysBaa"
        },
        "content": ""
      },
      {
        "lineNumber": 31,
        "author": {
          "gitId": "CowSaysBaa"
        },
        "content": "    public void printRemove(ArrayList\u003cTask\u003e arr, Task task) {"
      },
      {
        "lineNumber": 32,
        "author": {
          "gitId": "CowSaysBaa"
        },
        "content": "        System.out.println(border);"
      },
      {
        "lineNumber": 33,
        "author": {
          "gitId": "CowSaysBaa"
        },
        "content": "        System.out.println(\"     Noted. I\u0027ve removed this task:\");"
      },
      {
        "lineNumber": 34,
        "author": {
          "gitId": "CowSaysBaa"
        },
        "content": "        System.out.println(\"       \" + task);"
      },
      {
        "lineNumber": 35,
        "author": {
          "gitId": "CowSaysBaa"
        },
        "content": "        System.out.printf(\"     Now you have %s tasks in the list.\\n\", arr.size());"
      },
      {
        "lineNumber": 36,
        "author": {
          "gitId": "CowSaysBaa"
        },
        "content": "        System.out.println(border);"
      },
      {
        "lineNumber": 37,
        "author": {
          "gitId": "CowSaysBaa"
        },
        "content": "    }"
      },
      {
        "lineNumber": 38,
        "author": {
          "gitId": "CowSaysBaa"
        },
        "content": ""
      },
      {
        "lineNumber": 39,
        "author": {
          "gitId": "CowSaysBaa"
        },
        "content": "    public void printBye() {"
      },
      {
        "lineNumber": 40,
        "author": {
          "gitId": "CowSaysBaa"
        },
        "content": "        System.out.println(border + \"\\n\" + \"     Bye. Hope to see you again soon!\" + \"\\n\" + border);"
      },
      {
        "lineNumber": 41,
        "author": {
          "gitId": "CowSaysBaa"
        },
        "content": "    }"
      },
      {
        "lineNumber": 42,
        "author": {
          "gitId": "CowSaysBaa"
        },
        "content": ""
      },
      {
        "lineNumber": 43,
        "author": {
          "gitId": "CowSaysBaa"
        },
        "content": "    public void printError(String errorMessage) {"
      },
      {
        "lineNumber": 44,
        "author": {
          "gitId": "CowSaysBaa"
        },
        "content": "        System.out.println(border);"
      },
      {
        "lineNumber": 45,
        "author": {
          "gitId": "CowSaysBaa"
        },
        "content": "        System.out.println(\"     \" + errorMessage);"
      },
      {
        "lineNumber": 46,
        "author": {
          "gitId": "CowSaysBaa"
        },
        "content": "        System.out.println(border);"
      },
      {
        "lineNumber": 47,
        "author": {
          "gitId": "CowSaysBaa"
        },
        "content": "    }"
      },
      {
        "lineNumber": 48,
        "author": {
          "gitId": "CowSaysBaa"
        },
        "content": ""
      },
      {
        "lineNumber": 49,
        "author": {
          "gitId": "CowSaysBaa"
        },
        "content": "    public void printMessage(String message) {"
      },
      {
        "lineNumber": 50,
        "author": {
          "gitId": "CowSaysBaa"
        },
        "content": "        System.out.println(border);"
      },
      {
        "lineNumber": 51,
        "author": {
          "gitId": "CowSaysBaa"
        },
        "content": "        System.out.println(\"     \" + message);"
      },
      {
        "lineNumber": 52,
        "author": {
          "gitId": "CowSaysBaa"
        },
        "content": "        System.out.println(border);"
      },
      {
        "lineNumber": 53,
        "author": {
          "gitId": "CowSaysBaa"
        },
        "content": "    }"
      },
      {
        "lineNumber": 54,
        "author": {
          "gitId": "CowSaysBaa"
        },
        "content": "}"
      }
    ],
    "authorContributionMap": {
      "CowSaysBaa": 54
    }
  },
  {
    "path": "src/test/java/DukeTest.java",
    "fileType": "java",
    "lines": [
      {
        "lineNumber": 1,
        "author": {
          "gitId": "CowSaysBaa"
        },
        "content": "import org.junit.jupiter.api.Test;"
      },
      {
        "lineNumber": 2,
        "author": {
          "gitId": "CowSaysBaa"
        },
        "content": ""
      },
      {
        "lineNumber": 3,
        "author": {
          "gitId": "CowSaysBaa"
        },
        "content": "import static org.junit.jupiter.api.Assertions.assertEquals;"
      },
      {
        "lineNumber": 4,
        "author": {
          "gitId": "CowSaysBaa"
        },
        "content": ""
      },
      {
        "lineNumber": 5,
        "author": {
          "gitId": "CowSaysBaa"
        },
        "content": "public class DukeTest {"
      },
      {
        "lineNumber": 6,
        "author": {
          "gitId": "CowSaysBaa"
        },
        "content": "    @Test"
      },
      {
        "lineNumber": 7,
        "author": {
          "gitId": "CowSaysBaa"
        },
        "content": "    public void testDateTime(){"
      },
      {
        "lineNumber": 8,
        "author": {
          "gitId": "CowSaysBaa"
        },
        "content": "        assertEquals(\"10/10/2001 1000\", new DateTime(\"10/10/2001 1000\").toString());"
      },
      {
        "lineNumber": 9,
        "author": {
          "gitId": "CowSaysBaa"
        },
        "content": "    }"
      },
      {
        "lineNumber": 10,
        "author": {
          "gitId": "CowSaysBaa"
        },
        "content": ""
      },
      {
        "lineNumber": 11,
        "author": {
          "gitId": "CowSaysBaa"
        },
        "content": "    @Test"
      },
      {
        "lineNumber": 12,
        "author": {
          "gitId": "CowSaysBaa"
        },
        "content": "    public void testUi(){"
      },
      {
        "lineNumber": 13,
        "author": {
          "gitId": "CowSaysBaa"
        },
        "content": "        assertEquals(\"hi\", new Ui().printMessage(\"hi\"));"
      },
      {
        "lineNumber": 14,
        "author": {
          "gitId": "CowSaysBaa"
        },
        "content": "    }"
      },
      {
        "lineNumber": 15,
        "author": {
          "gitId": "CowSaysBaa"
        },
        "content": ""
      },
      {
        "lineNumber": 16,
        "author": {
          "gitId": "CowSaysBaa"
        },
        "content": "    @Test"
      },
      {
        "lineNumber": 17,
        "author": {
          "gitId": "CowSaysBaa"
        },
        "content": "    public void testDukeException(){"
      },
      {
        "lineNumber": 18,
        "author": {
          "gitId": "CowSaysBaa"
        },
        "content": "        assertEquals(\"hi\", new DukeException(\"hi\").getMessage());"
      },
      {
        "lineNumber": 19,
        "author": {
          "gitId": "CowSaysBaa"
        },
        "content": "    }"
      },
      {
        "lineNumber": 20,
        "author": {
          "gitId": "CowSaysBaa"
        },
        "content": "}"
      }
    ],
    "authorContributionMap": {
      "CowSaysBaa": 20
    }
  }
]
