{
  "authorDailyContributionsMap": {
    "weihaw08": [
      {
        "insertions": 108,
        "deletions": 22,
        "date": "2019-08-17",
        "commitResults": [
          {
            "hash": "3217e058d6c848ce64bdb005580076b7b9a39328",
            "messageTitle": "Add level-1 features: Greet, Echo, Exit",
            "messageBody": "",
            "insertions": 34,
            "deletions": 0
          },
          {
            "hash": "e2a0a8f9bc0ff9d3b371cbbbdb0971e369935e15",
            "messageTitle": "Add level-1 features: Greet, Echo, Exit",
            "messageBody": "",
            "insertions": 1,
            "deletions": 1
          },
          {
            "hash": "52b0d78a59089bdf1491dcbdc4d8aed35e993537",
            "messageTitle": "Add level-2 features: Add, List",
            "messageBody": "",
            "insertions": 20,
            "deletions": 3
          },
          {
            "hash": "02a4029ca710d2ff428cc383ca1a5a47ec7718a7",
            "messageTitle": "Add Level-3 features: Mark as Done",
            "messageBody": "",
            "insertions": 53,
            "deletions": 18
          }
        ]
      },
      {
        "insertions": 306,
        "deletions": 52,
        "date": "2019-08-18",
        "commitResults": [
          {
            "hash": "eaecbc7b9408499732fadaa139add0fc9e5de6aa",
            "messageTitle": "Add Level-4 features: ToDos, Events, Deadlines",
            "messageBody": "",
            "insertions": 72,
            "deletions": 19
          },
          {
            "hash": "561671dbe2dd54822ef2399f9226719c63622b62",
            "messageTitle": "Add Level-4 features: ToDos, Events, Deadlines",
            "messageBody": "",
            "insertions": 1,
            "deletions": 1
          },
          {
            "hash": "126ce91b3d6200f392f49937ee57e2db9af37f2b",
            "messageTitle": "Add Text-UI testing",
            "messageBody": "",
            "insertions": 97,
            "deletions": 0
          },
          {
            "hash": "6256cfccbf907129e78017f1f0d2372153221b3f",
            "messageTitle": "Add Level-5: Handles EmptyDescriptionException and WrongInstructionException.",
            "messageBody": "",
            "insertions": 67,
            "deletions": 24
          },
          {
            "hash": "e053fd3c67f27f185ac5979ff14ffac95690bdf5",
            "messageTitle": "Add Level-6 features: Delete task",
            "messageBody": "",
            "insertions": 69,
            "deletions": 8
          }
        ]
      },
      {
        "insertions": 5,
        "deletions": 6,
        "date": "2019-08-20",
        "commitResults": [
          {
            "hash": "4b46e38dee93141eaf6edfd1aae7b25ddcd9d749",
            "messageTitle": "Edit Level-6 features: modified variable names in doneTask.",
            "messageBody": "",
            "insertions": 5,
            "deletions": 6
          }
        ]
      },
      {
        "insertions": 88,
        "deletions": 3,
        "date": "2019-08-24",
        "commitResults": [
          {
            "hash": "b616d24b562b9894050f1a4a681b3fd73ff0febe",
            "messageTitle": "Add Level-7 Ability to save tasks in list",
            "messageBody": "",
            "insertions": 88,
            "deletions": 3
          }
        ]
      },
      {
        "insertions": 678,
        "deletions": 284,
        "date": "2019-08-25",
        "commitResults": [
          {
            "hash": "2cb490e9d0e286e355997969aa894467aa240cb8",
            "messageTitle": "Add Level-8 Ability to recognise dates and times",
            "messageBody": "",
            "insertions": 87,
            "deletions": 18
          },
          {
            "hash": "245998b1248ebf5388f17e647576de0c91271651",
            "messageTitle": "Merged Level-7 and Level-8 to main branch.",
            "messageBody": "",
            "insertions": 31,
            "deletions": 19
          },
          {
            "hash": "d0c05024a8093bee78f577bb98f1a53b5cb38318",
            "messageTitle": "Edit Level-8: Fixed error in the conditionals.",
            "messageBody": "",
            "insertions": 2,
            "deletions": 2
          },
          {
            "hash": "166bc1a81c464fad4bb4ead33a6b5bfa6410f42b",
            "messageTitle": "Add A-MoreOOP and A-Packages",
            "messageBody": "",
            "insertions": 555,
            "deletions": 243
          },
          {
            "hash": "399df1a817aa443632353ccbe01dfce59c4d981c",
            "messageTitle": "Minor style changes to Duke.java",
            "messageBody": "",
            "insertions": 0,
            "deletions": 1
          },
          {
            "hash": "edf935a94c21aeb1adf53f983bdc8895fbdae59f",
            "messageTitle": "Minor edits made to duke.command.ByeCommand.java",
            "messageBody": "",
            "insertions": 3,
            "deletions": 1
          }
        ]
      },
      {
        "insertions": 219,
        "deletions": 8,
        "date": "2019-08-26",
        "commitResults": [
          {
            "hash": "95bca951a6963051bdfcbb8e8a4593d70e33aa21",
            "messageTitle": "Add A-JUnit. JUnit tests for classes in duke.tasks included.",
            "messageBody": "",
            "insertions": 188,
            "deletions": 8
          },
          {
            "hash": "2475d8ac82375cfa785f46c16a59004d1873aded",
            "messageTitle": "Add JUnit Testing for ToDo task.",
            "messageBody": "",
            "insertions": 31,
            "deletions": 0
          }
        ]
      },
      {
        "insertions": 422,
        "deletions": 78,
        "date": "2019-08-27",
        "commitResults": [
          {
            "hash": "7960e49618016f9b3c7ad326808b6097aee3648b",
            "messageTitle": "Corrected a typo in UI printTaskModification function.",
            "messageBody": "",
            "insertions": 6,
            "deletions": 6
          },
          {
            "hash": "d29e1a1d5499e6fb633bd66c4aacc09ec3639f52",
            "messageTitle": "Add A-JavaDoc JavaDoc comments made for every class in duke.command, duke.tasks and duke.functionality.",
            "messageBody": "",
            "insertions": 304,
            "deletions": 50
          },
          {
            "hash": "881cddb987b6c665ccfb02dc6819ea2b9ecf42b9",
            "messageTitle": "Add Level-9 features: Able to find matches in keywords",
            "messageBody": "",
            "insertions": 88,
            "deletions": 9
          },
          {
            "hash": "3623b0a933c1d274e2241a5b619d6ef58eece61f",
            "messageTitle": "Corrected the numbering of tasks when the find command is invoked. Added functions that will check if the command is a find command in Parser.",
            "messageBody": "",
            "insertions": 15,
            "deletions": 3
          },
          {
            "hash": "cd15ff926830084b6ce3e80f0e4a7ef5162d1015",
            "messageTitle": "Rearranged the test files for tasks into a new folder.",
            "messageBody": "",
            "insertions": 9,
            "deletions": 10
          }
        ]
      },
      {
        "insertions": 23,
        "deletions": 4,
        "date": "2019-08-28",
        "commitResults": [
          {
            "hash": "6b745b639757f0f24900380f9487d4ea8a44f61a",
            "messageTitle": "Corrected some bugs in duke.AddCommand",
            "messageBody": "",
            "insertions": 23,
            "deletions": 4
          }
        ]
      },
      {
        "insertions": 278,
        "deletions": 332,
        "date": "2019-08-30",
        "commitResults": [
          {
            "hash": "a8b7a18fdf6e2595ec021b734f5408ddb352a540",
            "messageTitle": "Refactor exception handling in Duke",
            "messageBody": "",
            "insertions": 278,
            "deletions": 332
          }
        ]
      },
      {
        "insertions": 382,
        "deletions": 142,
        "date": "2019-09-03",
        "commitResults": [
          {
            "hash": "e3698f3200bf395eb811a77dd02f19807ed0f1b1",
            "messageTitle": "Add Level-10 features: Javafx GUI",
            "messageBody": "",
            "insertions": 382,
            "deletions": 142
          }
        ]
      },
      {
        "insertions": 261,
        "deletions": 214,
        "date": "2019-09-07",
        "commitResults": [
          {
            "hash": "8689881bbb748a028b74bef2059357ff07642ea2",
            "messageTitle": "Complete A-CodeQuality",
            "messageBody": "",
            "insertions": 256,
            "deletions": 213
          },
          {
            "hash": "6b5fc39b910efcde6cfb08f185d02debeaacd42c",
            "messageTitle": "Add A-Assertions",
            "messageBody": "",
            "insertions": 5,
            "deletions": 1
          }
        ]
      }
    ]
  },
  "authorFinalContributionMap": {
    "weihaw08": 1626
  },
  "authorFileTypeContributionMap": {
    "weihaw08": {
      "java": 1391,
      "md": 2,
      "fxml": 87,
      "sh": 0,
      "bat": 38,
      "gradle": 32,
      "txt": 76
    }
  },
  "authorContributionVariance": {
    "weihaw08": 69002.95
  },
  "authorDisplayNameMap": {
    "weihaw08": "CS2103T-T09-2 HO WE ... I HAW"
  }
}
