{
  "authorDailyContributionsMap": {
    "Jeffry Lum": [],
    "Ho Wei Haw": [],
    "weihaw08": [
      {
        "insertions": 108,
        "deletions": 22,
        "date": "2019-08-17",
        "commitResults": [
          {
            "hash": "3217e058d6c848ce64bdb005580076b7b9a39328",
            "messageTitle": "Add level-1 features: Greet, Echo, Exit",
            "messageBody": "",
            "insertions": 34,
            "deletions": 0
          },
          {
            "hash": "e2a0a8f9bc0ff9d3b371cbbbdb0971e369935e15",
            "messageTitle": "Add level-1 features: Greet, Echo, Exit",
            "messageBody": "",
            "insertions": 1,
            "deletions": 1
          },
          {
            "hash": "52b0d78a59089bdf1491dcbdc4d8aed35e993537",
            "messageTitle": "Add level-2 features: Add, List",
            "messageBody": "",
            "insertions": 20,
            "deletions": 3
          },
          {
            "hash": "02a4029ca710d2ff428cc383ca1a5a47ec7718a7",
            "messageTitle": "Add Level-3 features: Mark as Done",
            "messageBody": "",
            "insertions": 53,
            "deletions": 18
          }
        ]
      },
      {
        "insertions": 306,
        "deletions": 52,
        "date": "2019-08-18",
        "commitResults": [
          {
            "hash": "eaecbc7b9408499732fadaa139add0fc9e5de6aa",
            "messageTitle": "Add Level-4 features: ToDos, Events, Deadlines",
            "messageBody": "",
            "insertions": 72,
            "deletions": 19
          },
          {
            "hash": "561671dbe2dd54822ef2399f9226719c63622b62",
            "messageTitle": "Add Level-4 features: ToDos, Events, Deadlines",
            "messageBody": "",
            "insertions": 1,
            "deletions": 1
          },
          {
            "hash": "126ce91b3d6200f392f49937ee57e2db9af37f2b",
            "messageTitle": "Add Text-UI testing",
            "messageBody": "",
            "insertions": 97,
            "deletions": 0
          },
          {
            "hash": "6256cfccbf907129e78017f1f0d2372153221b3f",
            "messageTitle": "Add Level-5: Handles EmptyDescriptionException and WrongInstructionException.",
            "messageBody": "",
            "insertions": 67,
            "deletions": 24
          },
          {
            "hash": "e053fd3c67f27f185ac5979ff14ffac95690bdf5",
            "messageTitle": "Add Level-6 features: Delete task",
            "messageBody": "",
            "insertions": 69,
            "deletions": 8
          }
        ]
      },
      {
        "insertions": 5,
        "deletions": 6,
        "date": "2019-08-20",
        "commitResults": [
          {
            "hash": "4b46e38dee93141eaf6edfd1aae7b25ddcd9d749",
            "messageTitle": "Edit Level-6 features: modified variable names in doneTask.",
            "messageBody": "",
            "insertions": 5,
            "deletions": 6
          }
        ]
      }
    ]
  },
  "authorFinalContributionMap": {
    "Jeffry Lum": 0,
    "Ho Wei Haw": 0,
    "weihaw08": 339
  },
  "authorFileTypeContributionMap": {
    "Jeffry Lum": {
      "java": 0,
      "md": 0,
      "fxml": 0,
      "sh": 0,
      "bat": 0,
      "gradle": 0,
      "txt": 0
    },
    "Ho Wei Haw": {
      "java": 0,
      "md": 0,
      "fxml": 0,
      "sh": 0,
      "bat": 0,
      "gradle": 0,
      "txt": 0
    },
    "weihaw08": {
      "java": 242,
      "md": 0,
      "fxml": 0,
      "sh": 0,
      "bat": 21,
      "gradle": 0,
      "txt": 76
    }
  },
  "authorContributionVariance": {
    "Jeffry Lum": 0.0,
    "Ho Wei Haw": 0.0,
    "weihaw08": 19076.96
  },
  "authorDisplayNameMap": {
    "Jeffry Lum": "Jeffry Lum",
    "Ho Wei Haw": "Ho Wei Haw",
    "weihaw08": "weihaw08"
  }
}
