{
  "authorDailyContributionsMap": {
    "Jeffry Lum": [
      {
        "insertions": 2,
        "deletions": 2,
        "date": "2019-08-16",
        "commitResults": [
          {
            "hash": "5df56a8908679dfc9efc6fcca655b1f9de85d51e",
            "messageTitle": "Remove references to DukeStub",
            "messageBody": "",
            "insertions": 2,
            "deletions": 2
          }
        ]
      }
    ],
    "Icesiolz": [
      {
        "insertions": 336,
        "deletions": 74,
        "date": "2019-08-19",
        "commitResults": [
          {
            "hash": "4f51abbe329a4064453f2c8005c151920b5cd807",
            "messageTitle": "A-Gradle",
            "messageBody": "",
            "insertions": 28,
            "deletions": 1
          },
          {
            "hash": "11cbe2329d0db1b4fe07fd30af885b66944e900e",
            "messageTitle": "A-TextUiTesting",
            "messageBody": "",
            "insertions": 27,
            "deletions": 0
          },
          {
            "hash": "5153e8a6e06b7dd9a1cbd39d8c5af66672c43e78",
            "messageTitle": "Level-1",
            "messageBody": "",
            "insertions": 20,
            "deletions": 12
          },
          {
            "hash": "d35950f36ca6ba75c41ed01567c22f7e4dd0cdf8",
            "messageTitle": "Level-2",
            "messageBody": "",
            "insertions": 26,
            "deletions": 7
          },
          {
            "hash": "aa46268a3a407a7ed7043fc4a0823927281f5eda",
            "messageTitle": "Level-3",
            "messageBody": "",
            "insertions": 55,
            "deletions": 23
          },
          {
            "hash": "82d856b0aeb4bb22b8d6128238bddeaefe350c52",
            "messageTitle": "Level-4",
            "messageBody": "",
            "insertions": 113,
            "deletions": 22
          },
          {
            "hash": "49b52c9a42268c4e4cf993974dc0de261d12623b",
            "messageTitle": "Level-5",
            "messageBody": "",
            "insertions": 25,
            "deletions": 0
          },
          {
            "hash": "b155ca3e31a523541ae906d278af8950de0fd7ba",
            "messageTitle": "Fixed the ? to the correct symbol (copy and pasting the symbol) Added the instruction for better debugging in the future.",
            "messageBody": "",
            "insertions": 7,
            "deletions": 2
          },
          {
            "hash": "f4a0336cfc12a8a88d86c3f45a6f96b021ce4b7a",
            "messageTitle": "Fixed level 5",
            "messageBody": "",
            "insertions": 19,
            "deletions": 6
          },
          {
            "hash": "0941ad0d9ed02a935237b7164103f0f2bd54bce4",
            "messageTitle": "Level 6",
            "messageBody": "",
            "insertions": 16,
            "deletions": 1
          }
        ]
      }
    ]
  },
  "authorFinalContributionMap": {
    "Jeffry Lum": 102,
    "Icesiolz": 269
  },
  "authorFileTypeContributionMap": {
    "Jeffry Lum": {
      "java": 0,
      "md": 2,
      "fxml": 0,
      "sh": 0,
      "bat": 84,
      "gradle": 16,
      "txt": 0
    },
    "Icesiolz": {
      "java": 214,
      "md": 0,
      "fxml": 0,
      "sh": 0,
      "bat": 23,
      "gradle": 22,
      "txt": 10
    }
  },
  "authorContributionVariance": {
    "Jeffry Lum": 3.0,
    "Icesiolz": 31518.75
  },
  "authorDisplayNameMap": {
    "Jeffry Lum": "Jeffry Lum",
    "Icesiolz": "Icesiolz"
  }
}
