{
  "authorDailyContributionsMap": {
    "jeongyh99": [
      {
        "insertions": 249,
        "deletions": 45,
        "date": "2019-08-19",
        "commitResults": [
          {
            "hash": "d4ca2078b3c4345b09f272636f5f92c76341d80d",
            "messageTitle": "Commit comment",
            "messageBody": "",
            "insertions": 1,
            "deletions": 0
          },
          {
            "hash": "0a657328aebb05d1dcc6501fd43564c54d9e4136",
            "messageTitle": "Commit comment 2",
            "messageBody": "",
            "insertions": 2,
            "deletions": 1
          },
          {
            "hash": "c0e92db7852565c59d4b342e0f0fcdb5a2409887",
            "messageTitle": "Commit Level 1 by jeongyh99",
            "messageBody": "",
            "insertions": 25,
            "deletions": 2
          },
          {
            "hash": "4703416960b6f97f0bbda3bbccd5cc31a358c8e9",
            "messageTitle": "Commit fixed Level-1",
            "messageBody": "",
            "insertions": 24,
            "deletions": 4
          },
          {
            "hash": "440268ca0314b0dbade219f8e549c219aeaeff38",
            "messageTitle": "Commit Level-2",
            "messageBody": "",
            "insertions": 10,
            "deletions": 4
          },
          {
            "hash": "da3d0f681bccdf71cbd75049f9aa8f8817ddf77c",
            "messageTitle": "Commit Level-3",
            "messageBody": "",
            "insertions": 44,
            "deletions": 7
          },
          {
            "hash": "9986df59195351233fb6fc5be2eea772a2f72e1e",
            "messageTitle": "Commit add subclasses for Task",
            "messageBody": "",
            "insertions": 71,
            "deletions": 10
          },
          {
            "hash": "b966686d90d6c4433e09e92897e812417aec69ee",
            "messageTitle": "Commit level 4",
            "messageBody": "",
            "insertions": 6,
            "deletions": 8
          },
          {
            "hash": "1348c8739dcd1f381fb5c6ac689bbb54a9182b85",
            "messageTitle": "Commit Level-5",
            "messageBody": "",
            "insertions": 32,
            "deletions": 9
          },
          {
            "hash": "267f192d4f177cc05e31f9c96b60fb945cea788d",
            "messageTitle": "Commit delete events",
            "messageBody": "",
            "insertions": 11,
            "deletions": 0
          },
          {
            "hash": "dddc7c104c9f04007154ce56add9f2f436b569df",
            "messageTitle": "Commit Level-6 (with code improvements)",
            "messageBody": "",
            "insertions": 23,
            "deletions": 0
          }
        ]
      },
      {
        "insertions": 657,
        "deletions": 276,
        "date": "2019-08-24",
        "commitResults": [
          {
            "hash": "a6169dd94a8811d5a017f59390eb0078667d9cd8",
            "messageTitle": "Commit comment on branch",
            "messageBody": "",
            "insertions": 1,
            "deletions": 0
          },
          {
            "hash": "3bc6af87380994db2614d268ea1707d6cf2e8d74",
            "messageTitle": "Commit branch comment 2",
            "messageBody": "",
            "insertions": 1,
            "deletions": 0
          },
          {
            "hash": "dc6015ab81617d4ba5a4993cccd52f1b7613d021",
            "messageTitle": "Commit follow coding styles",
            "messageBody": "",
            "insertions": 14,
            "deletions": 38
          },
          {
            "hash": "089764dae7928fda94a3519281e4c8321f9ccfdd",
            "messageTitle": "Commit Able to Write to File duke.txt",
            "messageBody": "",
            "insertions": 54,
            "deletions": 6
          },
          {
            "hash": "c7874da1642c620b16536df633a53f2167d79e9e",
            "messageTitle": "Commit Level-7",
            "messageBody": "",
            "insertions": 97,
            "deletions": 40
          },
          {
            "hash": "5eb1cf9217727ce831b802976f12a21ab0804ea6",
            "messageTitle": "Commit Humanize Date Time",
            "messageBody": "",
            "insertions": 86,
            "deletions": 3
          },
          {
            "hash": "a14881540a33a5b9db2299f51489b288f6bdc206",
            "messageTitle": "Commit master Humanized",
            "messageBody": "",
            "insertions": 147,
            "deletions": 14
          },
          {
            "hash": "603621b884a6c317050f65f3bd52597de00a358b",
            "messageTitle": "Commit master",
            "messageBody": "",
            "insertions": 3,
            "deletions": 0
          },
          {
            "hash": "b3d299904aea7bd66a369659a9d318cd8e48d1ad",
            "messageTitle": "commit change txt file",
            "messageBody": "",
            "insertions": 3,
            "deletions": 0
          },
          {
            "hash": "e2f60937c5a79eac663dc3120308cd693ff8f359",
            "messageTitle": "Commit branch 8 comment",
            "messageBody": "",
            "insertions": 10,
            "deletions": 0
          },
          {
            "hash": "61b81951e956d6ae4d530e5592a53ddc591821a8",
            "messageTitle": "Commit comment on branch 7",
            "messageBody": "",
            "insertions": 1,
            "deletions": 0
          },
          {
            "hash": "a4434ec3fac8b9aa85a551a4e8344a0eb5135be2",
            "messageTitle": "Commit resolved conflicts manually",
            "messageBody": "",
            "insertions": 0,
            "deletions": 9
          },
          {
            "hash": "1fb94587809450701dd8bc06429999849f112c1b",
            "messageTitle": "Minor changes to string formatting",
            "messageBody": "",
            "insertions": 5,
            "deletions": 10
          },
          {
            "hash": "a5151fcabe0cc7a63b6c40eeb6395a890a8211cd",
            "messageTitle": "Commit add Storage class",
            "messageBody": "",
            "insertions": 235,
            "deletions": 156
          }
        ]
      },
      {
        "insertions": 268,
        "deletions": 146,
        "date": "2019-08-25",
        "commitResults": [
          {
            "hash": "782312f61b9c0f109be9b549394bd1aacf3781c2",
            "messageTitle": "Commit design for OOP",
            "messageBody": "",
            "insertions": 161,
            "deletions": 89
          },
          {
            "hash": "a7cbf13c72b706aac6879162a0675d00d347113a",
            "messageTitle": "Command CRUD Commands",
            "messageBody": "",
            "insertions": 107,
            "deletions": 57
          }
        ]
      },
      {
        "insertions": 582,
        "deletions": 250,
        "date": "2019-08-27",
        "commitResults": [
          {
            "hash": "e4014272d9d00a66733ece3b7e00a4ce9a2e1155",
            "messageTitle": "Commit code cleanup and DukeException",
            "messageBody": "",
            "insertions": 97,
            "deletions": 124
          },
          {
            "hash": "8e30278d726588039c8710d71ac12419f0d49adb",
            "messageTitle": "Commit A-MoreOOP",
            "messageBody": "",
            "insertions": 12,
            "deletions": 10
          },
          {
            "hash": "bf28dfbf57536b1613b1303f515371f9f1f0d638",
            "messageTitle": "Commit packages",
            "messageBody": "",
            "insertions": 89,
            "deletions": 2
          },
          {
            "hash": "31d9e8daa9c2f4b6836d5e2f0eb34bdc86c455e7",
            "messageTitle": "Commit JUnit integration",
            "messageBody": "",
            "insertions": 23,
            "deletions": 0
          },
          {
            "hash": "4f2617c2c3143ff98b75b72eba3c369427638155",
            "messageTitle": "Commit JUnit integration 2",
            "messageBody": "",
            "insertions": 13,
            "deletions": 0
          },
          {
            "hash": "7b929567d02a5934e8c20962205afa0db480e87d",
            "messageTitle": "Commit A-JUnit",
            "messageBody": "",
            "insertions": 37,
            "deletions": 27
          },
          {
            "hash": "c9285cda30f855afaa7e40c1a796a1d322b39d38",
            "messageTitle": "Commit fix code compilation issue",
            "messageBody": "",
            "insertions": 41,
            "deletions": 42
          },
          {
            "hash": "7670e9c5e5b2c9a6eb59d4f5992a5d07ce254eaf",
            "messageTitle": "Commit fix test cases",
            "messageBody": "",
            "insertions": 40,
            "deletions": 40
          },
          {
            "hash": "55e60e2320b7463255f79a9561bd573f99f986ac",
            "messageTitle": "Commit A-JavaDoc",
            "messageBody": "",
            "insertions": 161,
            "deletions": 1
          },
          {
            "hash": "0989cd34e6a553a433df992998320e3a10ee6dce",
            "messageTitle": "Commit A-CodingStandard",
            "messageBody": "",
            "insertions": 27,
            "deletions": 1
          },
          {
            "hash": "1a556aa801daca184756586222311edb9b019050",
            "messageTitle": "Commit Level-9",
            "messageBody": "",
            "insertions": 42,
            "deletions": 3
          }
        ]
      },
      {
        "insertions": 1,
        "deletions": 0,
        "date": "2019-08-28",
        "commitResults": [
          {
            "hash": "7b852aaf5e263564e2d876ec33a822111a8d5e61",
            "messageTitle": "Commit A-Jar",
            "messageBody": "",
            "insertions": 1,
            "deletions": 0
          }
        ]
      },
      {
        "insertions": 119,
        "deletions": 45,
        "date": "2019-08-30",
        "commitResults": [
          {
            "hash": "a70bcd854bb3ea86bd51fb1cb882ace6c27e404c",
            "messageTitle": "Improve code style",
            "messageBody": "",
            "insertions": 1,
            "deletions": 1
          },
          {
            "hash": "afbac87a48a994742f61954a1f3ba9ca265d2ae1",
            "messageTitle": "Integrate Gradle",
            "messageBody": "",
            "insertions": 9,
            "deletions": 6
          },
          {
            "hash": "a5cc5b8e7f5b1dc597140920ff4f765b058e6a45",
            "messageTitle": "Add Gradle Keyboard input",
            "messageBody": "",
            "insertions": 24,
            "deletions": 5
          },
          {
            "hash": "dc846129d2d41ccdf57445a024f17db59282e3d0",
            "messageTitle": "Build A-Gradle",
            "messageBody": "",
            "insertions": 1,
            "deletions": 1
          },
          {
            "hash": "c3d7a65fa54c5453ec632cf839958fe525cb78a3",
            "messageTitle": "Do Gradle A-CheckStyle",
            "messageBody": "",
            "insertions": 84,
            "deletions": 25
          },
          {
            "hash": "207a10492d3d570b691bc8ff7d04ce8c319ec9f4",
            "messageTitle": "Stop tracking duke.txt",
            "messageBody": "",
            "insertions": 0,
            "deletions": 7
          }
        ]
      },
      {
        "insertions": 257,
        "deletions": 31,
        "date": "2019-08-31",
        "commitResults": [
          {
            "hash": "6f1b197645d0d1e0755472863db938688d187f4e",
            "messageTitle": "Create Java FX Controls",
            "messageBody": "",
            "insertions": 217,
            "deletions": 18
          },
          {
            "hash": "db4f05f073c7bdd986b857e1db6d5a1a0a36bfd4",
            "messageTitle": "Finish Level-10",
            "messageBody": "",
            "insertions": 40,
            "deletions": 13
          }
        ]
      },
      {
        "insertions": 60,
        "deletions": 31,
        "date": "2019-09-06",
        "commitResults": [
          {
            "hash": "06b4159f375336e215aaf764eabd8cef5e3827f9",
            "messageTitle": "Enable Assertions for Critical Errors",
            "messageBody": "",
            "insertions": 12,
            "deletions": 6
          },
          {
            "hash": "d2bfb4e71e804ec7e2a1d0d70f0325e7d9091ede",
            "messageTitle": "Improve Code Quality. Ensure Default Branch. Avoid Deep Nesting.",
            "messageBody": "",
            "insertions": 12,
            "deletions": 6
          },
          {
            "hash": "565e6649fbe9b9063b43f8be6cd3c7eeeb8fd8be",
            "messageTitle": "Detect duplicate items",
            "messageBody": "",
            "insertions": 36,
            "deletions": 19
          }
        ]
      }
    ]
  },
  "authorFinalContributionMap": {
    "jeongyh99": 1221
  },
  "authorFileTypeContributionMap": {
    "jeongyh99": {
      "java": 1180,
      "md": 0,
      "fxml": 0,
      "sh": 0,
      "bat": 17,
      "gradle": 24,
      "txt": 0
    }
  },
  "authorContributionVariance": {
    "jeongyh99": 69314.84
  },
  "authorDisplayNameMap": {
    "jeongyh99": "CS2103T-W13-2 JEONG ... U HAN"
  }
}
