{
  "authorDailyContributionsMap": {
    "ang-zeyu": [
      {
        "insertions": 56,
        "deletions": 1,
        "date": "2019-08-17",
        "commitResults": [
          {
            "hash": "83c6b3a880e43e2f4fcdeefa1b142b4457342eba",
            "messageTitle": "gradle setup (ShadowJar, JUnit, checkstyle and application)",
            "messageBody": "",
            "insertions": 22,
            "deletions": 1
          },
          {
            "hash": "d5fb1d6a4c72f27fb177390fdbf666fda90c1343",
            "messageTitle": "Setup text-ui-test folder initial files",
            "messageBody": "",
            "insertions": 34,
            "deletions": 0
          }
        ]
      },
      {
        "insertions": 64,
        "deletions": 19,
        "date": "2019-08-18",
        "commitResults": [
          {
            "hash": "dcb3ebffe3ce516199b4bfb6d877d643f8fd3a95",
            "messageTitle": "Level 1. Greet, Echo, Exit, with simple test case",
            "messageBody": "",
            "insertions": 31,
            "deletions": 7
          },
          {
            "hash": "109dc4652ba30a8a3b74803f08e086ef67f6f191",
            "messageTitle": "Level 2. Add, List implementation with simple test case",
            "messageBody": "",
            "insertions": 33,
            "deletions": 12
          }
        ]
      },
      {
        "insertions": 665,
        "deletions": 253,
        "date": "2019-08-20",
        "commitResults": [
          {
            "hash": "c140f38c43379399d6c7c88ec8573ed66db264e7",
            "messageTitle": "A-Classes task class implementation",
            "messageBody": "",
            "insertions": 23,
            "deletions": 0
          },
          {
            "hash": "4a6d62563fbfb7853bb3f48b3edcd7cf19a0f657",
            "messageTitle": "Level 3. Mark as Done \u0026 A-Classes extension implementation, with fixed runtest.sh and new test input.",
            "messageBody": "",
            "insertions": 74,
            "deletions": 30
          },
          {
            "hash": "f33c1f7789daaba451e2fd0d20c6c0c6239e290b",
            "messageTitle": "Level 4. ToDos, Events, Deadlines and A-inheritance implementation",
            "messageBody": "",
            "insertions": 164,
            "deletions": 46
          },
          {
            "hash": "7339effa0d7f6723521aa023519ab802cddf7894",
            "messageTitle": "Refactor commands to enums due to larger number of commands in the stage. Fix runtest classpath for packages and added test case.",
            "messageBody": "",
            "insertions": 40,
            "deletions": 21
          },
          {
            "hash": "596890a5bea442f4f0c0aefc7f374f68dcb546c6",
            "messageTitle": "Change Task package name to more semantic DukeTask Initial wave of Level-5 : Handle Errors implementations.",
            "messageBody": "",
            "insertions": 132,
            "deletions": 35
          },
          {
            "hash": "3a67f16b44e91497c2dce21fe8e7aace7d809d0d",
            "messageTitle": "Refactor reusable common utility functions to new class",
            "messageBody": "",
            "insertions": 30,
            "deletions": 31
          },
          {
            "hash": "2518affcd199964a43118113aebc8ae92438275c",
            "messageTitle": "More extensive level 5 implementation, with minor fix to util function",
            "messageBody": "",
            "insertions": 121,
            "deletions": 57
          },
          {
            "hash": "a50bd0d9c9b35f77dfbcc37bcc30e827af5e476b",
            "messageTitle": "Refactor to use arraylist for storing tasks",
            "messageBody": "",
            "insertions": 14,
            "deletions": 12
          },
          {
            "hash": "71eca69d77c73062925e453d6fbaee0faa6cf7fe",
            "messageTitle": "Level 6. Delete implementation",
            "messageBody": "",
            "insertions": 52,
            "deletions": 1
          },
          {
            "hash": "ef60f240e0a03f968782ef412282946784047297",
            "messageTitle": "Eliminated redundant check in printTaskArray A few styling fixes",
            "messageBody": "",
            "insertions": 15,
            "deletions": 20
          }
        ]
      },
      {
        "insertions": 701,
        "deletions": 318,
        "date": "2019-08-25",
        "commitResults": [
          {
            "hash": "d108dccd406925e09626cb7f69608c269bca195a",
            "messageTitle": "More styling fixes before level 7, 8 branch",
            "messageBody": "",
            "insertions": 149,
            "deletions": 160
          },
          {
            "hash": "747fc59f107f85aeeafd8f4cccb0ffbd28b2c684",
            "messageTitle": "Initial save to disk implementation",
            "messageBody": "",
            "insertions": 166,
            "deletions": 3
          },
          {
            "hash": "d58d3e4baa9d80d60048f416eda4b055c0cd0d33",
            "messageTitle": "Fixes: - remove text.NumberFormat phantom import - erroneous catch position for DukeTaskFileParseException",
            "messageBody": "Changes:\n- Added file write implementation\n- refactor TaskLetter to TaskType enum, shifted to DukeTask package\n- Add TaskType implementation to various Task classes\n",
            "insertions": 144,
            "deletions": 51
          },
          {
            "hash": "0d2a95575b5acc05b229456365dcd5cff4292805",
            "messageTitle": "Fixes: - Unclosed filewriter - Missing file write info - Save to disk after mark as done or delete tasks too - Add missing lineNumber increment - Missing escape sequence in regex for parsing file - Move file storage path to main class",
            "messageBody": "Changes:\n- Add getters for description and timing to Task class\n- Default horizontal line length\n",
            "insertions": 65,
            "deletions": 38
          },
          {
            "hash": "d58fcc0342ddf87804ce330ad05ea58b11d0652f",
            "messageTitle": "Changes: - Repackage all classes and packages into duke, change build gradle and runtest.sh to accomodate - Change DukeTask package name to task - Implementation of input time format to save as LocalDateTime in task classes",
            "messageBody": "",
            "insertions": 149,
            "deletions": 44
          },
          {
            "hash": "2f814d2b6b3084a054932011d4270e519838ca2b",
            "messageTitle": "Changes: - Refactor packages for merge",
            "messageBody": "",
            "insertions": 28,
            "deletions": 12
          },
          {
            "hash": "dd575a7e6f623bf79abd45b016198857e8128438",
            "messageTitle": "Removed unused method validateTaskPeriod",
            "messageBody": "",
            "insertions": 0,
            "deletions": 10
          }
        ]
      },
      {
        "insertions": 1666,
        "deletions": 972,
        "date": "2019-08-26",
        "commitResults": [
          {
            "hash": "9314978d3db0b80a524e41376c6912d3e17d5144",
            "messageTitle": "Groundwork for A-MoreOOP",
            "messageBody": "",
            "insertions": 201,
            "deletions": 83
          },
          {
            "hash": "9a04e1cb9402818a45e0db911eaf0d59d6e336ca",
            "messageTitle": "Changes: - More groundwork : Command abstraction structure, classes, package; Parser full implementation, Main loop refactor",
            "messageBody": "",
            "insertions": 546,
            "deletions": 398
          },
          {
            "hash": "8c03d2f2e5fb8b338dcc4702981fb6457839c090",
            "messageTitle": "Changes: - refactor Storage classes to use json format instead (add StorageKey enum) - move Storage parsing logic to Parser - refactor Storage class to use a relative, recursive parent file directory name",
            "messageBody": "",
            "insertions": 208,
            "deletions": 139
          },
          {
            "hash": "d8006ddf583979ca50cd8647daad6dcfea1c5358",
            "messageTitle": "Fixes: - added missing null check for getTaskType and getDoneStatus - extraneous line divider in bye command - missing stringbuilder reset after adding k:v pair in Parser - missing endDate is later than startDate check for eventTask",
            "messageBody": "",
            "insertions": 38,
            "deletions": 24
          },
          {
            "hash": "4287502a5e8d8bfd6422f14d0d37d08504077eb1",
            "messageTitle": "Changes: - Refactor classes into more packages - Remove taskType hasTime function and refactor dependents",
            "messageBody": "",
            "insertions": 227,
            "deletions": 254
          },
          {
            "hash": "ceae3fbe8b42d515d0e8d2f7586aa6d903acd3f0",
            "messageTitle": "Added: - DukeUtilTest class",
            "messageBody": "",
            "insertions": 45,
            "deletions": 0
          },
          {
            "hash": "a0298b0737f6e11f2c78ca1cc434395aa868370b",
            "messageTitle": "Added: - stricter check for opening brackets in data file when parsing - StorageParser test class and implementation",
            "messageBody": "",
            "insertions": 83,
            "deletions": 2
          },
          {
            "hash": "a8598cbd04f71fa0022eae4001dbcf9827870574",
            "messageTitle": "Changes: - loosen no leading and trailing whitespace restriction on date time parse functions. - added TaskUtilTest class and implementation.",
            "messageBody": "",
            "insertions": 68,
            "deletions": 2
          },
          {
            "hash": "02a5ca44f5c231f89d16e6eaf320e085933422bc",
            "messageTitle": "Added: - CommandParserTest class and implementation",
            "messageBody": "Fix:\n- styling fixes\n",
            "insertions": 101,
            "deletions": 23
          },
          {
            "hash": "57ece18586c594e36cbc95a59e2a3afc53793221",
            "messageTitle": "Changes: - adapt Storage for A-Jar release - require only directory file name for Storage instead, will try to create fallback directory in working directory",
            "messageBody": "Fixes:\n- Removed some unused variables\n",
            "insertions": 36,
            "deletions": 15
          },
          {
            "hash": "498d500a99531688b6f94f970ff956a6f78df945",
            "messageTitle": "Added: - find Commands command type - case for find command type to CommandParser - FindCommand Command class implementation",
            "messageBody": "Fixes:\n- Made number of arguments check for tighter\n",
            "insertions": 70,
            "deletions": 24
          },
          {
            "hash": "945aea9a54836505b5a37085ef82927d283f4049",
            "messageTitle": "Changes: - Javadocs for FindCommand class. - refactor constructor structure to allow more accurate construction of search pattern from command string.",
            "messageBody": "",
            "insertions": 43,
            "deletions": 8
          }
        ]
      },
      {
        "insertions": 832,
        "deletions": 150,
        "date": "2019-08-27",
        "commitResults": [
          {
            "hash": "1adabfc71f8fdfc6ef1bcb97e40d110f2be36e93",
            "messageTitle": "Added: - javadocs for all command classes and DukeExceptions class",
            "messageBody": "",
            "insertions": 292,
            "deletions": 5
          },
          {
            "hash": "6ab4abaab4a6f384d164211aeefdedc4cccbf44b",
            "messageTitle": "Changed: - Added all remaining javadocs - TaskUtil to abstract",
            "messageBody": "Fix:\n- A few javadoc format errors\n",
            "insertions": 378,
            "deletions": 10
          },
          {
            "hash": "00e0bc624a7b707b80b132233794b1d7d96272e6",
            "messageTitle": "Conformation to coding style.",
            "messageBody": "",
            "insertions": 62,
            "deletions": 55
          },
          {
            "hash": "7344b47665b9bd1aa7bc10a7593f862c2a195e5b",
            "messageTitle": "Style Fix: - Changed all enums (StorageKey, TaskType, Commands) to appropriate constant case.",
            "messageBody": "Changes:\n- Convert strings to uppercase before parsing to enum StorageKey or Commands.\n- Relaxed parsing for command in so doing to accept both upper and lower case.\n- Relaxed parsing storage file\u0027s json keys in so doing to accept both upper and lower case.\n- Replace enum toString calls with lowercase version (StorageKey, TaskType)\n",
            "insertions": 74,
            "deletions": 53
          },
          {
            "hash": "36ef44c8ffde45dd84b0ded4cb9a6e997526620b",
            "messageTitle": "Test file style conformation.",
            "messageBody": "",
            "insertions": 26,
            "deletions": 27
          }
        ]
      },
      {
        "insertions": 793,
        "deletions": 87,
        "date": "2019-08-29",
        "commitResults": [
          {
            "hash": "d55868b05119767911cd8e38ac711410f8b7f8d6",
            "messageTitle": "Changes: - Moved invalid description validation from commands to Task - Added tests for many more classes - Moved common task test constants to new interface file",
            "messageBody": "Fixes:\n- order of task operations preventing size miscalculation if misused\n",
            "insertions": 793,
            "deletions": 87
          }
        ]
      },
      {
        "insertions": 359,
        "deletions": 164,
        "date": "2019-08-31",
        "commitResults": [
          {
            "hash": "c438b3cc38634404ced774078c0181e9aa586b5a",
            "messageTitle": "Changes: - Deleted Ui class, refactored to JavaFX implementations (not yet for tests) - Refactored main Duke class to use JavaFX event loop structure",
            "messageBody": "",
            "insertions": 359,
            "deletions": 164
          }
        ]
      },
      {
        "insertions": 237,
        "deletions": 140,
        "date": "2019-09-01",
        "commitResults": [
          {
            "hash": "8b23bc84ad51b940c788ef14c955f01418c91f0d",
            "messageTitle": "Changes: - Deleted UiStub class, refactored to MainWindowStub for tests.",
            "messageBody": "",
            "insertions": 27,
            "deletions": 100
          },
          {
            "hash": "8b3bed554d78c2917e92736e599f9762101fd15c",
            "messageTitle": "Added: - More test classes",
            "messageBody": "",
            "insertions": 210,
            "deletions": 40
          }
        ]
      },
      {
        "insertions": 866,
        "deletions": 146,
        "date": "2019-09-02",
        "commitResults": [
          {
            "hash": "65e19200ce2bbb82e72ad6cc79d3e3da685d7a3a",
            "messageTitle": "Changed: - gui general style changes - color, alignment, ...",
            "messageBody": "Fixes:\n- Removed unicode smileys since javafx gui dosen\u0027t display it well, switched to text emoji\n- Changed unicode ticks and crosses back to unicode escape sequences since java fx dosen\u0027t display it well\n- Some style fixes\n",
            "insertions": 60,
            "deletions": 51
          },
          {
            "hash": "aae3af1e00f5bfce703e34c68dc34de5bc33e2c7",
            "messageTitle": "Changes: - Moved invalid description validation from commands to Task - Added tests for many more classes - Moved common task test constants to new interface file",
            "messageBody": "Fixes:\n- order of task operations preventing size miscalculation if misused\n- fix checkstyle.xml line wrapping indent\n",
            "insertions": 792,
            "deletions": 87
          },
          {
            "hash": "a19545183336911dc34c23f6515e2beb5ca0bddc",
            "messageTitle": "Changes: - Checkstyle.xml review : - Added missing constant style check - Fixed scoped non-static final variable invalid style errors",
            "messageBody": "",
            "insertions": 14,
            "deletions": 8
          }
        ]
      }
    ]
  },
  "authorFinalContributionMap": {
    "ang-zeyu": 3264
  },
  "authorFileTypeContributionMap": {
    "ang-zeyu": {
      "java": 3124,
      "md": 0,
      "fxml": 43,
      "sh": 34,
      "bat": 0,
      "gradle": 28,
      "txt": 35
    }
  },
  "authorContributionVariance": {
    "ang-zeyu": 445849.28
  },
  "authorDisplayNameMap": {
    "ang-zeyu": "CS2103T-T11 ANG Z ... ZE YU"
  }
}
