{
  "authorDailyContributionsMap": {
    "Cary-Xx": [
      {
        "insertions": 424,
        "deletions": 13,
        "date": "2019-09-01",
        "commitResults": [
          {
            "hash": "697d1bd5a5aca29ff0d14a94bc929fa74048bf0d",
            "messageTitle": "Week 2 IP",
            "messageBody": "",
            "insertions": 333,
            "deletions": 0
          },
          {
            "hash": "173369527a7a4c00f94e5073032d6d278f57c48d",
            "messageTitle": "Add script for testing",
            "messageBody": "",
            "insertions": 91,
            "deletions": 13
          }
        ]
      }
    ]
  },
  "authorFinalContributionMap": {
    "Cary-Xx": 410
  },
  "authorFileTypeContributionMap": {
    "Cary-Xx": {
      "java": 316,
      "md": 0,
      "fxml": 0,
      "sh": 34,
      "bat": 0,
      "gradle": 0,
      "txt": 60
    }
  },
  "authorContributionVariance": {
    "Cary-Xx": 10572.679
  },
  "authorDisplayNameMap": {
    "Cary-Xx": "CS2103-T14-4 XIU Z ... IHENG"
  }
}
