{
  "authorDailyContributionsMap": {
    "hua-lun": [
      {
        "insertions": 228,
        "deletions": 24,
        "date": "2019-08-22",
        "commitResults": [
          {
            "hash": "77cf220623bab6d88e0b89bed59e3e888f12e5fa",
            "messageTitle": "Level-1",
            "messageBody": "",
            "insertions": 16,
            "deletions": 1
          },
          {
            "hash": "5c859bade343a121fc9bd7245bff717a712006ca",
            "messageTitle": "Level-2",
            "messageBody": "",
            "insertions": 8,
            "deletions": 3
          },
          {
            "hash": "6bd3f1e9503ad426ee1c43b4fcb354a8a3460ba3",
            "messageTitle": "Level-3",
            "messageBody": "",
            "insertions": 70,
            "deletions": 6
          },
          {
            "hash": "3ac876c212c78645b23ea9be107fafe763fbcadc",
            "messageTitle": "Level-4",
            "messageBody": "",
            "insertions": 123,
            "deletions": 13
          },
          {
            "hash": "8bbf6477e362f943eb2ce600ba33fbced06e6c78",
            "messageTitle": "Level-5",
            "messageBody": "",
            "insertions": 9,
            "deletions": 1
          },
          {
            "hash": "e395e0c0fafb9101363152d3029e85a52a5c27fd",
            "messageTitle": "Level-6",
            "messageBody": "",
            "insertions": 2,
            "deletions": 0
          }
        ]
      },
      {
        "insertions": 119,
        "deletions": 15,
        "date": "2019-08-26",
        "commitResults": [
          {
            "hash": "e0d0d266adaad4dc34759afe18ef6b2e73911219",
            "messageTitle": "branch-Level-7",
            "messageBody": "",
            "insertions": 32,
            "deletions": 0
          },
          {
            "hash": "9b23c22f159cef4665cd3e8f45375ae1d049cfbb",
            "messageTitle": "branch-Level-8",
            "messageBody": "",
            "insertions": 87,
            "deletions": 15
          }
        ]
      },
      {
        "insertions": 534,
        "deletions": 173,
        "date": "2019-08-27",
        "commitResults": [
          {
            "hash": "473cca2b244e3a33ad9dd8522ba2d8618e7d8f28",
            "messageTitle": "A-MoreOOP",
            "messageBody": "",
            "insertions": 120,
            "deletions": 73
          },
          {
            "hash": "11eaede845d1042981eee30d5350b15a9cf49453",
            "messageTitle": "branch-A-JavaDoc",
            "messageBody": "",
            "insertions": 244,
            "deletions": 5
          },
          {
            "hash": "157a449f77af9a6d9145df8113314889b52ebaba",
            "messageTitle": "branch-A-MoreOOP",
            "messageBody": "",
            "insertions": 120,
            "deletions": 73
          },
          {
            "hash": "7f7184b5f936e79b1989ad499be3c4dc961674c9",
            "messageTitle": "branch-A-CodingStandard",
            "messageBody": "",
            "insertions": 50,
            "deletions": 22
          }
        ]
      },
      {
        "insertions": 38,
        "deletions": 31,
        "date": "2019-08-28",
        "commitResults": [
          {
            "hash": "8a66bb9b6cf49583f4a1b84aadac48a712e68b14",
            "messageTitle": "branch-Level-9",
            "messageBody": "",
            "insertions": 38,
            "deletions": 2
          },
          {
            "hash": "f8c742ec3ba4b4a9bcbfcf162ac47596a6ba70e8",
            "messageTitle": "branch-Level-8 remove Print",
            "messageBody": "",
            "insertions": 0,
            "deletions": 29
          }
        ]
      },
      {
        "insertions": 49,
        "deletions": 20,
        "date": "2019-09-02",
        "commitResults": [
          {
            "hash": "67b26430932b00181d83505e4a18d2604ba4d54e",
            "messageTitle": "A-JUnit",
            "messageBody": "",
            "insertions": 49,
            "deletions": 20
          }
        ]
      }
    ]
  },
  "authorFinalContributionMap": {
    "hua-lun": 690
  },
  "authorFileTypeContributionMap": {
    "hua-lun": {
      "java": 673,
      "md": 0,
      "fxml": 0,
      "sh": 0,
      "bat": 0,
      "gradle": 17,
      "txt": 0
    }
  },
  "authorContributionVariance": {
    "hua-lun": 28146.9
  },
  "authorDisplayNameMap": {
    "hua-lun": "CS2103T-T10 CHUA  ... A LUN"
  }
}
