{
  "authorDailyContributionsMap": {
    "briyanii": [
      {
        "insertions": 99,
        "deletions": 43,
        "date": "2019-08-16",
        "commitResults": [
          {
            "hash": "d019e7252d065892db5bbad59d22126d8aaf209f",
            "messageTitle": "Greet, Echo, Exit",
            "messageBody": "",
            "insertions": 32,
            "deletions": 8
          },
          {
            "hash": "7ce583cba45a370491047bba57ee5c862b6e16f7",
            "messageTitle": "Add, List",
            "messageBody": "",
            "insertions": 49,
            "deletions": 20
          },
          {
            "hash": "55d0ca73ef9a2efd0a844ef2dc2e8a143a3ef3d4",
            "messageTitle": "Mark as Done, and Classes",
            "messageBody": "",
            "insertions": 18,
            "deletions": 15
          }
        ]
      },
      {
        "insertions": 146,
        "deletions": 14,
        "date": "2019-08-17",
        "commitResults": [
          {
            "hash": "cd63f420bae65339538afb5803e8f55c9f382a15",
            "messageTitle": "ToDo, Event,Deadline",
            "messageBody": "",
            "insertions": 68,
            "deletions": 12
          },
          {
            "hash": "b2075c78502c068fa4706fa0d568986bc872fea8",
            "messageTitle": "ToDos, Events, Deadlines",
            "messageBody": "",
            "insertions": 2,
            "deletions": 2
          },
          {
            "hash": "10e269fc26df6d4d6328939add7f8f3cd73685eb",
            "messageTitle": "ToDos, Events, Deadlines",
            "messageBody": "",
            "insertions": 76,
            "deletions": 0
          }
        ]
      },
      {
        "insertions": 307,
        "deletions": 103,
        "date": "2019-08-18",
        "commitResults": [
          {
            "hash": "2593a658e5acfd0acb818559bc67938902d5625b",
            "messageTitle": "Level-5",
            "messageBody": "Added exceptions.\nAdded error handling.\nAdded input validation (not very extensive).\n",
            "insertions": 270,
            "deletions": 101
          },
          {
            "hash": "42720c3831d41afe3b7f251dc5d403d66f7f460a",
            "messageTitle": "Level-6",
            "messageBody": "Added support for deleting tasks from the list.\n",
            "insertions": 5,
            "deletions": 0
          },
          {
            "hash": "24d529116a7b9b5886860109f249c6d11321f9b2",
            "messageTitle": "Level-6",
            "messageBody": "Added support for deleting tasks from the list.\n",
            "insertions": 32,
            "deletions": 2
          }
        ]
      },
      {
        "insertions": 472,
        "deletions": 0,
        "date": "2019-08-20",
        "commitResults": [
          {
            "hash": "ef3a2a05cc48fce6a90c70369432da96c149f3ad",
            "messageTitle": "A-TextUiTesting",
            "messageBody": "Added input/output redirection bash script to semi-automate testing of Duke\nModified bash script for use with different input/output pairs\n",
            "insertions": 472,
            "deletions": 0
          },
          {
            "hash": "056254802be404e242b5ee9dc2e70ab8fff39bdc",
            "messageTitle": "deleted text-ui-test/input.txt",
            "messageBody": "deleted redundant test input file\n",
            "insertions": 0,
            "deletions": 0
          }
        ]
      },
      {
        "insertions": 329,
        "deletions": 126,
        "date": "2019-08-21",
        "commitResults": [
          {
            "hash": "c44694f7117fcf12d48cff24ea2b3c20a6b0b555",
            "messageTitle": "branch-Level-7",
            "messageBody": "Added support for saving the task list between sessions\nAdded a sample list (src/main/java/DukeSaveFile.txt)\n",
            "insertions": 141,
            "deletions": 3
          },
          {
            "hash": "31c9acb2fd72c25268aefff4a74047f6ccc3952e",
            "messageTitle": "branch-Level-8",
            "messageBody": "Added support for parsing time in \"dd/MM/yyyy HHmm\" pattern (strictly in this pattern without deviation).\n",
            "insertions": 64,
            "deletions": 2
          },
          {
            "hash": "b85891cdee2885b0da0295f026efd4e27cda21a0",
            "messageTitle": "SaveLoad",
            "messageBody": "Added functionality to TaskList for loading and saving to/from different files (actual path still hard coded into Duke.java)\nAdded basic exceptions for Loading Saving from file path/file errors\n",
            "insertions": 114,
            "deletions": 112
          },
          {
            "hash": "bff47b5a7c8fec3c8e05cea529b60c0c6feed05c",
            "messageTitle": "Save Load fixed",
            "messageBody": "changes made to Duke.java and TaskList.java were not properly staged in previous commit\n",
            "insertions": 9,
            "deletions": 8
          },
          {
            "hash": "55c0abbbf55d68ebe46390282850911491bb7853",
            "messageTitle": "Date and Time",
            "messageBody": "Fixed incorrect integer ordinal postfix when parsing day of month\n",
            "insertions": 1,
            "deletions": 1
          }
        ]
      }
    ],
    "Jeffry Lum": [
      {
        "insertions": 2,
        "deletions": 2,
        "date": "2019-08-16",
        "commitResults": [
          {
            "hash": "5df56a8908679dfc9efc6fcca655b1f9de85d51e",
            "messageTitle": "Remove references to DukeStub",
            "messageBody": "",
            "insertions": 2,
            "deletions": 2
          }
        ]
      }
    ]
  },
  "authorFinalContributionMap": {
    "briyanii": 1070,
    "Jeffry Lum": 7
  },
  "authorFileTypeContributionMap": {
    "briyanii": {
      "java": 597,
      "md": 0,
      "fxml": 0,
      "sh": 34,
      "bat": 0,
      "gradle": 0,
      "txt": 439
    },
    "Jeffry Lum": {
      "java": 5,
      "md": 2,
      "fxml": 0,
      "sh": 0,
      "bat": 0,
      "gradle": 0,
      "txt": 0
    }
  },
  "authorContributionVariance": {
    "briyanii": 32658.805,
    "Jeffry Lum": 2.2222223
  },
  "authorDisplayNameMap": {
    "briyanii": "briyanii",
    "Jeffry Lum": "Jeffry Lum"
  }
}
