{
  "authorDailyContributionsMap": {
    "briyanii": [
      {
        "insertions": 99,
        "deletions": 43,
        "date": "2019-08-16",
        "commitResults": [
          {
            "hash": "d019e7252d065892db5bbad59d22126d8aaf209f",
            "messageTitle": "Greet, Echo, Exit",
            "messageBody": "",
            "insertions": 32,
            "deletions": 8
          },
          {
            "hash": "7ce583cba45a370491047bba57ee5c862b6e16f7",
            "messageTitle": "Add, List",
            "messageBody": "",
            "insertions": 49,
            "deletions": 20
          },
          {
            "hash": "55d0ca73ef9a2efd0a844ef2dc2e8a143a3ef3d4",
            "messageTitle": "Mark as Done, and Classes",
            "messageBody": "",
            "insertions": 18,
            "deletions": 15
          }
        ]
      },
      {
        "insertions": 146,
        "deletions": 14,
        "date": "2019-08-17",
        "commitResults": [
          {
            "hash": "cd63f420bae65339538afb5803e8f55c9f382a15",
            "messageTitle": "ToDo, Event,Deadline",
            "messageBody": "",
            "insertions": 68,
            "deletions": 12
          },
          {
            "hash": "b2075c78502c068fa4706fa0d568986bc872fea8",
            "messageTitle": "ToDos, Events, Deadlines",
            "messageBody": "",
            "insertions": 2,
            "deletions": 2
          },
          {
            "hash": "10e269fc26df6d4d6328939add7f8f3cd73685eb",
            "messageTitle": "ToDos, Events, Deadlines",
            "messageBody": "",
            "insertions": 76,
            "deletions": 0
          }
        ]
      },
      {
        "insertions": 307,
        "deletions": 103,
        "date": "2019-08-18",
        "commitResults": [
          {
            "hash": "2593a658e5acfd0acb818559bc67938902d5625b",
            "messageTitle": "Level-5",
            "messageBody": "Added exceptions.\nAdded error handling.\nAdded input validation (not very extensive).\n",
            "insertions": 270,
            "deletions": 101
          },
          {
            "hash": "42720c3831d41afe3b7f251dc5d403d66f7f460a",
            "messageTitle": "Level-6",
            "messageBody": "Added support for deleting tasks from the list.\n",
            "insertions": 5,
            "deletions": 0
          },
          {
            "hash": "24d529116a7b9b5886860109f249c6d11321f9b2",
            "messageTitle": "Level-6",
            "messageBody": "Added support for deleting tasks from the list.\n",
            "insertions": 32,
            "deletions": 2
          }
        ]
      },
      {
        "insertions": 472,
        "deletions": 0,
        "date": "2019-08-20",
        "commitResults": [
          {
            "hash": "ef3a2a05cc48fce6a90c70369432da96c149f3ad",
            "messageTitle": "A-TextUiTesting",
            "messageBody": "Added input/output redirection bash script to semi-automate testing of Duke\nModified bash script for use with different input/output pairs\n",
            "insertions": 472,
            "deletions": 0
          },
          {
            "hash": "056254802be404e242b5ee9dc2e70ab8fff39bdc",
            "messageTitle": "deleted text-ui-test/input.txt",
            "messageBody": "deleted redundant test input file\n",
            "insertions": 0,
            "deletions": 0
          }
        ]
      },
      {
        "insertions": 329,
        "deletions": 126,
        "date": "2019-08-21",
        "commitResults": [
          {
            "hash": "c44694f7117fcf12d48cff24ea2b3c20a6b0b555",
            "messageTitle": "branch-Level-7",
            "messageBody": "Added support for saving the task list between sessions\nAdded a sample list (src/main/java/DukeSaveFile.txt)\n",
            "insertions": 141,
            "deletions": 3
          },
          {
            "hash": "31c9acb2fd72c25268aefff4a74047f6ccc3952e",
            "messageTitle": "branch-Level-8",
            "messageBody": "Added support for parsing time in \"dd/MM/yyyy HHmm\" pattern (strictly in this pattern without deviation).\n",
            "insertions": 64,
            "deletions": 2
          },
          {
            "hash": "b85891cdee2885b0da0295f026efd4e27cda21a0",
            "messageTitle": "SaveLoad",
            "messageBody": "Added functionality to TaskList for loading and saving to/from different files (actual path still hard coded into Duke.java)\nAdded basic exceptions for Loading Saving from file path/file errors\n",
            "insertions": 114,
            "deletions": 112
          },
          {
            "hash": "bff47b5a7c8fec3c8e05cea529b60c0c6feed05c",
            "messageTitle": "Save Load fixed",
            "messageBody": "changes made to Duke.java and TaskList.java were not properly staged in previous commit\n",
            "insertions": 9,
            "deletions": 8
          },
          {
            "hash": "55c0abbbf55d68ebe46390282850911491bb7853",
            "messageTitle": "Date and Time",
            "messageBody": "Fixed incorrect integer ordinal postfix when parsing day of month\n",
            "insertions": 1,
            "deletions": 1
          }
        ]
      },
      {
        "insertions": 800,
        "deletions": 407,
        "date": "2019-08-24",
        "commitResults": [
          {
            "hash": "eda2ecc610b8e7d2829786ea9ab6c4a0023b811b",
            "messageTitle": "A-MoreOOP",
            "messageBody": "extracted closely related code into same classes\n\n\tnew file:   UserInterface.java\n\t- deals with iteraction between user and duke\n\n \tmodified:   Parser.java\n\t- deals with interpreting/filtering user input into information useable by duke\n\n \tmodified:   Output.java\n\t- deals with printing output\n\n\tnew file:   Storage.java\n\t- extracted loading saving functionality to upper level class\n\t- handles file reading and writing\n\n\tmodified:   Command.java\n\t- changed Command from enum to class\n\t- changed to containers for commands and parameters\n\n\tnew file:   AddTaskCommand.java\n\t- extracted commands for making different task to an upper level class\n\n\tnew file:   CompleteTaskCommand.java\n\t- extracted done command to an upper level class\n\n\tnew file:   DeleteTaskCommand.java\n\t- extracted delete command to an upper level class\n\n\tnew file:   ShowListCommand.java\n\t- extracted list command to an upper level class\n\n\tnew file:   ExitCommand.java\n\t- extracated bye command to an upper level class\n\n \tnew file:   SaveFiles/DukeSave01.txt\n\t- save file for content of list between sessions\n",
            "insertions": 800,
            "deletions": 407
          }
        ]
      },
      {
        "insertions": 536,
        "deletions": 231,
        "date": "2019-08-25",
        "commitResults": [
          {
            "hash": "df1c3c30a4ba67d8de7e449d8c39c8ec830371df",
            "messageTitle": "A-Packages",
            "messageBody": "grouped related classes together:\n-classes meant for I/O\n-classes related to Command\n-classes related to Tasks\n",
            "insertions": 282,
            "deletions": 130
          },
          {
            "hash": "936a7eb6dbaa63383511c58c456d710f77b1d148",
            "messageTitle": "A-JUnit",
            "messageBody": "Added support for Unit Tests with JUnit\n- tests for Parser methods;\n- tests for some UserInterface methods;\n\nFixed incorrect output from Parser.parseDateTime\n- the input \"12/12/1212 1212\" now will now properly return \"12th of DECEMBER 1212, 12:12pm\" instead of \"12th of DECEMBER 1212, 0:12am\"\n",
            "insertions": 244,
            "deletions": 97
          },
          {
            "hash": "afc38f9c809fc49dca69344cdece5ce5e3969445",
            "messageTitle": "ShadowJar",
            "messageBody": "Added ShadowJar plugin to project to help create .jar executable\n\u0027com.github.johnrengelman.shadow\u0027 version \u00275.1.0\u0027\n",
            "insertions": 10,
            "deletions": 4
          }
        ]
      },
      {
        "insertions": 44,
        "deletions": 1,
        "date": "2019-08-27",
        "commitResults": [
          {
            "hash": "df173708a8624f6d561bc0871cba88b693976e87",
            "messageTitle": "Level-9: Find",
            "messageBody": "Added support for searching for a keyword  in tasklist\n",
            "insertions": 43,
            "deletions": 1
          },
          {
            "hash": "0fdb0b1cc8ab1b5a84a55c37bb96524c329b9091",
            "messageTitle": "Level-9",
            "messageBody": "",
            "insertions": 1,
            "deletions": 0
          }
        ]
      },
      {
        "insertions": 1489,
        "deletions": 1382,
        "date": "2019-08-28",
        "commitResults": [
          {
            "hash": "c509950f89f57544f8eca3c8eff430d146106f76",
            "messageTitle": "A-codingStandard",
            "messageBody": "cleaned up code to match coding standard (less comments)\n",
            "insertions": 316,
            "deletions": 237
          },
          {
            "hash": "e4e444bc46f9df073a754f4b079cc01d7183df54",
            "messageTitle": "branch-A-CodingStandard",
            "messageBody": "",
            "insertions": 8,
            "deletions": 9
          },
          {
            "hash": "11f4dad8764a883fd15817aba93c551f5d2b4f43",
            "messageTitle": "branch-A-JavaDoc",
            "messageBody": "Added JavaDoc comments to the source files\nDeleted some unused classes\n",
            "insertions": 509,
            "deletions": 80
          },
          {
            "hash": "60b9d3116d54703772fcfa24fc317d30b358a397",
            "messageTitle": "A-CodingStandard",
            "messageBody": "Merged modification to code to conform to coding standards into master branch\nFixed some parts where it did not conform to coding standards in the master branch\n",
            "insertions": 609,
            "deletions": 582
          },
          {
            "hash": "607d61ac74057b15117eb6ba14e8bcb7eff36374",
            "messageTitle": "Added JavaDocs to some methods that were added seperately of the A-JavaDoc branch",
            "messageBody": "",
            "insertions": 41,
            "deletions": 8
          },
          {
            "hash": "4236a8877e9a59d631e4088c039a71d8a99578e5",
            "messageTitle": "Fixed bug: missing \u0027break;\u0027 statement",
            "messageBody": "Added missing break statement after switch case which caused find to not be recognised as a valid command\n",
            "insertions": 6,
            "deletions": 28
          },
          {
            "hash": "281bec0ea4a396ceb1d7347d102b0d61f4d2fa8e",
            "messageTitle": "Removed text-ui-testing:",
            "messageBody": "removed input and expected output files\n",
            "insertions": 0,
            "deletions": 438
          }
        ]
      }
    ]
  },
  "authorFinalContributionMap": {
    "briyanii": 1959
  },
  "authorFileTypeContributionMap": {
    "briyanii": {
      "java": 1882,
      "md": 0,
      "fxml": 0,
      "sh": 34,
      "bat": 17,
      "gradle": 22,
      "txt": 4
    }
  },
  "authorContributionVariance": {
    "briyanii": 588800.94
  },
  "authorDisplayNameMap": {
    "briyanii": "FUNG  ... EI-EN"
  }
}
