[
  {
    "path": "build.gradle",
    "fileType": "gradle",
    "lines": [
      {
        "lineNumber": 1,
        "author": {
          "gitId": "Jeffry Lum"
        },
        "content": "plugins {"
      },
      {
        "lineNumber": 2,
        "author": {
          "gitId": "Jeffry Lum"
        },
        "content": "    id \u0027java\u0027"
      },
      {
        "lineNumber": 3,
        "author": {
          "gitId": "Jeffry Lum"
        },
        "content": "    id \u0027application\u0027"
      },
      {
        "lineNumber": 4,
        "author": {
          "gitId": "Jeffry Lum"
        },
        "content": "}"
      },
      {
        "lineNumber": 5,
        "author": {
          "gitId": "Jeffry Lum"
        },
        "content": ""
      },
      {
        "lineNumber": 6,
        "author": {
          "gitId": "Jeffry Lum"
        },
        "content": "group \u0027seedu.duke\u0027"
      },
      {
        "lineNumber": 7,
        "author": {
          "gitId": "Jeffry Lum"
        },
        "content": "version \u00270.1.0\u0027"
      },
      {
        "lineNumber": 8,
        "author": {
          "gitId": "Jeffry Lum"
        },
        "content": ""
      },
      {
        "lineNumber": 9,
        "author": {
          "gitId": "Jeffry Lum"
        },
        "content": "repositories {"
      },
      {
        "lineNumber": 10,
        "author": {
          "gitId": "Jeffry Lum"
        },
        "content": "    mavenCentral()"
      },
      {
        "lineNumber": 11,
        "author": {
          "gitId": "Jeffry Lum"
        },
        "content": "}"
      },
      {
        "lineNumber": 12,
        "author": {
          "gitId": "Jeffry Lum"
        },
        "content": ""
      },
      {
        "lineNumber": 13,
        "author": {
          "gitId": "Jeffry Lum"
        },
        "content": "application {"
      },
      {
        "lineNumber": 14,
        "author": {
          "gitId": "Jeffry Lum"
        },
        "content": "    // Change this to your main class."
      },
      {
        "lineNumber": 15,
        "author": {
          "gitId": "KxxMxxx"
        },
        "content": "    mainClassName \u003d \"Duke\""
      },
      {
        "lineNumber": 16,
        "author": {
          "gitId": "Jeffry Lum"
        },
        "content": "}"
      }
    ],
    "authorContributionMap": {
      "KxxMxxx": 1,
      "Jeffry Lum": 15
    }
  },
  {
    "path": "gradlew.bat",
    "fileType": "bat",
    "lines": [
      {
        "lineNumber": 1,
        "author": {
          "gitId": "Jeffry Lum"
        },
        "content": "@if \"%DEBUG%\" \u003d\u003d \"\" @echo off"
      },
      {
        "lineNumber": 2,
        "author": {
          "gitId": "Jeffry Lum"
        },
        "content": "@rem ##########################################################################"
      },
      {
        "lineNumber": 3,
        "author": {
          "gitId": "Jeffry Lum"
        },
        "content": "@rem"
      },
      {
        "lineNumber": 4,
        "author": {
          "gitId": "Jeffry Lum"
        },
        "content": "@rem  Gradle startup script for Windows"
      },
      {
        "lineNumber": 5,
        "author": {
          "gitId": "Jeffry Lum"
        },
        "content": "@rem"
      },
      {
        "lineNumber": 6,
        "author": {
          "gitId": "Jeffry Lum"
        },
        "content": "@rem ##########################################################################"
      },
      {
        "lineNumber": 7,
        "author": {
          "gitId": "Jeffry Lum"
        },
        "content": ""
      },
      {
        "lineNumber": 8,
        "author": {
          "gitId": "Jeffry Lum"
        },
        "content": "@rem Set local scope for the variables with windows NT shell"
      },
      {
        "lineNumber": 9,
        "author": {
          "gitId": "Jeffry Lum"
        },
        "content": "if \"%OS%\"\u003d\u003d\"Windows_NT\" setlocal"
      },
      {
        "lineNumber": 10,
        "author": {
          "gitId": "Jeffry Lum"
        },
        "content": ""
      },
      {
        "lineNumber": 11,
        "author": {
          "gitId": "Jeffry Lum"
        },
        "content": "set DIRNAME\u003d%~dp0"
      },
      {
        "lineNumber": 12,
        "author": {
          "gitId": "Jeffry Lum"
        },
        "content": "if \"%DIRNAME%\" \u003d\u003d \"\" set DIRNAME\u003d."
      },
      {
        "lineNumber": 13,
        "author": {
          "gitId": "Jeffry Lum"
        },
        "content": "set APP_BASE_NAME\u003d%~n0"
      },
      {
        "lineNumber": 14,
        "author": {
          "gitId": "Jeffry Lum"
        },
        "content": "set APP_HOME\u003d%DIRNAME%"
      },
      {
        "lineNumber": 15,
        "author": {
          "gitId": "Jeffry Lum"
        },
        "content": ""
      },
      {
        "lineNumber": 16,
        "author": {
          "gitId": "Jeffry Lum"
        },
        "content": "@rem Add default JVM options here. You can also use JAVA_OPTS and GRADLE_OPTS to pass JVM options to this script."
      },
      {
        "lineNumber": 17,
        "author": {
          "gitId": "Jeffry Lum"
        },
        "content": "set DEFAULT_JVM_OPTS\u003d\"-Xmx64m\""
      },
      {
        "lineNumber": 18,
        "author": {
          "gitId": "Jeffry Lum"
        },
        "content": ""
      },
      {
        "lineNumber": 19,
        "author": {
          "gitId": "Jeffry Lum"
        },
        "content": "@rem Find java.exe"
      },
      {
        "lineNumber": 20,
        "author": {
          "gitId": "Jeffry Lum"
        },
        "content": "if defined JAVA_HOME goto findJavaFromJavaHome"
      },
      {
        "lineNumber": 21,
        "author": {
          "gitId": "Jeffry Lum"
        },
        "content": ""
      },
      {
        "lineNumber": 22,
        "author": {
          "gitId": "Jeffry Lum"
        },
        "content": "set JAVA_EXE\u003djava.exe"
      },
      {
        "lineNumber": 23,
        "author": {
          "gitId": "Jeffry Lum"
        },
        "content": "%JAVA_EXE% -version \u003eNUL 2\u003e\u00261"
      },
      {
        "lineNumber": 24,
        "author": {
          "gitId": "Jeffry Lum"
        },
        "content": "if \"%ERRORLEVEL%\" \u003d\u003d \"0\" goto init"
      },
      {
        "lineNumber": 25,
        "author": {
          "gitId": "Jeffry Lum"
        },
        "content": ""
      },
      {
        "lineNumber": 26,
        "author": {
          "gitId": "Jeffry Lum"
        },
        "content": "echo."
      },
      {
        "lineNumber": 27,
        "author": {
          "gitId": "Jeffry Lum"
        },
        "content": "echo ERROR: JAVA_HOME is not set and no \u0027java\u0027 command could be found in your PATH."
      },
      {
        "lineNumber": 28,
        "author": {
          "gitId": "Jeffry Lum"
        },
        "content": "echo."
      },
      {
        "lineNumber": 29,
        "author": {
          "gitId": "Jeffry Lum"
        },
        "content": "echo Please set the JAVA_HOME variable in your environment to match the"
      },
      {
        "lineNumber": 30,
        "author": {
          "gitId": "Jeffry Lum"
        },
        "content": "echo location of your Java installation."
      },
      {
        "lineNumber": 31,
        "author": {
          "gitId": "Jeffry Lum"
        },
        "content": ""
      },
      {
        "lineNumber": 32,
        "author": {
          "gitId": "Jeffry Lum"
        },
        "content": "goto fail"
      },
      {
        "lineNumber": 33,
        "author": {
          "gitId": "Jeffry Lum"
        },
        "content": ""
      },
      {
        "lineNumber": 34,
        "author": {
          "gitId": "Jeffry Lum"
        },
        "content": ":findJavaFromJavaHome"
      },
      {
        "lineNumber": 35,
        "author": {
          "gitId": "Jeffry Lum"
        },
        "content": "set JAVA_HOME\u003d%JAVA_HOME:\"\u003d%"
      },
      {
        "lineNumber": 36,
        "author": {
          "gitId": "Jeffry Lum"
        },
        "content": "set JAVA_EXE\u003d%JAVA_HOME%/bin/java.exe"
      },
      {
        "lineNumber": 37,
        "author": {
          "gitId": "Jeffry Lum"
        },
        "content": ""
      },
      {
        "lineNumber": 38,
        "author": {
          "gitId": "Jeffry Lum"
        },
        "content": "if exist \"%JAVA_EXE%\" goto init"
      },
      {
        "lineNumber": 39,
        "author": {
          "gitId": "Jeffry Lum"
        },
        "content": ""
      },
      {
        "lineNumber": 40,
        "author": {
          "gitId": "Jeffry Lum"
        },
        "content": "echo."
      },
      {
        "lineNumber": 41,
        "author": {
          "gitId": "Jeffry Lum"
        },
        "content": "echo ERROR: JAVA_HOME is set to an invalid directory: %JAVA_HOME%"
      },
      {
        "lineNumber": 42,
        "author": {
          "gitId": "Jeffry Lum"
        },
        "content": "echo."
      },
      {
        "lineNumber": 43,
        "author": {
          "gitId": "Jeffry Lum"
        },
        "content": "echo Please set the JAVA_HOME variable in your environment to match the"
      },
      {
        "lineNumber": 44,
        "author": {
          "gitId": "Jeffry Lum"
        },
        "content": "echo location of your Java installation."
      },
      {
        "lineNumber": 45,
        "author": {
          "gitId": "Jeffry Lum"
        },
        "content": ""
      },
      {
        "lineNumber": 46,
        "author": {
          "gitId": "Jeffry Lum"
        },
        "content": "goto fail"
      },
      {
        "lineNumber": 47,
        "author": {
          "gitId": "Jeffry Lum"
        },
        "content": ""
      },
      {
        "lineNumber": 48,
        "author": {
          "gitId": "Jeffry Lum"
        },
        "content": ":init"
      },
      {
        "lineNumber": 49,
        "author": {
          "gitId": "Jeffry Lum"
        },
        "content": "@rem Get command-line arguments, handling Windows variants"
      },
      {
        "lineNumber": 50,
        "author": {
          "gitId": "Jeffry Lum"
        },
        "content": ""
      },
      {
        "lineNumber": 51,
        "author": {
          "gitId": "Jeffry Lum"
        },
        "content": "if not \"%OS%\" \u003d\u003d \"Windows_NT\" goto win9xME_args"
      },
      {
        "lineNumber": 52,
        "author": {
          "gitId": "Jeffry Lum"
        },
        "content": ""
      },
      {
        "lineNumber": 53,
        "author": {
          "gitId": "Jeffry Lum"
        },
        "content": ":win9xME_args"
      },
      {
        "lineNumber": 54,
        "author": {
          "gitId": "Jeffry Lum"
        },
        "content": "@rem Slurp the command line arguments."
      },
      {
        "lineNumber": 55,
        "author": {
          "gitId": "Jeffry Lum"
        },
        "content": "set CMD_LINE_ARGS\u003d"
      },
      {
        "lineNumber": 56,
        "author": {
          "gitId": "Jeffry Lum"
        },
        "content": "set _SKIP\u003d2"
      },
      {
        "lineNumber": 57,
        "author": {
          "gitId": "Jeffry Lum"
        },
        "content": ""
      },
      {
        "lineNumber": 58,
        "author": {
          "gitId": "Jeffry Lum"
        },
        "content": ":win9xME_args_slurp"
      },
      {
        "lineNumber": 59,
        "author": {
          "gitId": "Jeffry Lum"
        },
        "content": "if \"x%~1\" \u003d\u003d \"x\" goto execute"
      },
      {
        "lineNumber": 60,
        "author": {
          "gitId": "Jeffry Lum"
        },
        "content": ""
      },
      {
        "lineNumber": 61,
        "author": {
          "gitId": "Jeffry Lum"
        },
        "content": "set CMD_LINE_ARGS\u003d%*"
      },
      {
        "lineNumber": 62,
        "author": {
          "gitId": "Jeffry Lum"
        },
        "content": ""
      },
      {
        "lineNumber": 63,
        "author": {
          "gitId": "Jeffry Lum"
        },
        "content": ":execute"
      },
      {
        "lineNumber": 64,
        "author": {
          "gitId": "Jeffry Lum"
        },
        "content": "@rem Setup the command line"
      },
      {
        "lineNumber": 65,
        "author": {
          "gitId": "Jeffry Lum"
        },
        "content": ""
      },
      {
        "lineNumber": 66,
        "author": {
          "gitId": "Jeffry Lum"
        },
        "content": "set CLASSPATH\u003d%APP_HOME%\\gradle\\wrapper\\gradle-wrapper.jar"
      },
      {
        "lineNumber": 67,
        "author": {
          "gitId": "Jeffry Lum"
        },
        "content": ""
      },
      {
        "lineNumber": 68,
        "author": {
          "gitId": "Jeffry Lum"
        },
        "content": "@rem Execute Gradle"
      },
      {
        "lineNumber": 69,
        "author": {
          "gitId": "Jeffry Lum"
        },
        "content": "\"%JAVA_EXE%\" %DEFAULT_JVM_OPTS% %JAVA_OPTS% %GRADLE_OPTS% \"-Dorg.gradle.appname\u003d%APP_BASE_NAME%\" -classpath \"%CLASSPATH%\" org.gradle.wrapper.GradleWrapperMain %CMD_LINE_ARGS%"
      },
      {
        "lineNumber": 70,
        "author": {
          "gitId": "Jeffry Lum"
        },
        "content": ""
      },
      {
        "lineNumber": 71,
        "author": {
          "gitId": "Jeffry Lum"
        },
        "content": ":end"
      },
      {
        "lineNumber": 72,
        "author": {
          "gitId": "Jeffry Lum"
        },
        "content": "@rem End local scope for the variables with windows NT shell"
      },
      {
        "lineNumber": 73,
        "author": {
          "gitId": "Jeffry Lum"
        },
        "content": "if \"%ERRORLEVEL%\"\u003d\u003d\"0\" goto mainEnd"
      },
      {
        "lineNumber": 74,
        "author": {
          "gitId": "Jeffry Lum"
        },
        "content": ""
      },
      {
        "lineNumber": 75,
        "author": {
          "gitId": "Jeffry Lum"
        },
        "content": ":fail"
      },
      {
        "lineNumber": 76,
        "author": {
          "gitId": "Jeffry Lum"
        },
        "content": "rem Set variable GRADLE_EXIT_CONSOLE if you need the _script_ return code instead of"
      },
      {
        "lineNumber": 77,
        "author": {
          "gitId": "Jeffry Lum"
        },
        "content": "rem the _cmd.exe /c_ return code!"
      },
      {
        "lineNumber": 78,
        "author": {
          "gitId": "Jeffry Lum"
        },
        "content": "if  not \"\" \u003d\u003d \"%GRADLE_EXIT_CONSOLE%\" exit 1"
      },
      {
        "lineNumber": 79,
        "author": {
          "gitId": "Jeffry Lum"
        },
        "content": "exit /b 1"
      },
      {
        "lineNumber": 80,
        "author": {
          "gitId": "Jeffry Lum"
        },
        "content": ""
      },
      {
        "lineNumber": 81,
        "author": {
          "gitId": "Jeffry Lum"
        },
        "content": ":mainEnd"
      },
      {
        "lineNumber": 82,
        "author": {
          "gitId": "Jeffry Lum"
        },
        "content": "if \"%OS%\"\u003d\u003d\"Windows_NT\" endlocal"
      },
      {
        "lineNumber": 83,
        "author": {
          "gitId": "Jeffry Lum"
        },
        "content": ""
      },
      {
        "lineNumber": 84,
        "author": {
          "gitId": "Jeffry Lum"
        },
        "content": ":omega"
      }
    ],
    "authorContributionMap": {
      "Jeffry Lum": 84
    }
  },
  {
    "path": "settings.gradle",
    "fileType": "gradle",
    "lines": [
      {
        "lineNumber": 1,
        "author": {
          "gitId": "Jeffry Lum"
        },
        "content": "rootProject.name \u003d \u0027duke\u0027"
      }
    ],
    "authorContributionMap": {
      "Jeffry Lum": 1
    }
  },
  {
    "path": "src/main/java/Duke.java",
    "fileType": "java",
    "lines": [
      {
        "lineNumber": 1,
        "author": {
          "gitId": "KxxMxxx"
        },
        "content": "import java.util.Scanner;"
      },
      {
        "lineNumber": 2,
        "author": {
          "gitId": "KxxMxxx"
        },
        "content": "import java.util.ArrayList;"
      },
      {
        "lineNumber": 3,
        "author": {
          "gitId": "KxxMxxx"
        },
        "content": ""
      },
      {
        "lineNumber": 4,
        "author": {
          "gitId": "-"
        },
        "content": "public class Duke {"
      },
      {
        "lineNumber": 5,
        "author": {
          "gitId": "-"
        },
        "content": "    public static void main(String[] args) {"
      },
      {
        "lineNumber": 6,
        "author": {
          "gitId": "KxxMxxx"
        },
        "content": "        Scanner sc \u003d new Scanner(System.in);"
      },
      {
        "lineNumber": 7,
        "author": {
          "gitId": "KxxMxxx"
        },
        "content": "        ArrayList\u003cString\u003e lst \u003d new ArrayList\u003c\u003e();"
      },
      {
        "lineNumber": 8,
        "author": {
          "gitId": "KxxMxxx"
        },
        "content": ""
      },
      {
        "lineNumber": 9,
        "author": {
          "gitId": "KxxMxxx"
        },
        "content": "        printLogo();"
      },
      {
        "lineNumber": 10,
        "author": {
          "gitId": "KxxMxxx"
        },
        "content": "        printWelcome();"
      },
      {
        "lineNumber": 11,
        "author": {
          "gitId": "KxxMxxx"
        },
        "content": ""
      },
      {
        "lineNumber": 12,
        "author": {
          "gitId": "KxxMxxx"
        },
        "content": "        while (true) {"
      },
      {
        "lineNumber": 13,
        "author": {
          "gitId": "KxxMxxx"
        },
        "content": "            if (sc.hasNextLine()) {"
      },
      {
        "lineNumber": 14,
        "author": {
          "gitId": "KxxMxxx"
        },
        "content": "                String command \u003d sc.nextLine();"
      },
      {
        "lineNumber": 15,
        "author": {
          "gitId": "KxxMxxx"
        },
        "content": "                switch (command) {"
      },
      {
        "lineNumber": 16,
        "author": {
          "gitId": "KxxMxxx"
        },
        "content": "                    case \"bye\":"
      },
      {
        "lineNumber": 17,
        "author": {
          "gitId": "KxxMxxx"
        },
        "content": "                        printBye();"
      },
      {
        "lineNumber": 18,
        "author": {
          "gitId": "KxxMxxx"
        },
        "content": "                        return;"
      },
      {
        "lineNumber": 19,
        "author": {
          "gitId": "KxxMxxx"
        },
        "content": "                    case \"list\":"
      },
      {
        "lineNumber": 20,
        "author": {
          "gitId": "KxxMxxx"
        },
        "content": "                        printList(lst);"
      },
      {
        "lineNumber": 21,
        "author": {
          "gitId": "KxxMxxx"
        },
        "content": "                        break;"
      },
      {
        "lineNumber": 22,
        "author": {
          "gitId": "KxxMxxx"
        },
        "content": "                    default:"
      },
      {
        "lineNumber": 23,
        "author": {
          "gitId": "KxxMxxx"
        },
        "content": "                        lst.add(command);"
      },
      {
        "lineNumber": 24,
        "author": {
          "gitId": "KxxMxxx"
        },
        "content": "                        printAddition(command);"
      },
      {
        "lineNumber": 25,
        "author": {
          "gitId": "KxxMxxx"
        },
        "content": "                        break;"
      },
      {
        "lineNumber": 26,
        "author": {
          "gitId": "KxxMxxx"
        },
        "content": "                }"
      },
      {
        "lineNumber": 27,
        "author": {
          "gitId": "KxxMxxx"
        },
        "content": "            }"
      },
      {
        "lineNumber": 28,
        "author": {
          "gitId": "KxxMxxx"
        },
        "content": "        }"
      },
      {
        "lineNumber": 29,
        "author": {
          "gitId": "KxxMxxx"
        },
        "content": "    }"
      },
      {
        "lineNumber": 30,
        "author": {
          "gitId": "KxxMxxx"
        },
        "content": ""
      },
      {
        "lineNumber": 31,
        "author": {
          "gitId": "KxxMxxx"
        },
        "content": "    private static void printIndent() {"
      },
      {
        "lineNumber": 32,
        "author": {
          "gitId": "KxxMxxx"
        },
        "content": "        System.out.print(\"\\t\");"
      },
      {
        "lineNumber": 33,
        "author": {
          "gitId": "KxxMxxx"
        },
        "content": "    }"
      },
      {
        "lineNumber": 34,
        "author": {
          "gitId": "KxxMxxx"
        },
        "content": ""
      },
      {
        "lineNumber": 35,
        "author": {
          "gitId": "KxxMxxx"
        },
        "content": "    private static void printIndentWSpace() {"
      },
      {
        "lineNumber": 36,
        "author": {
          "gitId": "KxxMxxx"
        },
        "content": "        System.out.print(\"\\t \");"
      },
      {
        "lineNumber": 37,
        "author": {
          "gitId": "KxxMxxx"
        },
        "content": "    }"
      },
      {
        "lineNumber": 38,
        "author": {
          "gitId": "KxxMxxx"
        },
        "content": ""
      },
      {
        "lineNumber": 39,
        "author": {
          "gitId": "KxxMxxx"
        },
        "content": "    private static void printTopLine() {"
      },
      {
        "lineNumber": 40,
        "author": {
          "gitId": "KxxMxxx"
        },
        "content": "        String line \u003d \"____________________________________________________________\";"
      },
      {
        "lineNumber": 41,
        "author": {
          "gitId": "KxxMxxx"
        },
        "content": "        printIndent();"
      },
      {
        "lineNumber": 42,
        "author": {
          "gitId": "KxxMxxx"
        },
        "content": "        System.out.println(line);"
      },
      {
        "lineNumber": 43,
        "author": {
          "gitId": "KxxMxxx"
        },
        "content": "    }"
      },
      {
        "lineNumber": 44,
        "author": {
          "gitId": "KxxMxxx"
        },
        "content": ""
      },
      {
        "lineNumber": 45,
        "author": {
          "gitId": "KxxMxxx"
        },
        "content": "    private static void printBotLine() {"
      },
      {
        "lineNumber": 46,
        "author": {
          "gitId": "KxxMxxx"
        },
        "content": "        String line \u003d \"____________________________________________________________\";"
      },
      {
        "lineNumber": 47,
        "author": {
          "gitId": "KxxMxxx"
        },
        "content": "        printIndent();"
      },
      {
        "lineNumber": 48,
        "author": {
          "gitId": "KxxMxxx"
        },
        "content": "        System.out.println(line);"
      },
      {
        "lineNumber": 49,
        "author": {
          "gitId": "KxxMxxx"
        },
        "content": "    }"
      },
      {
        "lineNumber": 50,
        "author": {
          "gitId": "KxxMxxx"
        },
        "content": ""
      },
      {
        "lineNumber": 51,
        "author": {
          "gitId": "KxxMxxx"
        },
        "content": "    private static void printLogo() {"
      },
      {
        "lineNumber": 52,
        "author": {
          "gitId": "-"
        },
        "content": "        String logo \u003d \" ____        _        \\n\""
      },
      {
        "lineNumber": 53,
        "author": {
          "gitId": "-"
        },
        "content": "                + \"|  _ \\\\ _   _| | _____ \\n\""
      },
      {
        "lineNumber": 54,
        "author": {
          "gitId": "-"
        },
        "content": "                + \"| | | | | | | |/ / _ \\\\\\n\""
      },
      {
        "lineNumber": 55,
        "author": {
          "gitId": "-"
        },
        "content": "                + \"| |_| | |_| |   \u003c  __/\\n\""
      },
      {
        "lineNumber": 56,
        "author": {
          "gitId": "-"
        },
        "content": "                + \"|____/ \\\\__,_|_|\\\\_\\\\___|\\n\";"
      },
      {
        "lineNumber": 57,
        "author": {
          "gitId": "-"
        },
        "content": "        System.out.println(\"Hello from\\n\" + logo);"
      },
      {
        "lineNumber": 58,
        "author": {
          "gitId": "-"
        },
        "content": "    }"
      },
      {
        "lineNumber": 59,
        "author": {
          "gitId": "KxxMxxx"
        },
        "content": ""
      },
      {
        "lineNumber": 60,
        "author": {
          "gitId": "KxxMxxx"
        },
        "content": "    private static void printWelcome() {"
      },
      {
        "lineNumber": 61,
        "author": {
          "gitId": "KxxMxxx"
        },
        "content": "        printTopLine();"
      },
      {
        "lineNumber": 62,
        "author": {
          "gitId": "KxxMxxx"
        },
        "content": "        printIndentWSpace();"
      },
      {
        "lineNumber": 63,
        "author": {
          "gitId": "KxxMxxx"
        },
        "content": "        System.out.println(\"Hello! I\u0027m Duke\");"
      },
      {
        "lineNumber": 64,
        "author": {
          "gitId": "KxxMxxx"
        },
        "content": "        printIndentWSpace();"
      },
      {
        "lineNumber": 65,
        "author": {
          "gitId": "KxxMxxx"
        },
        "content": "        System.out.println(\"What can I do for you?\");"
      },
      {
        "lineNumber": 66,
        "author": {
          "gitId": "KxxMxxx"
        },
        "content": "        printBotLine();"
      },
      {
        "lineNumber": 67,
        "author": {
          "gitId": "KxxMxxx"
        },
        "content": "    }"
      },
      {
        "lineNumber": 68,
        "author": {
          "gitId": "KxxMxxx"
        },
        "content": ""
      },
      {
        "lineNumber": 69,
        "author": {
          "gitId": "KxxMxxx"
        },
        "content": "    private static void printBye() {"
      },
      {
        "lineNumber": 70,
        "author": {
          "gitId": "KxxMxxx"
        },
        "content": "        printTopLine();"
      },
      {
        "lineNumber": 71,
        "author": {
          "gitId": "KxxMxxx"
        },
        "content": "        printIndentWSpace();"
      },
      {
        "lineNumber": 72,
        "author": {
          "gitId": "KxxMxxx"
        },
        "content": "        System.out.println(\"Bye. Hope to see you again soon!\");"
      },
      {
        "lineNumber": 73,
        "author": {
          "gitId": "KxxMxxx"
        },
        "content": "        printBotLine();"
      },
      {
        "lineNumber": 74,
        "author": {
          "gitId": "KxxMxxx"
        },
        "content": "    }"
      },
      {
        "lineNumber": 75,
        "author": {
          "gitId": "KxxMxxx"
        },
        "content": ""
      },
      {
        "lineNumber": 76,
        "author": {
          "gitId": "KxxMxxx"
        },
        "content": "    private static void printMessage(String msg) {"
      },
      {
        "lineNumber": 77,
        "author": {
          "gitId": "KxxMxxx"
        },
        "content": "        printTopLine();"
      },
      {
        "lineNumber": 78,
        "author": {
          "gitId": "KxxMxxx"
        },
        "content": "        printIndentWSpace();"
      },
      {
        "lineNumber": 79,
        "author": {
          "gitId": "KxxMxxx"
        },
        "content": "        System.out.println(msg);"
      },
      {
        "lineNumber": 80,
        "author": {
          "gitId": "KxxMxxx"
        },
        "content": "        printBotLine();"
      },
      {
        "lineNumber": 81,
        "author": {
          "gitId": "KxxMxxx"
        },
        "content": "    }"
      },
      {
        "lineNumber": 82,
        "author": {
          "gitId": "KxxMxxx"
        },
        "content": ""
      },
      {
        "lineNumber": 83,
        "author": {
          "gitId": "KxxMxxx"
        },
        "content": "    private static void printAddition(String msg) {"
      },
      {
        "lineNumber": 84,
        "author": {
          "gitId": "KxxMxxx"
        },
        "content": "        printMessage((\"added: \" + msg));"
      },
      {
        "lineNumber": 85,
        "author": {
          "gitId": "KxxMxxx"
        },
        "content": "    }"
      },
      {
        "lineNumber": 86,
        "author": {
          "gitId": "KxxMxxx"
        },
        "content": ""
      },
      {
        "lineNumber": 87,
        "author": {
          "gitId": "KxxMxxx"
        },
        "content": "    private static void printList(ArrayList\u003cString\u003e list) {"
      },
      {
        "lineNumber": 88,
        "author": {
          "gitId": "KxxMxxx"
        },
        "content": "        int count \u003d 1;"
      },
      {
        "lineNumber": 89,
        "author": {
          "gitId": "KxxMxxx"
        },
        "content": "        printTopLine();"
      },
      {
        "lineNumber": 90,
        "author": {
          "gitId": "KxxMxxx"
        },
        "content": "        for(String item: list) {"
      },
      {
        "lineNumber": 91,
        "author": {
          "gitId": "KxxMxxx"
        },
        "content": "            printIndentWSpace();"
      },
      {
        "lineNumber": 92,
        "author": {
          "gitId": "KxxMxxx"
        },
        "content": "            System.out.println(count + \". \" + item);"
      },
      {
        "lineNumber": 93,
        "author": {
          "gitId": "KxxMxxx"
        },
        "content": "            count++;"
      },
      {
        "lineNumber": 94,
        "author": {
          "gitId": "KxxMxxx"
        },
        "content": "        }"
      },
      {
        "lineNumber": 95,
        "author": {
          "gitId": "KxxMxxx"
        },
        "content": "        printBotLine();"
      },
      {
        "lineNumber": 96,
        "author": {
          "gitId": "KxxMxxx"
        },
        "content": "    }"
      },
      {
        "lineNumber": 97,
        "author": {
          "gitId": "-"
        },
        "content": "}"
      }
    ],
    "authorContributionMap": {
      "KxxMxxx": 87,
      "-": 10
    }
  }
]
