{
  "authorDailyContributionsMap": {
    "KxxMxxx": [
      {
        "insertions": 213,
        "deletions": 16,
        "date": "2019-08-21",
        "commitResults": [
          {
            "hash": "cefec07da048cef17241cae98c164eba9a769c1d",
            "messageTitle": "Level 1",
            "messageBody": "",
            "insertions": 67,
            "deletions": 1
          },
          {
            "hash": "1b98328c61902ee8c83ee85a01c5b0627642954d",
            "messageTitle": "Level 2 done",
            "messageBody": "",
            "insertions": 22,
            "deletions": 1
          },
          {
            "hash": "52f15ddec86ed9050ee01608ff65035a471f844c",
            "messageTitle": "Level 3 done",
            "messageBody": "",
            "insertions": 51,
            "deletions": 10
          },
          {
            "hash": "14098c4fa7d4674dae2542ed8f4f1f660149f48a",
            "messageTitle": "Level 4 done",
            "messageBody": "",
            "insertions": 73,
            "deletions": 4
          }
        ]
      },
      {
        "insertions": 158,
        "deletions": 22,
        "date": "2019-08-22",
        "commitResults": [
          {
            "hash": "fe63a4454b243921743591c823eea3ae11971b77",
            "messageTitle": "Level 5 done",
            "messageBody": "",
            "insertions": 126,
            "deletions": 22
          },
          {
            "hash": "5f5d1b38275f41f72d505a15ef17c70876d2f100",
            "messageTitle": "Level 6 done",
            "messageBody": "",
            "insertions": 32,
            "deletions": 0
          }
        ]
      },
      {
        "insertions": 160,
        "deletions": 201,
        "date": "2019-08-27",
        "commitResults": [
          {
            "hash": "034d8ba506e3a98e3aac317429c32992a3e032bf",
            "messageTitle": "added level 6 text ui testing files",
            "messageBody": "",
            "insertions": 10,
            "deletions": 1
          },
          {
            "hash": "ef1f415b634f53a37d98b4f8f095cf6389a9d88b",
            "messageTitle": "Cleaned up code",
            "messageBody": "",
            "insertions": 150,
            "deletions": 200
          }
        ]
      },
      {
        "insertions": 808,
        "deletions": 297,
        "date": "2019-08-28",
        "commitResults": [
          {
            "hash": "d6c38f554399763a3af3a41609ce943ca289628b",
            "messageTitle": "Level 7 done",
            "messageBody": "",
            "insertions": 126,
            "deletions": 20
          },
          {
            "hash": "97258db82338dc20e3aeb9a48e659e8492fb5f6d",
            "messageTitle": "Level 8 done",
            "messageBody": "",
            "insertions": 20,
            "deletions": 11
          },
          {
            "hash": "8c950485e2db07cc98a1c1b01183be2e722b3eea",
            "messageTitle": "A-MoreOOP increment done",
            "messageBody": "",
            "insertions": 391,
            "deletions": 257
          },
          {
            "hash": "1e2feaa0bd7ca44f692658fc25ecd83c823072a7",
            "messageTitle": "Minor changes made to duke and storage",
            "messageBody": "",
            "insertions": 7,
            "deletions": 3
          },
          {
            "hash": "a33a296e1ca70774365b27c1f3f49f2b34e84877",
            "messageTitle": "increment A-JUnit done",
            "messageBody": "",
            "insertions": 10,
            "deletions": 0
          },
          {
            "hash": "0fd07911b7dc74d175a5d8bd86cb8b8caf43ca21",
            "messageTitle": "added additional test class",
            "messageBody": "",
            "insertions": 12,
            "deletions": 0
          },
          {
            "hash": "74c365ec9c382f00ea626a3028572d340d3b66b3",
            "messageTitle": "increment A-JavaDoc done",
            "messageBody": "",
            "insertions": 208,
            "deletions": 6
          },
          {
            "hash": "de93994a6789d44bdbd3adb93ed3ec206d6022ca",
            "messageTitle": "branch-Level-9 done",
            "messageBody": "",
            "insertions": 34,
            "deletions": 0
          }
        ]
      },
      {
        "insertions": 332,
        "deletions": 224,
        "date": "2019-08-29",
        "commitResults": [
          {
            "hash": "01c4c5502a227a8e362643380a3a7f6cfd074200",
            "messageTitle": "modify test and add additional test",
            "messageBody": "Previously encountered errors with JUnit testing. Re-imported JUnit into\nproject and added additional test that works with Duke.\n",
            "insertions": 45,
            "deletions": 13
          },
          {
            "hash": "bff286b634c100697650f92ff9025a886e987852",
            "messageTitle": "tidy to align with coding standards",
            "messageBody": "",
            "insertions": 229,
            "deletions": 183
          },
          {
            "hash": "55ae5390f2a9adc8364315177898953c3b655081",
            "messageTitle": "tidy javadocs to align with coding standards",
            "messageBody": "",
            "insertions": 58,
            "deletions": 28
          }
        ]
      },
      {
        "insertions": 74,
        "deletions": 74,
        "date": "2019-09-02",
        "commitResults": [
          {
            "hash": "488542b8313dda73387fc02c76d3e4c981731844",
            "messageTitle": "rename package from Duke to duke",
            "messageBody": "",
            "insertions": 69,
            "deletions": 65
          },
          {
            "hash": "03fa76eceb1d772c091a0464e6cf17a0964e71f1",
            "messageTitle": "refactor: refactor TaskList",
            "messageBody": "TaskList can find based on multiple keywords\n",
            "insertions": 5,
            "deletions": 9
          }
        ]
      },
      {
        "insertions": 224,
        "deletions": 172,
        "date": "2019-09-03",
        "commitResults": [
          {
            "hash": "1f861601c1b15df3ff03fb16b43a2fc69e9d9521",
            "messageTitle": "refactor: fix exceptions and tidy code",
            "messageBody": "Add DukeTaskException, DukeParserException and DukeListException. Minor\nfix to code to align with coding standards.\n",
            "insertions": 146,
            "deletions": 94
          },
          {
            "hash": "1271296defe9e1fd8557e0f81debfe48e5384635",
            "messageTitle": "refactor: shift main logic to duke class",
            "messageBody": "",
            "insertions": 78,
            "deletions": 78
          }
        ]
      },
      {
        "insertions": 261,
        "deletions": 89,
        "date": "2019-09-04",
        "commitResults": [
          {
            "hash": "655491df9898dbe5787ec98ef243cc5d504cb622",
            "messageTitle": "initial level-10 commit",
            "messageBody": "",
            "insertions": 261,
            "deletions": 89
          }
        ]
      }
    ]
  },
  "authorFinalContributionMap": {
    "KxxMxxx": 1148
  },
  "authorFileTypeContributionMap": {
    "KxxMxxx": {
      "java": 985,
      "md": 36,
      "fxml": 35,
      "sh": 34,
      "bat": 17,
      "gradle": 32,
      "txt": 9
    }
  },
  "authorContributionVariance": {
    "KxxMxxx": 74688.06
  },
  "authorDisplayNameMap": {
    "KxxMxxx": "CS2103T-T09-1 LEW K ...  MING"
  }
}
