{
  "authorDailyContributionsMap": {
    "gabrielchao": [
      {
        "insertions": 98,
        "deletions": 19,
        "date": "2019-08-19",
        "commitResults": [
          {
            "hash": "faf93579302a1d48ce0347d57288412ea8518c69",
            "messageTitle": "Initial commit.",
            "messageBody": "",
            "insertions": 34,
            "deletions": 0
          },
          {
            "hash": "f010928f46c367a0856008bd167fd63a98c5ca32",
            "messageTitle": "Add skeleton",
            "messageBody": "",
            "insertions": 64,
            "deletions": 19
          }
        ]
      },
      {
        "insertions": 327,
        "deletions": 32,
        "date": "2019-08-20",
        "commitResults": [
          {
            "hash": "88df2132d7c13436047c5bfd9a60e3bc61b54ec6",
            "messageTitle": "Add Task and List code for Level-2",
            "messageBody": "",
            "insertions": 60,
            "deletions": 3
          },
          {
            "hash": "c0f7d4936543cd62dc3468e97aaf130512114663",
            "messageTitle": "Add Done code for Level-3",
            "messageBody": "",
            "insertions": 37,
            "deletions": 4
          },
          {
            "hash": "7e8e790c917f300e55658631ada7b11eade37c93",
            "messageTitle": "Convert Task to abstract and add Todo Task",
            "messageBody": "",
            "insertions": 45,
            "deletions": 17
          },
          {
            "hash": "97fccb67ccb717c78bd168a32773f06fdd7ab1bc",
            "messageTitle": "Add Deadline and Parser classes",
            "messageBody": "",
            "insertions": 129,
            "deletions": 4
          },
          {
            "hash": "af02469f9cfbf7a06e2520cdb5442ee78387dd29",
            "messageTitle": "Add task character in Todo and Deadline toString()",
            "messageBody": "",
            "insertions": 2,
            "deletions": 3
          },
          {
            "hash": "1f74720c7da5de7ef3df3c326e1eb050f9c056dc",
            "messageTitle": "Add Event",
            "messageBody": "",
            "insertions": 43,
            "deletions": 0
          },
          {
            "hash": "c459cc87ddb9f2c5b63cae37f58e40c3ceab50ad",
            "messageTitle": "List Command displays message when there no Tasks",
            "messageBody": "",
            "insertions": 11,
            "deletions": 1
          }
        ]
      },
      {
        "insertions": 105,
        "deletions": 24,
        "date": "2019-08-21",
        "commitResults": [
          {
            "hash": "cecb385684a455d8f9ef50cbac43f63f228ec0ba",
            "messageTitle": "Add error handling for Deadline, Done, Event, and Todo Commands",
            "messageBody": "",
            "insertions": 59,
            "deletions": 19
          },
          {
            "hash": "1d95ed09b0f53d41bbddadcfa262fea8b486d1c5",
            "messageTitle": "Add Delete Command",
            "messageBody": "",
            "insertions": 42,
            "deletions": 0
          },
          {
            "hash": "7d9672687d4e457f59f4c00f6a8349bc8976f200",
            "messageTitle": "Move Parser out of commands package",
            "messageBody": "",
            "insertions": 4,
            "deletions": 5
          }
        ]
      },
      {
        "insertions": 60,
        "deletions": 6,
        "date": "2019-08-29",
        "commitResults": [
          {
            "hash": "9f172ac80752087d041f798cb7531c49e8ca575c",
            "messageTitle": "Complete save feature",
            "messageBody": "",
            "insertions": 60,
            "deletions": 6
          }
        ]
      },
      {
        "insertions": 284,
        "deletions": 161,
        "date": "2019-08-30",
        "commitResults": [
          {
            "hash": "0794826709d866715b41d23573d32fa60c79e0a0",
            "messageTitle": "Complete date and time parsing",
            "messageBody": "",
            "insertions": 86,
            "deletions": 2
          },
          {
            "hash": "c6860ab9d88951b7b66d611cc93ac2c2ef52b193",
            "messageTitle": "OOP improvements: extract PreParser and Ui, streamline Command, modify CommandMap to use reflection",
            "messageBody": "",
            "insertions": 177,
            "deletions": 138
          },
          {
            "hash": "e600d2a516fea100e3e7f7696e07e5a0e13c01f0",
            "messageTitle": "Rename packages to \u0027task\u0027 and \u0027command\u0027",
            "messageBody": "",
            "insertions": 21,
            "deletions": 21
          }
        ]
      },
      {
        "insertions": 126,
        "deletions": 22,
        "date": "2019-08-31",
        "commitResults": [
          {
            "hash": "c503b5598316c31de40f862283d4b522b41ae648",
            "messageTitle": "Integrate Gradle and properly configure displaying of Unicode",
            "messageBody": "",
            "insertions": 24,
            "deletions": 13
          },
          {
            "hash": "efdfd7081310ce6e1127fd522ffa7ed188407118",
            "messageTitle": "Add JUnit tests, reorganise packages",
            "messageBody": "",
            "insertions": 102,
            "deletions": 9
          }
        ]
      },
      {
        "insertions": 382,
        "deletions": 276,
        "date": "2019-09-01",
        "commitResults": [
          {
            "hash": "368550187e58e760e8dadfd671b3052623e4cd33",
            "messageTitle": "Add Shadow plugin",
            "messageBody": "",
            "insertions": 8,
            "deletions": 0
          },
          {
            "hash": "d3105f4bd5b9670904277164beb199d363ee416c",
            "messageTitle": "Add JavaDoc comments to some major classes",
            "messageBody": "",
            "insertions": 185,
            "deletions": 4
          },
          {
            "hash": "a840ee705d59bec2c92cf69c024cd8dc6d59d68d",
            "messageTitle": "Revert \"Add JavaDoc comments to some major classes\"",
            "messageBody": "This reverts commit d3105f4bd5b9670904277164beb199d363ee416c.\n",
            "insertions": 4,
            "deletions": 185
          },
          {
            "hash": "aff9dda935b66ad70a441c92782cc5187e848715",
            "messageTitle": "Tweak the code to comply with CS2103 coding standard",
            "messageBody": "",
            "insertions": 185,
            "deletions": 87
          }
        ]
      },
      {
        "insertions": 298,
        "deletions": 30,
        "date": "2019-09-02",
        "commitResults": [
          {
            "hash": "048a58d50d618358f7cdbaf5f41c79e90768ef7c",
            "messageTitle": "Add Find Command",
            "messageBody": "",
            "insertions": 79,
            "deletions": 0
          },
          {
            "hash": "240ff7c3040c34166b81976e116667440709a3d1",
            "messageTitle": "Revert \"Revert \"Add JavaDoc comments to some major classes\"\"",
            "messageBody": "This reverts commit a840ee705d59bec2c92cf69c024cd8dc6d59d68d.\n",
            "insertions": 185,
            "deletions": 4
          },
          {
            "hash": "1a9db3c701e3342e6ce0a0afecd8c7c9a5339563",
            "messageTitle": "Rename Command classes to \u0027*Command\u0027",
            "messageBody": "",
            "insertions": 34,
            "deletions": 26
          }
        ]
      },
      {
        "insertions": 300,
        "deletions": 132,
        "date": "2019-09-04",
        "commitResults": [
          {
            "hash": "c1d155ee469daec06af98245e1cd5ef2bca5e85c",
            "messageTitle": "Extract date parsing methods into DateParser",
            "messageBody": "",
            "insertions": 122,
            "deletions": 119
          },
          {
            "hash": "a99ae63728b8c37a3eba9bc6641ebd3c88dc8be9",
            "messageTitle": "Add more JavaDocs",
            "messageBody": "",
            "insertions": 125,
            "deletions": 3
          },
          {
            "hash": "371bb4abb20959b9c81bc16732ec2f294202049d",
            "messageTitle": "Reorganise parser classes into new util package",
            "messageBody": "",
            "insertions": 23,
            "deletions": 9
          },
          {
            "hash": "32ac5d053d4bcf5fc151a9670179f76ebbd1bab1",
            "messageTitle": "Add DukeDate class",
            "messageBody": "",
            "insertions": 29,
            "deletions": 0
          },
          {
            "hash": "a2d1da1da6c7cd99760f2362d5fd7c7e5d8c36f2",
            "messageTitle": "Storage now throws Exception when loading from nonexistent file",
            "messageBody": "",
            "insertions": 1,
            "deletions": 1
          }
        ]
      },
      {
        "insertions": 25,
        "deletions": 21,
        "date": "2019-09-05",
        "commitResults": [
          {
            "hash": "df3df5535be392f223840a555b45f92aa0ed977d",
            "messageTitle": "Make Scanner static",
            "messageBody": "",
            "insertions": 3,
            "deletions": 2
          },
          {
            "hash": "8e443a473d0cf551acf1b143b6a42d6506af6c70",
            "messageTitle": "Rename Parser to ArgumentParser",
            "messageBody": "",
            "insertions": 22,
            "deletions": 19
          }
        ]
      },
      {
        "insertions": 319,
        "deletions": 92,
        "date": "2019-09-07",
        "commitResults": [
          {
            "hash": "f0278668e75f63736d79ea22a22514a0298dcb9f",
            "messageTitle": "Add a GUI to Duke",
            "messageBody": "",
            "insertions": 278,
            "deletions": 76
          },
          {
            "hash": "bfaf8e1c1d879e94c636b3612f3fb1eb7c6f5754",
            "messageTitle": "Re-add welcome and loading error messages",
            "messageBody": "",
            "insertions": 41,
            "deletions": 16
          }
        ]
      },
      {
        "insertions": 266,
        "deletions": 217,
        "date": "2019-09-08",
        "commitResults": [
          {
            "hash": "42404485d848f8c55ba6725675b91254e0818189",
            "messageTitle": "Refactor GUI into FXML and controller classes",
            "messageBody": "",
            "insertions": 185,
            "deletions": 188
          },
          {
            "hash": "b5cd3a8e4d57152c23f9410932c4d04dac50a9bf",
            "messageTitle": "Add assertions (#3)",
            "messageBody": "Squash and merge",
            "insertions": 2,
            "deletions": 0
          },
          {
            "hash": "f2bb66de338052d723339ff2710b6ac1f94b5289",
            "messageTitle": "Complete DukeDate",
            "messageBody": "",
            "insertions": 79,
            "deletions": 29
          }
        ]
      },
      {
        "insertions": 182,
        "deletions": 44,
        "date": "2019-09-09",
        "commitResults": [
          {
            "hash": "ecf5ae27ab1e3e3ddf8cceec91200a16790e3268",
            "messageTitle": "Add more JavaDocs",
            "messageBody": "",
            "insertions": 53,
            "deletions": 8
          },
          {
            "hash": "d3a50d1e05f1dcca31a3d771b0805749f7d39e30",
            "messageTitle": "Refactor CommandMap to accept Class objects",
            "messageBody": "",
            "insertions": 109,
            "deletions": 26
          },
          {
            "hash": "d2999f3288e4671d8c6462875eb4494f7e207d46",
            "messageTitle": "Make defaultCommands static",
            "messageBody": "",
            "insertions": 1,
            "deletions": 1
          },
          {
            "hash": "2c56080d4d70f3c3c1d8f6e9083fc08fe7ddc757",
            "messageTitle": "Make message strings static and fix some checkstyles",
            "messageBody": "",
            "insertions": 19,
            "deletions": 9
          }
        ]
      },
      {
        "insertions": 228,
        "deletions": 49,
        "date": "2019-09-11",
        "commitResults": [
          {
            "hash": "bb199e7d8809ee96b44d98d1fe41c09719045234",
            "messageTitle": "Refactor TaskList mutations into new Model class",
            "messageBody": "",
            "insertions": 137,
            "deletions": 38
          },
          {
            "hash": "474c45eef5fa1be184b825a6d08bfb2e3099deab",
            "messageTitle": "Add Undo Command",
            "messageBody": "",
            "insertions": 42,
            "deletions": 9
          },
          {
            "hash": "43e0208e8d6d50cc22fbf30e01f114c523f095e7",
            "messageTitle": "Add some JavaDocs",
            "messageBody": "",
            "insertions": 48,
            "deletions": 2
          },
          {
            "hash": "3af0ddcf1d95c1f5baa1114ff7cd0f83560a2373",
            "messageTitle": "Re-add startup messages (again)",
            "messageBody": "",
            "insertions": 1,
            "deletions": 0
          }
        ]
      }
    ]
  },
  "authorFinalContributionMap": {
    "gabrielchao": 1867
  },
  "authorFileTypeContributionMap": {
    "gabrielchao": {
      "java": 1807,
      "md": 0,
      "fxml": 35,
      "sh": 0,
      "bat": 0,
      "gradle": 25,
      "txt": 0
    }
  },
  "authorContributionVariance": {
    "gabrielchao": 37503.363
  },
  "authorDisplayNameMap": {
    "gabrielchao": "CS2103-F10-1 CHAO  ... BRIEL"
  }
}
