{
  "authorDailyContributionsMap": {
    "JunHongT": [
      {
        "insertions": 339,
        "deletions": 70,
        "date": "2019-08-19",
        "commitResults": [
          {
            "hash": "3f30e0e66a0460812f65c998e2cf44fc5fd6c859",
            "messageTitle": "Creating initial greetings",
            "messageBody": "",
            "insertions": 30,
            "deletions": 1
          },
          {
            "hash": "1ab8ae041a8baad9ef5efbd3fca1baa273088736",
            "messageTitle": "Added Scanner obj for input. End Program when \u0027bye\u0027 is received",
            "messageBody": "",
            "insertions": 26,
            "deletions": 1
          },
          {
            "hash": "a9f8abe1ca0da8d3db5b0240b391f9e9eba30a98",
            "messageTitle": "Created ArrayList\u003cString\u003e for storage purposes. Store each input and list out everything when required",
            "messageBody": "",
            "insertions": 26,
            "deletions": 7
          },
          {
            "hash": "af70ad9a1090800699f4fcfbe566dc2a47e3230d",
            "messageTitle": "Create a new class Task for input. Able to mark task as done",
            "messageBody": "",
            "insertions": 46,
            "deletions": 6
          },
          {
            "hash": "d8c382e636f04511004f199f4ee96d5260a66c1e",
            "messageTitle": "Create class (Deadline, Todo, Event). Allow further segregation of task",
            "messageBody": "",
            "insertions": 90,
            "deletions": 4
          },
          {
            "hash": "2a9538c6ad5c79458f3621d336f82ac36bab1ce7",
            "messageTitle": "Add Exception to various block to prevent breaking of code.",
            "messageBody": "",
            "insertions": 91,
            "deletions": 51
          },
          {
            "hash": "38ce13e4708643a14b30c9d69437054fefc9fa03",
            "messageTitle": "Add delete function to Duke",
            "messageBody": "",
            "insertions": 30,
            "deletions": 0
          }
        ]
      },
      {
        "insertions": 51,
        "deletions": 49,
        "date": "2019-08-20",
        "commitResults": [
          {
            "hash": "53e14cf9805a6406f92fafdef3a657b9203adcca",
            "messageTitle": "Create generateMessage() to reduce repeated code",
            "messageBody": "",
            "insertions": 28,
            "deletions": 29
          },
          {
            "hash": "29d74f78294fdfbbd1a4f24d2c3721b4eca653aa",
            "messageTitle": "Reduce more repeated code by generating standard messages",
            "messageBody": "",
            "insertions": 23,
            "deletions": 20
          }
        ]
      },
      {
        "insertions": 144,
        "deletions": 13,
        "date": "2019-08-23",
        "commitResults": [
          {
            "hash": "9ff38427e00d07243a20f8e0752a1f98f3c4a788",
            "messageTitle": "Setting up for Level-7",
            "messageBody": "",
            "insertions": 12,
            "deletions": 1
          },
          {
            "hash": "40a3f41cd99a13a2c91df2026c606b50aed88669",
            "messageTitle": "save task to a local text file for future use.",
            "messageBody": "",
            "insertions": 90,
            "deletions": 1
          },
          {
            "hash": "5eae1adf1838b57e54bfada85792b19e440f96ea",
            "messageTitle": "change Deadline, Event String variable (at, start, end) to Date.",
            "messageBody": "",
            "insertions": 42,
            "deletions": 11
          }
        ]
      },
      {
        "insertions": 225,
        "deletions": 167,
        "date": "2019-08-24",
        "commitResults": [
          {
            "hash": "8b2e27b07f5ea7633eaec3f50aa0b29170f35069",
            "messageTitle": "create class Ui - handling different message generation. Split codes to different methods",
            "messageBody": "",
            "insertions": 225,
            "deletions": 167
          }
        ]
      }
    ]
  },
  "authorFinalContributionMap": {
    "JunHongT": 470
  },
  "authorFileTypeContributionMap": {
    "JunHongT": {
      "java": 449,
      "md": 1,
      "fxml": 0,
      "sh": 0,
      "bat": 0,
      "gradle": 13,
      "txt": 7
    }
  },
  "authorContributionVariance": {
    "JunHongT": 25691.137
  },
  "authorDisplayNameMap": {
    "JunHongT": "TEO  .. HONG"
  }
}
