{
  "authorDailyContributionsMap": {
    "Cronyxx": [
      {
        "insertions": 24,
        "deletions": 1,
        "date": "2019-08-20",
        "commitResults": [
          {
            "hash": "a7313230601767b8b16d8e8780859744015cced2",
            "messageTitle": "Set up gradle",
            "messageBody": "",
            "insertions": 24,
            "deletions": 1
          }
        ]
      },
      {
        "insertions": 218,
        "deletions": 24,
        "date": "2019-08-21",
        "commitResults": [
          {
            "hash": "0ef888d36436a6b5905d82057d7edd0c4e3fe4c0",
            "messageTitle": "Implement Level 1 Greet, Echo, Exit",
            "messageBody": "",
            "insertions": 79,
            "deletions": 6
          },
          {
            "hash": "6f9386b1966ed9b91d68f7496c7d6877fcd35453",
            "messageTitle": "Implement Level 2 Add, List",
            "messageBody": "",
            "insertions": 58,
            "deletions": 6
          },
          {
            "hash": "cf93b057307115f754ce92ce7502dfcdc68f489e",
            "messageTitle": "Implement Level 3 Mark as done",
            "messageBody": "",
            "insertions": 81,
            "deletions": 12
          }
        ]
      },
      {
        "insertions": 235,
        "deletions": 93,
        "date": "2019-08-22",
        "commitResults": [
          {
            "hash": "f7a50a41813a93e3ed01a883655523b631c74a22",
            "messageTitle": "Implement Level 4 ToDos, Events, Deadlines",
            "messageBody": "",
            "insertions": 110,
            "deletions": 8
          },
          {
            "hash": "ae5e79e3c5e6ca14226dd3283ef2689f7d65d70d",
            "messageTitle": "Implement Level 5 Handle Errors",
            "messageBody": "",
            "insertions": 94,
            "deletions": 79
          },
          {
            "hash": "174f296c62d6d0a20cf42e2c624acc4e3bf364c2",
            "messageTitle": "Implement Level 6 Delete",
            "messageBody": "",
            "insertions": 31,
            "deletions": 6
          }
        ]
      },
      {
        "insertions": 170,
        "deletions": 0,
        "date": "2019-08-23",
        "commitResults": [
          {
            "hash": "970eb647876dff7912e8a488f255a4ddd328ca44",
            "messageTitle": "Implement A-TextUiTesting",
            "messageBody": "",
            "insertions": 170,
            "deletions": 0
          }
        ]
      },
      {
        "insertions": 625,
        "deletions": 241,
        "date": "2019-08-28",
        "commitResults": [
          {
            "hash": "4b1a8409cbd83f970f25f25a11aea63cf128530d",
            "messageTitle": "Refactor code to make it more OOP",
            "messageBody": "",
            "insertions": 548,
            "deletions": 203
          },
          {
            "hash": "1b15e71a5a69568a25ef10408ad7f4ccda5f3b9d",
            "messageTitle": "Implement Level 7 Save",
            "messageBody": "",
            "insertions": 4,
            "deletions": 7
          },
          {
            "hash": "c0ee29ee6b06b339cba2c1870a355fe16789aa0b",
            "messageTitle": "Implement Level 8 Dates and Times",
            "messageBody": "",
            "insertions": 73,
            "deletions": 31
          }
        ]
      },
      {
        "insertions": 437,
        "deletions": 51,
        "date": "2019-08-29",
        "commitResults": [
          {
            "hash": "aebd3b37b746b7ae5dbd2367a5013016769061d4",
            "messageTitle": "Implement A-Packages",
            "messageBody": "",
            "insertions": 132,
            "deletions": 3
          },
          {
            "hash": "d22089a76ac8fffc84a52d605605231a8c655c51",
            "messageTitle": "Implement A-JUnit",
            "messageBody": "",
            "insertions": 287,
            "deletions": 22
          },
          {
            "hash": "88da3ffe7391dd592b658ab54d35f4dbdf6c210e",
            "messageTitle": "Implement A-CodingStandard",
            "messageBody": "",
            "insertions": 18,
            "deletions": 26
          }
        ]
      },
      {
        "insertions": 61,
        "deletions": 2,
        "date": "2019-08-31",
        "commitResults": [
          {
            "hash": "2937c77eb8052667f5d16e3e84e9a04c768795bb",
            "messageTitle": "implement Level-9 Find",
            "messageBody": "",
            "insertions": 61,
            "deletions": 2
          }
        ]
      },
      {
        "insertions": 600,
        "deletions": 47,
        "date": "2019-09-02",
        "commitResults": [
          {
            "hash": "b2bbfb1b557673991197c62b5bb2fe3bc16a3639",
            "messageTitle": "Implement A-JavaDoc",
            "messageBody": "",
            "insertions": 598,
            "deletions": 41
          },
          {
            "hash": "0baf2360bacda45d972d417f5c4aa2533dac84bd",
            "messageTitle": "fix bugs regarding delete and done command",
            "messageBody": "",
            "insertions": 2,
            "deletions": 6
          }
        ]
      },
      {
        "insertions": 493,
        "deletions": 310,
        "date": "2019-09-05",
        "commitResults": [
          {
            "hash": "fd5960f9dff6c8baf46043984e76a664636ad669",
            "messageTitle": "make changes base on reviews",
            "messageBody": "",
            "insertions": 171,
            "deletions": 105
          },
          {
            "hash": "cee8a57225a31622ec295344fb8371494813bb6f",
            "messageTitle": "update test cases",
            "messageBody": "",
            "insertions": 38,
            "deletions": 22
          },
          {
            "hash": "99e32e08935eefb36df737eafc558b9af3d451f4",
            "messageTitle": "implement Level-10",
            "messageBody": "",
            "insertions": 284,
            "deletions": 183
          }
        ]
      }
    ]
  },
  "authorFinalContributionMap": {
    "Cronyxx": 2101
  },
  "authorFileTypeContributionMap": {
    "Cronyxx": {
      "java": 1863,
      "md": 0,
      "fxml": 35,
      "sh": 34,
      "bat": 0,
      "gradle": 32,
      "txt": 137
    }
  },
  "authorContributionVariance": {
    "Cronyxx": 77285.56
  },
  "authorDisplayNameMap": {
    "Cronyxx": "CS2103T-F13-1 YEO T ...  TONG"
  }
}
