{
  "authorDailyContributionsMap": {
    "lrchema": [
      {
        "insertions": 118,
        "deletions": 85,
        "date": "2019-08-19",
        "commitResults": [
          {
            "hash": "d8ec55af2903e91a861c0ae7f2a9ccbaeffce241",
            "messageTitle": "Add gradle and test file",
            "messageBody": "",
            "insertions": 118,
            "deletions": 85
          }
        ]
      },
      {
        "insertions": 219,
        "deletions": 25,
        "date": "2019-08-20",
        "commitResults": [
          {
            "hash": "0b5d9b5c789abf31ae195faf40c3bb10d356844a",
            "messageTitle": "Echo user input and exit on bye",
            "messageBody": "",
            "insertions": 15,
            "deletions": 1
          },
          {
            "hash": "7149fd3e76238377401bd4f822f97629101e2cd7",
            "messageTitle": "Add items and list them",
            "messageBody": "",
            "insertions": 15,
            "deletions": 2
          },
          {
            "hash": "10b2afdaf0c285c4118754edd6d053e9d405eaae",
            "messageTitle": "Mark tasks as done",
            "messageBody": "",
            "insertions": 50,
            "deletions": 6
          },
          {
            "hash": "9c4d3a1a3aaa38b70710b1fc3c8e1321b925504f",
            "messageTitle": "Add different task types",
            "messageBody": "",
            "insertions": 51,
            "deletions": 16
          },
          {
            "hash": "baa6826f6d593e46a310a24e30ad346ebc6df5cf",
            "messageTitle": "Add script to run tests",
            "messageBody": "",
            "insertions": 88,
            "deletions": 0
          }
        ]
      },
      {
        "insertions": 148,
        "deletions": 46,
        "date": "2019-08-21",
        "commitResults": [
          {
            "hash": "be76f7b8540c1067f7ad7c0eb8b71a95971fee34",
            "messageTitle": "Implement error handling with custom exception",
            "messageBody": "",
            "insertions": 118,
            "deletions": 44
          },
          {
            "hash": "cabefd8d72ed5c26c329ea42899e8b752cf5db53",
            "messageTitle": "Add delete function with error handling",
            "messageBody": "",
            "insertions": 30,
            "deletions": 2
          }
        ]
      },
      {
        "insertions": 48,
        "deletions": 0,
        "date": "2019-08-23",
        "commitResults": [
          {
            "hash": "68d1a6c268a879b6d92c7cb803353cec1df66b2f",
            "messageTitle": "Read and write task list to file",
            "messageBody": "",
            "insertions": 48,
            "deletions": 0
          }
        ]
      },
      {
        "insertions": 31,
        "deletions": 17,
        "date": "2019-08-24",
        "commitResults": [
          {
            "hash": "1c5beac7cf7f1260a0d0674bc533cc35c1718d4f",
            "messageTitle": "Represent by and at as date/times",
            "messageBody": "",
            "insertions": 22,
            "deletions": 9
          },
          {
            "hash": "fbd6820f82d4aa21750b99fccae49452b31eda10",
            "messageTitle": "Modify test case accordingly",
            "messageBody": "",
            "insertions": 5,
            "deletions": 5
          },
          {
            "hash": "8d0c1700c13239214f3afc729e084c0033842cb0",
            "messageTitle": "Apply fixes so level 7 and 8 work together",
            "messageBody": "",
            "insertions": 4,
            "deletions": 3
          }
        ]
      },
      {
        "insertions": 287,
        "deletions": 202,
        "date": "2019-08-25",
        "commitResults": [
          {
            "hash": "839d5f1ec359576a5262451d08979deef3dca1ba",
            "messageTitle": "Refactor to add more OOP",
            "messageBody": "",
            "insertions": 247,
            "deletions": 202
          },
          {
            "hash": "6dc5d4b15082d8a73648e1c5a19e586ced25c483",
            "messageTitle": "Update test case to test error checking",
            "messageBody": "",
            "insertions": 7,
            "deletions": 0
          },
          {
            "hash": "9bc1a35dab4c255bd4203dede3e07361f32e074d",
            "messageTitle": "Add junit testing",
            "messageBody": "",
            "insertions": 33,
            "deletions": 0
          }
        ]
      },
      {
        "insertions": 262,
        "deletions": 100,
        "date": "2019-08-26",
        "commitResults": [
          {
            "hash": "5a3ae6c8446376dd2f63caf191e5cbc4fa2a0fb4",
            "messageTitle": "Fix file path",
            "messageBody": "",
            "insertions": 3,
            "deletions": 1
          },
          {
            "hash": "780052336bfb2b6e4eb156818fa323bac4a40baa",
            "messageTitle": "Remove unused imports",
            "messageBody": "",
            "insertions": 0,
            "deletions": 2
          },
          {
            "hash": "de44216ce7f709cd38f5c308102a177ce50c1659",
            "messageTitle": "Add Javadoc comments",
            "messageBody": "",
            "insertions": 116,
            "deletions": 15
          },
          {
            "hash": "2e104dc00b4133deb24b811da7d781ea1097ea5a",
            "messageTitle": "Rename and format to conform to coding standards",
            "messageBody": "",
            "insertions": 70,
            "deletions": 48
          },
          {
            "hash": "b3fae9e354a97b7cc3099539cbd930581723b2e9",
            "messageTitle": "Add a search function to duke",
            "messageBody": "",
            "insertions": 73,
            "deletions": 34
          }
        ]
      },
      {
        "insertions": 345,
        "deletions": 102,
        "date": "2019-09-03",
        "commitResults": [
          {
            "hash": "23d27d4d6b37de443f86ef7761eae7dc73a62e3d",
            "messageTitle": "Fix off-by-1 and remove order variable from task",
            "messageBody": "",
            "insertions": 13,
            "deletions": 16
          },
          {
            "hash": "e2037940dd99a5d99d828e7a438350f6a399eae4",
            "messageTitle": "Add a javafx GUI",
            "messageBody": "",
            "insertions": 332,
            "deletions": 86
          }
        ]
      },
      {
        "insertions": 118,
        "deletions": 33,
        "date": "2019-09-08",
        "commitResults": [
          {
            "hash": "54c1d1e8e48dc00356ac919b2dad24d13449db13",
            "messageTitle": "Fix the bugs in the find functionality",
            "messageBody": "",
            "insertions": 34,
            "deletions": 10
          },
          {
            "hash": "7ea119a15e6c31f3978f5c2029d3332a8968baa1",
            "messageTitle": "Implement GUI exception handling",
            "messageBody": "",
            "insertions": 84,
            "deletions": 23
          }
        ]
      },
      {
        "insertions": 17,
        "deletions": 2,
        "date": "2019-09-09",
        "commitResults": [
          {
            "hash": "b3431d45266af05e89d8d074034256172ea680a3",
            "messageTitle": "Add other UI improvements",
            "messageBody": "",
            "insertions": 15,
            "deletions": 2
          },
          {
            "hash": "01b7ee412294c90e236c53f589f1fc43aaf3a9d9",
            "messageTitle": "Add assertions (#4)",
            "messageBody": "",
            "insertions": 2,
            "deletions": 0
          }
        ]
      }
    ]
  },
  "authorFinalContributionMap": {
    "lrchema": 993
  },
  "authorFileTypeContributionMap": {
    "lrchema": {
      "java": 817,
      "md": 0,
      "fxml": 40,
      "sh": 34,
      "bat": 17,
      "gradle": 24,
      "txt": 61
    }
  },
  "authorContributionVariance": {
    "lrchema": 21665.76
  },
  "authorDisplayNameMap": {
    "lrchema": "CS2103T-T10-3 CHAND ...  HEMA"
  }
}
