{
  "authorDailyContributionsMap": {
    "Jeffry Lum": [
      {
        "insertions": 2,
        "deletions": 2,
        "date": "2019-08-16",
        "commitResults": [
          {
            "hash": "5df56a8908679dfc9efc6fcca655b1f9de85d51e",
            "messageTitle": "Remove references to DukeStub",
            "messageBody": "",
            "insertions": 2,
            "deletions": 2
          }
        ]
      }
    ],
    "Ni Tianzhen": [
      {
        "insertions": 157,
        "deletions": 14,
        "date": "2019-08-20",
        "commitResults": [
          {
            "hash": "d1e8b75b9c405f34f540c125c507aaa4801833ff",
            "messageTitle": "Add checkstyle and shadowJar plugins to gradle",
            "messageBody": "",
            "insertions": 14,
            "deletions": 1
          },
          {
            "hash": "5f297f5af1b6d1d298be1352a89bed45e582cf70",
            "messageTitle": "Complete level 1: greet, echo, exit",
            "messageBody": "",
            "insertions": 24,
            "deletions": 6
          },
          {
            "hash": "2d26f62c83af8d61a499dbb672bdeee07eaddbd3",
            "messageTitle": "Fix no such element exception thrown by scanner with gradle run",
            "messageBody": "",
            "insertions": 4,
            "deletions": 0
          },
          {
            "hash": "4bde136bc504d87490b5550b85180320fcbb0b50",
            "messageTitle": "Change print message method to private",
            "messageBody": "",
            "insertions": 1,
            "deletions": 1
          },
          {
            "hash": "55ad0c7f5b8b1ebdad4e9ba436804ecdf5ce43d8",
            "messageTitle": "Complete level 2",
            "messageBody": "",
            "insertions": 16,
            "deletions": 3
          },
          {
            "hash": "26e5541e1f178bc9a7d2a4d2becdb7c792c77c3d",
            "messageTitle": "Implement class for tasks",
            "messageBody": "",
            "insertions": 25,
            "deletions": 0
          },
          {
            "hash": "87dc2a3309b626f9478571e329679b9bd3ad8e66",
            "messageTitle": "Complete level 3",
            "messageBody": "",
            "insertions": 9,
            "deletions": 3
          },
          {
            "hash": "a33e3b4861958fe0e0cf78112247ec511dd47972",
            "messageTitle": "Implement different types of tasks",
            "messageBody": "",
            "insertions": 39,
            "deletions": 0
          },
          {
            "hash": "bdf9e6f7e15fe3fb71fc1e553baaa89a58ca0fbf",
            "messageTitle": "Complete level 4",
            "messageBody": "",
            "insertions": 25,
            "deletions": 0
          }
        ]
      },
      {
        "insertions": 188,
        "deletions": 26,
        "date": "2019-08-21",
        "commitResults": [
          {
            "hash": "121f9e57cd9c86a727fd5b9a95c024ace939303b",
            "messageTitle": "Remove additional space in deadline and event description",
            "messageBody": "",
            "insertions": 5,
            "deletions": 5
          },
          {
            "hash": "13e1eb54ee0af35e6d11e5289af517f285f3a506",
            "messageTitle": "Add text ui testing",
            "messageBody": "",
            "insertions": 73,
            "deletions": 0
          },
          {
            "hash": "1629a18501bd5f22c2deb08234939cb2640e75e0",
            "messageTitle": "Implement duke exception",
            "messageBody": "",
            "insertions": 13,
            "deletions": 0
          },
          {
            "hash": "18ce9df6e323b1a59d6f51aeed88ab636cd24af8",
            "messageTitle": "Complete level 5 with exception handling for invalid command, no description and no date/time",
            "messageBody": "",
            "insertions": 92,
            "deletions": 21
          },
          {
            "hash": "ed9479cb990764e8197c423132ac20b03706ed35",
            "messageTitle": "Complete level 6: implement delete feature",
            "messageBody": "",
            "insertions": 5,
            "deletions": 0
          }
        ]
      }
    ]
  },
  "authorFinalContributionMap": {
    "Jeffry Lum": 103,
    "Ni Tianzhen": 311
  },
  "authorFileTypeContributionMap": {
    "Jeffry Lum": {
      "java": 1,
      "md": 2,
      "fxml": 0,
      "sh": 0,
      "bat": 84,
      "gradle": 16,
      "txt": 0
    },
    "Ni Tianzhen": {
      "java": 220,
      "md": 0,
      "fxml": 0,
      "sh": 34,
      "bat": 0,
      "gradle": 18,
      "txt": 39
    }
  },
  "authorContributionVariance": {
    "Jeffry Lum": 2.2222223,
    "Ni Tianzhen": 8388.806
  },
  "authorDisplayNameMap": {
    "Jeffry Lum": "Jeffry Lum",
    "Ni Tianzhen": "Ni Tianzhen"
  }
}
