{
  "authorDailyContributionsMap": {
    "niqiukun": [
      {
        "insertions": 157,
        "deletions": 14,
        "date": "2019-08-20",
        "commitResults": [
          {
            "hash": "d1e8b75b9c405f34f540c125c507aaa4801833ff",
            "messageTitle": "Add checkstyle and shadowJar plugins to gradle",
            "messageBody": "",
            "insertions": 14,
            "deletions": 1
          },
          {
            "hash": "5f297f5af1b6d1d298be1352a89bed45e582cf70",
            "messageTitle": "Complete level 1: greet, echo, exit",
            "messageBody": "",
            "insertions": 24,
            "deletions": 6
          },
          {
            "hash": "2d26f62c83af8d61a499dbb672bdeee07eaddbd3",
            "messageTitle": "Fix no such element exception thrown by scanner with gradle run",
            "messageBody": "",
            "insertions": 4,
            "deletions": 0
          },
          {
            "hash": "4bde136bc504d87490b5550b85180320fcbb0b50",
            "messageTitle": "Change print message method to private",
            "messageBody": "",
            "insertions": 1,
            "deletions": 1
          },
          {
            "hash": "55ad0c7f5b8b1ebdad4e9ba436804ecdf5ce43d8",
            "messageTitle": "Complete level 2",
            "messageBody": "",
            "insertions": 16,
            "deletions": 3
          },
          {
            "hash": "26e5541e1f178bc9a7d2a4d2becdb7c792c77c3d",
            "messageTitle": "Implement class for tasks",
            "messageBody": "",
            "insertions": 25,
            "deletions": 0
          },
          {
            "hash": "87dc2a3309b626f9478571e329679b9bd3ad8e66",
            "messageTitle": "Complete level 3",
            "messageBody": "",
            "insertions": 9,
            "deletions": 3
          },
          {
            "hash": "a33e3b4861958fe0e0cf78112247ec511dd47972",
            "messageTitle": "Implement different types of tasks",
            "messageBody": "",
            "insertions": 39,
            "deletions": 0
          },
          {
            "hash": "bdf9e6f7e15fe3fb71fc1e553baaa89a58ca0fbf",
            "messageTitle": "Complete level 4",
            "messageBody": "",
            "insertions": 25,
            "deletions": 0
          }
        ]
      },
      {
        "insertions": 188,
        "deletions": 26,
        "date": "2019-08-21",
        "commitResults": [
          {
            "hash": "121f9e57cd9c86a727fd5b9a95c024ace939303b",
            "messageTitle": "Remove additional space in deadline and event description",
            "messageBody": "",
            "insertions": 5,
            "deletions": 5
          },
          {
            "hash": "13e1eb54ee0af35e6d11e5289af517f285f3a506",
            "messageTitle": "Add text ui testing",
            "messageBody": "",
            "insertions": 73,
            "deletions": 0
          },
          {
            "hash": "1629a18501bd5f22c2deb08234939cb2640e75e0",
            "messageTitle": "Implement duke exception",
            "messageBody": "",
            "insertions": 13,
            "deletions": 0
          },
          {
            "hash": "18ce9df6e323b1a59d6f51aeed88ab636cd24af8",
            "messageTitle": "Complete level 5 with exception handling for invalid command, no description and no date/time",
            "messageBody": "",
            "insertions": 92,
            "deletions": 21
          },
          {
            "hash": "ed9479cb990764e8197c423132ac20b03706ed35",
            "messageTitle": "Complete level 6: implement delete feature",
            "messageBody": "",
            "insertions": 5,
            "deletions": 0
          }
        ]
      },
      {
        "insertions": 1,
        "deletions": 8,
        "date": "2019-08-25",
        "commitResults": [
          {
            "hash": "c0c4851440a353933b1c26aff32bd3cefa7dc305",
            "messageTitle": "Change duke exception message to use inheritance",
            "messageBody": "",
            "insertions": 1,
            "deletions": 8
          }
        ]
      },
      {
        "insertions": 732,
        "deletions": 293,
        "date": "2019-08-26",
        "commitResults": [
          {
            "hash": "54e696a6273463d507419d9386e614cd60f396a6",
            "messageTitle": "Factor out functions and write functions for export/import",
            "messageBody": "",
            "insertions": 171,
            "deletions": 82
          },
          {
            "hash": "8c83f89b102b77db466bdf4cb74a125968040096",
            "messageTitle": "Complete level 7: auto save and load",
            "messageBody": "",
            "insertions": 4,
            "deletions": 0
          },
          {
            "hash": "975a7e6d5fc3677d6cd1ab227e303b212ceeb2ac",
            "messageTitle": "Complete level 8: dates and times",
            "messageBody": "",
            "insertions": 30,
            "deletions": 10
          },
          {
            "hash": "299d8b651f5a498e89f8e064cfbb647576890add",
            "messageTitle": "Refactoring to make the code more OOP",
            "messageBody": "",
            "insertions": 292,
            "deletions": 162
          },
          {
            "hash": "b2f374cb38e9e7dab9bae1c07de9c9479a61bac2",
            "messageTitle": "Place classes inside packages",
            "messageBody": "",
            "insertions": 94,
            "deletions": 14
          },
          {
            "hash": "4224a9f9e85fa7bec86ddd5633376bc30724b419",
            "messageTitle": "Factor out date util functions",
            "messageBody": "",
            "insertions": 31,
            "deletions": 24
          },
          {
            "hash": "b9aec61c5eb6823c1a628dd647253e4aabbe547a",
            "messageTitle": "Implement JUnit testing",
            "messageBody": "",
            "insertions": 109,
            "deletions": 0
          },
          {
            "hash": "26d7d194cfa23831bb630faef1260d211efd1dfe",
            "messageTitle": "Change version number for jar export",
            "messageBody": "",
            "insertions": 1,
            "deletions": 1
          }
        ]
      },
      {
        "insertions": 319,
        "deletions": 28,
        "date": "2019-08-27",
        "commitResults": [
          {
            "hash": "3e344c1e0ff91ec3ca99eddc35db7d9f70d6e48f",
            "messageTitle": "Correct the welcome message",
            "messageBody": "",
            "insertions": 1,
            "deletions": 1
          },
          {
            "hash": "5d107be4c77eeb6811ae2b4baf60e8b02ec9485a",
            "messageTitle": "Add feature to find tasks using keyword",
            "messageBody": "",
            "insertions": 33,
            "deletions": 0
          },
          {
            "hash": "38264307f6dcca3faa0fb9897a84969652875f51",
            "messageTitle": "Change task list into plural form",
            "messageBody": "",
            "insertions": 11,
            "deletions": 11
          },
          {
            "hash": "c1104874cb27c63935867e90cd9a38060b80e972",
            "messageTitle": "Remove unused import and change some class variables to private",
            "messageBody": "",
            "insertions": 6,
            "deletions": 7
          },
          {
            "hash": "b0302180e70eadbeddbed7b88c2b3a5b9538a48f",
            "messageTitle": "Add JavaDoc comments to the code",
            "messageBody": "",
            "insertions": 249,
            "deletions": 8
          },
          {
            "hash": "3106be0d6f9bf9a749bce08d21480b3ea94481ca",
            "messageTitle": "Make level 9 work after merging and add javadoc",
            "messageBody": "",
            "insertions": 19,
            "deletions": 1
          }
        ]
      }
    ]
  },
  "authorFinalContributionMap": {
    "niqiukun": 1037
  },
  "authorFileTypeContributionMap": {
    "niqiukun": {
      "java": 938,
      "md": 0,
      "fxml": 0,
      "sh": 34,
      "bat": 0,
      "gradle": 26,
      "txt": 39
    }
  },
  "authorContributionVariance": {
    "niqiukun": 82187.98
  },
  "authorDisplayNameMap": {
    "niqiukun": "NI TI ... NZHEN"
  }
}
