[
  {
    "path": "src/main/java/Duke.java",
    "fileType": "java",
    "lines": [
      {
        "lineNumber": 1,
        "author": {
          "gitId": "MC"
        },
        "content": "import java.util.Scanner;"
      },
      {
        "lineNumber": 2,
        "author": {
          "gitId": "MC"
        },
        "content": "import java.util.ArrayList;"
      },
      {
        "lineNumber": 3,
        "author": {
          "gitId": "-"
        },
        "content": "public class Duke {"
      },
      {
        "lineNumber": 4,
        "author": {
          "gitId": "MC"
        },
        "content": "    private ArrayList\u003cTask\u003e textEntered;"
      },
      {
        "lineNumber": 5,
        "author": {
          "gitId": "MC"
        },
        "content": ""
      },
      {
        "lineNumber": 6,
        "author": {
          "gitId": "MC"
        },
        "content": "    public Duke(){"
      },
      {
        "lineNumber": 7,
        "author": {
          "gitId": "MC"
        },
        "content": "        textEntered \u003d new ArrayList\u003cTask\u003e(100);"
      },
      {
        "lineNumber": 8,
        "author": {
          "gitId": "MC"
        },
        "content": "    }"
      },
      {
        "lineNumber": 9,
        "author": {
          "gitId": "MC"
        },
        "content": ""
      },
      {
        "lineNumber": 10,
        "author": {
          "gitId": "-"
        },
        "content": "    public static void main(String[] args) {"
      },
      {
        "lineNumber": 11,
        "author": {
          "gitId": "MC"
        },
        "content": "        Duke dukebot \u003d new Duke();"
      },
      {
        "lineNumber": 12,
        "author": {
          "gitId": "MC"
        },
        "content": "        dukebot.greetUser();"
      },
      {
        "lineNumber": 13,
        "author": {
          "gitId": "MC"
        },
        "content": "        dukebot.echoUser();"
      },
      {
        "lineNumber": 14,
        "author": {
          "gitId": "MC"
        },
        "content": "    }"
      },
      {
        "lineNumber": 15,
        "author": {
          "gitId": "MC"
        },
        "content": ""
      },
      {
        "lineNumber": 16,
        "author": {
          "gitId": "MC"
        },
        "content": "    private void greetUser(){"
      },
      {
        "lineNumber": 17,
        "author": {
          "gitId": "MC"
        },
        "content": "        System.out.println(\"Hello! I\u0027m Duke\\nWhat can I do for you?\\n\");"
      },
      {
        "lineNumber": 18,
        "author": {
          "gitId": "MC"
        },
        "content": "    }"
      },
      {
        "lineNumber": 19,
        "author": {
          "gitId": "MC"
        },
        "content": ""
      },
      {
        "lineNumber": 20,
        "author": {
          "gitId": "MC"
        },
        "content": "    private void echoUser() {"
      },
      {
        "lineNumber": 21,
        "author": {
          "gitId": "MC"
        },
        "content": "        Scanner scanner \u003d new Scanner(System.in);"
      },
      {
        "lineNumber": 22,
        "author": {
          "gitId": "MC"
        },
        "content": "        String input \u003d scanner.nextLine();"
      },
      {
        "lineNumber": 23,
        "author": {
          "gitId": "MC"
        },
        "content": "        String exceptionString;"
      },
      {
        "lineNumber": 24,
        "author": {
          "gitId": "MC"
        },
        "content": "        while(!input.equalsIgnoreCase(\"Bye\")) {"
      },
      {
        "lineNumber": 25,
        "author": {
          "gitId": "MC"
        },
        "content": "            try {"
      },
      {
        "lineNumber": 26,
        "author": {
          "gitId": "MC"
        },
        "content": "                String[] inputsplit \u003d input.split(\" \", 2);"
      },
      {
        "lineNumber": 27,
        "author": {
          "gitId": "MC"
        },
        "content": "                if (inputsplit[0].equalsIgnoreCase(\"list\")) {"
      },
      {
        "lineNumber": 28,
        "author": {
          "gitId": "MC"
        },
        "content": "                    printRecord();"
      },
      {
        "lineNumber": 29,
        "author": {
          "gitId": "MC"
        },
        "content": "                } else if (inputsplit[0].equalsIgnoreCase(\"done\")) {"
      },
      {
        "lineNumber": 30,
        "author": {
          "gitId": "MC"
        },
        "content": "                    handleDone(input);"
      },
      {
        "lineNumber": 31,
        "author": {
          "gitId": "MC"
        },
        "content": "                } else if (inputsplit[0].equalsIgnoreCase(\"todo\") || inputsplit[0].equalsIgnoreCase(\"deadline\") ||"
      },
      {
        "lineNumber": 32,
        "author": {
          "gitId": "MC"
        },
        "content": "                    inputsplit[0].equalsIgnoreCase(\"event\")) {"
      },
      {
        "lineNumber": 33,
        "author": {
          "gitId": "MC"
        },
        "content": "                    handleNewTask(inputsplit[0], input);"
      },
      {
        "lineNumber": 34,
        "author": {
          "gitId": "MC"
        },
        "content": "                } else if (inputsplit[0].equalsIgnoreCase(\"delete\")){"
      },
      {
        "lineNumber": 35,
        "author": {
          "gitId": "MC"
        },
        "content": "                    handleDelete(input);"
      },
      {
        "lineNumber": 36,
        "author": {
          "gitId": "MC"
        },
        "content": "                } else {"
      },
      {
        "lineNumber": 37,
        "author": {
          "gitId": "MC"
        },
        "content": "                    throw new DukeException(\"OOPS!!! I\u0027m sorry, but I don\u0027t know what that means :-(\");"
      },
      {
        "lineNumber": 38,
        "author": {
          "gitId": "MC"
        },
        "content": "                }"
      },
      {
        "lineNumber": 39,
        "author": {
          "gitId": "MC"
        },
        "content": "            } catch (DukeException e) {"
      },
      {
        "lineNumber": 40,
        "author": {
          "gitId": "MC"
        },
        "content": "                System.out.println(e.getMessage() + \"\\n\");"
      },
      {
        "lineNumber": 41,
        "author": {
          "gitId": "MC"
        },
        "content": "            } finally {"
      },
      {
        "lineNumber": 42,
        "author": {
          "gitId": "MC"
        },
        "content": "                input \u003d scanner.nextLine();"
      },
      {
        "lineNumber": 43,
        "author": {
          "gitId": "MC"
        },
        "content": "                continue;"
      },
      {
        "lineNumber": 44,
        "author": {
          "gitId": "MC"
        },
        "content": "            }"
      },
      {
        "lineNumber": 45,
        "author": {
          "gitId": "MC"
        },
        "content": "        }"
      },
      {
        "lineNumber": 46,
        "author": {
          "gitId": "MC"
        },
        "content": "            System.out.println(\"Bye. Hope to see you again soon!\\n\");"
      },
      {
        "lineNumber": 47,
        "author": {
          "gitId": "MC"
        },
        "content": ""
      },
      {
        "lineNumber": 48,
        "author": {
          "gitId": "MC"
        },
        "content": "    }"
      },
      {
        "lineNumber": 49,
        "author": {
          "gitId": "MC"
        },
        "content": ""
      },
      {
        "lineNumber": 50,
        "author": {
          "gitId": "MC"
        },
        "content": "    private void handleDone(String doneInfo) throws DukeException {"
      },
      {
        "lineNumber": 51,
        "author": {
          "gitId": "MC"
        },
        "content": "        String[] inputsplit \u003d doneInfo.split(\" \", 2);"
      },
      {
        "lineNumber": 52,
        "author": {
          "gitId": "MC"
        },
        "content": "        if(inputsplit.length \u003c\u003d 1) {"
      },
      {
        "lineNumber": 53,
        "author": {
          "gitId": "MC"
        },
        "content": "            throw new DukeException(\"OOPS!!! The description of done must have a value.\");"
      },
      {
        "lineNumber": 54,
        "author": {
          "gitId": "MC"
        },
        "content": "        } else if (Integer.parseInt(inputsplit[1]) \u003e textEntered.size() || Integer.parseInt(inputsplit[1]) \u003c\u003d 0 ){"
      },
      {
        "lineNumber": 55,
        "author": {
          "gitId": "MC"
        },
        "content": "            throw new DukeException(\"OOPS!!! Invalid value for task done!\");"
      },
      {
        "lineNumber": 56,
        "author": {
          "gitId": "MC"
        },
        "content": "        } else {"
      },
      {
        "lineNumber": 57,
        "author": {
          "gitId": "MC"
        },
        "content": "            int num \u003d Integer.parseInt(inputsplit[1]);"
      },
      {
        "lineNumber": 58,
        "author": {
          "gitId": "MC"
        },
        "content": "            markTaskDone(num);"
      },
      {
        "lineNumber": 59,
        "author": {
          "gitId": "MC"
        },
        "content": "        }"
      },
      {
        "lineNumber": 60,
        "author": {
          "gitId": "MC"
        },
        "content": "    }"
      },
      {
        "lineNumber": 61,
        "author": {
          "gitId": "MC"
        },
        "content": ""
      },
      {
        "lineNumber": 62,
        "author": {
          "gitId": "MC"
        },
        "content": "    private void handleDelete(String deleteInfo) throws DukeException{"
      },
      {
        "lineNumber": 63,
        "author": {
          "gitId": "MC"
        },
        "content": "        String[] inputsplit \u003d deleteInfo.split(\" \", 2);"
      },
      {
        "lineNumber": 64,
        "author": {
          "gitId": "MC"
        },
        "content": "        if(inputsplit.length \u003c\u003d 1) {"
      },
      {
        "lineNumber": 65,
        "author": {
          "gitId": "MC"
        },
        "content": "            throw new DukeException(\"OOPS!!! The description of delete must have a value.\");"
      },
      {
        "lineNumber": 66,
        "author": {
          "gitId": "MC"
        },
        "content": "        } else if (Integer.parseInt(inputsplit[1]) \u003e textEntered.size() || Integer.parseInt(inputsplit[1]) \u003c\u003d 0 ){"
      },
      {
        "lineNumber": 67,
        "author": {
          "gitId": "MC"
        },
        "content": "            throw new DukeException(\"OOPS!!! Invalid value for task delete!\");"
      },
      {
        "lineNumber": 68,
        "author": {
          "gitId": "MC"
        },
        "content": "        } else {"
      },
      {
        "lineNumber": 69,
        "author": {
          "gitId": "MC"
        },
        "content": "            int num \u003d Integer.parseInt(inputsplit[1]);"
      },
      {
        "lineNumber": 70,
        "author": {
          "gitId": "MC"
        },
        "content": "            Task t \u003d  textEntered.remove(num - 1);"
      },
      {
        "lineNumber": 71,
        "author": {
          "gitId": "MC"
        },
        "content": "            System.out.println(\"Noted. I\u0027ve removed this task: \\n\" + t.toString() + \"\\n\""
      },
      {
        "lineNumber": 72,
        "author": {
          "gitId": "MC"
        },
        "content": "                    + \"Now you have \" + textEntered.size() + \" tasks in the list.\");"
      },
      {
        "lineNumber": 73,
        "author": {
          "gitId": "MC"
        },
        "content": "        }"
      },
      {
        "lineNumber": 74,
        "author": {
          "gitId": "MC"
        },
        "content": "    }"
      },
      {
        "lineNumber": 75,
        "author": {
          "gitId": "MC"
        },
        "content": ""
      },
      {
        "lineNumber": 76,
        "author": {
          "gitId": "MC"
        },
        "content": "    private void handleNewTask(String typeTask, String taskInfo) throws DukeException{"
      },
      {
        "lineNumber": 77,
        "author": {
          "gitId": "MC"
        },
        "content": "        String[] inputsplit \u003d taskInfo.split(\" \", 2);"
      },
      {
        "lineNumber": 78,
        "author": {
          "gitId": "MC"
        },
        "content": "        if(inputsplit.length \u003c\u003d 1 ){"
      },
      {
        "lineNumber": 79,
        "author": {
          "gitId": "MC"
        },
        "content": "            throw new DukeException(\"OOPS!!! The description of a \" + typeTask + \" cannot be empty.\");"
      },
      {
        "lineNumber": 80,
        "author": {
          "gitId": "MC"
        },
        "content": "        }"
      },
      {
        "lineNumber": 81,
        "author": {
          "gitId": "MC"
        },
        "content": "        Task taskToAdd;"
      },
      {
        "lineNumber": 82,
        "author": {
          "gitId": "MC"
        },
        "content": "        if (typeTask.equalsIgnoreCase(\"todo\")) {"
      },
      {
        "lineNumber": 83,
        "author": {
          "gitId": "MC"
        },
        "content": "             taskToAdd \u003d new toDo(inputsplit[1]);"
      },
      {
        "lineNumber": 84,
        "author": {
          "gitId": "MC"
        },
        "content": "        } else if (typeTask.equalsIgnoreCase(\"deadline\")) {"
      },
      {
        "lineNumber": 85,
        "author": {
          "gitId": "MC"
        },
        "content": "            String[] descripSplit \u003d inputsplit[1].split(\" /by \", 2);"
      },
      {
        "lineNumber": 86,
        "author": {
          "gitId": "MC"
        },
        "content": "             taskToAdd \u003d new Deadline(descripSplit[0], descripSplit[1]);"
      },
      {
        "lineNumber": 87,
        "author": {
          "gitId": "MC"
        },
        "content": "        } else {"
      },
      {
        "lineNumber": 88,
        "author": {
          "gitId": "MC"
        },
        "content": "            String[] descripSplit \u003d inputsplit[1].split(\" /at \", 2);"
      },
      {
        "lineNumber": 89,
        "author": {
          "gitId": "MC"
        },
        "content": "             taskToAdd \u003d new Event(descripSplit[0], descripSplit[1]);"
      },
      {
        "lineNumber": 90,
        "author": {
          "gitId": "MC"
        },
        "content": "        }"
      },
      {
        "lineNumber": 91,
        "author": {
          "gitId": "MC"
        },
        "content": "        addToRecord(taskToAdd);"
      },
      {
        "lineNumber": 92,
        "author": {
          "gitId": "Jeffry Lum"
        },
        "content": "    }"
      },
      {
        "lineNumber": 93,
        "author": {
          "gitId": "MC"
        },
        "content": ""
      },
      {
        "lineNumber": 94,
        "author": {
          "gitId": "MC"
        },
        "content": "    private void addToRecord(Task t){"
      },
      {
        "lineNumber": 95,
        "author": {
          "gitId": "MC"
        },
        "content": "        this.textEntered.add(t);"
      },
      {
        "lineNumber": 96,
        "author": {
          "gitId": "MC"
        },
        "content": "        System.out.printf(\"Got it. I\u0027ve added this task: \\n  %s\\nNow you have %d tasks in the list.%n\", t.toString(), textEntered.size());"
      },
      {
        "lineNumber": 97,
        "author": {
          "gitId": "MC"
        },
        "content": "        System.out.println();"
      },
      {
        "lineNumber": 98,
        "author": {
          "gitId": "MC"
        },
        "content": "    }"
      },
      {
        "lineNumber": 99,
        "author": {
          "gitId": "MC"
        },
        "content": ""
      },
      {
        "lineNumber": 100,
        "author": {
          "gitId": "MC"
        },
        "content": "    private void markTaskDone(int num){"
      },
      {
        "lineNumber": 101,
        "author": {
          "gitId": "MC"
        },
        "content": "        Task t \u003d  textEntered.get(num - 1);"
      },
      {
        "lineNumber": 102,
        "author": {
          "gitId": "MC"
        },
        "content": "        t.markIsDone();"
      },
      {
        "lineNumber": 103,
        "author": {
          "gitId": "MC"
        },
        "content": "        System.out.println(\" Nice! I\u0027ve marked this task as done: \");"
      },
      {
        "lineNumber": 104,
        "author": {
          "gitId": "MC"
        },
        "content": "        System.out.println(\"  \" + t.getStatusIcon() + \" \" +  t.getDescription() + \"\\n\");"
      },
      {
        "lineNumber": 105,
        "author": {
          "gitId": "MC"
        },
        "content": "    }"
      },
      {
        "lineNumber": 106,
        "author": {
          "gitId": "MC"
        },
        "content": ""
      },
      {
        "lineNumber": 107,
        "author": {
          "gitId": "MC"
        },
        "content": "    private void printRecord(){"
      },
      {
        "lineNumber": 108,
        "author": {
          "gitId": "MC"
        },
        "content": "        System.out.println(\"Here are the tasks in your list:\");"
      },
      {
        "lineNumber": 109,
        "author": {
          "gitId": "MC"
        },
        "content": "        for(int i \u003d 0; i \u003c textEntered.size(); i++){"
      },
      {
        "lineNumber": 110,
        "author": {
          "gitId": "MC"
        },
        "content": "            System.out.print((i + 1) + \".\" + textEntered.get(i).toString() + \"\\n\");"
      },
      {
        "lineNumber": 111,
        "author": {
          "gitId": "MC"
        },
        "content": "        }"
      },
      {
        "lineNumber": 112,
        "author": {
          "gitId": "MC"
        },
        "content": "        System.out.println();"
      },
      {
        "lineNumber": 113,
        "author": {
          "gitId": "-"
        },
        "content": "    }"
      },
      {
        "lineNumber": 114,
        "author": {
          "gitId": "-"
        },
        "content": "}"
      }
    ],
    "authorContributionMap": {
      "MC": 109,
      "Jeffry Lum": 1,
      "-": 4
    }
  },
  {
    "path": "src/main/java/Task.java",
    "fileType": "java",
    "lines": [
      {
        "lineNumber": 1,
        "author": {
          "gitId": "MC"
        },
        "content": "public abstract class Task {"
      },
      {
        "lineNumber": 2,
        "author": {
          "gitId": "MC"
        },
        "content": "    protected String description;"
      },
      {
        "lineNumber": 3,
        "author": {
          "gitId": "MC"
        },
        "content": "    protected boolean isDone;"
      },
      {
        "lineNumber": 4,
        "author": {
          "gitId": "MC"
        },
        "content": ""
      },
      {
        "lineNumber": 5,
        "author": {
          "gitId": "MC"
        },
        "content": "    public Task(String description) {"
      },
      {
        "lineNumber": 6,
        "author": {
          "gitId": "MC"
        },
        "content": "        this.description \u003d description;"
      },
      {
        "lineNumber": 7,
        "author": {
          "gitId": "MC"
        },
        "content": "        this.isDone \u003d false;"
      },
      {
        "lineNumber": 8,
        "author": {
          "gitId": "MC"
        },
        "content": "    }"
      },
      {
        "lineNumber": 9,
        "author": {
          "gitId": "MC"
        },
        "content": ""
      },
      {
        "lineNumber": 10,
        "author": {
          "gitId": "MC"
        },
        "content": "    public String getDescription(){"
      },
      {
        "lineNumber": 11,
        "author": {
          "gitId": "MC"
        },
        "content": "        return this.description;"
      },
      {
        "lineNumber": 12,
        "author": {
          "gitId": "MC"
        },
        "content": "    }"
      },
      {
        "lineNumber": 13,
        "author": {
          "gitId": "MC"
        },
        "content": ""
      },
      {
        "lineNumber": 14,
        "author": {
          "gitId": "MC"
        },
        "content": "    public void markIsDone(){"
      },
      {
        "lineNumber": 15,
        "author": {
          "gitId": "MC"
        },
        "content": "        this.isDone \u003d true;"
      },
      {
        "lineNumber": 16,
        "author": {
          "gitId": "MC"
        },
        "content": "    }"
      },
      {
        "lineNumber": 17,
        "author": {
          "gitId": "MC"
        },
        "content": ""
      },
      {
        "lineNumber": 18,
        "author": {
          "gitId": "MC"
        },
        "content": "    public String getStatusIcon() {"
      },
      {
        "lineNumber": 19,
        "author": {
          "gitId": "MC"
        },
        "content": "        return (isDone ? \"[\" + \"\\u2713\" + \"]\" : \"[\" + \"\\u2718\" + \"]\"); //return tick or X symbols"
      },
      {
        "lineNumber": 20,
        "author": {
          "gitId": "MC"
        },
        "content": "    }"
      },
      {
        "lineNumber": 21,
        "author": {
          "gitId": "MC"
        },
        "content": ""
      },
      {
        "lineNumber": 22,
        "author": {
          "gitId": "MC"
        },
        "content": "    public String toString(){"
      },
      {
        "lineNumber": 23,
        "author": {
          "gitId": "MC"
        },
        "content": "        return this.description;"
      },
      {
        "lineNumber": 24,
        "author": {
          "gitId": "MC"
        },
        "content": "    }"
      },
      {
        "lineNumber": 25,
        "author": {
          "gitId": "MC"
        },
        "content": "}"
      }
    ],
    "authorContributionMap": {
      "MC": 25
    }
  }
]
