{
  "authorDailyContributionsMap": {
    "Dandford": [
      {
        "insertions": 181,
        "deletions": 52,
        "date": "2019-08-19",
        "commitResults": [
          {
            "hash": "2a55345ee86e25dd2151000400a27ce92fa82d81",
            "messageTitle": "Completed Lvl 1",
            "messageBody": "",
            "insertions": 19,
            "deletions": 6
          },
          {
            "hash": "6122095bc449e44e8258dfe4ff2fd28849c00221",
            "messageTitle": "Completed Level 2",
            "messageBody": "",
            "insertions": 26,
            "deletions": 4
          },
          {
            "hash": "3f4f61426913c0d5f234465dcdc616c3f1e406a5",
            "messageTitle": "Completed Level 3",
            "messageBody": "",
            "insertions": 40,
            "deletions": 5
          },
          {
            "hash": "d850562335894119d1613005362a22dafde223d5",
            "messageTitle": "Completed Level-4",
            "messageBody": "",
            "insertions": 23,
            "deletions": 10
          },
          {
            "hash": "2f2ac6f7237e38e1763b644ed24161ae63459525",
            "messageTitle": "Partial implementation of Testing and error in Lvl 4",
            "messageBody": "",
            "insertions": 1,
            "deletions": 1
          },
          {
            "hash": "e00c8a860eabef4a05ce36f0df4c303f28712682",
            "messageTitle": "Completed-Level-5",
            "messageBody": "",
            "insertions": 52,
            "deletions": 22
          },
          {
            "hash": "6a854f8317dd7824b45fa27375894a4afeed2d9c",
            "messageTitle": "Completed Lvl 6 + Noticed some errors in list print",
            "messageBody": "",
            "insertions": 20,
            "deletions": 4
          }
        ]
      },
      {
        "insertions": 74,
        "deletions": 0,
        "date": "2019-08-22",
        "commitResults": [
          {
            "hash": "42edd63bb98103b5e7d5d87327fa3fbf8c9cd2bb",
            "messageTitle": "Fixing Level 6, missed out some files",
            "messageBody": "",
            "insertions": 74,
            "deletions": 0
          }
        ]
      },
      {
        "insertions": 142,
        "deletions": 105,
        "date": "2019-08-23",
        "commitResults": [
          {
            "hash": "d671c08d2faaf7af5ffdd833ec39ab9f60c9b8c7",
            "messageTitle": "Fixing original errors in Level 4 due to forgetting to commit files",
            "messageBody": "",
            "insertions": 22,
            "deletions": 80
          },
          {
            "hash": "8db0fbbec0093d4794036c6786547cc61d09be9c",
            "messageTitle": "Fixing original errors in Level 5 due to forgetting to commit files",
            "messageBody": "",
            "insertions": 51,
            "deletions": 2
          },
          {
            "hash": "cbf04841e2a82ecaae4039f2ea7584e710b7733b",
            "messageTitle": "Fixing original errors in Level 6 due to forgetting to commit files",
            "messageBody": "",
            "insertions": 69,
            "deletions": 23
          }
        ]
      },
      {
        "insertions": 171,
        "deletions": 12,
        "date": "2019-08-26",
        "commitResults": [
          {
            "hash": "a7957cdffa8059ad5f53a7119bd31e8843bd84e7",
            "messageTitle": "Complete-Level-7",
            "messageBody": "",
            "insertions": 171,
            "deletions": 12
          }
        ]
      },
      {
        "insertions": 72,
        "deletions": 47,
        "date": "2019-08-27",
        "commitResults": [
          {
            "hash": "cad2013ae4890e79190cb07cd3151fdcd97b508e",
            "messageTitle": "Complete Level 8",
            "messageBody": "",
            "insertions": 56,
            "deletions": 9
          },
          {
            "hash": "48d0d9c009473c55d63a63a7e80c1de75233b4ac",
            "messageTitle": "Resolving merge conflicts after merging with Level-8",
            "messageBody": "",
            "insertions": 16,
            "deletions": 38
          }
        ]
      },
      {
        "insertions": 1036,
        "deletions": 282,
        "date": "2019-08-28",
        "commitResults": [
          {
            "hash": "d6c8ef2e25ebbc6fd257f6a0d7f2c163c0a3152b",
            "messageTitle": "A-MoreOOP",
            "messageBody": "",
            "insertions": 288,
            "deletions": 175
          },
          {
            "hash": "4f6ca7f0e3e38c8edba60bc361b4a275bceb8ec6",
            "messageTitle": "A-Packages",
            "messageBody": "",
            "insertions": 124,
            "deletions": 32
          },
          {
            "hash": "4cb672439a23346388a91f9e59aa979caf72604f",
            "messageTitle": "A-JUnit-Minimal",
            "messageBody": "",
            "insertions": 215,
            "deletions": 1
          },
          {
            "hash": "5f7f7ce6f57a56ccefeacc23a5bf475cc68b4552",
            "messageTitle": "A-Jar",
            "messageBody": "",
            "insertions": 8,
            "deletions": 0
          },
          {
            "hash": "c5cc45038f13110b4104a5aeeedd4c6d204267f7",
            "messageTitle": "A-JavaDoc",
            "messageBody": "",
            "insertions": 288,
            "deletions": 12
          },
          {
            "hash": "46f7d3565373a3b14e4744168387cd9c98721ab2",
            "messageTitle": "Minor Tweaks Error",
            "messageBody": "",
            "insertions": 1,
            "deletions": 2
          },
          {
            "hash": "29360ab633e3ba751efdf49990fd250cbc8e1d06",
            "messageTitle": "A-CodingStandard",
            "messageBody": "",
            "insertions": 58,
            "deletions": 57
          },
          {
            "hash": "1116d9a27d4f58f94cf64d0049983b49bf1ff252",
            "messageTitle": "Complete-Level-9",
            "messageBody": "",
            "insertions": 54,
            "deletions": 2
          },
          {
            "hash": "1ef5a35de7cc414d0d6b2e5c2d80ea9b11f3f5d0",
            "messageTitle": "Minor error on data.txt",
            "messageBody": "",
            "insertions": 0,
            "deletions": 1
          }
        ]
      },
      {
        "insertions": 67,
        "deletions": 47,
        "date": "2019-09-01",
        "commitResults": [
          {
            "hash": "5faf2b6e2215844e86ea29a2ff8f353b965b2d6d",
            "messageTitle": "Modify style based on checkstyle",
            "messageBody": "",
            "insertions": 67,
            "deletions": 47
          }
        ]
      },
      {
        "insertions": 419,
        "deletions": 166,
        "date": "2019-09-04",
        "commitResults": [
          {
            "hash": "3359f2b42b599020556b43589fb0e7dc763ef26f",
            "messageTitle": "Complete-Level-10",
            "messageBody": "",
            "insertions": 372,
            "deletions": 165
          },
          {
            "hash": "bb67f827258d752ae5c99c0855fdec80e72ecf93",
            "messageTitle": "Add padding to DialogBox",
            "messageBody": "",
            "insertions": 9,
            "deletions": 1
          },
          {
            "hash": "4e47046818ad9517d91f699b4f276644834c1fa1",
            "messageTitle": "Move FXML files to proper directory",
            "messageBody": "",
            "insertions": 38,
            "deletions": 0
          }
        ]
      },
      {
        "insertions": 208,
        "deletions": 97,
        "date": "2019-09-08",
        "commitResults": [
          {
            "hash": "7440a37b901ae3b1321181c6eee777997bc2db2c",
            "messageTitle": "Branch a assertions (#3)",
            "messageBody": "* Add styling to GUI\r\n\r\n* Add Assertions for methods\r\n",
            "insertions": 26,
            "deletions": 28
          },
          {
            "hash": "d415a9829de9dae923b43ec169192d4e1a180f6a",
            "messageTitle": "Branch a code quality (#4)",
            "messageBody": "* Add styling to GUI\r\n\r\n* Refactor code under A-CodeQuality\r\n",
            "insertions": 65,
            "deletions": 61
          },
          {
            "hash": "bb1f9204079a3c6f3389a446a01fc082e91c7550",
            "messageTitle": "More refactoring and adding J-Unit Tests",
            "messageBody": "",
            "insertions": 117,
            "deletions": 8
          }
        ]
      },
      {
        "insertions": 350,
        "deletions": 221,
        "date": "2019-09-14",
        "commitResults": [
          {
            "hash": "87d9ca749cb904da435083b416e45f8559d8edd9",
            "messageTitle": "Add update feature and minor refactoring (#7)",
            "messageBody": "* Add update feature and minor refactoring\r\n\r\n* Fix compile errors in switch statement\r\n",
            "insertions": 186,
            "deletions": 84
          },
          {
            "hash": "c60cc6f99ba1c842ec9f3d64351dfc43eca326b2",
            "messageTitle": "Add some refactoring",
            "messageBody": "",
            "insertions": 34,
            "deletions": 20
          },
          {
            "hash": "7d36d5fb41a0d245a12b94dc851652e3bc0698ee",
            "messageTitle": "Add User Guide and fix to Update Command",
            "messageBody": "",
            "insertions": 113,
            "deletions": 79
          },
          {
            "hash": "1a5ac931da2c4d0e6d0f63960d84e0d37114d0e6",
            "messageTitle": "Modify User Guide",
            "messageBody": "",
            "insertions": 17,
            "deletions": 38
          }
        ]
      },
      {
        "insertions": 8,
        "deletions": 24,
        "date": "2019-09-16",
        "commitResults": [
          {
            "hash": "76634c5cc840a0fbc4deb2a50c845523570d931b",
            "messageTitle": "Fix find to accept more than one keyword",
            "messageBody": "",
            "insertions": 8,
            "deletions": 24
          }
        ]
      },
      {
        "insertions": 35,
        "deletions": 30,
        "date": "2019-09-18",
        "commitResults": [
          {
            "hash": "89f61d5397c60669a4b79c81f1bab9893ff5b142",
            "messageTitle": "Update checkstyle",
            "messageBody": "",
            "insertions": 34,
            "deletions": 30
          },
          {
            "hash": "9b0e77d381918885ab0112ddf880457e0ea5bc72",
            "messageTitle": "Add Product Screenshot",
            "messageBody": "",
            "insertions": 1,
            "deletions": 0
          }
        ]
      },
      {
        "insertions": 4,
        "deletions": 10,
        "date": "2019-09-19",
        "commitResults": [
          {
            "hash": "03cfd168add4b0cb0296570146c2987ac5dee3fa",
            "messageTitle": "Modify png file",
            "messageBody": "",
            "insertions": 4,
            "deletions": 10
          }
        ]
      }
    ]
  },
  "authorFinalContributionMap": {
    "Dandford": 1738
  },
  "authorFileTypeContributionMap": {
    "Dandford": {
      "java": 1598,
      "md": 46,
      "fxml": 38,
      "sh": 0,
      "bat": 21,
      "gradle": 30,
      "txt": 5
    }
  },
  "authorContributionVariance": {
    "Dandford": 64559.37
  },
  "authorDisplayNameMap": {
    "Dandford": "CS2103-T16-4 ONG M ... CHUNG"
  }
}
