{
  "authorDailyContributionsMap": {
    "MC": [
      {
        "insertions": 181,
        "deletions": 52,
        "date": "2019-08-19",
        "commitResults": [
          {
            "hash": "2a55345ee86e25dd2151000400a27ce92fa82d81",
            "messageTitle": "Completed Lvl 1",
            "messageBody": "",
            "insertions": 19,
            "deletions": 6
          },
          {
            "hash": "6122095bc449e44e8258dfe4ff2fd28849c00221",
            "messageTitle": "Completed Level 2",
            "messageBody": "",
            "insertions": 26,
            "deletions": 4
          },
          {
            "hash": "3f4f61426913c0d5f234465dcdc616c3f1e406a5",
            "messageTitle": "Completed Level 3",
            "messageBody": "",
            "insertions": 40,
            "deletions": 5
          },
          {
            "hash": "d850562335894119d1613005362a22dafde223d5",
            "messageTitle": "Completed Level-4",
            "messageBody": "",
            "insertions": 23,
            "deletions": 10
          },
          {
            "hash": "2f2ac6f7237e38e1763b644ed24161ae63459525",
            "messageTitle": "Partial implementation of Testing and error in Lvl 4",
            "messageBody": "",
            "insertions": 1,
            "deletions": 1
          },
          {
            "hash": "e00c8a860eabef4a05ce36f0df4c303f28712682",
            "messageTitle": "Completed-Level-5",
            "messageBody": "",
            "insertions": 52,
            "deletions": 22
          },
          {
            "hash": "6a854f8317dd7824b45fa27375894a4afeed2d9c",
            "messageTitle": "Completed Lvl 6 + Noticed some errors in list print",
            "messageBody": "",
            "insertions": 20,
            "deletions": 4
          }
        ]
      }
    ],
    "Jeffry Lum": []
  },
  "authorFinalContributionMap": {
    "MC": 134,
    "Jeffry Lum": 1
  },
  "authorFileTypeContributionMap": {
    "MC": {
      "java": 134,
      "md": 0,
      "fxml": 0,
      "sh": 0,
      "bat": 0,
      "gradle": 0,
      "txt": 0
    },
    "Jeffry Lum": {
      "java": 1,
      "md": 0,
      "fxml": 0,
      "sh": 0,
      "bat": 0,
      "gradle": 0,
      "txt": 0
    }
  },
  "authorContributionVariance": {
    "MC": 10179.1875,
    "Jeffry Lum": 0.0
  },
  "authorDisplayNameMap": {
    "MC": "MC",
    "Jeffry Lum": "Jeffry Lum"
  }
}
