{
  "authorDailyContributionsMap": {
    "Jeffry Lum": [
      {
        "insertions": 2,
        "deletions": 2,
        "date": "2019-08-16",
        "commitResults": [
          {
            "hash": "5df56a8908679dfc9efc6fcca655b1f9de85d51e",
            "messageTitle": "Remove references to DukeStub",
            "messageBody": "",
            "insertions": 2,
            "deletions": 2
          }
        ]
      }
    ],
    "kwekke": [
      {
        "insertions": 417,
        "deletions": 118,
        "date": "2019-08-19",
        "commitResults": [
          {
            "hash": "41d4c7a0a58c315098eaca132ae21c1ad177568a",
            "messageTitle": "Duke.java add Level1",
            "messageBody": "",
            "insertions": 34,
            "deletions": 6
          },
          {
            "hash": "2713bfcf3bc2680d1b2cf5b68eac75003a39ae06",
            "messageTitle": "Duke.java add Level2",
            "messageBody": "",
            "insertions": 25,
            "deletions": 3
          },
          {
            "hash": "c3824c55754404a09e20abc886de89cd546f560b",
            "messageTitle": "add Level3",
            "messageBody": "",
            "insertions": 9,
            "deletions": 4
          },
          {
            "hash": "0f0dd6721bdd2455a9591f8b508e7bf192386a39",
            "messageTitle": "Revert \"add Level3\"",
            "messageBody": "This reverts commit c3824c55754404a09e20abc886de89cd546f560b.\n",
            "insertions": 4,
            "deletions": 9
          },
          {
            "hash": "20b44bf8ad314b144c906c0aa7e42857dc610b4b",
            "messageTitle": "add Level3",
            "messageBody": "",
            "insertions": 32,
            "deletions": 5
          },
          {
            "hash": "f93309ac75c3df41bffad24d1c0e8b72197d3f7e",
            "messageTitle": "add Level4",
            "messageBody": "",
            "insertions": 93,
            "deletions": 19
          },
          {
            "hash": "cdb9918d77fa837a2f1b54f3565e77cfb2981485",
            "messageTitle": "edit Level4",
            "messageBody": "",
            "insertions": 12,
            "deletions": 0
          },
          {
            "hash": "bac8969b4e74528be7b30853c3321c92674b5d21",
            "messageTitle": "TextUiTesting",
            "messageBody": "",
            "insertions": 97,
            "deletions": 9
          },
          {
            "hash": "3d1367704cfb4276d918f5653328e3b2456b52a0",
            "messageTitle": "add Level5",
            "messageBody": "",
            "insertions": 83,
            "deletions": 61
          },
          {
            "hash": "996643bea7f4fbdb97d08c3527e7cec86070526c",
            "messageTitle": "Fixed Level5 add Level6",
            "messageBody": "",
            "insertions": 28,
            "deletions": 2
          }
        ]
      }
    ]
  },
  "authorFinalContributionMap": {
    "Jeffry Lum": 7,
    "kwekke": 300
  },
  "authorFileTypeContributionMap": {
    "Jeffry Lum": {
      "java": 5,
      "md": 2,
      "fxml": 0,
      "sh": 0,
      "bat": 0,
      "gradle": 0,
      "txt": 0
    },
    "kwekke": {
      "java": 203,
      "md": 0,
      "fxml": 0,
      "sh": 34,
      "bat": 21,
      "gradle": 0,
      "txt": 42
    }
  },
  "authorContributionVariance": {
    "Jeffry Lum": 3.0,
    "kwekke": 53667.188
  },
  "authorDisplayNameMap": {
    "Jeffry Lum": "Jeffry Lum",
    "kwekke": "kwekke"
  }
}
