{
  "authorDailyContributionsMap": {
    "Crisgu": [
      {
        "insertions": 70,
        "deletions": 13,
        "date": "2019-08-19",
        "commitResults": [
          {
            "hash": "35ce2da49af95434f1376db4859abf9469ff8e39",
            "messageTitle": "lv1 cris 2019/08/19 22:57",
            "messageBody": "",
            "insertions": 29,
            "deletions": 0
          },
          {
            "hash": "e99b2fa51c1bbea37b2138d6fd79e16878a0ef3b",
            "messageTitle": "lv1 cris 2019/08/19 23:42",
            "messageBody": "",
            "insertions": 41,
            "deletions": 13
          }
        ]
      },
      {
        "insertions": 90,
        "deletions": 65,
        "date": "2019-08-20",
        "commitResults": [
          {
            "hash": "f9f39651c230c33ade57ab4b401cb8f18455d573",
            "messageTitle": "lv3 cris 2019/08/20 01:04",
            "messageBody": "",
            "insertions": 49,
            "deletions": 10
          },
          {
            "hash": "dbdca26e7d90fc42aace061d9ad14353b57b4f04",
            "messageTitle": "level1 completed",
            "messageBody": "",
            "insertions": 41,
            "deletions": 55
          }
        ]
      },
      {
        "insertions": 334,
        "deletions": 153,
        "date": "2019-08-21",
        "commitResults": [
          {
            "hash": "3c21d16b03741ec5ed5ed56510ed962fa3b48857",
            "messageTitle": "level2 completed",
            "messageBody": "",
            "insertions": 45,
            "deletions": 24
          },
          {
            "hash": "5ba1f4a3fcf878dd5a76b527cce124d8b49098e0",
            "messageTitle": "level3 completed",
            "messageBody": "",
            "insertions": 65,
            "deletions": 44
          },
          {
            "hash": "7a92e9767aea35aac08c1eb7d6a986731bc00fd8",
            "messageTitle": "Update Duke.java",
            "messageBody": "",
            "insertions": 6,
            "deletions": 5
          },
          {
            "hash": "9425b8318f63c3a8dfcd22b137640189b8d1e2e4",
            "messageTitle": "level3 completed",
            "messageBody": "",
            "insertions": 22,
            "deletions": 21
          },
          {
            "hash": "5aeee2eb648b6f1ca1aa4291568104abaedc2a05",
            "messageTitle": "Inheritance Completed",
            "messageBody": "",
            "insertions": 45,
            "deletions": 12
          },
          {
            "hash": "655214422b11bfbd9117e5185c4997a43128c9c2",
            "messageTitle": "Level 4 Completed",
            "messageBody": "",
            "insertions": 50,
            "deletions": 5
          },
          {
            "hash": "16c9c97dce39ffe6cb4d8c4704bebe2fb20e6197",
            "messageTitle": "Exceptions completed",
            "messageBody": "",
            "insertions": 84,
            "deletions": 39
          },
          {
            "hash": "5d1bcbd56b8cc20823d23632856067b660fd3435",
            "messageTitle": "Level 5 Completed",
            "messageBody": "",
            "insertions": 0,
            "deletions": 2
          },
          {
            "hash": "264face44dc7457bf02df0c24d541d4d934de75e",
            "messageTitle": "Level 5 Completed",
            "messageBody": "",
            "insertions": 16,
            "deletions": 0
          },
          {
            "hash": "2345a9a44f00a6129109dbda25b3627bfffadd7b",
            "messageTitle": "Level 6 Completed",
            "messageBody": "",
            "insertions": 1,
            "deletions": 1
          }
        ]
      },
      {
        "insertions": 156,
        "deletions": 28,
        "date": "2019-08-26",
        "commitResults": [
          {
            "hash": "d1f5f8857c1bb10c1586c0e96c4b409befd79175",
            "messageTitle": "Level 7 completed",
            "messageBody": "",
            "insertions": 108,
            "deletions": 11
          },
          {
            "hash": "a5b891beb526fb675c62dada047e893e48975309",
            "messageTitle": "Level 8 completed",
            "messageBody": "",
            "insertions": 48,
            "deletions": 17
          }
        ]
      },
      {
        "insertions": 308,
        "deletions": 167,
        "date": "2019-08-28",
        "commitResults": [
          {
            "hash": "e2de9217eae229b13b24158bef7479acfa6c025a",
            "messageTitle": "A-OOP completed",
            "messageBody": "",
            "insertions": 244,
            "deletions": 158
          },
          {
            "hash": "8101efaea1c67877b891103354fb1cb47521cbaa",
            "messageTitle": "JUnit completed",
            "messageBody": "",
            "insertions": 38,
            "deletions": 0
          },
          {
            "hash": "01071f5586e9580019d8384c8cf95c0e9d79fbec",
            "messageTitle": "typo fix",
            "messageBody": "",
            "insertions": 3,
            "deletions": 7
          },
          {
            "hash": "a219d787e476f979b7bcd209099d1c8ff506a1dd",
            "messageTitle": "Find compeleted",
            "messageBody": "",
            "insertions": 23,
            "deletions": 2
          }
        ]
      },
      {
        "insertions": 103,
        "deletions": 12,
        "date": "2019-08-29",
        "commitResults": [
          {
            "hash": "a06299b4dfc5fd18fd9e7d637b10b231704f41ee",
            "messageTitle": "Added javadocs",
            "messageBody": "",
            "insertions": 103,
            "deletions": 11
          },
          {
            "hash": "c5cd6134729d06bc9d4edc8bf969bca8bc856059",
            "messageTitle": "coding standard",
            "messageBody": "",
            "insertions": 0,
            "deletions": 1
          }
        ]
      },
      {
        "insertions": 5,
        "deletions": 1,
        "date": "2019-09-02",
        "commitResults": [
          {
            "hash": "3c1bd2271278f75064baebfd6213d24c6ffe479b",
            "messageTitle": "gradle build",
            "messageBody": "",
            "insertions": 1,
            "deletions": 1
          },
          {
            "hash": "5ae2fca2f5826f82cd4847dbcf7d633d0846fff1",
            "messageTitle": "gradle build",
            "messageBody": "",
            "insertions": 4,
            "deletions": 0
          }
        ]
      },
      {
        "insertions": 438,
        "deletions": 69,
        "date": "2019-09-04",
        "commitResults": [
          {
            "hash": "7b088d26d7b0732de6bec1f035a816eb097c6e1b",
            "messageTitle": "Level 10 add resource",
            "messageBody": "",
            "insertions": 35,
            "deletions": 1
          },
          {
            "hash": "5594edf1bb81d1dae0c1802b94808c1f548c8c79",
            "messageTitle": "Try UI",
            "messageBody": "",
            "insertions": 394,
            "deletions": 47
          },
          {
            "hash": "c2d20a6c3cf7cf65522b33cc50a51398b6a074a7",
            "messageTitle": "GUI",
            "messageBody": "",
            "insertions": 9,
            "deletions": 21
          }
        ]
      },
      {
        "insertions": 23,
        "deletions": 1,
        "date": "2019-09-09",
        "commitResults": [
          {
            "hash": "137c21e3a7e85c4d7092f2be97fcc5ee67f4b1fd",
            "messageTitle": "A-Assertions Complete",
            "messageBody": "",
            "insertions": 2,
            "deletions": 0
          },
          {
            "hash": "719253b8700f7b5e515351dcded2dbcc90c2bb39",
            "messageTitle": "C-Statics",
            "messageBody": "",
            "insertions": 21,
            "deletions": 1
          }
        ]
      },
      {
        "insertions": 1,
        "deletions": 8,
        "date": "2019-09-10",
        "commitResults": [
          {
            "hash": "2a0de764aea51032e5bf549a379a2feef0a1a824",
            "messageTitle": "Edit duke class",
            "messageBody": "",
            "insertions": 1,
            "deletions": 1
          },
          {
            "hash": "f6ac2c5a1ee9308b3ee1a461c16de823efedc3ad",
            "messageTitle": "Improve code quality",
            "messageBody": "",
            "insertions": 0,
            "deletions": 7
          }
        ]
      },
      {
        "insertions": 83,
        "deletions": 5,
        "date": "2019-09-19",
        "commitResults": [
          {
            "hash": "6d8c97ed4a7fec7d70f4002c890453a0c84c8a75",
            "messageTitle": "Update readme",
            "messageBody": "",
            "insertions": 83,
            "deletions": 5
          }
        ]
      },
      {
        "insertions": 143,
        "deletions": 89,
        "date": "2019-09-20",
        "commitResults": [
          {
            "hash": "775dcc06fdc81d7dc852ec4c65e2d4e8a6a6a474",
            "messageTitle": "Finalise",
            "messageBody": "",
            "insertions": 142,
            "deletions": 88
          },
          {
            "hash": "76b4d7fd1d571f87a14619ad4722e66734de2823",
            "messageTitle": "Add ui pic",
            "messageBody": "",
            "insertions": 1,
            "deletions": 1
          }
        ]
      }
    ]
  },
  "authorFinalContributionMap": {
    "Crisgu": 1150
  },
  "authorFileTypeContributionMap": {
    "Crisgu": {
      "java": 1029,
      "md": 75,
      "fxml": 35,
      "sh": 0,
      "bat": 0,
      "gradle": 11,
      "txt": 0
    }
  },
  "authorContributionVariance": {
    "Crisgu": 19575.875
  },
  "authorDisplayNameMap": {
    "Crisgu": "CS2103T-T11-3 GU CH ... UNZHI"
  }
}
