{
  "authorDailyContributionsMap": {
    "MauriceTXS": [
      {
        "insertions": 150,
        "deletions": 33,
        "date": "2019-08-20",
        "commitResults": [
          {
            "hash": "581efb82ada908eba5a31f0464e365c9160df7ba",
            "messageTitle": "Level-1",
            "messageBody": "",
            "insertions": 34,
            "deletions": 6
          },
          {
            "hash": "642a778de4c7f0566e7729797510b2a2ba40fa1d",
            "messageTitle": "Stage 2 + fixed minor indentation issue.",
            "messageBody": "",
            "insertions": 19,
            "deletions": 3
          },
          {
            "hash": "e7a2cca013e37de3f505b9ac40506c64181310ac",
            "messageTitle": "Level-3. Add two new classes, Task and Task Manager.",
            "messageBody": "",
            "insertions": 97,
            "deletions": 24
          }
        ]
      },
      {
        "insertions": 183,
        "deletions": 35,
        "date": "2019-08-21",
        "commitResults": [
          {
            "hash": "c3ea1ecec15267d91c54516dad833c8745069ccd",
            "messageTitle": "Level-4",
            "messageBody": "",
            "insertions": 127,
            "deletions": 16
          },
          {
            "hash": "2dc359f5f9edd5b64eb6adc5f5f8169e0b31ff2b",
            "messageTitle": "Level-5: Handle Errors",
            "messageBody": "",
            "insertions": 36,
            "deletions": 17
          },
          {
            "hash": "e1145e3e146c139493a483a049339bd93c3c7861",
            "messageTitle": "Level-6: Delete",
            "messageBody": "",
            "insertions": 20,
            "deletions": 2
          }
        ]
      },
      {
        "insertions": 215,
        "deletions": 34,
        "date": "2019-08-26",
        "commitResults": [
          {
            "hash": "c27e60a753494136b120ba1d7572e3050f84c9a1",
            "messageTitle": "Level-7: Save",
            "messageBody": "",
            "insertions": 160,
            "deletions": 25
          },
          {
            "hash": "80c70b540bea9efdcd3d74ad3e13c164b303bf8c",
            "messageTitle": "Level-8: Dates and Times",
            "messageBody": "",
            "insertions": 55,
            "deletions": 9
          }
        ]
      },
      {
        "insertions": 457,
        "deletions": 263,
        "date": "2019-08-27",
        "commitResults": [
          {
            "hash": "b42c0dd87727bbd5351766093c60daac75dc7e15",
            "messageTitle": "A-MoreOOP: More OOP",
            "messageBody": "",
            "insertions": 266,
            "deletions": 212
          },
          {
            "hash": "1ed972a97d2738128d594040294dbd2ddd1c9ce5",
            "messageTitle": "A-JUnit: JUnit Testing",
            "messageBody": "",
            "insertions": 40,
            "deletions": 20
          },
          {
            "hash": "345e985057cd9c75b8278cf000a3e5310e570b86",
            "messageTitle": "A-CodingStandard: Coding Standard",
            "messageBody": "",
            "insertions": 22,
            "deletions": 22
          },
          {
            "hash": "e9fc5c3197511c4a4968c232f8387a0e5fa72816",
            "messageTitle": "Level-9: Find",
            "messageBody": "",
            "insertions": 32,
            "deletions": 2
          },
          {
            "hash": "4050391dbc388d696b938c3d68aa60490f89961b",
            "messageTitle": "A-JavaDoc: JavaDoc",
            "messageBody": "",
            "insertions": 96,
            "deletions": 7
          },
          {
            "hash": "092624393cb6001d50431e402267936e7e0f3dfe",
            "messageTitle": "Fix bye to exit program.",
            "messageBody": "",
            "insertions": 1,
            "deletions": 0
          }
        ]
      },
      {
        "insertions": 46,
        "deletions": 2,
        "date": "2019-09-02",
        "commitResults": [
          {
            "hash": "5ba7922748b1b0c654bd23aecba56d5acf926a61",
            "messageTitle": "Configure Gradle",
            "messageBody": "",
            "insertions": 40,
            "deletions": 2
          },
          {
            "hash": "18327ba22fc1e49a6dbd69f32c14d6c6fff83595",
            "messageTitle": "Added JavaFX to gradle",
            "messageBody": "",
            "insertions": 6,
            "deletions": 0
          }
        ]
      },
      {
        "insertions": 289,
        "deletions": 61,
        "date": "2019-09-03",
        "commitResults": [
          {
            "hash": "5cacb72ae339396fb217467a33f55b05b097e6f7",
            "messageTitle": "Added Level-10: GUI",
            "messageBody": "",
            "insertions": 289,
            "deletions": 61
          }
        ]
      }
    ]
  },
  "authorFinalContributionMap": {
    "MauriceTXS": 922
  },
  "authorFileTypeContributionMap": {
    "MauriceTXS": {
      "java": 825,
      "md": 0,
      "fxml": 44,
      "sh": 0,
      "bat": 17,
      "gradle": 29,
      "txt": 7
    }
  },
  "authorContributionVariance": {
    "MauriceTXS": 32721.105
  },
  "authorDisplayNameMap": {
    "MauriceTXS": "CS2103T-W11-4 TAN X ... URICE"
  }
}
