{
  "authorDailyContributionsMap": {
    "Zhang Dongjun": [
      {
        "insertions": 156,
        "deletions": 12,
        "date": "2019-08-20",
        "commitResults": [
          {
            "hash": "e97f570ab403b521e3f43d549dfa1d5abf37d1b9",
            "messageTitle": "add Duke.java",
            "messageBody": "",
            "insertions": 33,
            "deletions": 0
          },
          {
            "hash": "aa9a6f8245cfc8233f1618f384c43bf838b11284",
            "messageTitle": "add Duke.java",
            "messageBody": "",
            "insertions": 12,
            "deletions": 3
          },
          {
            "hash": "44ebeeec904821459f07ecbb79c72e07be3a2824",
            "messageTitle": "add Duke.java, Task.java",
            "messageBody": "",
            "insertions": 37,
            "deletions": 6
          },
          {
            "hash": "cae9d94ccb7390b53b9d52646aca064bbad98f34",
            "messageTitle": "add Deadline.java, Duke.java, Event.java, Task.java, Todo.java",
            "messageBody": "",
            "insertions": 74,
            "deletions": 3
          }
        ]
      },
      {
        "insertions": 54,
        "deletions": 26,
        "date": "2019-08-21",
        "commitResults": [
          {
            "hash": "21a1421442536aa5412f27bc3f833cd1acc6813b",
            "messageTitle": "add DukeIllegalDescriptionException.java, DukeIllegalInputException.java, level-5",
            "messageBody": "",
            "insertions": 54,
            "deletions": 26
          }
        ]
      },
      {
        "insertions": 94,
        "deletions": 79,
        "date": "2019-08-22",
        "commitResults": [
          {
            "hash": "a0b1f51d4fea75e7630832bd04cc8faedff4c960",
            "messageTitle": "Finished Level-6",
            "messageBody": "",
            "insertions": 23,
            "deletions": 14
          },
          {
            "hash": "6477eceb93e9e08ac6f4fc032d36136508d45e41",
            "messageTitle": "Level-6 with enum added",
            "messageBody": "",
            "insertions": 71,
            "deletions": 65
          }
        ]
      }
    ],
    "Jeffry Lum": []
  },
  "authorFinalContributionMap": {
    "Zhang Dongjun": 186,
    "Jeffry Lum": 1
  },
  "authorFileTypeContributionMap": {
    "Zhang Dongjun": {
      "java": 186,
      "md": 0,
      "fxml": 0,
      "sh": 0,
      "bat": 0,
      "gradle": 0,
      "txt": 0
    },
    "Jeffry Lum": {
      "java": 1,
      "md": 0,
      "fxml": 0,
      "sh": 0,
      "bat": 0,
      "gradle": 0,
      "txt": 0
    }
  },
  "authorContributionVariance": {
    "Zhang Dongjun": 5604.6943,
    "Jeffry Lum": 0.0
  },
  "authorDisplayNameMap": {
    "Zhang Dongjun": "Zhang Dongjun",
    "Jeffry Lum": "Jeffry Lum"
  }
}
