{
  "authorDailyContributionsMap": {
    "lye-jw": [
      {
        "insertions": 92,
        "deletions": 18,
        "date": "2019-08-18",
        "commitResults": [
          {
            "hash": "2223407c0639105506268de08d1084ea6759f3e5",
            "messageTitle": "A-Gradle",
            "messageBody": "",
            "insertions": 24,
            "deletions": 1
          },
          {
            "hash": "0540ee7c6f9b36a26641ff2bd9876fc97263b474",
            "messageTitle": "Level-1",
            "messageBody": "",
            "insertions": 17,
            "deletions": 6
          },
          {
            "hash": "eb4b6a95657fe0f15d1cebe7330c7ec5b40e8f61",
            "messageTitle": "Level-2",
            "messageBody": "",
            "insertions": 13,
            "deletions": 1
          },
          {
            "hash": "e00e6c7f70decfd0bdc5e258418626e1c6d201e7",
            "messageTitle": "Level-3",
            "messageBody": "",
            "insertions": 38,
            "deletions": 10
          }
        ]
      },
      {
        "insertions": 214,
        "deletions": 50,
        "date": "2019-08-19",
        "commitResults": [
          {
            "hash": "2675b75d6427c1b4fb19c10c26149aa9b5354b4e",
            "messageTitle": "Level-4",
            "messageBody": "",
            "insertions": 66,
            "deletions": 5
          },
          {
            "hash": "1d70b07344a7a874365a299acb75c0c4721313ce",
            "messageTitle": "Level 4 correction",
            "messageBody": "",
            "insertions": 1,
            "deletions": 1
          },
          {
            "hash": "4050e3eca2b798bd93bdfff87a567a0ff83e9ff7",
            "messageTitle": "A-TextUiTesting",
            "messageBody": "",
            "insertions": 72,
            "deletions": 1
          },
          {
            "hash": "b9899fd7ac6aefa1d73fc61b235327e8bcdd6286",
            "messageTitle": "Level-5 Minimal",
            "messageBody": "",
            "insertions": 75,
            "deletions": 43
          }
        ]
      },
      {
        "insertions": 82,
        "deletions": 10,
        "date": "2019-08-20",
        "commitResults": [
          {
            "hash": "5e12c666aac7f24d3868839eff124508e31375dd",
            "messageTitle": "Level-5 Stretch goal",
            "messageBody": "",
            "insertions": 15,
            "deletions": 1
          },
          {
            "hash": "147eb6bfdda3830cb55a6e1f74e64442eb3a8c64",
            "messageTitle": "Level-6",
            "messageBody": "",
            "insertions": 67,
            "deletions": 9
          }
        ]
      },
      {
        "insertions": 310,
        "deletions": 189,
        "date": "2019-08-24",
        "commitResults": [
          {
            "hash": "a6a2a417ca83db2908d9f505f7dede8884612d0f",
            "messageTitle": "Level-7 Save",
            "messageBody": "",
            "insertions": 170,
            "deletions": 102
          },
          {
            "hash": "dc8150ccd61c5e14833cc0511a0796df729367f6",
            "messageTitle": "Level-8 Dates and Times",
            "messageBody": "",
            "insertions": 140,
            "deletions": 87
          }
        ]
      },
      {
        "insertions": 835,
        "deletions": 530,
        "date": "2019-08-25",
        "commitResults": [
          {
            "hash": "69d5eca2973bfd03303e408fa3fb695fa1931cd1",
            "messageTitle": "A-MoreOOP Minimal",
            "messageBody": "",
            "insertions": 364,
            "deletions": 230
          },
          {
            "hash": "bb6e22898962f96f4148bf3331d04d453d4c7e06",
            "messageTitle": "A-MoreOOP Stretch Goal",
            "messageBody": "",
            "insertions": 351,
            "deletions": 186
          },
          {
            "hash": "9d8a9ebe334b35e6cbb1b5125ffad483d9a7d663",
            "messageTitle": "A-Packages",
            "messageBody": "",
            "insertions": 120,
            "deletions": 114
          }
        ]
      },
      {
        "insertions": 46,
        "deletions": 44,
        "date": "2019-08-26",
        "commitResults": [
          {
            "hash": "fb27b083f7d08f7254026f89fd789db70e4c216e",
            "messageTitle": "Repackage all classes under duke package",
            "messageBody": "",
            "insertions": 46,
            "deletions": 44
          }
        ]
      },
      {
        "insertions": 802,
        "deletions": 153,
        "date": "2019-08-27",
        "commitResults": [
          {
            "hash": "8871b591be658de01c530a2cc2e53c299c9c9077",
            "messageTitle": "A-JUnit",
            "messageBody": "",
            "insertions": 438,
            "deletions": 39
          },
          {
            "hash": "1fc4030a39ba376542c4f0facd251415cbef0082",
            "messageTitle": "A-Jar with shadowJar, jar saved to ./build/libs",
            "messageBody": "",
            "insertions": 10,
            "deletions": 3
          },
          {
            "hash": "00896212278422d126cd03fb620f2cf1caed1c70",
            "messageTitle": "A-Jar jar file reads from correct hard disk file, code refactored to comply with checkstyle",
            "messageBody": "",
            "insertions": 95,
            "deletions": 86
          },
          {
            "hash": "44c27e49ae66cd4038822e41b8b0a49c58649c75",
            "messageTitle": "Level-9",
            "messageBody": "",
            "insertions": 259,
            "deletions": 25
          }
        ]
      },
      {
        "insertions": 246,
        "deletions": 23,
        "date": "2019-09-02",
        "commitResults": [
          {
            "hash": "97c8c5a5023c2b0c9af9d5f7eff46a6a87e949bd",
            "messageTitle": "Implement basic GUI with javafx",
            "messageBody": "",
            "insertions": 215,
            "deletions": 14
          },
          {
            "hash": "2a07a10f78ba11615204e2ab3cae0853a912699b",
            "messageTitle": "Implement styling for GUI dialog boxes",
            "messageBody": "",
            "insertions": 31,
            "deletions": 9
          }
        ]
      },
      {
        "insertions": 360,
        "deletions": 438,
        "date": "2019-09-03",
        "commitResults": [
          {
            "hash": "d3717b0e97751310cac06222136a194dad310dfc",
            "messageTitle": "A-JavaFx complete",
            "messageBody": "",
            "insertions": 167,
            "deletions": 26
          },
          {
            "hash": "2d4bf98d39e7c3965445846a9c1b59c2864eaf90",
            "messageTitle": "Level-10",
            "messageBody": "",
            "insertions": 193,
            "deletions": 412
          }
        ]
      },
      {
        "insertions": 64,
        "deletions": 57,
        "date": "2019-09-06",
        "commitResults": [
          {
            "hash": "33cd58792c0051ea31effa19f33c4c2644e566cd",
            "messageTitle": "Refactor deprecated date \u0026 date formatter classes",
            "messageBody": "",
            "insertions": 49,
            "deletions": 57
          },
          {
            "hash": "8c6174d957e18138374ac180a53a6a7140d90cfe",
            "messageTitle": "Implement exit GUI with \u0027bye\u0027 input command",
            "messageBody": "",
            "insertions": 15,
            "deletions": 0
          }
        ]
      },
      {
        "insertions": 52,
        "deletions": 96,
        "date": "2019-09-07",
        "commitResults": [
          {
            "hash": "8ce0bee1defd11ea4cdb7bb4657173ecfcb73c7a",
            "messageTitle": "A-Assertions",
            "messageBody": "",
            "insertions": 30,
            "deletions": 31
          },
          {
            "hash": "5c8089775a8b54853dbca60489b30a177f3ce9bb",
            "messageTitle": "A-CodeQuality (#6)",
            "messageBody": "",
            "insertions": 11,
            "deletions": 52
          },
          {
            "hash": "1615cf0d41c97bfbf734e15b8e4f33dc64e0400a",
            "messageTitle": "A-Lambdas",
            "messageBody": "",
            "insertions": 2,
            "deletions": 6
          },
          {
            "hash": "e63c5bc4d8f06feee2c87501d29f5df6a93cb33d",
            "messageTitle": "A-Streams (#8)",
            "messageBody": "",
            "insertions": 9,
            "deletions": 7
          }
        ]
      },
      {
        "insertions": 238,
        "deletions": 14,
        "date": "2019-09-09",
        "commitResults": [
          {
            "hash": "530705ff9a59b573e36d15cf7c06924f8d38d18b",
            "messageTitle": "C-Update: Implement update and clone items",
            "messageBody": "",
            "insertions": 140,
            "deletions": 8
          },
          {
            "hash": "4ce19bcc60f65ec9fce80450709af41e9518925a",
            "messageTitle": "Add tests for Command classes and Code quality fixes",
            "messageBody": "",
            "insertions": 98,
            "deletions": 6
          }
        ]
      }
    ]
  },
  "authorFinalContributionMap": {
    "lye-jw": 1749
  },
  "authorFileTypeContributionMap": {
    "lye-jw": {
      "java": 1528,
      "md": 8,
      "fxml": 39,
      "sh": 0,
      "bat": 25,
      "gradle": 28,
      "txt": 121
    }
  },
  "authorContributionVariance": {
    "lye-jw": 117862.82
  },
  "authorDisplayNameMap": {
    "lye-jw": "CS2103T-W12-2 LYE J ... N WEN"
  }
}
