{
  "authorDailyContributionsMap": {
    "dorcastan": [
      {
        "insertions": 198,
        "deletions": 29,
        "date": "2019-08-20",
        "commitResults": [
          {
            "hash": "a232b68c448f91ba2cc6e08b1ddc32d00515b39b",
            "messageTitle": "Add: Skeleton - greet, echo and exit functions",
            "messageBody": "",
            "insertions": 47,
            "deletions": 6
          },
          {
            "hash": "ab5068b6a3ef49c3960c00867c9cc5b4d4277ab3",
            "messageTitle": "Add: Ability to store user input before displaying",
            "messageBody": "Text input from user is stored in a list (for now) and can be displayed\nupon request using the command \"list\".\n",
            "insertions": 47,
            "deletions": 10
          },
          {
            "hash": "081f3de5369404504cb585fee6f2b50c4211442e",
            "messageTitle": "Fix: documentation for Duke main class",
            "messageBody": "",
            "insertions": 8,
            "deletions": 2
          },
          {
            "hash": "13d62db2e22c6b174ad01411efbc7c5ca5e724cb",
            "messageTitle": "Add: Ability to mark tasks as done or undone",
            "messageBody": "",
            "insertions": 96,
            "deletions": 11
          }
        ]
      },
      {
        "insertions": 179,
        "deletions": 31,
        "date": "2019-08-21",
        "commitResults": [
          {
            "hash": "7e7260f21eea98f549c6093bf4cbf1f176017662",
            "messageTitle": "Add: Different task types - Todo, Event, Deadline",
            "messageBody": "User input (apart from the command \"bye\") must contain at least 4\ncharacters and must follow the required format precisely.\n",
            "insertions": 112,
            "deletions": 15
          },
          {
            "hash": "86a547a7c78814dfd067029a0ca13585e46f5bfd",
            "messageTitle": "Fix: Change indentation for Duke\u0027s messages",
            "messageBody": "Increases indentation for Duke\u0027s output text from 4 to 5 spaces to\nmatch project specification.\n",
            "insertions": 20,
            "deletions": 15
          },
          {
            "hash": "bab824c0442bbdc7fe40efa3437fba280e1d1ce2",
            "messageTitle": "Add: Tests for 6 basic commands using text UI",
            "messageBody": "",
            "insertions": 47,
            "deletions": 1
          }
        ]
      }
    ]
  },
  "authorFinalContributionMap": {
    "dorcastan": 319
  },
  "authorFileTypeContributionMap": {
    "dorcastan": {
      "java": 274,
      "md": 0,
      "fxml": 0,
      "sh": 36,
      "bat": 0,
      "gradle": 0,
      "txt": 9
    }
  },
  "authorContributionVariance": {
    "dorcastan": 10633.472
  },
  "authorDisplayNameMap": {
    "dorcastan": "DORC ..  TAN"
  }
}
