{
  "authorDailyContributionsMap": {
    "victorvic54": [
      {
        "insertions": 228,
        "deletions": 59,
        "date": "2019-08-21",
        "commitResults": [
          {
            "hash": "b0e96899cee212cb557c086eff4eda9465bc0d3d",
            "messageTitle": "Finished Level-1",
            "messageBody": "",
            "insertions": 16,
            "deletions": 6
          },
          {
            "hash": "f0c778317d8e622e1a0edf7486962100c1be8f7c",
            "messageTitle": "Finished Level-2",
            "messageBody": "",
            "insertions": 19,
            "deletions": 1
          },
          {
            "hash": "9a85edeeed8dc35d03ee7f2200d30428c6c3b6c6",
            "messageTitle": "Finished Level-3",
            "messageBody": "",
            "insertions": 46,
            "deletions": 12
          },
          {
            "hash": "6ee1b7e06fa290bf84fdd26d8870c970cc7b271a",
            "messageTitle": "Finished Level-4",
            "messageBody": "",
            "insertions": 70,
            "deletions": 5
          },
          {
            "hash": "c6bbd51158ffd6ebe711963a78ae8d2db47daa7e",
            "messageTitle": "Finished Level-5",
            "messageBody": "",
            "insertions": 61,
            "deletions": 28
          },
          {
            "hash": "b1ac9d4324cf0fce006f1e7296844590e59701a1",
            "messageTitle": "Finished Level-6",
            "messageBody": "",
            "insertions": 16,
            "deletions": 7
          }
        ]
      }
    ]
  },
  "authorFinalContributionMap": {
    "victorvic54": 174
  },
  "authorFileTypeContributionMap": {
    "victorvic54": {
      "java": 174,
      "md": 0,
      "fxml": 0,
      "sh": 0,
      "bat": 0,
      "gradle": 0,
      "txt": 0
    }
  },
  "authorContributionVariance": {
    "victorvic54": 11440.14
  },
  "authorDisplayNameMap": {
    "victorvic54": "VICT .. RIAN"
  }
}
