{
  "authorDailyContributionsMap": {
    "CarbonGrid": [
      {
        "insertions": 55,
        "deletions": 16,
        "date": "2019-08-18",
        "commitResults": [
          {
            "hash": "e7883e1e0dbf2391e937c0ff084f102a876d7038",
            "messageTitle": "Constructed initial skeleton of Duke",
            "messageBody": "",
            "insertions": 19,
            "deletions": 7
          },
          {
            "hash": "c3a81f018615075684ac8b388b65c542775d9315",
            "messageTitle": "Added ability to store user input and re-display when requested.",
            "messageBody": "",
            "insertions": 36,
            "deletions": 9
          }
        ]
      },
      {
        "insertions": 314,
        "deletions": 116,
        "date": "2019-08-19",
        "commitResults": [
          {
            "hash": "15e6fdb4638549ade6bb980258c808a9b9d0368b",
            "messageTitle": "Added ability to mark tasks as done \u0026 Improved Handling of output.",
            "messageBody": "",
            "insertions": 57,
            "deletions": 24
          },
          {
            "hash": "aee5eea03f4a585f5558aaa5261f2790c7d81746",
            "messageTitle": "Added ToDos, Events, Deadlines \u0026 Improved Input Handling",
            "messageBody": "",
            "insertions": 66,
            "deletions": 10
          },
          {
            "hash": "73388252615d779903372c4cbc52625cd94e7ed5",
            "messageTitle": "Added text UI testing using i/o redirection",
            "messageBody": "",
            "insertions": 26,
            "deletions": 6
          },
          {
            "hash": "efab38d585448fe98cf74d58741e35188b88a794",
            "messageTitle": "Added Handling of errors with DukeException",
            "messageBody": "",
            "insertions": 101,
            "deletions": 43
          },
          {
            "hash": "c5c067b261dec5717725b6c69ac1620c54c6e74c",
            "messageTitle": "Improved handling for incorrect inputs.",
            "messageBody": "",
            "insertions": 5,
            "deletions": 0
          },
          {
            "hash": "78f1d4fd9e1c79fb05fb7abc7d15512dc182829f",
            "messageTitle": "Added support for deleting tasks from list.",
            "messageBody": "",
            "insertions": 23,
            "deletions": 2
          },
          {
            "hash": "c2ad19fb55870baf7331afe57a68e6fd6a26c8a7",
            "messageTitle": "+ BUGFIX: Unhandled exception when \"done 1\" on empty + Classified Generic Exceptions",
            "messageBody": "",
            "insertions": 36,
            "deletions": 31
          }
        ]
      },
      {
        "insertions": 74,
        "deletions": 4,
        "date": "2019-08-22",
        "commitResults": [
          {
            "hash": "ae192ae0a3564ce1a6a1fb0181e1cd3d2245ee92",
            "messageTitle": "Implemented Level-7 save feature",
            "messageBody": "",
            "insertions": 74,
            "deletions": 4
          }
        ]
      },
      {
        "insertions": 56,
        "deletions": 20,
        "date": "2019-08-24",
        "commitResults": [
          {
            "hash": "d6ffb93b8f3f0a0d5f6ffd22b014ea64363126dd",
            "messageTitle": "Implemented Level-8 featuring Dates recognition",
            "messageBody": "",
            "insertions": 56,
            "deletions": 20
          }
        ]
      },
      {
        "insertions": 277,
        "deletions": 142,
        "date": "2019-08-25",
        "commitResults": [
          {
            "hash": "856575ab1da910cb6611716fb6dd5c68ab964d74",
            "messageTitle": "+ Refactored code to model OOP more closely + Corrected time default of datetime parsing",
            "messageBody": "",
            "insertions": 277,
            "deletions": 142
          }
        ]
      },
      {
        "insertions": 339,
        "deletions": 114,
        "date": "2019-08-26",
        "commitResults": [
          {
            "hash": "68ad15c96046d868ce63332445789fe70d7e0383",
            "messageTitle": "+ Added Gradle Support + Added JUnit tests + Corrected Wrongly Named Exception",
            "messageBody": "",
            "insertions": 211,
            "deletions": 94
          },
          {
            "hash": "561cd9d75f0d941e9039adca3fa3c628bc1d778f",
            "messageTitle": "+ Added JavaDoc",
            "messageBody": "",
            "insertions": 128,
            "deletions": 20
          }
        ]
      },
      {
        "insertions": 709,
        "deletions": 398,
        "date": "2019-08-29",
        "commitResults": [
          {
            "hash": "5ddf9d02b503852067b56275bea382644de08d52",
            "messageTitle": "+ Adopted coding standard as per defined by gradle plugin checkstyle v8.23",
            "messageBody": "",
            "insertions": 392,
            "deletions": 245
          },
          {
            "hash": "eba088ab295a3e94a57e20e953d8af00942d694f",
            "messageTitle": "+ Implemented Level-9: Find from TaskList",
            "messageBody": "",
            "insertions": 87,
            "deletions": 56
          },
          {
            "hash": "c0e5d1c5111b51c568581c81d9f03149c10c23ea",
            "messageTitle": "+ Organized the classes into suitable java packages.",
            "messageBody": "",
            "insertions": 206,
            "deletions": 69
          },
          {
            "hash": "03e124d9730c29e71f31dc60cddbe9789d77cb11",
            "messageTitle": "+ Fixed non-compliance to coding standard + Fixed vowel detection in EmptyFieldDukeException",
            "messageBody": "",
            "insertions": 24,
            "deletions": 28
          }
        ]
      },
      {
        "insertions": 471,
        "deletions": 42,
        "date": "2019-09-02",
        "commitResults": [
          {
            "hash": "a57394b0a93880537e33932fd7265d9bf597d766",
            "messageTitle": "+ Implemented Level-10: Duke\u0027s GUI",
            "messageBody": "",
            "insertions": 422,
            "deletions": 14
          },
          {
            "hash": "ed8138bdd7d40637950fd1e6df7409d295b1483b",
            "messageTitle": "+ Added Welcome Message + Fixed: Duke Ui should terminate at \"bye\"",
            "messageBody": "",
            "insertions": 32,
            "deletions": 16
          },
          {
            "hash": "696e94a52b34baf9d5a3da560b8ed4ddc350c4f7",
            "messageTitle": "+ Fixed non-compliance to coding standard from Level-10 merge.",
            "messageBody": "",
            "insertions": 17,
            "deletions": 12
          }
        ]
      },
      {
        "insertions": 41,
        "deletions": 116,
        "date": "2019-09-07",
        "commitResults": [
          {
            "hash": "22d5c26109dfd412eb2e2bc847696504806a264a",
            "messageTitle": "+ Implemented Assertions and Improved code quality.",
            "messageBody": "",
            "insertions": 35,
            "deletions": 112
          },
          {
            "hash": "86011481c31e0e59709dacc6fa8f86ee34a340e3",
            "messageTitle": "Update README.md",
            "messageBody": "",
            "insertions": 6,
            "deletions": 4
          }
        ]
      },
      {
        "insertions": 248,
        "deletions": 137,
        "date": "2019-09-08",
        "commitResults": [
          {
            "hash": "d3aca0385552913d0978c425066dc7498402bde3",
            "messageTitle": "+ Implement D-Places with available command \"place\" \u0026 \"alias\". (#5)",
            "messageBody": "Using squash \u0026 merge.",
            "insertions": 178,
            "deletions": 1
          },
          {
            "hash": "9fd3c3c254e7196216589af9ad4c81c463a9062a",
            "messageTitle": "+ Adopted Serialization using Standard Libraries instead. + Places are now stored/saved.",
            "messageBody": "",
            "insertions": 70,
            "deletions": 136
          }
        ]
      }
    ]
  },
  "authorFinalContributionMap": {
    "CarbonGrid": 1424
  },
  "authorFileTypeContributionMap": {
    "CarbonGrid": {
      "java": 1304,
      "md": 5,
      "fxml": 31,
      "sh": 0,
      "bat": 40,
      "gradle": 44,
      "txt": 0
    }
  },
  "authorContributionVariance": {
    "CarbonGrid": 69876.38
  },
  "authorDisplayNameMap": {
    "CarbonGrid": "CS2103T-T09-3 DANIE ...  XIAN"
  }
}
