{
  "authorDailyContributionsMap": {
    "R-D-D-D": [
      {
        "insertions": 25,
        "deletions": 9,
        "date": "2019-08-23",
        "commitResults": [
          {
            "hash": "0d616f724ca91a5173027ff7f2922d0f4cd9200b",
            "messageTitle": "level 1",
            "messageBody": "",
            "insertions": 12,
            "deletions": 6
          },
          {
            "hash": "cadee7374a1369726bb610adc798f6bfc5500b8c",
            "messageTitle": "level 2",
            "messageBody": "",
            "insertions": 13,
            "deletions": 3
          }
        ]
      }
    ]
  },
  "authorFinalContributionMap": {
    "R-D-D-D": 22
  },
  "authorFileTypeContributionMap": {
    "R-D-D-D": {
      "java": 22,
      "md": 0,
      "fxml": 0,
      "sh": 0,
      "bat": 0,
      "gradle": 0,
      "txt": 0
    }
  },
  "authorContributionVariance": {
    "R-D-D-D": 126.4375
  },
  "authorDisplayNameMap": {
    "R-D-D-D": "WANG .. DING"
  }
}
