{
  "authorDailyContributionsMap": {
    "LivingOnEdge": [
      {
        "insertions": 1270,
        "deletions": 1198,
        "date": "2019-08-17",
        "commitResults": [
          {
            "hash": "9c7efa7daf5be75521b2e988a8f0a06f3405d364",
            "messageTitle": "level-1",
            "messageBody": "",
            "insertions": 1270,
            "deletions": 1198
          }
        ]
      },
      {
        "insertions": 320,
        "deletions": 79,
        "date": "2019-08-19",
        "commitResults": [
          {
            "hash": "b8dd34931408de306bc69d2e1d8e129526cbb3ec",
            "messageTitle": "level-2",
            "messageBody": "",
            "insertions": 19,
            "deletions": 1
          },
          {
            "hash": "9194c580b912ec41b49083b4002428ef64398d3d",
            "messageTitle": "level-3",
            "messageBody": "",
            "insertions": 45,
            "deletions": 14
          },
          {
            "hash": "fb8f83b15b1275efa335a8439d7ab1be8ae0fdd7",
            "messageTitle": "level-4",
            "messageBody": "",
            "insertions": 83,
            "deletions": 8
          },
          {
            "hash": "5ac3fc23da7b78eb28fd689897ce2836b9c7ece2",
            "messageTitle": "A-TextUiTesting, level-5",
            "messageBody": "A-TextUiTesting, level-5\n",
            "insertions": 152,
            "deletions": 55
          },
          {
            "hash": "7c5a4bd9776157c61bade466087c38d60dfe99c6",
            "messageTitle": "level-6",
            "messageBody": "",
            "insertions": 21,
            "deletions": 1
          }
        ]
      },
      {
        "insertions": 263,
        "deletions": 114,
        "date": "2019-08-26",
        "commitResults": [
          {
            "hash": "214e5581a6a0e4e3c13e485f8283c2804033459c",
            "messageTitle": "level-7",
            "messageBody": "level-7\n",
            "insertions": 237,
            "deletions": 104
          },
          {
            "hash": "cce45fd24bdf0f5da4689e4be1b1caa29faa3c38",
            "messageTitle": "branch-Level-8",
            "messageBody": "",
            "insertions": 26,
            "deletions": 10
          }
        ]
      },
      {
        "insertions": 1174,
        "deletions": 590,
        "date": "2019-08-28",
        "commitResults": [
          {
            "hash": "f71bd803ad296023759c06b371185ea6f579b6a0",
            "messageTitle": "A-MoreOOP",
            "messageBody": "",
            "insertions": 355,
            "deletions": 217
          },
          {
            "hash": "24f8d25390f8064e2b95a098e14cff1a7b6cc2ee",
            "messageTitle": "A-JUnit",
            "messageBody": "",
            "insertions": 230,
            "deletions": 147
          },
          {
            "hash": "3dd1a357b536622716cb2e5f9f2cc8a206656dc3",
            "messageTitle": "A-Packages",
            "messageBody": "A-Packages\n",
            "insertions": 43,
            "deletions": 13
          },
          {
            "hash": "c76502703e28d612446a3c3844112446a097bac1",
            "messageTitle": "A-MoreOOP parser implementation",
            "messageBody": "",
            "insertions": 461,
            "deletions": 152
          },
          {
            "hash": "5638b9678a5a5fe3903c7124d0f8e2d04ed6f15d",
            "messageTitle": "branch-Level-9",
            "messageBody": "",
            "insertions": 40,
            "deletions": 1
          },
          {
            "hash": "35074f4bba72f1e217bfa0349651584f597e63f3",
            "messageTitle": "ClearCommand to clear all tasks",
            "messageBody": "",
            "insertions": 45,
            "deletions": 60
          }
        ]
      }
    ]
  },
  "authorFinalContributionMap": {
    "LivingOnEdge": 1055
  },
  "authorFileTypeContributionMap": {
    "LivingOnEdge": {
      "java": 987,
      "md": 0,
      "fxml": 0,
      "sh": 0,
      "bat": 21,
      "gradle": 31,
      "txt": 16
    }
  },
  "authorContributionVariance": {
    "LivingOnEdge": 582677.9
  },
  "authorDisplayNameMap": {
    "LivingOnEdge": "CS2103-T16 BILL  ...  CHEE"
  }
}
