{
  "authorDailyContributionsMap": {
    "ChangUo79": [
      {
        "insertions": 71,
        "deletions": 17,
        "date": "2019-08-19",
        "commitResults": [
          {
            "hash": "3f06f6abf96783ea1e633794cf44d084e4801a27",
            "messageTitle": "Implemented Level 1",
            "messageBody": "",
            "insertions": 18,
            "deletions": 6
          },
          {
            "hash": "515a3da30b12460fba0d9f3a6317ffab12aa0e1c",
            "messageTitle": "Implemented Level-2",
            "messageBody": "",
            "insertions": 14,
            "deletions": 2
          },
          {
            "hash": "4e86f3a1bdaa88a049e2d7fd0d4e959415612d30",
            "messageTitle": "added: Task.java",
            "messageBody": "",
            "insertions": 4,
            "deletions": 0
          },
          {
            "hash": "f268e9e18cd1dbd2d2f958fb0e6429d77c9ad44c",
            "messageTitle": "Implemented: Task.java",
            "messageBody": "",
            "insertions": 19,
            "deletions": 2
          },
          {
            "hash": "86ec7815c6f1e0eb387fb2a61b5eb25d66f33c39",
            "messageTitle": "Implemented: Level-3",
            "messageBody": "",
            "insertions": 16,
            "deletions": 7
          }
        ]
      },
      {
        "insertions": 80,
        "deletions": 9,
        "date": "2019-08-20",
        "commitResults": [
          {
            "hash": "b11010ad76faeb3ce00517bdb22bb3cc91cbe7c5",
            "messageTitle": "added: Deadline.java",
            "messageBody": "",
            "insertions": 14,
            "deletions": 0
          },
          {
            "hash": "210675dff88cec648f064ce8055298c157a79287",
            "messageTitle": "added: Event.java",
            "messageBody": "",
            "insertions": 14,
            "deletions": 0
          },
          {
            "hash": "94590d80e3348a804266ed99257d7341c11a84fe",
            "messageTitle": "added: Todo.java",
            "messageBody": "",
            "insertions": 11,
            "deletions": 0
          },
          {
            "hash": "e81a5fe0bbf81c3df5b04c870722f494b4899532",
            "messageTitle": "Implemented Level-4",
            "messageBody": "",
            "insertions": 5,
            "deletions": 0
          },
          {
            "hash": "cfc6922ee0b7f943b0f0f4a2dd9547c47a4a315c",
            "messageTitle": "Implemented Level-4",
            "messageBody": "",
            "insertions": 36,
            "deletions": 9
          }
        ]
      },
      {
        "insertions": 203,
        "deletions": 44,
        "date": "2019-08-21",
        "commitResults": [
          {
            "hash": "45474e33964f007ea7372fa113b38899fd6cddfd",
            "messageTitle": " added: DukeException.java",
            "messageBody": "",
            "insertions": 4,
            "deletions": 0
          },
          {
            "hash": "04b77e008e2b08c3869c401854e16d332b51e94b",
            "messageTitle": "added: text-ui-test",
            "messageBody": "",
            "insertions": 86,
            "deletions": 0
          },
          {
            "hash": "9ec490d45c261a96d44100287c105b504c7188b5",
            "messageTitle": "Added: DukeException.java",
            "messageBody": "",
            "insertions": 6,
            "deletions": 2
          },
          {
            "hash": "9524ad033964bc911fb616bbfe530d07275dcc53",
            "messageTitle": "Implemented Level-5",
            "messageBody": "",
            "insertions": 76,
            "deletions": 33
          },
          {
            "hash": "4c3517212e9cf90cfaa864c357aefce7bb6750a9",
            "messageTitle": "Implemented: Level-6",
            "messageBody": "",
            "insertions": 26,
            "deletions": 8
          },
          {
            "hash": "6ad3a7bea42b13339a63f2ed0dbcd75cdfd5b918",
            "messageTitle": "Updated to run with inputs",
            "messageBody": "",
            "insertions": 5,
            "deletions": 1
          }
        ]
      },
      {
        "insertions": 157,
        "deletions": 38,
        "date": "2019-08-22",
        "commitResults": [
          {
            "hash": "bf9b9ee163746f214dc28b3dcd4d8b16ac6d36fd",
            "messageTitle": "Updated with plugins and dependencies",
            "messageBody": "",
            "insertions": 21,
            "deletions": 0
          },
          {
            "hash": "f719399069e8648078770e9f0ff02d5e217fa8f6",
            "messageTitle": "added: DukeInvalidArgumentException.java",
            "messageBody": "",
            "insertions": 16,
            "deletions": 0
          },
          {
            "hash": "4503bf485644d0421d333c17dbad8d8a9a5059f6",
            "messageTitle": "Amended for exception handling. Level-6",
            "messageBody": "",
            "insertions": 120,
            "deletions": 38
          }
        ]
      },
      {
        "insertions": 174,
        "deletions": 11,
        "date": "2019-08-26",
        "commitResults": [
          {
            "hash": "0bfff781db561a77f4b99b68e251efaf00ddd9d8",
            "messageTitle": "Implemented DukeReadFile.java",
            "messageBody": "",
            "insertions": 8,
            "deletions": 0
          },
          {
            "hash": "86e9bbea71fbf7834290825f20832aa46b3a5961",
            "messageTitle": "Implemented Level-7",
            "messageBody": "",
            "insertions": 166,
            "deletions": 11
          }
        ]
      },
      {
        "insertions": 826,
        "deletions": 244,
        "date": "2019-08-28",
        "commitResults": [
          {
            "hash": "475c5027dcdf12ae1abc16d343d89fec10eb404e",
            "messageTitle": "Implemented for Level-8",
            "messageBody": "",
            "insertions": 154,
            "deletions": 1
          },
          {
            "hash": "4d1995c978ecd62d212a60a40912e1c326a585f0",
            "messageTitle": "Implemented Level-8",
            "messageBody": "",
            "insertions": 32,
            "deletions": 2
          },
          {
            "hash": "b87063fb70a4bc8373c14cfde2f119f6c87f51ba",
            "messageTitle": "Implemented for A-MoreOOP",
            "messageBody": "",
            "insertions": 388,
            "deletions": 235
          },
          {
            "hash": "aca722fe532adfa53b78e0f7f978a360fc76e2d0",
            "messageTitle": "Implemented for JUnit testing",
            "messageBody": "",
            "insertions": 41,
            "deletions": 1
          },
          {
            "hash": "1b1762d2a7b0ec379b846d20cee4fdb8215dead3",
            "messageTitle": "Added JavaDoc comments",
            "messageBody": "",
            "insertions": 211,
            "deletions": 5
          }
        ]
      },
      {
        "insertions": 146,
        "deletions": 120,
        "date": "2019-08-30",
        "commitResults": [
          {
            "hash": "9b299a37a4ce1fd6018a58358ed53bb0c4602ecc",
            "messageTitle": "Updated for JavaDoc",
            "messageBody": "",
            "insertions": 146,
            "deletions": 120
          }
        ]
      },
      {
        "insertions": 120,
        "deletions": 352,
        "date": "2019-08-31",
        "commitResults": [
          {
            "hash": "d81efbc2495a7268ffd3a0f70a40910ffe74f00e",
            "messageTitle": "Revert \"Merge branch \u0027branch-A-JavaDoc\u0027\"",
            "messageBody": "This reverts commit e8cd8f690101cf4315886a7467b0a83b9ad85759, reversing\nchanges made to aca722fe532adfa53b78e0f7f978a360fc76e2d0.\n\nRevert to previous commit\n",
            "insertions": 120,
            "deletions": 352
          }
        ]
      },
      {
        "insertions": 375,
        "deletions": 108,
        "date": "2019-09-01",
        "commitResults": [
          {
            "hash": "b8f3057f4f7e4c1c77d423577ba39656df065894",
            "messageTitle": "Implemented Level-9",
            "messageBody": "",
            "insertions": 25,
            "deletions": 7
          },
          {
            "hash": "41927de6da2fe89404a407cce9cd7eab56922fc7",
            "messageTitle": "Merge Conflict for JavaDoc",
            "messageBody": "",
            "insertions": 301,
            "deletions": 101
          },
          {
            "hash": "3fcf972c48c4291b7997628a8ef6b306c93cadf5",
            "messageTitle": "Updated for JavaDoc",
            "messageBody": "",
            "insertions": 49,
            "deletions": 0
          }
        ]
      },
      {
        "insertions": 70,
        "deletions": 80,
        "date": "2019-09-02",
        "commitResults": [
          {
            "hash": "71b8cc2265e14239479eb54b2677f36f21ee5b96",
            "messageTitle": "Updated with changes.",
            "messageBody": "",
            "insertions": 70,
            "deletions": 80
          }
        ]
      },
      {
        "insertions": 465,
        "deletions": 286,
        "date": "2019-09-04",
        "commitResults": [
          {
            "hash": "6f9b7ae5494b78b3c95d3953b45b8f77b0faa188",
            "messageTitle": "Updated with suggested amendments from review",
            "messageBody": "",
            "insertions": 167,
            "deletions": 267
          },
          {
            "hash": "6b56ed57f732abd249f97948758403d79aaeab36",
            "messageTitle": "Implemented Level-10",
            "messageBody": "",
            "insertions": 298,
            "deletions": 19
          }
        ]
      },
      {
        "insertions": 188,
        "deletions": 296,
        "date": "2019-09-08",
        "commitResults": [
          {
            "hash": "0c0f413846ea47767000bb5e3826af15f739e45c",
            "messageTitle": "Updated for GUI",
            "messageBody": "",
            "insertions": 188,
            "deletions": 296
          }
        ]
      },
      {
        "insertions": 228,
        "deletions": 147,
        "date": "2019-09-11",
        "commitResults": [
          {
            "hash": "0ae58ea5c98c02112f6fb83400ce292ded7d09dc",
            "messageTitle": "Updated to generate jar file",
            "messageBody": "",
            "insertions": 5,
            "deletions": 7
          },
          {
            "hash": "8b1e32db3bcff98c9b97716bbd8c1d358fe33823",
            "messageTitle": "Implemented A-Assertions",
            "messageBody": "",
            "insertions": 6,
            "deletions": 0
          },
          {
            "hash": "41a4b083260b1e90d35d8b702eee43ac60bbe677",
            "messageTitle": "Implemented for CodeQuality",
            "messageBody": "",
            "insertions": 216,
            "deletions": 138
          },
          {
            "hash": "2ea95f7eb5f0f7353584bef113180a8630abb726",
            "messageTitle": "Minor amendments",
            "messageBody": "",
            "insertions": 1,
            "deletions": 2
          }
        ]
      },
      {
        "insertions": 10,
        "deletions": 1,
        "date": "2019-09-13",
        "commitResults": [
          {
            "hash": "e9c75c78731c3f59260b3e02f6a9bcbff947c71a",
            "messageTitle": "Updated for CodeQuality",
            "messageBody": "",
            "insertions": 10,
            "deletions": 1
          }
        ]
      },
      {
        "insertions": 1,
        "deletions": 2,
        "date": "2019-09-14",
        "commitResults": [
          {
            "hash": "6fc7c20f288829df64113b13914743e9a648954a",
            "messageTitle": "Updated for Assertions",
            "messageBody": "",
            "insertions": 1,
            "deletions": 2
          }
        ]
      },
      {
        "insertions": 77,
        "deletions": 9,
        "date": "2019-09-15",
        "commitResults": [
          {
            "hash": "7ac673444b1fc47f2d0ce57dda2ebc02edcad924",
            "messageTitle": "Minor adjustment for DateAndTime",
            "messageBody": "",
            "insertions": 20,
            "deletions": 6
          },
          {
            "hash": "c38e4647f8a3398ff6eb3f5d9b53af37ef3a8804",
            "messageTitle": "Added an Extension C-Statistics",
            "messageBody": "",
            "insertions": 4,
            "deletions": 0
          },
          {
            "hash": "e8819a58fe72a95d5e3b125dd2f87e9dd3f51bbb",
            "messageTitle": "Updated for C-Statistics",
            "messageBody": "",
            "insertions": 53,
            "deletions": 3
          }
        ]
      },
      {
        "insertions": 276,
        "deletions": 67,
        "date": "2019-09-18",
        "commitResults": [
          {
            "hash": "54009ef397d5e2d2b12de36e77c8e29d23e18533",
            "messageTitle": "Updated for GUI and minor adjustments",
            "messageBody": "",
            "insertions": 126,
            "deletions": 53
          },
          {
            "hash": "a30d8a07a9cc40391739abc1ace1a949eea42d5f",
            "messageTitle": "Updated README.md",
            "messageBody": "",
            "insertions": 146,
            "deletions": 13
          },
          {
            "hash": "622fa26d50cb4c86982607bdf77f71bac8a0a5a4",
            "messageTitle": "Updated README.md",
            "messageBody": "",
            "insertions": 4,
            "deletions": 1
          }
        ]
      },
      {
        "insertions": 69,
        "deletions": 71,
        "date": "2019-09-19",
        "commitResults": [
          {
            "hash": "9b4754cbcaf968e9566f1bfbece27284da90bc58",
            "messageTitle": "Updated README.md",
            "messageBody": "",
            "insertions": 24,
            "deletions": 26
          },
          {
            "hash": "4918be1418f5bb7f1908bd8d64ea4dcf43688e54",
            "messageTitle": "Updated README.md",
            "messageBody": "",
            "insertions": 21,
            "deletions": 21
          },
          {
            "hash": "ac825bf858490f9643762ee31f6f2531f534d9f1",
            "messageTitle": "Updated README.md",
            "messageBody": "",
            "insertions": 24,
            "deletions": 24
          }
        ]
      }
    ]
  },
  "authorFinalContributionMap": {
    "ChangUo79": 1644
  },
  "authorFileTypeContributionMap": {
    "ChangUo79": {
      "java": 1342,
      "md": 143,
      "fxml": 35,
      "sh": 0,
      "bat": 21,
      "gradle": 35,
      "txt": 68
    }
  },
  "authorContributionVariance": {
    "ChangUo79": 59482.85
  },
  "authorDisplayNameMap": {
    "ChangUo79": "CS2103T-T12-3 ERWIN ... O XIN"
  }
}
