{
  "authorDailyContributionsMap": {
    "jyx11011": [
      {
        "insertions": 191,
        "deletions": 20,
        "date": "2019-08-18",
        "commitResults": [
          {
            "hash": "cf8dd8c3266d25d27781ffb3173a136902d9f432",
            "messageTitle": "Add greeting, echo and exit",
            "messageBody": "",
            "insertions": 28,
            "deletions": 7
          },
          {
            "hash": "c807e030218efa38db6026c8f5cf7fa22093c5f9",
            "messageTitle": "Add the ability to store commands and list commands when requested",
            "messageBody": "",
            "insertions": 10,
            "deletions": 1
          },
          {
            "hash": "5a1fc8bc5df65c7957f31d9eb50804f22d46b6d9",
            "messageTitle": "Add the ability to mark tasks as done and Task class.",
            "messageBody": "",
            "insertions": 56,
            "deletions": 5
          },
          {
            "hash": "95d018e33fc7e27c573cb967eddefad3586f8aa5",
            "messageTitle": "Add support for todo, event and deadline tasks",
            "messageBody": "",
            "insertions": 97,
            "deletions": 7
          }
        ]
      },
      {
        "insertions": 154,
        "deletions": 32,
        "date": "2019-08-19",
        "commitResults": [
          {
            "hash": "643341f91493006fe856c675a1a13a151a28a6a2",
            "messageTitle": "Add exception handling",
            "messageBody": "",
            "insertions": 100,
            "deletions": 31
          },
          {
            "hash": "e90d8d807e9e15e6f9d78ac7b1a6bcad431824fd",
            "messageTitle": "Add support for deleting a task",
            "messageBody": "",
            "insertions": 12,
            "deletions": 1
          },
          {
            "hash": "ecc326133013da5af3d020621c17abbe90cc472c",
            "messageTitle": "Add semi-automated testing(tick and cross cannot be output correctly into the file)",
            "messageBody": "",
            "insertions": 42,
            "deletions": 0
          }
        ]
      },
      {
        "insertions": 93,
        "deletions": 2,
        "date": "2019-08-25",
        "commitResults": [
          {
            "hash": "96c551702191aef49c4f532ae20119a4b37c82be",
            "messageTitle": "Add support for saving and loading the task data.",
            "messageBody": "",
            "insertions": 93,
            "deletions": 2
          }
        ]
      },
      {
        "insertions": 412,
        "deletions": 212,
        "date": "2019-08-26",
        "commitResults": [
          {
            "hash": "16a6594515f06ebf46fa5e78e96c5050d6469f16",
            "messageTitle": "Stores date and time using LocalDateTime class.",
            "messageBody": "",
            "insertions": 47,
            "deletions": 14
          },
          {
            "hash": "11abdb06b8c3ae9ceeb996ac55d47c0674403715",
            "messageTitle": "Extract Ui, Storage, Parser and TaskList classes.",
            "messageBody": "",
            "insertions": 365,
            "deletions": 198
          }
        ]
      },
      {
        "insertions": 634,
        "deletions": 91,
        "date": "2019-08-27",
        "commitResults": [
          {
            "hash": "174282e1813e1d2b7c87e2a1317d9d74325a7eea",
            "messageTitle": "Extract Command classes.",
            "messageBody": "",
            "insertions": 177,
            "deletions": 42
          },
          {
            "hash": "c4439b7df045ea1dbb90facaf208d391c9c27e26",
            "messageTitle": "Divide classes into packages.",
            "messageBody": "",
            "insertions": 98,
            "deletions": 4
          },
          {
            "hash": "78b0c443a1d936fa442e50a571ab8b118f4c8daf",
            "messageTitle": "Fix a bug of getting the name of a class.",
            "messageBody": "",
            "insertions": 53,
            "deletions": 2
          },
          {
            "hash": "1faf9fffdb1db28128b5ee7efe87d65a28281b96",
            "messageTitle": "Add test for Task, Event and ToDo class.",
            "messageBody": "",
            "insertions": 46,
            "deletions": 2
          },
          {
            "hash": "99c671c30baffb7694dc7d622a1111fe7bc2df02",
            "messageTitle": "Add Gradle.",
            "messageBody": "",
            "insertions": 44,
            "deletions": 3
          },
          {
            "hash": "e737b05dc16dcda91019a7b2d922d304fafa3406",
            "messageTitle": "Package the App as a JAR file.",
            "messageBody": "",
            "insertions": 1,
            "deletions": 1
          },
          {
            "hash": "d0ae95b3a35e4fe39425ad1e123c718d15cd2516",
            "messageTitle": "Update java doc.",
            "messageBody": "",
            "insertions": 97,
            "deletions": 5
          },
          {
            "hash": "76a1ba4c374c1bc5243579bc61bbac56b4be54df",
            "messageTitle": "Add support for searching a keyword.",
            "messageBody": "",
            "insertions": 67,
            "deletions": 10
          },
          {
            "hash": "dc3fbef3b47cf479125dfd2a5a49f33f39dcb21e",
            "messageTitle": "Tweak the code to meet coding standard.",
            "messageBody": "",
            "insertions": 43,
            "deletions": 15
          },
          {
            "hash": "6b2b2658441550b651f8e05877aee3b4d12ad281",
            "messageTitle": "Minor tweak.",
            "messageBody": "",
            "insertions": 8,
            "deletions": 7
          }
        ]
      }
    ]
  },
  "authorFinalContributionMap": {
    "jyx11011": 1125
  },
  "authorFileTypeContributionMap": {
    "jyx11011": {
      "java": 1037,
      "md": 0,
      "fxml": 0,
      "sh": 34,
      "bat": 17,
      "gradle": 26,
      "txt": 11
    }
  },
  "authorContributionVariance": {
    "jyx11011": 60058.574
  },
  "authorDisplayNameMap": {
    "jyx11011": "JIAN .. UXIN"
  }
}
