{
  "authorDailyContributionsMap": {
    "philipalexanderb": [
      {
        "insertions": 28,
        "deletions": 2,
        "date": "2019-08-21",
        "commitResults": [
          {
            "hash": "265979bf7398e653c72ca4ff5aed4927c312d5f0",
            "messageTitle": "Level 1. Greet, Echo, Exit.",
            "messageBody": "",
            "insertions": 15,
            "deletions": 0
          },
          {
            "hash": "c15d83747f0b7f58ac56ed71d49abfe497ab777e",
            "messageTitle": "Level 2.Add, List",
            "messageBody": "",
            "insertions": 13,
            "deletions": 2
          }
        ]
      },
      {
        "insertions": 155,
        "deletions": 35,
        "date": "2019-08-22",
        "commitResults": [
          {
            "hash": "927564d342de52bd0747e5f647c4f0a54361b62c",
            "messageTitle": "Level3",
            "messageBody": "",
            "insertions": 36,
            "deletions": 4
          },
          {
            "hash": "795f45cfad246685427f59d3f88248bc950fecb6",
            "messageTitle": "Level 3. Mark as Done",
            "messageBody": "",
            "insertions": 4,
            "deletions": 9
          },
          {
            "hash": "0cbbd15ed566f49fc181c0cd25ec10acae9734d2",
            "messageTitle": "Level 4. ToDos, Events, Deadlines",
            "messageBody": "",
            "insertions": 63,
            "deletions": 3
          },
          {
            "hash": "5361b1e49587836ec9151cf257c36e5ef4dc2fde",
            "messageTitle": "Level 5. Handle Errors",
            "messageBody": "",
            "insertions": 45,
            "deletions": 18
          },
          {
            "hash": "47756af96e0fbc884e107d56c424b72411f124a4",
            "messageTitle": "Level 6.Delete:",
            "messageBody": "",
            "insertions": 6,
            "deletions": 0
          },
          {
            "hash": "9438b5065e37af7f29cb8414b42d0dd94b649e33",
            "messageTitle": "Level 6. Delete",
            "messageBody": "",
            "insertions": 1,
            "deletions": 1
          }
        ]
      }
    ]
  },
  "authorFinalContributionMap": {
    "philipalexanderb": 144
  },
  "authorFileTypeContributionMap": {
    "philipalexanderb": {
      "java": 144,
      "md": 0,
      "fxml": 0,
      "sh": 0,
      "bat": 0,
      "gradle": 0,
      "txt": 0
    }
  },
  "authorContributionVariance": {
    "philipalexanderb": 4297.959
  },
  "authorDisplayNameMap": {
    "philipalexanderb": "PHIL .. IMAN"
  }
}
