{
  "authorDailyContributionsMap": {
    "shiyao821": [
      {
        "insertions": 76,
        "deletions": 9,
        "date": "2019-08-16",
        "commitResults": [
          {
            "hash": "6c6d66124adad8c90863b155e09df18122dc987e",
            "messageTitle": "Level-1",
            "messageBody": "",
            "insertions": 24,
            "deletions": 0
          },
          {
            "hash": "9cc1dda3ecf663c76a1865be7683e18b6f427871",
            "messageTitle": "Level-2",
            "messageBody": "",
            "insertions": 16,
            "deletions": 4
          },
          {
            "hash": "ef907cbf783ce5fcb3c2b8ef36b19247d869208b",
            "messageTitle": "Level-3",
            "messageBody": "",
            "insertions": 36,
            "deletions": 5
          }
        ]
      },
      {
        "insertions": 225,
        "deletions": 65,
        "date": "2019-08-17",
        "commitResults": [
          {
            "hash": "8c323518be902881b9bd73e330789c4301c6367a",
            "messageTitle": "Level-4",
            "messageBody": "",
            "insertions": 107,
            "deletions": 0
          },
          {
            "hash": "f12af3267249defe8b1589eb175dd5eb706818f7",
            "messageTitle": "Displays Unicode in cmd",
            "messageBody": "cross-check system was previously broken\n",
            "insertions": 20,
            "deletions": 14
          },
          {
            "hash": "488a698784cec85d8a2b97371092dcb56946797d",
            "messageTitle": "A-TextUiTesting",
            "messageBody": "",
            "insertions": 22,
            "deletions": 0
          },
          {
            "hash": "7c5a26f4f732daf37de7eed2ce19327a8f53d2ad",
            "messageTitle": "Level-5",
            "messageBody": "",
            "insertions": 59,
            "deletions": 46
          },
          {
            "hash": "1c6dcc34c651f0bc03f3d82ac698371b9b4bd8b9",
            "messageTitle": "Level-6",
            "messageBody": "",
            "insertions": 17,
            "deletions": 5
          }
        ]
      },
      {
        "insertions": 4,
        "deletions": 2,
        "date": "2019-08-24",
        "commitResults": [
          {
            "hash": "d48f1432ac66dfe3096585e9adf8e3ad77cddb30",
            "messageTitle": "minor style update",
            "messageBody": "",
            "insertions": 4,
            "deletions": 2
          }
        ]
      }
    ]
  },
  "authorFinalContributionMap": {
    "shiyao821": 229
  },
  "authorFileTypeContributionMap": {
    "shiyao821": {
      "java": 229,
      "md": 0,
      "fxml": 0,
      "sh": 0,
      "bat": 0,
      "gradle": 0,
      "txt": 0
    }
  },
  "authorContributionVariance": {
    "shiyao821": 8359.11
  },
  "authorDisplayNameMap": {
    "shiyao821": "WANG .. IYAO"
  }
}
