{
  "authorDailyContributionsMap": {
    "weikiat97": [
      {
        "insertions": 161,
        "deletions": 21,
        "date": "2019-08-21",
        "commitResults": [
          {
            "hash": "14fbb9770105646cd52062afb76c2c90523cac62",
            "messageTitle": "Level-1",
            "messageBody": "",
            "insertions": 14,
            "deletions": 6
          },
          {
            "hash": "82e9c6dee0f5702abe8476fff1eb97aa9f223388",
            "messageTitle": "Level-2",
            "messageBody": "",
            "insertions": 10,
            "deletions": 1
          },
          {
            "hash": "24aef59be2733b95d12f53585ba5d453f17ffda0",
            "messageTitle": "Level-3",
            "messageBody": "",
            "insertions": 37,
            "deletions": 2
          },
          {
            "hash": "7221ccf1dd27c9b44dc4067cf02781bf9d3972d6",
            "messageTitle": "Level-4",
            "messageBody": "",
            "insertions": 100,
            "deletions": 12
          }
        ]
      },
      {
        "insertions": 114,
        "deletions": 74,
        "date": "2019-08-22",
        "commitResults": [
          {
            "hash": "bd168c49e20fa131b377ad6b8f7c2a341710fb7a",
            "messageTitle": "Level-5",
            "messageBody": "",
            "insertions": 98,
            "deletions": 68
          },
          {
            "hash": "af61406e029f865d31a5f43ed29ca32f1abee035",
            "messageTitle": "Level-6",
            "messageBody": "",
            "insertions": 16,
            "deletions": 6
          }
        ]
      },
      {
        "insertions": 258,
        "deletions": 126,
        "date": "2019-08-26",
        "commitResults": [
          {
            "hash": "f9cbefee25943f7aaf28c6c80c8575e1bd52f739",
            "messageTitle": "Added reading from storage",
            "messageBody": "",
            "insertions": 12,
            "deletions": 0
          },
          {
            "hash": "253a9381122a6b7de86a807ccab92c761409bddb",
            "messageTitle": "Level-7",
            "messageBody": "",
            "insertions": 197,
            "deletions": 100
          },
          {
            "hash": "05044360c4c8aa512919e39e4be725faf5951e24",
            "messageTitle": "branch-Level-8",
            "messageBody": "",
            "insertions": 49,
            "deletions": 26
          }
        ]
      },
      {
        "insertions": 348,
        "deletions": 122,
        "date": "2019-08-27",
        "commitResults": [
          {
            "hash": "dd2fc7a9f333647a65c30ebb16e12219e6f3eb22",
            "messageTitle": "Updates txt file for every task",
            "messageBody": "",
            "insertions": 9,
            "deletions": 6
          },
          {
            "hash": "c3a9f64e504065b06b0aa6318b966475a9524c9f",
            "messageTitle": "Added Ui class.",
            "messageBody": "",
            "insertions": 6,
            "deletions": 0
          },
          {
            "hash": "8607e780b373a57c40904e902df9ec0254b0de0c",
            "messageTitle": "A-MoreOOP",
            "messageBody": "",
            "insertions": 331,
            "deletions": 116
          },
          {
            "hash": "21b8eb2f9535e4686058d0d96764893b1c621937",
            "messageTitle": "A-JUnit",
            "messageBody": "",
            "insertions": 2,
            "deletions": 0
          }
        ]
      },
      {
        "insertions": 277,
        "deletions": 12,
        "date": "2019-08-28",
        "commitResults": [
          {
            "hash": "fa2efa1f6f56446920a96308665ac77bb24a2c63",
            "messageTitle": "Added JavaDocs",
            "messageBody": "",
            "insertions": 211,
            "deletions": 9
          },
          {
            "hash": "334bddf54fc29d63b5cc1e906c02ded02c07b418",
            "messageTitle": "A-CodingStandard",
            "messageBody": "",
            "insertions": 0,
            "deletions": 1
          },
          {
            "hash": "26caf081180c3e2c62ef4422b9f64dbf577eb488",
            "messageTitle": "Level-9",
            "messageBody": "",
            "insertions": 66,
            "deletions": 2
          }
        ]
      },
      {
        "insertions": 31,
        "deletions": 23,
        "date": "2019-08-30",
        "commitResults": [
          {
            "hash": "fee7395e0148afd94a01af6426a29751acb35282",
            "messageTitle": "Updated event class with time period and fixed minor bugs.",
            "messageBody": "",
            "insertions": 31,
            "deletions": 23
          }
        ]
      },
      {
        "insertions": 74,
        "deletions": 45,
        "date": "2019-09-02",
        "commitResults": [
          {
            "hash": "af94d1fa51c968ad1f91cb37dddb095bdea021e1",
            "messageTitle": "Changed DukeTest",
            "messageBody": "",
            "insertions": 8,
            "deletions": 0
          },
          {
            "hash": "2d4dda09dc0db002a64bdcff45fb60db9bda8e9f",
            "messageTitle": "Added A-Gradle",
            "messageBody": "",
            "insertions": 2,
            "deletions": 2
          },
          {
            "hash": "dc1b11de6c78c087b5e8e30a63fca0a2a763129b",
            "messageTitle": "Added Checkstyle (via Intellij)",
            "messageBody": "",
            "insertions": 43,
            "deletions": 43
          },
          {
            "hash": "c68c5cd124d4ca0d9e0c5d16ef8caaeb2f945305",
            "messageTitle": "Edited Gradle Setup.",
            "messageBody": "",
            "insertions": 21,
            "deletions": 0
          }
        ]
      },
      {
        "insertions": 4,
        "deletions": 0,
        "date": "2019-09-03",
        "commitResults": [
          {
            "hash": "d2d9108bab54b19ef297cbed767e3d3104b4d4bc",
            "messageTitle": "JavaFX Tutorial 2",
            "messageBody": "",
            "insertions": 2,
            "deletions": 0
          },
          {
            "hash": "962631ced0bf12399c4e1faf7402c4af6a116d32",
            "messageTitle": "JavaFX Tutorial 3",
            "messageBody": "",
            "insertions": 2,
            "deletions": 0
          }
        ]
      },
      {
        "insertions": 385,
        "deletions": 435,
        "date": "2019-09-04",
        "commitResults": [
          {
            "hash": "739a9ecb2f1209da99463382e39bc5d656de5622",
            "messageTitle": "JavaFX Tutorial 4",
            "messageBody": "",
            "insertions": 32,
            "deletions": 0
          },
          {
            "hash": "d4b4acf015ed6952553d931c9eea32f02cff4463",
            "messageTitle": "Changed GUI",
            "messageBody": "",
            "insertions": 244,
            "deletions": 35
          },
          {
            "hash": "178f7ac31585d01622295544055d64658c6e2ff4",
            "messageTitle": "Resolved merged conflicts",
            "messageBody": "",
            "insertions": 10,
            "deletions": 184
          },
          {
            "hash": "84bf02cdc11027700147fa107890e0456d57946a",
            "messageTitle": "Edited classes to work on GUI",
            "messageBody": "",
            "insertions": 40,
            "deletions": 73
          },
          {
            "hash": "9439579514bb463f106688422456b43a14dc76ba",
            "messageTitle": "Fixed exceptions and removed UI.",
            "messageBody": "",
            "insertions": 38,
            "deletions": 133
          },
          {
            "hash": "b64f051252b7880faf4de2b013bad410eb1cfb00",
            "messageTitle": "Added more exceptions.",
            "messageBody": "",
            "insertions": 21,
            "deletions": 10
          }
        ]
      },
      {
        "insertions": 129,
        "deletions": 10,
        "date": "2019-09-05",
        "commitResults": [
          {
            "hash": "893efdca30c7e673abb8464779e8df206a8c4404",
            "messageTitle": "Added packaging.",
            "messageBody": "",
            "insertions": 90,
            "deletions": 4
          },
          {
            "hash": "7ab4041444b7423decaf48895b8dec784a907415",
            "messageTitle": "Added more JUnit Testing.",
            "messageBody": "",
            "insertions": 39,
            "deletions": 6
          }
        ]
      },
      {
        "insertions": 89,
        "deletions": 92,
        "date": "2019-09-09",
        "commitResults": [
          {
            "hash": "7b5046edc0efc77ae5c78e3c61cac1fc79efde61",
            "messageTitle": "Generate a new jar file",
            "messageBody": "",
            "insertions": 5,
            "deletions": 3
          },
          {
            "hash": "40d1bccdda9d5ae909adad7fc006fe34241506a5",
            "messageTitle": "A-Assertions",
            "messageBody": "",
            "insertions": 8,
            "deletions": 0
          },
          {
            "hash": "a535d4effd5d3b914a7b709b92b723eec976c7e5",
            "messageTitle": "A-CodeQuality",
            "messageBody": "",
            "insertions": 72,
            "deletions": 87
          },
          {
            "hash": "3814d6d595e85d158df5b9014c91f7ac13bbfc65",
            "messageTitle": "Fixed unresolved symbol issue on IntelliJ",
            "messageBody": "",
            "insertions": 4,
            "deletions": 2
          }
        ]
      },
      {
        "insertions": 157,
        "deletions": 17,
        "date": "2019-09-11",
        "commitResults": [
          {
            "hash": "99c6e7b42d6b08ad415117d989229d578d50b37e",
            "messageTitle": "Added Snooze",
            "messageBody": "",
            "insertions": 157,
            "deletions": 17
          }
        ]
      }
    ]
  },
  "authorFinalContributionMap": {
    "weikiat97": 1190
  },
  "authorFileTypeContributionMap": {
    "weikiat97": {
      "java": 1119,
      "md": 1,
      "fxml": 35,
      "sh": 0,
      "bat": 0,
      "gradle": 28,
      "txt": 7
    }
  },
  "authorContributionVariance": {
    "weikiat97": 35480.484
  },
  "authorDisplayNameMap": {
    "weikiat97": "CS2103-T14-1 LOH W ...  KIAT"
  }
}
