[
  {
    "path": "build.gradle",
    "fileType": "gradle",
    "lines": [
      {
        "lineNumber": 1,
        "author": {
          "gitId": "Jeffry Lum"
        },
        "content": "plugins {"
      },
      {
        "lineNumber": 2,
        "author": {
          "gitId": "Jeffry Lum"
        },
        "content": "    id \u0027java\u0027"
      },
      {
        "lineNumber": 3,
        "author": {
          "gitId": "Jeffry Lum"
        },
        "content": "    id \u0027application\u0027"
      },
      {
        "lineNumber": 4,
        "author": {
          "gitId": "Jeffry Lum"
        },
        "content": "}"
      },
      {
        "lineNumber": 5,
        "author": {
          "gitId": "Jeffry Lum"
        },
        "content": ""
      },
      {
        "lineNumber": 6,
        "author": {
          "gitId": "Jeffry Lum"
        },
        "content": "group \u0027seedu.duke\u0027"
      },
      {
        "lineNumber": 7,
        "author": {
          "gitId": "Jeffry Lum"
        },
        "content": "version \u00270.1.0\u0027"
      },
      {
        "lineNumber": 8,
        "author": {
          "gitId": "Jeffry Lum"
        },
        "content": ""
      },
      {
        "lineNumber": 9,
        "author": {
          "gitId": "Jeffry Lum"
        },
        "content": "repositories {"
      },
      {
        "lineNumber": 10,
        "author": {
          "gitId": "Jeffry Lum"
        },
        "content": "    mavenCentral()"
      },
      {
        "lineNumber": 11,
        "author": {
          "gitId": "Jeffry Lum"
        },
        "content": "}"
      },
      {
        "lineNumber": 12,
        "author": {
          "gitId": "Jeffry Lum"
        },
        "content": ""
      },
      {
        "lineNumber": 13,
        "author": {
          "gitId": "bjhoohaha"
        },
        "content": "run{"
      },
      {
        "lineNumber": 14,
        "author": {
          "gitId": "bjhoohaha"
        },
        "content": "    standardInput \u003d System.in"
      },
      {
        "lineNumber": 15,
        "author": {
          "gitId": "bjhoohaha"
        },
        "content": "}"
      },
      {
        "lineNumber": 16,
        "author": {
          "gitId": "bjhoohaha"
        },
        "content": ""
      },
      {
        "lineNumber": 17,
        "author": {
          "gitId": "Jeffry Lum"
        },
        "content": "application {"
      },
      {
        "lineNumber": 18,
        "author": {
          "gitId": "Jeffry Lum"
        },
        "content": "    // Change this to your main class."
      },
      {
        "lineNumber": 19,
        "author": {
          "gitId": "bjhoohaha"
        },
        "content": "    mainClassName \u003d \"Duke\""
      },
      {
        "lineNumber": 20,
        "author": {
          "gitId": "Jeffry Lum"
        },
        "content": "}"
      }
    ],
    "authorContributionMap": {
      "Jeffry Lum": 15,
      "bjhoohaha": 5
    }
  },
  {
    "path": "gradlew.bat",
    "fileType": "bat",
    "lines": [
      {
        "lineNumber": 1,
        "author": {
          "gitId": "bjhoohaha"
        },
        "content": "@rem"
      },
      {
        "lineNumber": 2,
        "author": {
          "gitId": "bjhoohaha"
        },
        "content": "@rem Copyright 2015 the original author or authors."
      },
      {
        "lineNumber": 3,
        "author": {
          "gitId": "bjhoohaha"
        },
        "content": "@rem"
      },
      {
        "lineNumber": 4,
        "author": {
          "gitId": "bjhoohaha"
        },
        "content": "@rem Licensed under the Apache License, Version 2.0 (the \"License\");"
      },
      {
        "lineNumber": 5,
        "author": {
          "gitId": "bjhoohaha"
        },
        "content": "@rem you may not use this file except in compliance with the License."
      },
      {
        "lineNumber": 6,
        "author": {
          "gitId": "bjhoohaha"
        },
        "content": "@rem You may obtain a copy of the License at"
      },
      {
        "lineNumber": 7,
        "author": {
          "gitId": "bjhoohaha"
        },
        "content": "@rem"
      },
      {
        "lineNumber": 8,
        "author": {
          "gitId": "bjhoohaha"
        },
        "content": "@rem      https://www.apache.org/licenses/LICENSE-2.0"
      },
      {
        "lineNumber": 9,
        "author": {
          "gitId": "bjhoohaha"
        },
        "content": "@rem"
      },
      {
        "lineNumber": 10,
        "author": {
          "gitId": "bjhoohaha"
        },
        "content": "@rem Unless required by applicable law or agreed to in writing, software"
      },
      {
        "lineNumber": 11,
        "author": {
          "gitId": "bjhoohaha"
        },
        "content": "@rem distributed under the License is distributed on an \"AS IS\" BASIS,"
      },
      {
        "lineNumber": 12,
        "author": {
          "gitId": "bjhoohaha"
        },
        "content": "@rem WITHOUT WARRANTIES OR CONDITIONS OF ANY KIND, either express or implied."
      },
      {
        "lineNumber": 13,
        "author": {
          "gitId": "bjhoohaha"
        },
        "content": "@rem See the License for the specific language governing permissions and"
      },
      {
        "lineNumber": 14,
        "author": {
          "gitId": "bjhoohaha"
        },
        "content": "@rem limitations under the License."
      },
      {
        "lineNumber": 15,
        "author": {
          "gitId": "bjhoohaha"
        },
        "content": "@rem"
      },
      {
        "lineNumber": 16,
        "author": {
          "gitId": "bjhoohaha"
        },
        "content": ""
      },
      {
        "lineNumber": 17,
        "author": {
          "gitId": "Jeffry Lum"
        },
        "content": "@if \"%DEBUG%\" \u003d\u003d \"\" @echo off"
      },
      {
        "lineNumber": 18,
        "author": {
          "gitId": "Jeffry Lum"
        },
        "content": "@rem ##########################################################################"
      },
      {
        "lineNumber": 19,
        "author": {
          "gitId": "Jeffry Lum"
        },
        "content": "@rem"
      },
      {
        "lineNumber": 20,
        "author": {
          "gitId": "Jeffry Lum"
        },
        "content": "@rem  Gradle startup script for Windows"
      },
      {
        "lineNumber": 21,
        "author": {
          "gitId": "Jeffry Lum"
        },
        "content": "@rem"
      },
      {
        "lineNumber": 22,
        "author": {
          "gitId": "Jeffry Lum"
        },
        "content": "@rem ##########################################################################"
      },
      {
        "lineNumber": 23,
        "author": {
          "gitId": "Jeffry Lum"
        },
        "content": ""
      },
      {
        "lineNumber": 24,
        "author": {
          "gitId": "Jeffry Lum"
        },
        "content": "@rem Set local scope for the variables with windows NT shell"
      },
      {
        "lineNumber": 25,
        "author": {
          "gitId": "Jeffry Lum"
        },
        "content": "if \"%OS%\"\u003d\u003d\"Windows_NT\" setlocal"
      },
      {
        "lineNumber": 26,
        "author": {
          "gitId": "Jeffry Lum"
        },
        "content": ""
      },
      {
        "lineNumber": 27,
        "author": {
          "gitId": "Jeffry Lum"
        },
        "content": "set DIRNAME\u003d%~dp0"
      },
      {
        "lineNumber": 28,
        "author": {
          "gitId": "Jeffry Lum"
        },
        "content": "if \"%DIRNAME%\" \u003d\u003d \"\" set DIRNAME\u003d."
      },
      {
        "lineNumber": 29,
        "author": {
          "gitId": "Jeffry Lum"
        },
        "content": "set APP_BASE_NAME\u003d%~n0"
      },
      {
        "lineNumber": 30,
        "author": {
          "gitId": "Jeffry Lum"
        },
        "content": "set APP_HOME\u003d%DIRNAME%"
      },
      {
        "lineNumber": 31,
        "author": {
          "gitId": "Jeffry Lum"
        },
        "content": ""
      },
      {
        "lineNumber": 32,
        "author": {
          "gitId": "Jeffry Lum"
        },
        "content": "@rem Add default JVM options here. You can also use JAVA_OPTS and GRADLE_OPTS to pass JVM options to this script."
      },
      {
        "lineNumber": 33,
        "author": {
          "gitId": "bjhoohaha"
        },
        "content": "set DEFAULT_JVM_OPTS\u003d\"-Xmx64m\" \"-Xms64m\""
      },
      {
        "lineNumber": 34,
        "author": {
          "gitId": "Jeffry Lum"
        },
        "content": ""
      },
      {
        "lineNumber": 35,
        "author": {
          "gitId": "Jeffry Lum"
        },
        "content": "@rem Find java.exe"
      },
      {
        "lineNumber": 36,
        "author": {
          "gitId": "Jeffry Lum"
        },
        "content": "if defined JAVA_HOME goto findJavaFromJavaHome"
      },
      {
        "lineNumber": 37,
        "author": {
          "gitId": "Jeffry Lum"
        },
        "content": ""
      },
      {
        "lineNumber": 38,
        "author": {
          "gitId": "Jeffry Lum"
        },
        "content": "set JAVA_EXE\u003djava.exe"
      },
      {
        "lineNumber": 39,
        "author": {
          "gitId": "Jeffry Lum"
        },
        "content": "%JAVA_EXE% -version \u003eNUL 2\u003e\u00261"
      },
      {
        "lineNumber": 40,
        "author": {
          "gitId": "Jeffry Lum"
        },
        "content": "if \"%ERRORLEVEL%\" \u003d\u003d \"0\" goto init"
      },
      {
        "lineNumber": 41,
        "author": {
          "gitId": "Jeffry Lum"
        },
        "content": ""
      },
      {
        "lineNumber": 42,
        "author": {
          "gitId": "Jeffry Lum"
        },
        "content": "echo."
      },
      {
        "lineNumber": 43,
        "author": {
          "gitId": "Jeffry Lum"
        },
        "content": "echo ERROR: JAVA_HOME is not set and no \u0027java\u0027 command could be found in your PATH."
      },
      {
        "lineNumber": 44,
        "author": {
          "gitId": "Jeffry Lum"
        },
        "content": "echo."
      },
      {
        "lineNumber": 45,
        "author": {
          "gitId": "Jeffry Lum"
        },
        "content": "echo Please set the JAVA_HOME variable in your environment to match the"
      },
      {
        "lineNumber": 46,
        "author": {
          "gitId": "Jeffry Lum"
        },
        "content": "echo location of your Java installation."
      },
      {
        "lineNumber": 47,
        "author": {
          "gitId": "Jeffry Lum"
        },
        "content": ""
      },
      {
        "lineNumber": 48,
        "author": {
          "gitId": "Jeffry Lum"
        },
        "content": "goto fail"
      },
      {
        "lineNumber": 49,
        "author": {
          "gitId": "Jeffry Lum"
        },
        "content": ""
      },
      {
        "lineNumber": 50,
        "author": {
          "gitId": "Jeffry Lum"
        },
        "content": ":findJavaFromJavaHome"
      },
      {
        "lineNumber": 51,
        "author": {
          "gitId": "Jeffry Lum"
        },
        "content": "set JAVA_HOME\u003d%JAVA_HOME:\"\u003d%"
      },
      {
        "lineNumber": 52,
        "author": {
          "gitId": "Jeffry Lum"
        },
        "content": "set JAVA_EXE\u003d%JAVA_HOME%/bin/java.exe"
      },
      {
        "lineNumber": 53,
        "author": {
          "gitId": "Jeffry Lum"
        },
        "content": ""
      },
      {
        "lineNumber": 54,
        "author": {
          "gitId": "Jeffry Lum"
        },
        "content": "if exist \"%JAVA_EXE%\" goto init"
      },
      {
        "lineNumber": 55,
        "author": {
          "gitId": "Jeffry Lum"
        },
        "content": ""
      },
      {
        "lineNumber": 56,
        "author": {
          "gitId": "Jeffry Lum"
        },
        "content": "echo."
      },
      {
        "lineNumber": 57,
        "author": {
          "gitId": "Jeffry Lum"
        },
        "content": "echo ERROR: JAVA_HOME is set to an invalid directory: %JAVA_HOME%"
      },
      {
        "lineNumber": 58,
        "author": {
          "gitId": "Jeffry Lum"
        },
        "content": "echo."
      },
      {
        "lineNumber": 59,
        "author": {
          "gitId": "Jeffry Lum"
        },
        "content": "echo Please set the JAVA_HOME variable in your environment to match the"
      },
      {
        "lineNumber": 60,
        "author": {
          "gitId": "Jeffry Lum"
        },
        "content": "echo location of your Java installation."
      },
      {
        "lineNumber": 61,
        "author": {
          "gitId": "Jeffry Lum"
        },
        "content": ""
      },
      {
        "lineNumber": 62,
        "author": {
          "gitId": "Jeffry Lum"
        },
        "content": "goto fail"
      },
      {
        "lineNumber": 63,
        "author": {
          "gitId": "Jeffry Lum"
        },
        "content": ""
      },
      {
        "lineNumber": 64,
        "author": {
          "gitId": "Jeffry Lum"
        },
        "content": ":init"
      },
      {
        "lineNumber": 65,
        "author": {
          "gitId": "Jeffry Lum"
        },
        "content": "@rem Get command-line arguments, handling Windows variants"
      },
      {
        "lineNumber": 66,
        "author": {
          "gitId": "Jeffry Lum"
        },
        "content": ""
      },
      {
        "lineNumber": 67,
        "author": {
          "gitId": "Jeffry Lum"
        },
        "content": "if not \"%OS%\" \u003d\u003d \"Windows_NT\" goto win9xME_args"
      },
      {
        "lineNumber": 68,
        "author": {
          "gitId": "Jeffry Lum"
        },
        "content": ""
      },
      {
        "lineNumber": 69,
        "author": {
          "gitId": "Jeffry Lum"
        },
        "content": ":win9xME_args"
      },
      {
        "lineNumber": 70,
        "author": {
          "gitId": "Jeffry Lum"
        },
        "content": "@rem Slurp the command line arguments."
      },
      {
        "lineNumber": 71,
        "author": {
          "gitId": "Jeffry Lum"
        },
        "content": "set CMD_LINE_ARGS\u003d"
      },
      {
        "lineNumber": 72,
        "author": {
          "gitId": "Jeffry Lum"
        },
        "content": "set _SKIP\u003d2"
      },
      {
        "lineNumber": 73,
        "author": {
          "gitId": "Jeffry Lum"
        },
        "content": ""
      },
      {
        "lineNumber": 74,
        "author": {
          "gitId": "Jeffry Lum"
        },
        "content": ":win9xME_args_slurp"
      },
      {
        "lineNumber": 75,
        "author": {
          "gitId": "Jeffry Lum"
        },
        "content": "if \"x%~1\" \u003d\u003d \"x\" goto execute"
      },
      {
        "lineNumber": 76,
        "author": {
          "gitId": "Jeffry Lum"
        },
        "content": ""
      },
      {
        "lineNumber": 77,
        "author": {
          "gitId": "Jeffry Lum"
        },
        "content": "set CMD_LINE_ARGS\u003d%*"
      },
      {
        "lineNumber": 78,
        "author": {
          "gitId": "Jeffry Lum"
        },
        "content": ""
      },
      {
        "lineNumber": 79,
        "author": {
          "gitId": "Jeffry Lum"
        },
        "content": ":execute"
      },
      {
        "lineNumber": 80,
        "author": {
          "gitId": "Jeffry Lum"
        },
        "content": "@rem Setup the command line"
      },
      {
        "lineNumber": 81,
        "author": {
          "gitId": "Jeffry Lum"
        },
        "content": ""
      },
      {
        "lineNumber": 82,
        "author": {
          "gitId": "Jeffry Lum"
        },
        "content": "set CLASSPATH\u003d%APP_HOME%\\gradle\\wrapper\\gradle-wrapper.jar"
      },
      {
        "lineNumber": 83,
        "author": {
          "gitId": "Jeffry Lum"
        },
        "content": ""
      },
      {
        "lineNumber": 84,
        "author": {
          "gitId": "Jeffry Lum"
        },
        "content": "@rem Execute Gradle"
      },
      {
        "lineNumber": 85,
        "author": {
          "gitId": "Jeffry Lum"
        },
        "content": "\"%JAVA_EXE%\" %DEFAULT_JVM_OPTS% %JAVA_OPTS% %GRADLE_OPTS% \"-Dorg.gradle.appname\u003d%APP_BASE_NAME%\" -classpath \"%CLASSPATH%\" org.gradle.wrapper.GradleWrapperMain %CMD_LINE_ARGS%"
      },
      {
        "lineNumber": 86,
        "author": {
          "gitId": "Jeffry Lum"
        },
        "content": ""
      },
      {
        "lineNumber": 87,
        "author": {
          "gitId": "Jeffry Lum"
        },
        "content": ":end"
      },
      {
        "lineNumber": 88,
        "author": {
          "gitId": "Jeffry Lum"
        },
        "content": "@rem End local scope for the variables with windows NT shell"
      },
      {
        "lineNumber": 89,
        "author": {
          "gitId": "Jeffry Lum"
        },
        "content": "if \"%ERRORLEVEL%\"\u003d\u003d\"0\" goto mainEnd"
      },
      {
        "lineNumber": 90,
        "author": {
          "gitId": "Jeffry Lum"
        },
        "content": ""
      },
      {
        "lineNumber": 91,
        "author": {
          "gitId": "Jeffry Lum"
        },
        "content": ":fail"
      },
      {
        "lineNumber": 92,
        "author": {
          "gitId": "Jeffry Lum"
        },
        "content": "rem Set variable GRADLE_EXIT_CONSOLE if you need the _script_ return code instead of"
      },
      {
        "lineNumber": 93,
        "author": {
          "gitId": "Jeffry Lum"
        },
        "content": "rem the _cmd.exe /c_ return code!"
      },
      {
        "lineNumber": 94,
        "author": {
          "gitId": "Jeffry Lum"
        },
        "content": "if  not \"\" \u003d\u003d \"%GRADLE_EXIT_CONSOLE%\" exit 1"
      },
      {
        "lineNumber": 95,
        "author": {
          "gitId": "Jeffry Lum"
        },
        "content": "exit /b 1"
      },
      {
        "lineNumber": 96,
        "author": {
          "gitId": "Jeffry Lum"
        },
        "content": ""
      },
      {
        "lineNumber": 97,
        "author": {
          "gitId": "Jeffry Lum"
        },
        "content": ":mainEnd"
      },
      {
        "lineNumber": 98,
        "author": {
          "gitId": "Jeffry Lum"
        },
        "content": "if \"%OS%\"\u003d\u003d\"Windows_NT\" endlocal"
      },
      {
        "lineNumber": 99,
        "author": {
          "gitId": "Jeffry Lum"
        },
        "content": ""
      },
      {
        "lineNumber": 100,
        "author": {
          "gitId": "Jeffry Lum"
        },
        "content": ":omega"
      }
    ],
    "authorContributionMap": {
      "Jeffry Lum": 83,
      "bjhoohaha": 17
    }
  },
  {
    "path": "settings.gradle",
    "fileType": "gradle",
    "lines": [
      {
        "lineNumber": 1,
        "author": {
          "gitId": "Jeffry Lum"
        },
        "content": "rootProject.name \u003d \u0027duke\u0027"
      }
    ],
    "authorContributionMap": {
      "Jeffry Lum": 1
    }
  },
  {
    "path": "src/main/java/Deadline.java",
    "fileType": "java",
    "lines": [
      {
        "lineNumber": 1,
        "author": {
          "gitId": "bjhoohaha"
        },
        "content": "public class Deadline extends Task {"
      },
      {
        "lineNumber": 2,
        "author": {
          "gitId": "bjhoohaha"
        },
        "content": "    private String by;"
      },
      {
        "lineNumber": 3,
        "author": {
          "gitId": "bjhoohaha"
        },
        "content": ""
      },
      {
        "lineNumber": 4,
        "author": {
          "gitId": "bjhoohaha"
        },
        "content": "    public Deadline(String description, String by) {"
      },
      {
        "lineNumber": 5,
        "author": {
          "gitId": "bjhoohaha"
        },
        "content": "        super(description);"
      },
      {
        "lineNumber": 6,
        "author": {
          "gitId": "bjhoohaha"
        },
        "content": "        this.by \u003d by;"
      },
      {
        "lineNumber": 7,
        "author": {
          "gitId": "bjhoohaha"
        },
        "content": "    }"
      },
      {
        "lineNumber": 8,
        "author": {
          "gitId": "bjhoohaha"
        },
        "content": ""
      },
      {
        "lineNumber": 9,
        "author": {
          "gitId": "bjhoohaha"
        },
        "content": "    @Override"
      },
      {
        "lineNumber": 10,
        "author": {
          "gitId": "bjhoohaha"
        },
        "content": "    public String toString() {"
      },
      {
        "lineNumber": 11,
        "author": {
          "gitId": "bjhoohaha"
        },
        "content": "        return \"[D]\" + super.toString() + \" (by:\" + by + \")\";"
      },
      {
        "lineNumber": 12,
        "author": {
          "gitId": "bjhoohaha"
        },
        "content": "    }"
      },
      {
        "lineNumber": 13,
        "author": {
          "gitId": "bjhoohaha"
        },
        "content": "}"
      }
    ],
    "authorContributionMap": {
      "bjhoohaha": 13
    }
  },
  {
    "path": "src/main/java/Duke.java",
    "fileType": "java",
    "lines": [
      {
        "lineNumber": 1,
        "author": {
          "gitId": "bjhoohaha"
        },
        "content": "import java.util.Scanner;"
      },
      {
        "lineNumber": 2,
        "author": {
          "gitId": "bjhoohaha"
        },
        "content": ""
      },
      {
        "lineNumber": 3,
        "author": {
          "gitId": "-"
        },
        "content": "public class Duke {"
      },
      {
        "lineNumber": 4,
        "author": {
          "gitId": "bjhoohaha"
        },
        "content": ""
      },
      {
        "lineNumber": 5,
        "author": {
          "gitId": "-"
        },
        "content": "    public static void main(String[] args) {"
      },
      {
        "lineNumber": 6,
        "author": {
          "gitId": "-"
        },
        "content": "        String logo \u003d \" ____        _        \\n\""
      },
      {
        "lineNumber": 7,
        "author": {
          "gitId": "Jeffry Lum"
        },
        "content": "            + \"|  _ \\\\ _   _| | _____ \\n\""
      },
      {
        "lineNumber": 8,
        "author": {
          "gitId": "Jeffry Lum"
        },
        "content": "            + \"| | | | | | | |/ / _ \\\\\\n\""
      },
      {
        "lineNumber": 9,
        "author": {
          "gitId": "Jeffry Lum"
        },
        "content": "            + \"| |_| | |_| |   \u003c  __/\\n\""
      },
      {
        "lineNumber": 10,
        "author": {
          "gitId": "Jeffry Lum"
        },
        "content": "            + \"|____/ \\\\__,_|_|\\\\_\\\\___|\\n\";"
      },
      {
        "lineNumber": 11,
        "author": {
          "gitId": "-"
        },
        "content": "        System.out.println(\"Hello from\\n\" + logo);"
      },
      {
        "lineNumber": 12,
        "author": {
          "gitId": "bjhoohaha"
        },
        "content": "        greet();"
      },
      {
        "lineNumber": 13,
        "author": {
          "gitId": "bjhoohaha"
        },
        "content": "        Scanner sc \u003d new Scanner(System.in);"
      },
      {
        "lineNumber": 14,
        "author": {
          "gitId": "bjhoohaha"
        },
        "content": "        Tasks tasks \u003d new Tasks();"
      },
      {
        "lineNumber": 15,
        "author": {
          "gitId": "bjhoohaha"
        },
        "content": "        String input \u003d sc.next();"
      },
      {
        "lineNumber": 16,
        "author": {
          "gitId": "bjhoohaha"
        },
        "content": "        while(!input.equals(\"bye\")) {"
      },
      {
        "lineNumber": 17,
        "author": {
          "gitId": "bjhoohaha"
        },
        "content": "            try {"
      },
      {
        "lineNumber": 18,
        "author": {
          "gitId": "bjhoohaha"
        },
        "content": "                switch (input) {"
      },
      {
        "lineNumber": 19,
        "author": {
          "gitId": "bjhoohaha"
        },
        "content": "                    case \"list\":"
      },
      {
        "lineNumber": 20,
        "author": {
          "gitId": "bjhoohaha"
        },
        "content": "                        tasks.list();"
      },
      {
        "lineNumber": 21,
        "author": {
          "gitId": "bjhoohaha"
        },
        "content": "                        break;"
      },
      {
        "lineNumber": 22,
        "author": {
          "gitId": "bjhoohaha"
        },
        "content": "                    case \"done\":"
      },
      {
        "lineNumber": 23,
        "author": {
          "gitId": "bjhoohaha"
        },
        "content": "                        tasks.done(sc.nextInt());"
      },
      {
        "lineNumber": 24,
        "author": {
          "gitId": "bjhoohaha"
        },
        "content": "                        break;"
      },
      {
        "lineNumber": 25,
        "author": {
          "gitId": "bjhoohaha"
        },
        "content": "                    case \"todo\":"
      },
      {
        "lineNumber": 26,
        "author": {
          "gitId": "bjhoohaha"
        },
        "content": "                        String todoDescription \u003d sc.nextLine().trim();"
      },
      {
        "lineNumber": 27,
        "author": {
          "gitId": "bjhoohaha"
        },
        "content": "                        if(todoDescription.equals(\"\")) {"
      },
      {
        "lineNumber": 28,
        "author": {
          "gitId": "bjhoohaha"
        },
        "content": "                            throw new NullDescriptionException(\"todo\");"
      },
      {
        "lineNumber": 29,
        "author": {
          "gitId": "bjhoohaha"
        },
        "content": "                        }"
      },
      {
        "lineNumber": 30,
        "author": {
          "gitId": "bjhoohaha"
        },
        "content": "                        tasks.addTodo(todoDescription);"
      },
      {
        "lineNumber": 31,
        "author": {
          "gitId": "bjhoohaha"
        },
        "content": "                        break;"
      },
      {
        "lineNumber": 32,
        "author": {
          "gitId": "bjhoohaha"
        },
        "content": "                    case \"deadline\":"
      },
      {
        "lineNumber": 33,
        "author": {
          "gitId": "bjhoohaha"
        },
        "content": "                        String deadlineLine \u003d sc.nextLine().trim();"
      },
      {
        "lineNumber": 34,
        "author": {
          "gitId": "bjhoohaha"
        },
        "content": "                        String[] splitBy \u003d deadlineLine.split(\"/by\");"
      },
      {
        "lineNumber": 35,
        "author": {
          "gitId": "bjhoohaha"
        },
        "content": "                        if(splitBy.length \u003d\u003d 2) {"
      },
      {
        "lineNumber": 36,
        "author": {
          "gitId": "bjhoohaha"
        },
        "content": "                            tasks.addDeadline(splitBy[0], splitBy[1]);"
      },
      {
        "lineNumber": 37,
        "author": {
          "gitId": "bjhoohaha"
        },
        "content": "                        }"
      },
      {
        "lineNumber": 38,
        "author": {
          "gitId": "bjhoohaha"
        },
        "content": "                        break;"
      },
      {
        "lineNumber": 39,
        "author": {
          "gitId": "bjhoohaha"
        },
        "content": "                    case \"event\":"
      },
      {
        "lineNumber": 40,
        "author": {
          "gitId": "bjhoohaha"
        },
        "content": "                        String eventLine \u003d sc.nextLine().trim();"
      },
      {
        "lineNumber": 41,
        "author": {
          "gitId": "bjhoohaha"
        },
        "content": "                        String[] splitAt \u003d eventLine.split(\"/at\");"
      },
      {
        "lineNumber": 42,
        "author": {
          "gitId": "bjhoohaha"
        },
        "content": "                        if(splitAt.length \u003d\u003d 2) {"
      },
      {
        "lineNumber": 43,
        "author": {
          "gitId": "bjhoohaha"
        },
        "content": "                            tasks.addEvent(splitAt[0], splitAt[1]);"
      },
      {
        "lineNumber": 44,
        "author": {
          "gitId": "bjhoohaha"
        },
        "content": "                        }"
      },
      {
        "lineNumber": 45,
        "author": {
          "gitId": "bjhoohaha"
        },
        "content": "                        break;"
      },
      {
        "lineNumber": 46,
        "author": {
          "gitId": "bjhoohaha"
        },
        "content": "                    case \"delete\" :"
      },
      {
        "lineNumber": 47,
        "author": {
          "gitId": "bjhoohaha"
        },
        "content": "                        tasks.delete(sc.nextInt());"
      },
      {
        "lineNumber": 48,
        "author": {
          "gitId": "bjhoohaha"
        },
        "content": "                        break;"
      },
      {
        "lineNumber": 49,
        "author": {
          "gitId": "bjhoohaha"
        },
        "content": "                    default :"
      },
      {
        "lineNumber": 50,
        "author": {
          "gitId": "bjhoohaha"
        },
        "content": "                        throw new InvalidArgumentException();"
      },
      {
        "lineNumber": 51,
        "author": {
          "gitId": "bjhoohaha"
        },
        "content": "                }"
      },
      {
        "lineNumber": 52,
        "author": {
          "gitId": "bjhoohaha"
        },
        "content": "            } catch (DukeException ex) {"
      },
      {
        "lineNumber": 53,
        "author": {
          "gitId": "bjhoohaha"
        },
        "content": "                System.out.println(ex);"
      },
      {
        "lineNumber": 54,
        "author": {
          "gitId": "bjhoohaha"
        },
        "content": "            }"
      },
      {
        "lineNumber": 55,
        "author": {
          "gitId": "bjhoohaha"
        },
        "content": "            input \u003d sc.next();"
      },
      {
        "lineNumber": 56,
        "author": {
          "gitId": "Jeffry Lum"
        },
        "content": "        }"
      },
      {
        "lineNumber": 57,
        "author": {
          "gitId": "bjhoohaha"
        },
        "content": "        bye();"
      },
      {
        "lineNumber": 58,
        "author": {
          "gitId": "-"
        },
        "content": "    }"
      },
      {
        "lineNumber": 59,
        "author": {
          "gitId": "bjhoohaha"
        },
        "content": "    private static void greet() {"
      },
      {
        "lineNumber": 60,
        "author": {
          "gitId": "bjhoohaha"
        },
        "content": "        System.out.println(\"    Hello! I\u0027m Duke\");"
      },
      {
        "lineNumber": 61,
        "author": {
          "gitId": "bjhoohaha"
        },
        "content": "        System.out.println(\"    What can I do for you?\");"
      },
      {
        "lineNumber": 62,
        "author": {
          "gitId": "bjhoohaha"
        },
        "content": "        System.out.println(\"    ------------------------------------------------------------\");"
      },
      {
        "lineNumber": 63,
        "author": {
          "gitId": "bjhoohaha"
        },
        "content": "    }"
      },
      {
        "lineNumber": 64,
        "author": {
          "gitId": "bjhoohaha"
        },
        "content": ""
      },
      {
        "lineNumber": 65,
        "author": {
          "gitId": "bjhoohaha"
        },
        "content": "    private static void bye() {"
      },
      {
        "lineNumber": 66,
        "author": {
          "gitId": "bjhoohaha"
        },
        "content": "        System.out.println(\"    ------------------------------------------------------------\");"
      },
      {
        "lineNumber": 67,
        "author": {
          "gitId": "bjhoohaha"
        },
        "content": "        System.out.println(\"    Bye. Hope to see you again soon!\");"
      },
      {
        "lineNumber": 68,
        "author": {
          "gitId": "bjhoohaha"
        },
        "content": "        System.out.println(\"    ------------------------------------------------------------\");"
      },
      {
        "lineNumber": 69,
        "author": {
          "gitId": "bjhoohaha"
        },
        "content": "    }"
      },
      {
        "lineNumber": 70,
        "author": {
          "gitId": "bjhoohaha"
        },
        "content": ""
      },
      {
        "lineNumber": 71,
        "author": {
          "gitId": "-"
        },
        "content": "}"
      }
    ],
    "authorContributionMap": {
      "Jeffry Lum": 5,
      "bjhoohaha": 60,
      "-": 6
    }
  },
  {
    "path": "src/main/java/DukeException.java",
    "fileType": "java",
    "lines": [
      {
        "lineNumber": 1,
        "author": {
          "gitId": "bjhoohaha"
        },
        "content": "public class DukeException extends RuntimeException{"
      },
      {
        "lineNumber": 2,
        "author": {
          "gitId": "bjhoohaha"
        },
        "content": "    String message;"
      },
      {
        "lineNumber": 3,
        "author": {
          "gitId": "bjhoohaha"
        },
        "content": "    public DukeException(String message) {"
      },
      {
        "lineNumber": 4,
        "author": {
          "gitId": "bjhoohaha"
        },
        "content": "        super(message);"
      },
      {
        "lineNumber": 5,
        "author": {
          "gitId": "bjhoohaha"
        },
        "content": "        this.message \u003d message;"
      },
      {
        "lineNumber": 6,
        "author": {
          "gitId": "bjhoohaha"
        },
        "content": "    }"
      },
      {
        "lineNumber": 7,
        "author": {
          "gitId": "bjhoohaha"
        },
        "content": "    @Override"
      },
      {
        "lineNumber": 8,
        "author": {
          "gitId": "bjhoohaha"
        },
        "content": "    public String toString() {"
      },
      {
        "lineNumber": 9,
        "author": {
          "gitId": "bjhoohaha"
        },
        "content": "        String output \u003d \"    ------------------------------------------------------------\\n\""
      },
      {
        "lineNumber": 10,
        "author": {
          "gitId": "bjhoohaha"
        },
        "content": "                        + \"    \\uD83D\\uDE41 OOPS!! \" + message + \" \\uD83D\\uDE41 \\n\""
      },
      {
        "lineNumber": 11,
        "author": {
          "gitId": "bjhoohaha"
        },
        "content": "                        + \"    ------------------------------------------------------------\";"
      },
      {
        "lineNumber": 12,
        "author": {
          "gitId": "bjhoohaha"
        },
        "content": "        return output;"
      },
      {
        "lineNumber": 13,
        "author": {
          "gitId": "bjhoohaha"
        },
        "content": "    }"
      },
      {
        "lineNumber": 14,
        "author": {
          "gitId": "bjhoohaha"
        },
        "content": "}"
      }
    ],
    "authorContributionMap": {
      "bjhoohaha": 14
    }
  },
  {
    "path": "src/main/java/Event.java",
    "fileType": "java",
    "lines": [
      {
        "lineNumber": 1,
        "author": {
          "gitId": "bjhoohaha"
        },
        "content": "public class Event extends Task {"
      },
      {
        "lineNumber": 2,
        "author": {
          "gitId": "bjhoohaha"
        },
        "content": "    private String at;"
      },
      {
        "lineNumber": 3,
        "author": {
          "gitId": "bjhoohaha"
        },
        "content": ""
      },
      {
        "lineNumber": 4,
        "author": {
          "gitId": "bjhoohaha"
        },
        "content": "    public Event(String description, String at) {"
      },
      {
        "lineNumber": 5,
        "author": {
          "gitId": "bjhoohaha"
        },
        "content": "        super(description);"
      },
      {
        "lineNumber": 6,
        "author": {
          "gitId": "bjhoohaha"
        },
        "content": "        this.at \u003d at;"
      },
      {
        "lineNumber": 7,
        "author": {
          "gitId": "bjhoohaha"
        },
        "content": "    }"
      },
      {
        "lineNumber": 8,
        "author": {
          "gitId": "bjhoohaha"
        },
        "content": ""
      },
      {
        "lineNumber": 9,
        "author": {
          "gitId": "bjhoohaha"
        },
        "content": "    @Override"
      },
      {
        "lineNumber": 10,
        "author": {
          "gitId": "bjhoohaha"
        },
        "content": "    public String toString() {"
      },
      {
        "lineNumber": 11,
        "author": {
          "gitId": "bjhoohaha"
        },
        "content": "        return \"[E]\" + super.toString() + \" (at:\" + at + \")\";"
      },
      {
        "lineNumber": 12,
        "author": {
          "gitId": "bjhoohaha"
        },
        "content": "    }"
      },
      {
        "lineNumber": 13,
        "author": {
          "gitId": "bjhoohaha"
        },
        "content": "}"
      }
    ],
    "authorContributionMap": {
      "bjhoohaha": 13
    }
  },
  {
    "path": "src/main/java/InvalidArgumentException.java",
    "fileType": "java",
    "lines": [
      {
        "lineNumber": 1,
        "author": {
          "gitId": "bjhoohaha"
        },
        "content": "public class InvalidArgumentException extends DukeException {"
      },
      {
        "lineNumber": 2,
        "author": {
          "gitId": "bjhoohaha"
        },
        "content": "    public InvalidArgumentException() {"
      },
      {
        "lineNumber": 3,
        "author": {
          "gitId": "bjhoohaha"
        },
        "content": "        super(\"I\u0027m sorry, but I don\u0027t know what that means\");"
      },
      {
        "lineNumber": 4,
        "author": {
          "gitId": "bjhoohaha"
        },
        "content": "    }"
      },
      {
        "lineNumber": 5,
        "author": {
          "gitId": "bjhoohaha"
        },
        "content": "}"
      }
    ],
    "authorContributionMap": {
      "bjhoohaha": 5
    }
  },
  {
    "path": "src/main/java/NullDescriptionException.java",
    "fileType": "java",
    "lines": [
      {
        "lineNumber": 1,
        "author": {
          "gitId": "bjhoohaha"
        },
        "content": "public class NullDescriptionException extends DukeException {"
      },
      {
        "lineNumber": 2,
        "author": {
          "gitId": "bjhoohaha"
        },
        "content": "    public NullDescriptionException(String task) {"
      },
      {
        "lineNumber": 3,
        "author": {
          "gitId": "bjhoohaha"
        },
        "content": "        super(\"The description of a \" + task + \" cannot be empty.\");"
      },
      {
        "lineNumber": 4,
        "author": {
          "gitId": "bjhoohaha"
        },
        "content": "    }"
      },
      {
        "lineNumber": 5,
        "author": {
          "gitId": "bjhoohaha"
        },
        "content": "}"
      }
    ],
    "authorContributionMap": {
      "bjhoohaha": 5
    }
  },
  {
    "path": "src/main/java/Task.java",
    "fileType": "java",
    "lines": [
      {
        "lineNumber": 1,
        "author": {
          "gitId": "bjhoohaha"
        },
        "content": "public class Task {"
      },
      {
        "lineNumber": 2,
        "author": {
          "gitId": "bjhoohaha"
        },
        "content": "    protected String description;"
      },
      {
        "lineNumber": 3,
        "author": {
          "gitId": "bjhoohaha"
        },
        "content": "    protected boolean isDone;"
      },
      {
        "lineNumber": 4,
        "author": {
          "gitId": "bjhoohaha"
        },
        "content": ""
      },
      {
        "lineNumber": 5,
        "author": {
          "gitId": "bjhoohaha"
        },
        "content": "    public Task(String description) {"
      },
      {
        "lineNumber": 6,
        "author": {
          "gitId": "bjhoohaha"
        },
        "content": "        this.description \u003d description;"
      },
      {
        "lineNumber": 7,
        "author": {
          "gitId": "bjhoohaha"
        },
        "content": "        this.isDone \u003d false;"
      },
      {
        "lineNumber": 8,
        "author": {
          "gitId": "bjhoohaha"
        },
        "content": "    }"
      },
      {
        "lineNumber": 9,
        "author": {
          "gitId": "bjhoohaha"
        },
        "content": ""
      },
      {
        "lineNumber": 10,
        "author": {
          "gitId": "bjhoohaha"
        },
        "content": "    public String getStatusIcon() {"
      },
      {
        "lineNumber": 11,
        "author": {
          "gitId": "bjhoohaha"
        },
        "content": "        return (isDone ? \"\\u2713\" : \"\\u2718\"); //return tick or X symbols"
      },
      {
        "lineNumber": 12,
        "author": {
          "gitId": "bjhoohaha"
        },
        "content": "    }"
      },
      {
        "lineNumber": 13,
        "author": {
          "gitId": "bjhoohaha"
        },
        "content": ""
      },
      {
        "lineNumber": 14,
        "author": {
          "gitId": "bjhoohaha"
        },
        "content": "    public void markAsDone() {"
      },
      {
        "lineNumber": 15,
        "author": {
          "gitId": "bjhoohaha"
        },
        "content": "        isDone \u003d true;"
      },
      {
        "lineNumber": 16,
        "author": {
          "gitId": "bjhoohaha"
        },
        "content": "    }"
      },
      {
        "lineNumber": 17,
        "author": {
          "gitId": "bjhoohaha"
        },
        "content": ""
      },
      {
        "lineNumber": 18,
        "author": {
          "gitId": "bjhoohaha"
        },
        "content": "    @Override"
      },
      {
        "lineNumber": 19,
        "author": {
          "gitId": "bjhoohaha"
        },
        "content": "    public String toString() {"
      },
      {
        "lineNumber": 20,
        "author": {
          "gitId": "bjhoohaha"
        },
        "content": "        return \"[\" + getStatusIcon() + \"] \" + description;"
      },
      {
        "lineNumber": 21,
        "author": {
          "gitId": "bjhoohaha"
        },
        "content": "    }"
      },
      {
        "lineNumber": 22,
        "author": {
          "gitId": "bjhoohaha"
        },
        "content": "}"
      }
    ],
    "authorContributionMap": {
      "bjhoohaha": 22
    }
  },
  {
    "path": "src/main/java/Tasks.java",
    "fileType": "java",
    "lines": [
      {
        "lineNumber": 1,
        "author": {
          "gitId": "bjhoohaha"
        },
        "content": "import java.util.List;"
      },
      {
        "lineNumber": 2,
        "author": {
          "gitId": "bjhoohaha"
        },
        "content": "import java.util.ArrayList;"
      },
      {
        "lineNumber": 3,
        "author": {
          "gitId": "bjhoohaha"
        },
        "content": ""
      },
      {
        "lineNumber": 4,
        "author": {
          "gitId": "bjhoohaha"
        },
        "content": "public class Tasks {"
      },
      {
        "lineNumber": 5,
        "author": {
          "gitId": "bjhoohaha"
        },
        "content": "    private List\u003cTask\u003e tasks;"
      },
      {
        "lineNumber": 6,
        "author": {
          "gitId": "bjhoohaha"
        },
        "content": ""
      },
      {
        "lineNumber": 7,
        "author": {
          "gitId": "bjhoohaha"
        },
        "content": "    public Tasks() {"
      },
      {
        "lineNumber": 8,
        "author": {
          "gitId": "bjhoohaha"
        },
        "content": "        tasks \u003d new ArrayList\u003c\u003e();"
      },
      {
        "lineNumber": 9,
        "author": {
          "gitId": "bjhoohaha"
        },
        "content": "    }"
      },
      {
        "lineNumber": 10,
        "author": {
          "gitId": "bjhoohaha"
        },
        "content": ""
      },
      {
        "lineNumber": 11,
        "author": {
          "gitId": "bjhoohaha"
        },
        "content": "    public void add(Task task) {"
      },
      {
        "lineNumber": 12,
        "author": {
          "gitId": "bjhoohaha"
        },
        "content": "        tasks.add(task);"
      },
      {
        "lineNumber": 13,
        "author": {
          "gitId": "bjhoohaha"
        },
        "content": "        System.out.println(\"     ------------------------------------------------------------\");"
      },
      {
        "lineNumber": 14,
        "author": {
          "gitId": "bjhoohaha"
        },
        "content": "        System.out.println(\"     Got it. I\u0027ve added this task:\");"
      },
      {
        "lineNumber": 15,
        "author": {
          "gitId": "bjhoohaha"
        },
        "content": "        System.out.println(\"     \\u2795  \" + task.toString());"
      },
      {
        "lineNumber": 16,
        "author": {
          "gitId": "bjhoohaha"
        },
        "content": "        System.out.println(\"     Now you have \" + tasks.size() + \" tasks in the list.\");"
      },
      {
        "lineNumber": 17,
        "author": {
          "gitId": "bjhoohaha"
        },
        "content": "        System.out.println(\"     ------------------------------------------------------------\");"
      },
      {
        "lineNumber": 18,
        "author": {
          "gitId": "bjhoohaha"
        },
        "content": "    }"
      },
      {
        "lineNumber": 19,
        "author": {
          "gitId": "bjhoohaha"
        },
        "content": ""
      },
      {
        "lineNumber": 20,
        "author": {
          "gitId": "bjhoohaha"
        },
        "content": "    public void addTodo(String description) {"
      },
      {
        "lineNumber": 21,
        "author": {
          "gitId": "bjhoohaha"
        },
        "content": "        Task task \u003d new Todo(description);"
      },
      {
        "lineNumber": 22,
        "author": {
          "gitId": "bjhoohaha"
        },
        "content": "        add(task);"
      },
      {
        "lineNumber": 23,
        "author": {
          "gitId": "bjhoohaha"
        },
        "content": "    }"
      },
      {
        "lineNumber": 24,
        "author": {
          "gitId": "bjhoohaha"
        },
        "content": ""
      },
      {
        "lineNumber": 25,
        "author": {
          "gitId": "bjhoohaha"
        },
        "content": "    public void addDeadline(String description, String by) {"
      },
      {
        "lineNumber": 26,
        "author": {
          "gitId": "bjhoohaha"
        },
        "content": "        Task task \u003d new Deadline(description, by);"
      },
      {
        "lineNumber": 27,
        "author": {
          "gitId": "bjhoohaha"
        },
        "content": "        add(task);"
      },
      {
        "lineNumber": 28,
        "author": {
          "gitId": "bjhoohaha"
        },
        "content": "    }"
      },
      {
        "lineNumber": 29,
        "author": {
          "gitId": "bjhoohaha"
        },
        "content": ""
      },
      {
        "lineNumber": 30,
        "author": {
          "gitId": "bjhoohaha"
        },
        "content": "    public void addEvent(String description, String at) {"
      },
      {
        "lineNumber": 31,
        "author": {
          "gitId": "bjhoohaha"
        },
        "content": "        Task task \u003d new Event(description, at);"
      },
      {
        "lineNumber": 32,
        "author": {
          "gitId": "bjhoohaha"
        },
        "content": "        add(task);"
      },
      {
        "lineNumber": 33,
        "author": {
          "gitId": "bjhoohaha"
        },
        "content": "    }"
      },
      {
        "lineNumber": 34,
        "author": {
          "gitId": "bjhoohaha"
        },
        "content": ""
      },
      {
        "lineNumber": 35,
        "author": {
          "gitId": "bjhoohaha"
        },
        "content": "    public void done(int arg) {"
      },
      {
        "lineNumber": 36,
        "author": {
          "gitId": "bjhoohaha"
        },
        "content": "        int index \u003d arg - 1;"
      },
      {
        "lineNumber": 37,
        "author": {
          "gitId": "bjhoohaha"
        },
        "content": "        Task task \u003d tasks.get(index);"
      },
      {
        "lineNumber": 38,
        "author": {
          "gitId": "bjhoohaha"
        },
        "content": "        task.markAsDone();"
      },
      {
        "lineNumber": 39,
        "author": {
          "gitId": "bjhoohaha"
        },
        "content": "        System.out.println(\"    ------------------------------------------------------------\");"
      },
      {
        "lineNumber": 40,
        "author": {
          "gitId": "bjhoohaha"
        },
        "content": "        System.out.println(\"    Nice! I\u0027ve marked this task as done:\");"
      },
      {
        "lineNumber": 41,
        "author": {
          "gitId": "bjhoohaha"
        },
        "content": "        System.out.println(\"      \" + task);"
      },
      {
        "lineNumber": 42,
        "author": {
          "gitId": "bjhoohaha"
        },
        "content": "        System.out.println(\"    ------------------------------------------------------------\");"
      },
      {
        "lineNumber": 43,
        "author": {
          "gitId": "bjhoohaha"
        },
        "content": "    }"
      },
      {
        "lineNumber": 44,
        "author": {
          "gitId": "bjhoohaha"
        },
        "content": ""
      },
      {
        "lineNumber": 45,
        "author": {
          "gitId": "bjhoohaha"
        },
        "content": "    public void delete(int arg) {"
      },
      {
        "lineNumber": 46,
        "author": {
          "gitId": "bjhoohaha"
        },
        "content": "        int index  \u003d arg - 1;"
      },
      {
        "lineNumber": 47,
        "author": {
          "gitId": "bjhoohaha"
        },
        "content": "        Task task \u003d tasks.get(index);"
      },
      {
        "lineNumber": 48,
        "author": {
          "gitId": "bjhoohaha"
        },
        "content": "        tasks.remove(index);"
      },
      {
        "lineNumber": 49,
        "author": {
          "gitId": "bjhoohaha"
        },
        "content": "        System.out.println(\"    ------------------------------------------------------------\");"
      },
      {
        "lineNumber": 50,
        "author": {
          "gitId": "bjhoohaha"
        },
        "content": "        System.out.println(\"    Noted. I\u0027ve removed this task:\");"
      },
      {
        "lineNumber": 51,
        "author": {
          "gitId": "bjhoohaha"
        },
        "content": "        System.out.println(\"    \\uD83D\\uDDD1  \" + task.toString());"
      },
      {
        "lineNumber": 52,
        "author": {
          "gitId": "bjhoohaha"
        },
        "content": "        System.out.println(\"    Now you have \" + tasks.size() + \" tasks in the list.\");"
      },
      {
        "lineNumber": 53,
        "author": {
          "gitId": "bjhoohaha"
        },
        "content": "        System.out.println(\"    ------------------------------------------------------------\");"
      },
      {
        "lineNumber": 54,
        "author": {
          "gitId": "bjhoohaha"
        },
        "content": "    }"
      },
      {
        "lineNumber": 55,
        "author": {
          "gitId": "bjhoohaha"
        },
        "content": ""
      },
      {
        "lineNumber": 56,
        "author": {
          "gitId": "bjhoohaha"
        },
        "content": "    public void list() {"
      },
      {
        "lineNumber": 57,
        "author": {
          "gitId": "bjhoohaha"
        },
        "content": "        int i \u003d 1;"
      },
      {
        "lineNumber": 58,
        "author": {
          "gitId": "bjhoohaha"
        },
        "content": "        System.out.println(\"    \u003d\u003d\u003d\u003d\u003d\u003d\u003d\u003d\u003d\u003d\u003d\u003d\u003d\u003d\u003d\u003d\u003d\u003d\u003d\u003d\u003d\u003d\u003d\u003d\u003d\u003d\u003d\u003d\u003d\u003d\u003d\u003d\u003d\u003d\u003d\u003d\u003d\u003d\u003d\u003d\u003d\u003d\u003d\u003d\u003d\u003d\u003d\u003d\u003d\u003d\u003d\u003d\u003d\u003d\u003d\u003d\u003d\u003d\u003d\u003d\");"
      },
      {
        "lineNumber": 59,
        "author": {
          "gitId": "bjhoohaha"
        },
        "content": "        System.out.println(\"    Here are the tasks in your list:\");"
      },
      {
        "lineNumber": 60,
        "author": {
          "gitId": "bjhoohaha"
        },
        "content": "        System.out.println(\"    ------------------------------------------------------------\");"
      },
      {
        "lineNumber": 61,
        "author": {
          "gitId": "bjhoohaha"
        },
        "content": "        for(Task task : tasks) {"
      },
      {
        "lineNumber": 62,
        "author": {
          "gitId": "bjhoohaha"
        },
        "content": "            System.out.println(\"     \" + i + \".\" + task);"
      },
      {
        "lineNumber": 63,
        "author": {
          "gitId": "bjhoohaha"
        },
        "content": "            i++;"
      },
      {
        "lineNumber": 64,
        "author": {
          "gitId": "bjhoohaha"
        },
        "content": "        }"
      },
      {
        "lineNumber": 65,
        "author": {
          "gitId": "bjhoohaha"
        },
        "content": "        System.out.println(\"    \u003d\u003d\u003d\u003d\u003d\u003d\u003d\u003d\u003d\u003d\u003d\u003d\u003d\u003d\u003d\u003d\u003d\u003d\u003d\u003d\u003d\u003d\u003d\u003d\u003d\u003d\u003d\u003d\u003d\u003d\u003d\u003d\u003d\u003d\u003d\u003d\u003d\u003d\u003d\u003d\u003d\u003d\u003d\u003d\u003d\u003d\u003d\u003d\u003d\u003d\u003d\u003d\u003d\u003d\u003d\u003d\u003d\u003d\u003d\u003d\");"
      },
      {
        "lineNumber": 66,
        "author": {
          "gitId": "bjhoohaha"
        },
        "content": "    }"
      },
      {
        "lineNumber": 67,
        "author": {
          "gitId": "bjhoohaha"
        },
        "content": "}"
      }
    ],
    "authorContributionMap": {
      "bjhoohaha": 67
    }
  },
  {
    "path": "src/main/java/Todo.java",
    "fileType": "java",
    "lines": [
      {
        "lineNumber": 1,
        "author": {
          "gitId": "bjhoohaha"
        },
        "content": "public class Todo extends Task {"
      },
      {
        "lineNumber": 2,
        "author": {
          "gitId": "bjhoohaha"
        },
        "content": "    public Todo(String description) {"
      },
      {
        "lineNumber": 3,
        "author": {
          "gitId": "bjhoohaha"
        },
        "content": "        super(description);"
      },
      {
        "lineNumber": 4,
        "author": {
          "gitId": "bjhoohaha"
        },
        "content": "    }"
      },
      {
        "lineNumber": 5,
        "author": {
          "gitId": "bjhoohaha"
        },
        "content": ""
      },
      {
        "lineNumber": 6,
        "author": {
          "gitId": "bjhoohaha"
        },
        "content": "    @Override"
      },
      {
        "lineNumber": 7,
        "author": {
          "gitId": "bjhoohaha"
        },
        "content": "    public String toString() {"
      },
      {
        "lineNumber": 8,
        "author": {
          "gitId": "bjhoohaha"
        },
        "content": "        return \"[T]\" + super.toString();"
      },
      {
        "lineNumber": 9,
        "author": {
          "gitId": "bjhoohaha"
        },
        "content": "    }"
      },
      {
        "lineNumber": 10,
        "author": {
          "gitId": "bjhoohaha"
        },
        "content": "}"
      }
    ],
    "authorContributionMap": {
      "bjhoohaha": 10
    }
  }
]
