{
  "authorDailyContributionsMap": {
    "jerryk1997": [
      {
        "insertions": 206,
        "deletions": 47,
        "date": "2019-08-20",
        "commitResults": [
          {
            "hash": "7a4a326de3f7eea6081f0b52a79272ca41b6f276",
            "messageTitle": "level-1",
            "messageBody": "",
            "insertions": 36,
            "deletions": 7
          },
          {
            "hash": "a8142cfab7d4d0fd987801fcad9da1b5fab74911",
            "messageTitle": "level-2",
            "messageBody": "",
            "insertions": 67,
            "deletions": 12
          },
          {
            "hash": "0f80053d0df197784aa428975450e265acc85f65",
            "messageTitle": "level-3",
            "messageBody": "",
            "insertions": 103,
            "deletions": 28
          }
        ]
      },
      {
        "insertions": 99,
        "deletions": 9,
        "date": "2019-08-21",
        "commitResults": [
          {
            "hash": "a2b0ce6ad032469f3f56876db9eeb7b7c2226b21",
            "messageTitle": "level - 4",
            "messageBody": "",
            "insertions": 99,
            "deletions": 9
          }
        ]
      },
      {
        "insertions": 217,
        "deletions": 61,
        "date": "2019-08-22",
        "commitResults": [
          {
            "hash": "e8bcbc1368d54f2d40fa598d6eb55238dbac4cba",
            "messageTitle": "level - 5",
            "messageBody": "",
            "insertions": 183,
            "deletions": 53
          },
          {
            "hash": "06e54ae0c05d21d0964450e001fc71e8677a7169",
            "messageTitle": "level - 6",
            "messageBody": "",
            "insertions": 34,
            "deletions": 8
          }
        ]
      },
      {
        "insertions": 244,
        "deletions": 43,
        "date": "2019-08-27",
        "commitResults": [
          {
            "hash": "e4518be574b505ae13af25a33916fdae70a66b5d",
            "messageTitle": "level-7",
            "messageBody": "",
            "insertions": 240,
            "deletions": 39
          },
          {
            "hash": "5a363f9a669c8d29e50123ea3c657c5e9dc23594",
            "messageTitle": "level-7.1",
            "messageBody": "",
            "insertions": 4,
            "deletions": 4
          }
        ]
      },
      {
        "insertions": 747,
        "deletions": 389,
        "date": "2019-08-28",
        "commitResults": [
          {
            "hash": "3ae8135e66820b933a2c8514e81d9b20696da3c5",
            "messageTitle": "merge with master",
            "messageBody": "",
            "insertions": 72,
            "deletions": 12
          },
          {
            "hash": "b598dcede55f495431d0f545d5298dcb75210be9",
            "messageTitle": "more OOP",
            "messageBody": "",
            "insertions": 23,
            "deletions": 226
          },
          {
            "hash": "69dcfeb6009e326032357d505035122f0edf2a0f",
            "messageTitle": "more OOP",
            "messageBody": "",
            "insertions": 396,
            "deletions": 123
          },
          {
            "hash": "92f256000b0b043b18459b571ff6c92b19bdabe8",
            "messageTitle": "JUnit Testing",
            "messageBody": "",
            "insertions": 40,
            "deletions": 0
          },
          {
            "hash": "b2e96caa6a9892a043c171fc364b8bfb42301626",
            "messageTitle": "JUnit testing fix 1",
            "messageBody": "",
            "insertions": 4,
            "deletions": 6
          },
          {
            "hash": "e129cef0b812eec7c3cf1a0f7348971cb421e77d",
            "messageTitle": "no message",
            "messageBody": "",
            "insertions": 212,
            "deletions": 22
          }
        ]
      },
      {
        "insertions": 86,
        "deletions": 13,
        "date": "2019-08-29",
        "commitResults": [
          {
            "hash": "5858c5cc29553a978adb8e9aed8ab1a71748fbf9",
            "messageTitle": "level-JavaDoc",
            "messageBody": "",
            "insertions": 7,
            "deletions": 2
          },
          {
            "hash": "4b25475edb4f6c6493260036f127b007cd508cf9",
            "messageTitle": "level-9",
            "messageBody": "",
            "insertions": 58,
            "deletions": 5
          },
          {
            "hash": "c347dcda7539893d319b80a93b1a4d47ba8cf901",
            "messageTitle": "no message",
            "messageBody": "",
            "insertions": 6,
            "deletions": 0
          },
          {
            "hash": "193002390b11b9ebdf908f4da5e15df57830dcf1",
            "messageTitle": "level-9.1",
            "messageBody": "",
            "insertions": 3,
            "deletions": 6
          },
          {
            "hash": "e24527df5959c7237a8e0d76fab58a6ec677059c",
            "messageTitle": "level-9.2",
            "messageBody": "",
            "insertions": 7,
            "deletions": 0
          },
          {
            "hash": "0e13863de752fffd5dcff6c8b4e6257d2ead6b4b",
            "messageTitle": "level-9.3",
            "messageBody": "",
            "insertions": 5,
            "deletions": 0
          }
        ]
      },
      {
        "insertions": 101,
        "deletions": 85,
        "date": "2019-09-05",
        "commitResults": [
          {
            "hash": "092d51faa0d342714350c3dc8db19cae782544af",
            "messageTitle": "A-Gradle",
            "messageBody": "",
            "insertions": 101,
            "deletions": 85
          }
        ]
      }
    ]
  },
  "authorFinalContributionMap": {
    "jerryk1997": 1054
  },
  "authorFileTypeContributionMap": {
    "jerryk1997": {
      "java": 992,
      "md": 0,
      "fxml": 0,
      "sh": 35,
      "bat": 17,
      "gradle": 1,
      "txt": 9
    }
  },
  "authorContributionVariance": {
    "jerryk1997": 62281.605
  },
  "authorDisplayNameMap": {
    "jerryk1997": "CS2103T-T17-1 KWONG ... JERRY"
  }
}
