{
  "authorDailyContributionsMap": {
    "PhireHandy": [
      {
        "insertions": 336,
        "deletions": 95,
        "date": "2019-08-22",
        "commitResults": [
          {
            "hash": "33b39ce540a15da9c8ce5e005d68556a51ac423d",
            "messageTitle": "Creation of MainManager class",
            "messageBody": "",
            "insertions": 28,
            "deletions": 6
          },
          {
            "hash": "c57b8f7f3eefb5b8c3c447e9940bf13e1d1d0d3b",
            "messageTitle": "Level-2",
            "messageBody": "",
            "insertions": 26,
            "deletions": 4
          },
          {
            "hash": "979131636776cfbcc2499df37bef2a32df588634",
            "messageTitle": "Task Class created, Level-3",
            "messageBody": "",
            "insertions": 40,
            "deletions": 7
          },
          {
            "hash": "7b06420b9c1b47113858b517fc7e1d5734ae12b2",
            "messageTitle": "Implemented Enums in Task Class",
            "messageBody": "",
            "insertions": 10,
            "deletions": 2
          },
          {
            "hash": "87270bee2b6a96bba2dc32adf46dbd9e22e9b63d",
            "messageTitle": "Level-4",
            "messageBody": "",
            "insertions": 105,
            "deletions": 19
          },
          {
            "hash": "fe5ced8643af5e69ce8e754c42257f3623ba56d0",
            "messageTitle": "Implementation of TaskException",
            "messageBody": "",
            "insertions": 55,
            "deletions": 24
          },
          {
            "hash": "0552364678d58cf98cb00776fdf7cc7f97e13a14",
            "messageTitle": "DoneException + UnknownCommandException implemented, Level-5",
            "messageBody": "",
            "insertions": 29,
            "deletions": 15
          },
          {
            "hash": "6c96a18f8bf565c63646ad860e2edff978065b14",
            "messageTitle": "Delete + DeleteException implemented, Level-6",
            "messageBody": "",
            "insertions": 43,
            "deletions": 18
          }
        ]
      }
    ]
  },
  "authorFinalContributionMap": {
    "PhireHandy": 247
  },
  "authorFileTypeContributionMap": {
    "PhireHandy": {
      "java": 247,
      "md": 0,
      "fxml": 0,
      "sh": 0,
      "bat": 0,
      "gradle": 0,
      "txt": 0
    }
  },
  "authorContributionVariance": {
    "PhireHandy": 22746.244
  },
  "authorDisplayNameMap": {
    "PhireHandy": "MUHAM ... ILANI"
  }
}
