{
  "authorDailyContributionsMap": {
    "jessicax941": [
      {
        "insertions": 1,
        "deletions": 1,
        "date": "2019-08-17",
        "commitResults": [
          {
            "hash": "37150d14c960b7b31f6c387de6c192e8b5a928b8",
            "messageTitle": "duke: added new comment //new change",
            "messageBody": "",
            "insertions": 1,
            "deletions": 0
          },
          {
            "hash": "5f48f4ea8349e755bf2489855ef21e383ae5ebda",
            "messageTitle": "Revert \"duke: added new comment //new change\"",
            "messageBody": "This reverts commit 37150d14c960b7b31f6c387de6c192e8b5a928b8.\n",
            "insertions": 0,
            "deletions": 1
          }
        ]
      },
      {
        "insertions": 148,
        "deletions": 28,
        "date": "2019-08-19",
        "commitResults": [
          {
            "hash": "038eb1a86378e5e8113294626ab79e8688ac3f8f",
            "messageTitle": "duke: lvl1",
            "messageBody": "",
            "insertions": 31,
            "deletions": 1
          },
          {
            "hash": "e4898912bc5cbb56f6072a7d448f35944243112d",
            "messageTitle": "duke: lvl2",
            "messageBody": "",
            "insertions": 51,
            "deletions": 15
          },
          {
            "hash": "494b0e20c534bd25ec5a4ac222b82e8c15c3cbb1",
            "messageTitle": "task: created Task class",
            "messageBody": "",
            "insertions": 44,
            "deletions": 2
          },
          {
            "hash": "b2534c9cb39797e665024387b9921ab3c15b41e6",
            "messageTitle": "duke/task: lvl3",
            "messageBody": "",
            "insertions": 22,
            "deletions": 10
          }
        ]
      },
      {
        "insertions": 112,
        "deletions": 21,
        "date": "2019-08-20",
        "commitResults": [
          {
            "hash": "e529d14339f8a8d61ec310943a2fe8dae4b4ab06",
            "messageTitle": "added Todo, Deadline and Event classes implemented todo, deadline and event commands",
            "messageBody": "",
            "insertions": 109,
            "deletions": 18
          },
          {
            "hash": "22167006b1889695ae5d4f6331db51e883f34465",
            "messageTitle": "Duke: list command works properly",
            "messageBody": "",
            "insertions": 3,
            "deletions": 3
          }
        ]
      },
      {
        "insertions": 60,
        "deletions": 39,
        "date": "2019-08-21",
        "commitResults": [
          {
            "hash": "6d40e5a735238aeae6a57f0ce70c0f7dbe818d62",
            "messageTitle": "Duke: lvl4",
            "messageBody": "",
            "insertions": 60,
            "deletions": 39
          }
        ]
      },
      {
        "insertions": 227,
        "deletions": 103,
        "date": "2019-08-22",
        "commitResults": [
          {
            "hash": "6560e0ef5349b02a7737ff0d183a41adfc8f58f4",
            "messageTitle": "Duke: a few errors are handled (IllegalArgumentException)",
            "messageBody": "",
            "insertions": 87,
            "deletions": 22
          },
          {
            "hash": "ab6843c9bf5b4d50cd0c33bdcfdce233b3782223",
            "messageTitle": "Duke: errors are handled using DukeException custom class, lvl5",
            "messageBody": "",
            "insertions": 58,
            "deletions": 51
          },
          {
            "hash": "6a1d26ed05984d84eefef9b06c7ee78f32dc81b3",
            "messageTitle": "Duke: lvl6",
            "messageBody": "",
            "insertions": 25,
            "deletions": 8
          },
          {
            "hash": "7d1b45ee674c5e93b7c5a64508c5d7929702c986",
            "messageTitle": "documentation is better written, changed one of names of the custom exception classes",
            "messageBody": "",
            "insertions": 57,
            "deletions": 22
          }
        ]
      },
      {
        "insertions": 981,
        "deletions": 552,
        "date": "2019-08-28",
        "commitResults": [
          {
            "hash": "a44e2afe89a0a3d3de0d92b8423e5210d7406dc7",
            "messageTitle": "added tasklists.txt to .gitignore",
            "messageBody": "",
            "insertions": 0,
            "deletions": 2
          },
          {
            "hash": "2ee2f72cff0f7cd91351e329fe7f0e800320e083",
            "messageTitle": "Duke: Completed Level-8",
            "messageBody": "",
            "insertions": 107,
            "deletions": 33
          },
          {
            "hash": "47e861802e178aa9c15ccc397e44e5170a844f27",
            "messageTitle": "Completed A-MoreOOP",
            "messageBody": "",
            "insertions": 466,
            "deletions": 173
          },
          {
            "hash": "26f15336cf938b7836e4de64f7f35b767606271e",
            "messageTitle": "Completed A-Packages and A-JUnit",
            "messageBody": "",
            "insertions": 91,
            "deletions": 13
          },
          {
            "hash": "bc91b790d69109dd41c18621345b9841ee9a14af",
            "messageTitle": "Completed A-JavaDoc",
            "messageBody": "",
            "insertions": 203,
            "deletions": 75
          },
          {
            "hash": "cbbdd254ebc2f4892c68e5a30509135f3e424f5c",
            "messageTitle": "Completed A-CodingStandard",
            "messageBody": "",
            "insertions": 114,
            "deletions": 256
          }
        ]
      },
      {
        "insertions": 111,
        "deletions": 32,
        "date": "2019-08-29",
        "commitResults": [
          {
            "hash": "7ccec4d111b400e6ce35fc6cb97416cb80b678cc",
            "messageTitle": "Completed Level-9",
            "messageBody": "",
            "insertions": 111,
            "deletions": 32
          }
        ]
      },
      {
        "insertions": 324,
        "deletions": 29,
        "date": "2019-09-04",
        "commitResults": [
          {
            "hash": "ba361b39c4afa0d626aeda8265cc0a774a1d6c87",
            "messageTitle": "Add Level-10: GUI",
            "messageBody": "",
            "insertions": 324,
            "deletions": 29
          }
        ]
      },
      {
        "insertions": 135,
        "deletions": 64,
        "date": "2019-09-05",
        "commitResults": [
          {
            "hash": "8c4e7bd77e1e475746bad3205dfdfb07d01cdbbc",
            "messageTitle": "Fix hello on startup and bye command",
            "messageBody": "",
            "insertions": 61,
            "deletions": 13
          },
          {
            "hash": "83f0371c257e9d8e35de8fc6a945e167420c3fc3",
            "messageTitle": "Modify code based on checkstyle",
            "messageBody": "",
            "insertions": 74,
            "deletions": 51
          }
        ]
      }
    ]
  },
  "authorFinalContributionMap": {
    "jessicax941": 1237
  },
  "authorFileTypeContributionMap": {
    "jessicax941": {
      "java": 1160,
      "md": 0,
      "fxml": 49,
      "sh": 0,
      "bat": 0,
      "gradle": 28,
      "txt": 0
    }
  },
  "authorContributionVariance": {
    "jessicax941": 108697.14
  },
  "authorDisplayNameMap": {
    "jessicax941": "CS2103-T16-4 JESSI ... U XIN"
  }
}
