{
  "authorDailyContributionsMap": {
    "jessicax941": [
      {
        "insertions": 1,
        "deletions": 1,
        "date": "2019-08-17",
        "commitResults": [
          {
            "hash": "37150d14c960b7b31f6c387de6c192e8b5a928b8",
            "messageTitle": "duke: added new comment //new change",
            "messageBody": "",
            "insertions": 1,
            "deletions": 0
          },
          {
            "hash": "5f48f4ea8349e755bf2489855ef21e383ae5ebda",
            "messageTitle": "Revert \"duke: added new comment //new change\"",
            "messageBody": "This reverts commit 37150d14c960b7b31f6c387de6c192e8b5a928b8.\n",
            "insertions": 0,
            "deletions": 1
          }
        ]
      },
      {
        "insertions": 148,
        "deletions": 28,
        "date": "2019-08-19",
        "commitResults": [
          {
            "hash": "038eb1a86378e5e8113294626ab79e8688ac3f8f",
            "messageTitle": "duke: lvl1",
            "messageBody": "",
            "insertions": 31,
            "deletions": 1
          },
          {
            "hash": "e4898912bc5cbb56f6072a7d448f35944243112d",
            "messageTitle": "duke: lvl2",
            "messageBody": "",
            "insertions": 51,
            "deletions": 15
          },
          {
            "hash": "494b0e20c534bd25ec5a4ac222b82e8c15c3cbb1",
            "messageTitle": "task: created Task class",
            "messageBody": "",
            "insertions": 44,
            "deletions": 2
          },
          {
            "hash": "b2534c9cb39797e665024387b9921ab3c15b41e6",
            "messageTitle": "duke/task: lvl3",
            "messageBody": "",
            "insertions": 22,
            "deletions": 10
          }
        ]
      },
      {
        "insertions": 112,
        "deletions": 21,
        "date": "2019-08-20",
        "commitResults": [
          {
            "hash": "e529d14339f8a8d61ec310943a2fe8dae4b4ab06",
            "messageTitle": "added Todo, Deadline and Event classes implemented todo, deadline and event commands",
            "messageBody": "",
            "insertions": 109,
            "deletions": 18
          },
          {
            "hash": "22167006b1889695ae5d4f6331db51e883f34465",
            "messageTitle": "Duke: list command works properly",
            "messageBody": "",
            "insertions": 3,
            "deletions": 3
          }
        ]
      },
      {
        "insertions": 60,
        "deletions": 39,
        "date": "2019-08-21",
        "commitResults": [
          {
            "hash": "6d40e5a735238aeae6a57f0ce70c0f7dbe818d62",
            "messageTitle": "Duke: lvl4",
            "messageBody": "",
            "insertions": 60,
            "deletions": 39
          }
        ]
      },
      {
        "insertions": 227,
        "deletions": 103,
        "date": "2019-08-22",
        "commitResults": [
          {
            "hash": "6560e0ef5349b02a7737ff0d183a41adfc8f58f4",
            "messageTitle": "Duke: a few errors are handled (IllegalArgumentException)",
            "messageBody": "",
            "insertions": 87,
            "deletions": 22
          },
          {
            "hash": "ab6843c9bf5b4d50cd0c33bdcfdce233b3782223",
            "messageTitle": "Duke: errors are handled using DukeException custom class, lvl5",
            "messageBody": "",
            "insertions": 58,
            "deletions": 51
          },
          {
            "hash": "6a1d26ed05984d84eefef9b06c7ee78f32dc81b3",
            "messageTitle": "Duke: lvl6",
            "messageBody": "",
            "insertions": 25,
            "deletions": 8
          },
          {
            "hash": "7d1b45ee674c5e93b7c5a64508c5d7929702c986",
            "messageTitle": "documentation is better written, changed one of names of the custom exception classes",
            "messageBody": "",
            "insertions": 57,
            "deletions": 22
          }
        ]
      },
      {
        "insertions": 664,
        "deletions": 221,
        "date": "2019-08-28",
        "commitResults": [
          {
            "hash": "a44e2afe89a0a3d3de0d92b8423e5210d7406dc7",
            "messageTitle": "added tasklists.txt to .gitignore",
            "messageBody": "",
            "insertions": 0,
            "deletions": 2
          },
          {
            "hash": "2ee2f72cff0f7cd91351e329fe7f0e800320e083",
            "messageTitle": "Duke: Completed Level-8",
            "messageBody": "",
            "insertions": 107,
            "deletions": 33
          },
          {
            "hash": "47e861802e178aa9c15ccc397e44e5170a844f27",
            "messageTitle": "Completed A-MoreOOP",
            "messageBody": "",
            "insertions": 466,
            "deletions": 173
          },
          {
            "hash": "26f15336cf938b7836e4de64f7f35b767606271e",
            "messageTitle": "Completed A-Packages and A-JUnit",
            "messageBody": "",
            "insertions": 91,
            "deletions": 13
          }
        ]
      }
    ]
  },
  "authorFinalContributionMap": {
    "jessicax941": 805
  },
  "authorFileTypeContributionMap": {
    "jessicax941": {
      "java": 805,
      "md": 0,
      "fxml": 0,
      "sh": 0,
      "bat": 0,
      "gradle": 0,
      "txt": 0
    }
  },
  "authorContributionVariance": {
    "jessicax941": 57497.69
  },
  "authorDisplayNameMap": {
    "jessicax941": "CS2103-T16-4 JESSI ... U XIN"
  }
}
