[
  {
    "path": "src/main/java/Deadline.java",
    "fileType": "java",
    "lines": [
      {
        "lineNumber": 1,
        "author": {
          "gitId": "Na-Nazhou"
        },
        "content": "public class Deadline extends Task {"
      },
      {
        "lineNumber": 2,
        "author": {
          "gitId": "Na-Nazhou"
        },
        "content": ""
      },
      {
        "lineNumber": 3,
        "author": {
          "gitId": "Na-Nazhou"
        },
        "content": "    private String by;"
      },
      {
        "lineNumber": 4,
        "author": {
          "gitId": "Na-Nazhou"
        },
        "content": ""
      },
      {
        "lineNumber": 5,
        "author": {
          "gitId": "Na-Nazhou"
        },
        "content": "    public Deadline(String description, String by) {"
      },
      {
        "lineNumber": 6,
        "author": {
          "gitId": "Na-Nazhou"
        },
        "content": "        super(description);"
      },
      {
        "lineNumber": 7,
        "author": {
          "gitId": "Na-Nazhou"
        },
        "content": "        this.by \u003d by;"
      },
      {
        "lineNumber": 8,
        "author": {
          "gitId": "Na-Nazhou"
        },
        "content": "    }"
      },
      {
        "lineNumber": 9,
        "author": {
          "gitId": "Na-Nazhou"
        },
        "content": ""
      },
      {
        "lineNumber": 10,
        "author": {
          "gitId": "Na-Nazhou"
        },
        "content": "    @Override"
      },
      {
        "lineNumber": 11,
        "author": {
          "gitId": "Na-Nazhou"
        },
        "content": "    public String toString() {"
      },
      {
        "lineNumber": 12,
        "author": {
          "gitId": "Na-Nazhou"
        },
        "content": "        return \"[D]\" + super.toString() + \" (by: \" + by + \")\";"
      },
      {
        "lineNumber": 13,
        "author": {
          "gitId": "Na-Nazhou"
        },
        "content": "    }"
      },
      {
        "lineNumber": 14,
        "author": {
          "gitId": "Na-Nazhou"
        },
        "content": "}"
      }
    ],
    "authorContributionMap": {
      "Na-Nazhou": 14
    }
  },
  {
    "path": "src/main/java/Duke.java",
    "fileType": "java",
    "lines": [
      {
        "lineNumber": 1,
        "author": {
          "gitId": "Na-Nazhou"
        },
        "content": "import java.util.Scanner;"
      },
      {
        "lineNumber": 2,
        "author": {
          "gitId": "Na-Nazhou"
        },
        "content": "import java.util.ArrayList;"
      },
      {
        "lineNumber": 3,
        "author": {
          "gitId": "Na-Nazhou"
        },
        "content": ""
      },
      {
        "lineNumber": 4,
        "author": {
          "gitId": "-"
        },
        "content": "public class Duke {"
      },
      {
        "lineNumber": 5,
        "author": {
          "gitId": "Na-Nazhou"
        },
        "content": ""
      },
      {
        "lineNumber": 6,
        "author": {
          "gitId": "Na-Nazhou"
        },
        "content": "    private static ArrayList\u003cTask\u003e list \u003d new ArrayList\u003c\u003e();"
      },
      {
        "lineNumber": 7,
        "author": {
          "gitId": "Na-Nazhou"
        },
        "content": ""
      },
      {
        "lineNumber": 8,
        "author": {
          "gitId": "-"
        },
        "content": "    public static void main(String[] args) {"
      },
      {
        "lineNumber": 9,
        "author": {
          "gitId": "Na-Nazhou"
        },
        "content": "        // Greet"
      },
      {
        "lineNumber": 10,
        "author": {
          "gitId": "Na-Nazhou"
        },
        "content": "        String greeting \u003d \"Hello! I\u0027m Duke\\nWhat can I do for you?\\n\";"
      },
      {
        "lineNumber": 11,
        "author": {
          "gitId": "Na-Nazhou"
        },
        "content": "        System.out.println(greeting);"
      },
      {
        "lineNumber": 12,
        "author": {
          "gitId": "Na-Nazhou"
        },
        "content": ""
      },
      {
        "lineNumber": 13,
        "author": {
          "gitId": "Na-Nazhou"
        },
        "content": "        Scanner scanner \u003d new Scanner(System.in);"
      },
      {
        "lineNumber": 14,
        "author": {
          "gitId": "Na-Nazhou"
        },
        "content": ""
      },
      {
        "lineNumber": 15,
        "author": {
          "gitId": "Na-Nazhou"
        },
        "content": "        while (scanner.hasNextLine()) {"
      },
      {
        "lineNumber": 16,
        "author": {
          "gitId": "Na-Nazhou"
        },
        "content": "            String command \u003d scanner.nextLine();"
      },
      {
        "lineNumber": 17,
        "author": {
          "gitId": "Na-Nazhou"
        },
        "content": ""
      },
      {
        "lineNumber": 18,
        "author": {
          "gitId": "Na-Nazhou"
        },
        "content": "            // Exit"
      },
      {
        "lineNumber": 19,
        "author": {
          "gitId": "Na-Nazhou"
        },
        "content": "            if (command.equals(\"bye\")) {"
      },
      {
        "lineNumber": 20,
        "author": {
          "gitId": "Na-Nazhou"
        },
        "content": "                System.out.println(\"Bye. Hope to see you again soon!\");"
      },
      {
        "lineNumber": 21,
        "author": {
          "gitId": "Na-Nazhou"
        },
        "content": "                break;"
      },
      {
        "lineNumber": 22,
        "author": {
          "gitId": "Na-Nazhou"
        },
        "content": "            }"
      },
      {
        "lineNumber": 23,
        "author": {
          "gitId": "Na-Nazhou"
        },
        "content": ""
      },
      {
        "lineNumber": 24,
        "author": {
          "gitId": "Na-Nazhou"
        },
        "content": "            try {"
      },
      {
        "lineNumber": 25,
        "author": {
          "gitId": "Na-Nazhou"
        },
        "content": "                run(command);"
      },
      {
        "lineNumber": 26,
        "author": {
          "gitId": "Na-Nazhou"
        },
        "content": "            } catch (DukeException e) {"
      },
      {
        "lineNumber": 27,
        "author": {
          "gitId": "Na-Nazhou"
        },
        "content": "                System.out.println(e);"
      },
      {
        "lineNumber": 28,
        "author": {
          "gitId": "Na-Nazhou"
        },
        "content": "            }"
      },
      {
        "lineNumber": 29,
        "author": {
          "gitId": "Na-Nazhou"
        },
        "content": ""
      },
      {
        "lineNumber": 30,
        "author": {
          "gitId": "Na-Nazhou"
        },
        "content": "            // Empty line separator at the end of the command response"
      },
      {
        "lineNumber": 31,
        "author": {
          "gitId": "Na-Nazhou"
        },
        "content": "            System.out.println();"
      },
      {
        "lineNumber": 32,
        "author": {
          "gitId": "Na-Nazhou"
        },
        "content": "        }"
      },
      {
        "lineNumber": 33,
        "author": {
          "gitId": "Na-Nazhou"
        },
        "content": "    }"
      },
      {
        "lineNumber": 34,
        "author": {
          "gitId": "Na-Nazhou"
        },
        "content": ""
      },
      {
        "lineNumber": 35,
        "author": {
          "gitId": "Na-Nazhou"
        },
        "content": "    private static void run(String command) throws DukeException {"
      },
      {
        "lineNumber": 36,
        "author": {
          "gitId": "Na-Nazhou"
        },
        "content": "        if (command.trim().equals(\"list\")) {"
      },
      {
        "lineNumber": 37,
        "author": {
          "gitId": "Na-Nazhou"
        },
        "content": "            showTasks();"
      },
      {
        "lineNumber": 38,
        "author": {
          "gitId": "Na-Nazhou"
        },
        "content": "        } else if (command.matches(\"^done\\\\s+\\\\d+$\")) {"
      },
      {
        "lineNumber": 39,
        "author": {
          "gitId": "Na-Nazhou"
        },
        "content": "            int taskId \u003d Integer.parseInt(command.split(\"\\\\s+\")[1]);"
      },
      {
        "lineNumber": 40,
        "author": {
          "gitId": "Na-Nazhou"
        },
        "content": "            completeTask(taskId);"
      },
      {
        "lineNumber": 41,
        "author": {
          "gitId": "Na-Nazhou"
        },
        "content": "        } else if (command.matches(\"^(todo|deadline|event).*\")) {"
      },
      {
        "lineNumber": 42,
        "author": {
          "gitId": "Na-Nazhou"
        },
        "content": "            addTask(command);"
      },
      {
        "lineNumber": 43,
        "author": {
          "gitId": "Na-Nazhou"
        },
        "content": "        } else if (command.matches(\"^delete\\\\s+\\\\d+$\")) {"
      },
      {
        "lineNumber": 44,
        "author": {
          "gitId": "Na-Nazhou"
        },
        "content": "            int taskId \u003d Integer.parseInt(command.split(\"\\\\s+\")[1]);"
      },
      {
        "lineNumber": 45,
        "author": {
          "gitId": "Na-Nazhou"
        },
        "content": "            deleteTask(taskId);"
      },
      {
        "lineNumber": 46,
        "author": {
          "gitId": "Na-Nazhou"
        },
        "content": "        } else {"
      },
      {
        "lineNumber": 47,
        "author": {
          "gitId": "Na-Nazhou"
        },
        "content": "            throw new DukeException(\"I\u0027m sorry, but I don\u0027t know what that means :-(\");"
      },
      {
        "lineNumber": 48,
        "author": {
          "gitId": "Na-Nazhou"
        },
        "content": "        }"
      },
      {
        "lineNumber": 49,
        "author": {
          "gitId": "Na-Nazhou"
        },
        "content": "    }"
      },
      {
        "lineNumber": 50,
        "author": {
          "gitId": "Na-Nazhou"
        },
        "content": ""
      },
      {
        "lineNumber": 51,
        "author": {
          "gitId": "Na-Nazhou"
        },
        "content": "    private static void showTasks() {"
      },
      {
        "lineNumber": 52,
        "author": {
          "gitId": "Na-Nazhou"
        },
        "content": "        if (list.size() \u003d\u003d 0) {"
      },
      {
        "lineNumber": 53,
        "author": {
          "gitId": "Na-Nazhou"
        },
        "content": "            System.out.println(\"There are currently no task in your list.\");"
      },
      {
        "lineNumber": 54,
        "author": {
          "gitId": "Na-Nazhou"
        },
        "content": "        } else {"
      },
      {
        "lineNumber": 55,
        "author": {
          "gitId": "Na-Nazhou"
        },
        "content": "            System.out.println(\"Here are the tasks in your list:\");"
      },
      {
        "lineNumber": 56,
        "author": {
          "gitId": "Na-Nazhou"
        },
        "content": "            for (int i \u003d 0; i \u003c list.size(); i++) {"
      },
      {
        "lineNumber": 57,
        "author": {
          "gitId": "Na-Nazhou"
        },
        "content": "                Task task \u003d list.get(i);"
      },
      {
        "lineNumber": 58,
        "author": {
          "gitId": "Na-Nazhou"
        },
        "content": "                System.out.printf(\"%d.%s\\n\", (i + 1), task);"
      },
      {
        "lineNumber": 59,
        "author": {
          "gitId": "Na-Nazhou"
        },
        "content": "            }"
      },
      {
        "lineNumber": 60,
        "author": {
          "gitId": "Na-Nazhou"
        },
        "content": "        }"
      },
      {
        "lineNumber": 61,
        "author": {
          "gitId": "Na-Nazhou"
        },
        "content": "    }"
      },
      {
        "lineNumber": 62,
        "author": {
          "gitId": "Na-Nazhou"
        },
        "content": ""
      },
      {
        "lineNumber": 63,
        "author": {
          "gitId": "Na-Nazhou"
        },
        "content": "    private static void completeTask(int taskId) throws DukeException {"
      },
      {
        "lineNumber": 64,
        "author": {
          "gitId": "Na-Nazhou"
        },
        "content": "        try {"
      },
      {
        "lineNumber": 65,
        "author": {
          "gitId": "Na-Nazhou"
        },
        "content": "            Task task \u003d list.get(taskId - 1);"
      },
      {
        "lineNumber": 66,
        "author": {
          "gitId": "Na-Nazhou"
        },
        "content": "            task.markAsDone();"
      },
      {
        "lineNumber": 67,
        "author": {
          "gitId": "Na-Nazhou"
        },
        "content": "            System.out.println(\"Nice! I\u0027ve marked this task as done:\");"
      },
      {
        "lineNumber": 68,
        "author": {
          "gitId": "Na-Nazhou"
        },
        "content": "            System.out.printf(\"  %s\\n\", task);"
      },
      {
        "lineNumber": 69,
        "author": {
          "gitId": "Na-Nazhou"
        },
        "content": "        } catch (IndexOutOfBoundsException e) {"
      },
      {
        "lineNumber": 70,
        "author": {
          "gitId": "Na-Nazhou"
        },
        "content": "            throw new DukeException(String.format("
      },
      {
        "lineNumber": 71,
        "author": {
          "gitId": "Na-Nazhou"
        },
        "content": "                    \"Task No.%d is not present in your list. Please enter a valid task ID.\", taskId));"
      },
      {
        "lineNumber": 72,
        "author": {
          "gitId": "Na-Nazhou"
        },
        "content": "        }"
      },
      {
        "lineNumber": 73,
        "author": {
          "gitId": "Na-Nazhou"
        },
        "content": "    }"
      },
      {
        "lineNumber": 74,
        "author": {
          "gitId": "Na-Nazhou"
        },
        "content": ""
      },
      {
        "lineNumber": 75,
        "author": {
          "gitId": "Na-Nazhou"
        },
        "content": "    private static void addTask(String command) throws DukeException {"
      },
      {
        "lineNumber": 76,
        "author": {
          "gitId": "Na-Nazhou"
        },
        "content": "        String[] commandArgs \u003d command.trim().split(\"\\\\s+\", 2);"
      },
      {
        "lineNumber": 77,
        "author": {
          "gitId": "Na-Nazhou"
        },
        "content": "        String taskType \u003d commandArgs[0];"
      },
      {
        "lineNumber": 78,
        "author": {
          "gitId": "Na-Nazhou"
        },
        "content": ""
      },
      {
        "lineNumber": 79,
        "author": {
          "gitId": "Na-Nazhou"
        },
        "content": "        Task newTask;"
      },
      {
        "lineNumber": 80,
        "author": {
          "gitId": "Na-Nazhou"
        },
        "content": ""
      },
      {
        "lineNumber": 81,
        "author": {
          "gitId": "Na-Nazhou"
        },
        "content": "        switch(taskType) {"
      },
      {
        "lineNumber": 82,
        "author": {
          "gitId": "Na-Nazhou"
        },
        "content": "            case \"todo\":"
      },
      {
        "lineNumber": 83,
        "author": {
          "gitId": "Na-Nazhou"
        },
        "content": "                if (commandArgs.length \u003c 2 ) {"
      },
      {
        "lineNumber": 84,
        "author": {
          "gitId": "Na-Nazhou"
        },
        "content": "                    throw new DukeException(\"The description of a todo cannot be empty.\");"
      },
      {
        "lineNumber": 85,
        "author": {
          "gitId": "Na-Nazhou"
        },
        "content": "                }"
      },
      {
        "lineNumber": 86,
        "author": {
          "gitId": "Na-Nazhou"
        },
        "content": ""
      },
      {
        "lineNumber": 87,
        "author": {
          "gitId": "Na-Nazhou"
        },
        "content": "                newTask \u003d new Todo(commandArgs[1]);"
      },
      {
        "lineNumber": 88,
        "author": {
          "gitId": "Na-Nazhou"
        },
        "content": "                break;"
      },
      {
        "lineNumber": 89,
        "author": {
          "gitId": "Na-Nazhou"
        },
        "content": "            case \"deadline\":"
      },
      {
        "lineNumber": 90,
        "author": {
          "gitId": "Na-Nazhou"
        },
        "content": "                if (commandArgs.length \u003c 2 || commandArgs[1].equals(\"/by\")) {"
      },
      {
        "lineNumber": 91,
        "author": {
          "gitId": "Na-Nazhou"
        },
        "content": "                    throw new DukeException(\"The description and the due time of a deadline cannot be empty.\");"
      },
      {
        "lineNumber": 92,
        "author": {
          "gitId": "Na-Nazhou"
        },
        "content": "                }"
      },
      {
        "lineNumber": 93,
        "author": {
          "gitId": "Na-Nazhou"
        },
        "content": "                if (commandArgs[1].startsWith(\"/by\")) {"
      },
      {
        "lineNumber": 94,
        "author": {
          "gitId": "Na-Nazhou"
        },
        "content": "                    throw new DukeException(\"The description of a deadline cannot be empty.\");"
      },
      {
        "lineNumber": 95,
        "author": {
          "gitId": "Na-Nazhou"
        },
        "content": "                }"
      },
      {
        "lineNumber": 96,
        "author": {
          "gitId": "Na-Nazhou"
        },
        "content": "                if (!commandArgs[1].contains(\"/by\") || commandArgs[1].endsWith(\"/by\")) {"
      },
      {
        "lineNumber": 97,
        "author": {
          "gitId": "Na-Nazhou"
        },
        "content": "                    throw new DukeException(\"The due time of a deadline cannot be empty.\");"
      },
      {
        "lineNumber": 98,
        "author": {
          "gitId": "Na-Nazhou"
        },
        "content": "                }"
      },
      {
        "lineNumber": 99,
        "author": {
          "gitId": "Na-Nazhou"
        },
        "content": ""
      },
      {
        "lineNumber": 100,
        "author": {
          "gitId": "Na-Nazhou"
        },
        "content": "                String[] deadlineArgs \u003d commandArgs[1].split(\"\\\\s*/by\\\\s*\", 2);"
      },
      {
        "lineNumber": 101,
        "author": {
          "gitId": "Na-Nazhou"
        },
        "content": "                newTask \u003d new Deadline(deadlineArgs[0], deadlineArgs[1]);"
      },
      {
        "lineNumber": 102,
        "author": {
          "gitId": "Na-Nazhou"
        },
        "content": "                break;"
      },
      {
        "lineNumber": 103,
        "author": {
          "gitId": "Na-Nazhou"
        },
        "content": "            case \"event\":"
      },
      {
        "lineNumber": 104,
        "author": {
          "gitId": "Na-Nazhou"
        },
        "content": "                if (commandArgs.length \u003c 2 || commandArgs[1].equals(\"/at\")) {"
      },
      {
        "lineNumber": 105,
        "author": {
          "gitId": "Na-Nazhou"
        },
        "content": "                    throw new DukeException(\"The description and the time of an event cannot be empty.\");"
      },
      {
        "lineNumber": 106,
        "author": {
          "gitId": "Na-Nazhou"
        },
        "content": "                }"
      },
      {
        "lineNumber": 107,
        "author": {
          "gitId": "Na-Nazhou"
        },
        "content": "                if (commandArgs[1].startsWith(\"/at\")) {"
      },
      {
        "lineNumber": 108,
        "author": {
          "gitId": "Na-Nazhou"
        },
        "content": "                    throw new DukeException(\"The description of an event cannot be empty.\");"
      },
      {
        "lineNumber": 109,
        "author": {
          "gitId": "Na-Nazhou"
        },
        "content": "                }"
      },
      {
        "lineNumber": 110,
        "author": {
          "gitId": "Na-Nazhou"
        },
        "content": "                if (!commandArgs[1].contains(\"/at\") || commandArgs[1].endsWith(\"/at\")) {"
      },
      {
        "lineNumber": 111,
        "author": {
          "gitId": "Na-Nazhou"
        },
        "content": "                    throw new DukeException(\"The time of an event cannot be empty.\");"
      },
      {
        "lineNumber": 112,
        "author": {
          "gitId": "Na-Nazhou"
        },
        "content": "                }"
      },
      {
        "lineNumber": 113,
        "author": {
          "gitId": "Na-Nazhou"
        },
        "content": ""
      },
      {
        "lineNumber": 114,
        "author": {
          "gitId": "Na-Nazhou"
        },
        "content": "                String[] eventArgs \u003d commandArgs[1].split(\"\\\\s*/at\\\\s*\", 2);"
      },
      {
        "lineNumber": 115,
        "author": {
          "gitId": "Na-Nazhou"
        },
        "content": "                newTask \u003d new Event(eventArgs[0], eventArgs[1]);"
      },
      {
        "lineNumber": 116,
        "author": {
          "gitId": "Na-Nazhou"
        },
        "content": "                break;"
      },
      {
        "lineNumber": 117,
        "author": {
          "gitId": "Na-Nazhou"
        },
        "content": "            default:"
      },
      {
        "lineNumber": 118,
        "author": {
          "gitId": "Na-Nazhou"
        },
        "content": "                throw new DukeException(\"I\u0027m sorry, but I don\u0027t know what that means :-(\");"
      },
      {
        "lineNumber": 119,
        "author": {
          "gitId": "Na-Nazhou"
        },
        "content": "        }"
      },
      {
        "lineNumber": 120,
        "author": {
          "gitId": "Na-Nazhou"
        },
        "content": ""
      },
      {
        "lineNumber": 121,
        "author": {
          "gitId": "Na-Nazhou"
        },
        "content": "        list.add(newTask);"
      },
      {
        "lineNumber": 122,
        "author": {
          "gitId": "Na-Nazhou"
        },
        "content": "        System.out.println(\"Got it. I\u0027ve added this task:\");"
      },
      {
        "lineNumber": 123,
        "author": {
          "gitId": "Na-Nazhou"
        },
        "content": "        System.out.printf(\"  %s\\n\", newTask);"
      },
      {
        "lineNumber": 124,
        "author": {
          "gitId": "Na-Nazhou"
        },
        "content": "        int total \u003d list.size();"
      },
      {
        "lineNumber": 125,
        "author": {
          "gitId": "Na-Nazhou"
        },
        "content": "        System.out.printf(\"Now you have %d task%s in the list.\\n\", total, total \u003e 1 ? \"s\" : \"\");"
      },
      {
        "lineNumber": 126,
        "author": {
          "gitId": "Na-Nazhou"
        },
        "content": "    }"
      },
      {
        "lineNumber": 127,
        "author": {
          "gitId": "Na-Nazhou"
        },
        "content": ""
      },
      {
        "lineNumber": 128,
        "author": {
          "gitId": "Na-Nazhou"
        },
        "content": "    private static void deleteTask(int taskId) {"
      },
      {
        "lineNumber": 129,
        "author": {
          "gitId": "Na-Nazhou"
        },
        "content": "        try {"
      },
      {
        "lineNumber": 130,
        "author": {
          "gitId": "Na-Nazhou"
        },
        "content": "            Task task \u003d list.get(taskId - 1);"
      },
      {
        "lineNumber": 131,
        "author": {
          "gitId": "Na-Nazhou"
        },
        "content": "            list.remove(task);"
      },
      {
        "lineNumber": 132,
        "author": {
          "gitId": "Na-Nazhou"
        },
        "content": "            System.out.println(\"Noted. I\u0027ve removed this task:\");"
      },
      {
        "lineNumber": 133,
        "author": {
          "gitId": "Na-Nazhou"
        },
        "content": "            System.out.printf(\"  %s\\n\", task);"
      },
      {
        "lineNumber": 134,
        "author": {
          "gitId": "Na-Nazhou"
        },
        "content": "            int total \u003d list.size();"
      },
      {
        "lineNumber": 135,
        "author": {
          "gitId": "Na-Nazhou"
        },
        "content": "            System.out.printf(\"Now you have %d task%s in the list.\\n\", total, total \u003e 1 ? \"s\" : \"\");"
      },
      {
        "lineNumber": 136,
        "author": {
          "gitId": "Na-Nazhou"
        },
        "content": "        } catch (IndexOutOfBoundsException e) {"
      },
      {
        "lineNumber": 137,
        "author": {
          "gitId": "Na-Nazhou"
        },
        "content": "            throw new DukeException(String.format("
      },
      {
        "lineNumber": 138,
        "author": {
          "gitId": "Na-Nazhou"
        },
        "content": "                    \"Task No.%d is not present in your list. Please enter a valid task ID.\", taskId));"
      },
      {
        "lineNumber": 139,
        "author": {
          "gitId": "Na-Nazhou"
        },
        "content": "        }"
      },
      {
        "lineNumber": 140,
        "author": {
          "gitId": "-"
        },
        "content": "    }"
      },
      {
        "lineNumber": 141,
        "author": {
          "gitId": "-"
        },
        "content": "}"
      }
    ],
    "authorContributionMap": {
      "Na-Nazhou": 137,
      "-": 4
    }
  },
  {
    "path": "src/main/java/DukeException.java",
    "fileType": "java",
    "lines": [
      {
        "lineNumber": 1,
        "author": {
          "gitId": "Na-Nazhou"
        },
        "content": "public class DukeException extends IllegalArgumentException {"
      },
      {
        "lineNumber": 2,
        "author": {
          "gitId": "Na-Nazhou"
        },
        "content": ""
      },
      {
        "lineNumber": 3,
        "author": {
          "gitId": "Na-Nazhou"
        },
        "content": "    public DukeException(String message) {"
      },
      {
        "lineNumber": 4,
        "author": {
          "gitId": "Na-Nazhou"
        },
        "content": "        super(message);"
      },
      {
        "lineNumber": 5,
        "author": {
          "gitId": "Na-Nazhou"
        },
        "content": "    }"
      },
      {
        "lineNumber": 6,
        "author": {
          "gitId": "Na-Nazhou"
        },
        "content": ""
      },
      {
        "lineNumber": 7,
        "author": {
          "gitId": "Na-Nazhou"
        },
        "content": "    @Override"
      },
      {
        "lineNumber": 8,
        "author": {
          "gitId": "Na-Nazhou"
        },
        "content": "    public String toString() {"
      },
      {
        "lineNumber": 9,
        "author": {
          "gitId": "Na-Nazhou"
        },
        "content": "        return \"\\u2639 OOPS!!! \" + getMessage();"
      },
      {
        "lineNumber": 10,
        "author": {
          "gitId": "Na-Nazhou"
        },
        "content": "    }"
      },
      {
        "lineNumber": 11,
        "author": {
          "gitId": "Na-Nazhou"
        },
        "content": "}"
      }
    ],
    "authorContributionMap": {
      "Na-Nazhou": 11
    }
  },
  {
    "path": "src/main/java/Event.java",
    "fileType": "java",
    "lines": [
      {
        "lineNumber": 1,
        "author": {
          "gitId": "Na-Nazhou"
        },
        "content": "public class Event extends Task {"
      },
      {
        "lineNumber": 2,
        "author": {
          "gitId": "Na-Nazhou"
        },
        "content": "    "
      },
      {
        "lineNumber": 3,
        "author": {
          "gitId": "Na-Nazhou"
        },
        "content": "    private String at;"
      },
      {
        "lineNumber": 4,
        "author": {
          "gitId": "Na-Nazhou"
        },
        "content": ""
      },
      {
        "lineNumber": 5,
        "author": {
          "gitId": "Na-Nazhou"
        },
        "content": "    public Event(String description, String at) {"
      },
      {
        "lineNumber": 6,
        "author": {
          "gitId": "Na-Nazhou"
        },
        "content": "        super(description);"
      },
      {
        "lineNumber": 7,
        "author": {
          "gitId": "Na-Nazhou"
        },
        "content": "        this.at \u003d at;"
      },
      {
        "lineNumber": 8,
        "author": {
          "gitId": "Na-Nazhou"
        },
        "content": "    }"
      },
      {
        "lineNumber": 9,
        "author": {
          "gitId": "Na-Nazhou"
        },
        "content": ""
      },
      {
        "lineNumber": 10,
        "author": {
          "gitId": "Na-Nazhou"
        },
        "content": "    @Override"
      },
      {
        "lineNumber": 11,
        "author": {
          "gitId": "Na-Nazhou"
        },
        "content": "    public String toString() {"
      },
      {
        "lineNumber": 12,
        "author": {
          "gitId": "Na-Nazhou"
        },
        "content": "        return \"[E]\" + super.toString() + \" (at: \" + at + \")\";"
      },
      {
        "lineNumber": 13,
        "author": {
          "gitId": "Na-Nazhou"
        },
        "content": "    }"
      },
      {
        "lineNumber": 14,
        "author": {
          "gitId": "Na-Nazhou"
        },
        "content": "}"
      }
    ],
    "authorContributionMap": {
      "Na-Nazhou": 14
    }
  },
  {
    "path": "src/main/java/Task.java",
    "fileType": "java",
    "lines": [
      {
        "lineNumber": 1,
        "author": {
          "gitId": "Na-Nazhou"
        },
        "content": "public class Task {"
      },
      {
        "lineNumber": 2,
        "author": {
          "gitId": "Na-Nazhou"
        },
        "content": "    protected String description;"
      },
      {
        "lineNumber": 3,
        "author": {
          "gitId": "Na-Nazhou"
        },
        "content": "    protected boolean isDone;"
      },
      {
        "lineNumber": 4,
        "author": {
          "gitId": "Na-Nazhou"
        },
        "content": ""
      },
      {
        "lineNumber": 5,
        "author": {
          "gitId": "Na-Nazhou"
        },
        "content": "    public Task(String description) {"
      },
      {
        "lineNumber": 6,
        "author": {
          "gitId": "Na-Nazhou"
        },
        "content": "        this.description \u003d description;"
      },
      {
        "lineNumber": 7,
        "author": {
          "gitId": "Na-Nazhou"
        },
        "content": "        this.isDone \u003d false;"
      },
      {
        "lineNumber": 8,
        "author": {
          "gitId": "Na-Nazhou"
        },
        "content": "    }"
      },
      {
        "lineNumber": 9,
        "author": {
          "gitId": "Na-Nazhou"
        },
        "content": ""
      },
      {
        "lineNumber": 10,
        "author": {
          "gitId": "Na-Nazhou"
        },
        "content": "    private String getStatusIcon() {"
      },
      {
        "lineNumber": 11,
        "author": {
          "gitId": "Na-Nazhou"
        },
        "content": "        return (isDone ? \"\\u2713\" : \"\\u2718\"); //return tick or X symbols"
      },
      {
        "lineNumber": 12,
        "author": {
          "gitId": "Na-Nazhou"
        },
        "content": "    }"
      },
      {
        "lineNumber": 13,
        "author": {
          "gitId": "Na-Nazhou"
        },
        "content": ""
      },
      {
        "lineNumber": 14,
        "author": {
          "gitId": "Na-Nazhou"
        },
        "content": "    public void markAsDone() throws DukeException {"
      },
      {
        "lineNumber": 15,
        "author": {
          "gitId": "Na-Nazhou"
        },
        "content": "        if (isDone) {"
      },
      {
        "lineNumber": 16,
        "author": {
          "gitId": "Na-Nazhou"
        },
        "content": "            throw new DukeException(\"This task was marked as done before.\");"
      },
      {
        "lineNumber": 17,
        "author": {
          "gitId": "Na-Nazhou"
        },
        "content": "        }"
      },
      {
        "lineNumber": 18,
        "author": {
          "gitId": "Na-Nazhou"
        },
        "content": "        this.isDone \u003d true;"
      },
      {
        "lineNumber": 19,
        "author": {
          "gitId": "Na-Nazhou"
        },
        "content": "    }"
      },
      {
        "lineNumber": 20,
        "author": {
          "gitId": "Na-Nazhou"
        },
        "content": ""
      },
      {
        "lineNumber": 21,
        "author": {
          "gitId": "Na-Nazhou"
        },
        "content": "    @Override"
      },
      {
        "lineNumber": 22,
        "author": {
          "gitId": "Na-Nazhou"
        },
        "content": "    public String toString() {"
      },
      {
        "lineNumber": 23,
        "author": {
          "gitId": "Na-Nazhou"
        },
        "content": "        return \"[\" + getStatusIcon() + \"] \" + description;"
      },
      {
        "lineNumber": 24,
        "author": {
          "gitId": "Na-Nazhou"
        },
        "content": "    }"
      },
      {
        "lineNumber": 25,
        "author": {
          "gitId": "Na-Nazhou"
        },
        "content": "}"
      }
    ],
    "authorContributionMap": {
      "Na-Nazhou": 25
    }
  },
  {
    "path": "src/main/java/Todo.java",
    "fileType": "java",
    "lines": [
      {
        "lineNumber": 1,
        "author": {
          "gitId": "Na-Nazhou"
        },
        "content": "public class Todo extends Task {"
      },
      {
        "lineNumber": 2,
        "author": {
          "gitId": "Na-Nazhou"
        },
        "content": ""
      },
      {
        "lineNumber": 3,
        "author": {
          "gitId": "Na-Nazhou"
        },
        "content": "    public Todo(String description) {"
      },
      {
        "lineNumber": 4,
        "author": {
          "gitId": "Na-Nazhou"
        },
        "content": "        super(description);"
      },
      {
        "lineNumber": 5,
        "author": {
          "gitId": "Na-Nazhou"
        },
        "content": "    }"
      },
      {
        "lineNumber": 6,
        "author": {
          "gitId": "Na-Nazhou"
        },
        "content": ""
      },
      {
        "lineNumber": 7,
        "author": {
          "gitId": "Na-Nazhou"
        },
        "content": "    @Override"
      },
      {
        "lineNumber": 8,
        "author": {
          "gitId": "Na-Nazhou"
        },
        "content": "    public String toString() {"
      },
      {
        "lineNumber": 9,
        "author": {
          "gitId": "Na-Nazhou"
        },
        "content": "        return \"[T]\" + super.toString();"
      },
      {
        "lineNumber": 10,
        "author": {
          "gitId": "Na-Nazhou"
        },
        "content": "    }"
      },
      {
        "lineNumber": 11,
        "author": {
          "gitId": "Na-Nazhou"
        },
        "content": "}"
      }
    ],
    "authorContributionMap": {
      "Na-Nazhou": 11
    }
  },
  {
    "path": "text-ui-test/EXPECTED.txt",
    "fileType": "txt",
    "lines": [
      {
        "lineNumber": 1,
        "author": {
          "gitId": "Na-Nazhou"
        },
        "content": "Hello! I\u0027m Duke"
      },
      {
        "lineNumber": 2,
        "author": {
          "gitId": "Na-Nazhou"
        },
        "content": "What can I do for you?"
      },
      {
        "lineNumber": 3,
        "author": {
          "gitId": "Na-Nazhou"
        },
        "content": ""
      },
      {
        "lineNumber": 4,
        "author": {
          "gitId": "Na-Nazhou"
        },
        "content": "Got it. I\u0027ve added this task:"
      },
      {
        "lineNumber": 5,
        "author": {
          "gitId": "Na-Nazhou"
        },
        "content": "  [T][✘] read book"
      },
      {
        "lineNumber": 6,
        "author": {
          "gitId": "Na-Nazhou"
        },
        "content": "Now you have 1 task in the list."
      },
      {
        "lineNumber": 7,
        "author": {
          "gitId": "Na-Nazhou"
        },
        "content": ""
      },
      {
        "lineNumber": 8,
        "author": {
          "gitId": "Na-Nazhou"
        },
        "content": "Got it. I\u0027ve added this task:"
      },
      {
        "lineNumber": 9,
        "author": {
          "gitId": "Na-Nazhou"
        },
        "content": "  [D][✘] return book (by: June 6th)"
      },
      {
        "lineNumber": 10,
        "author": {
          "gitId": "Na-Nazhou"
        },
        "content": "Now you have 2 tasks in the list."
      },
      {
        "lineNumber": 11,
        "author": {
          "gitId": "Na-Nazhou"
        },
        "content": ""
      },
      {
        "lineNumber": 12,
        "author": {
          "gitId": "Na-Nazhou"
        },
        "content": "Got it. I\u0027ve added this task:"
      },
      {
        "lineNumber": 13,
        "author": {
          "gitId": "Na-Nazhou"
        },
        "content": "  [E][✘] project meeting (at: Aug 6th 2-4pm)"
      },
      {
        "lineNumber": 14,
        "author": {
          "gitId": "Na-Nazhou"
        },
        "content": "Now you have 3 tasks in the list."
      },
      {
        "lineNumber": 15,
        "author": {
          "gitId": "Na-Nazhou"
        },
        "content": ""
      },
      {
        "lineNumber": 16,
        "author": {
          "gitId": "Na-Nazhou"
        },
        "content": "Here are the tasks in your list:"
      },
      {
        "lineNumber": 17,
        "author": {
          "gitId": "Na-Nazhou"
        },
        "content": "1.[T][✘] read book"
      },
      {
        "lineNumber": 18,
        "author": {
          "gitId": "Na-Nazhou"
        },
        "content": "2.[D][✘] return book (by: June 6th)"
      },
      {
        "lineNumber": 19,
        "author": {
          "gitId": "Na-Nazhou"
        },
        "content": "3.[E][✘] project meeting (at: Aug 6th 2-4pm)"
      },
      {
        "lineNumber": 20,
        "author": {
          "gitId": "Na-Nazhou"
        },
        "content": ""
      },
      {
        "lineNumber": 21,
        "author": {
          "gitId": "Na-Nazhou"
        },
        "content": "Nice! I\u0027ve marked this task as done:"
      },
      {
        "lineNumber": 22,
        "author": {
          "gitId": "Na-Nazhou"
        },
        "content": "  [D][✓] return book (by: June 6th)"
      },
      {
        "lineNumber": 23,
        "author": {
          "gitId": "Na-Nazhou"
        },
        "content": ""
      },
      {
        "lineNumber": 24,
        "author": {
          "gitId": "Na-Nazhou"
        },
        "content": "Here are the tasks in your list:"
      },
      {
        "lineNumber": 25,
        "author": {
          "gitId": "Na-Nazhou"
        },
        "content": "1.[T][✘] read book"
      },
      {
        "lineNumber": 26,
        "author": {
          "gitId": "Na-Nazhou"
        },
        "content": "2.[D][✓] return book (by: June 6th)"
      },
      {
        "lineNumber": 27,
        "author": {
          "gitId": "Na-Nazhou"
        },
        "content": "3.[E][✘] project meeting (at: Aug 6th 2-4pm)"
      },
      {
        "lineNumber": 28,
        "author": {
          "gitId": "Na-Nazhou"
        },
        "content": ""
      },
      {
        "lineNumber": 29,
        "author": {
          "gitId": "Na-Nazhou"
        },
        "content": "☹ OOPS!!! Task No.4 is not present in your list. Please enter a valid task ID."
      },
      {
        "lineNumber": 30,
        "author": {
          "gitId": "Na-Nazhou"
        },
        "content": ""
      },
      {
        "lineNumber": 31,
        "author": {
          "gitId": "Na-Nazhou"
        },
        "content": "Noted. I\u0027ve removed this task:"
      },
      {
        "lineNumber": 32,
        "author": {
          "gitId": "Na-Nazhou"
        },
        "content": "  [D][✓] return book (by: June 6th)"
      },
      {
        "lineNumber": 33,
        "author": {
          "gitId": "Na-Nazhou"
        },
        "content": "Now you have 2 tasks in the list."
      },
      {
        "lineNumber": 34,
        "author": {
          "gitId": "Na-Nazhou"
        },
        "content": ""
      },
      {
        "lineNumber": 35,
        "author": {
          "gitId": "Na-Nazhou"
        },
        "content": "Here are the tasks in your list:"
      },
      {
        "lineNumber": 36,
        "author": {
          "gitId": "Na-Nazhou"
        },
        "content": "1.[T][✘] read book"
      },
      {
        "lineNumber": 37,
        "author": {
          "gitId": "Na-Nazhou"
        },
        "content": "2.[E][✘] project meeting (at: Aug 6th 2-4pm)"
      },
      {
        "lineNumber": 38,
        "author": {
          "gitId": "Na-Nazhou"
        },
        "content": ""
      },
      {
        "lineNumber": 39,
        "author": {
          "gitId": "Na-Nazhou"
        },
        "content": "☹ OOPS!!! Task No.4 is not present in your list. Please enter a valid task ID."
      },
      {
        "lineNumber": 40,
        "author": {
          "gitId": "Na-Nazhou"
        },
        "content": ""
      },
      {
        "lineNumber": 41,
        "author": {
          "gitId": "Na-Nazhou"
        },
        "content": "☹ OOPS!!! The description of a todo cannot be empty."
      },
      {
        "lineNumber": 42,
        "author": {
          "gitId": "Na-Nazhou"
        },
        "content": ""
      },
      {
        "lineNumber": 43,
        "author": {
          "gitId": "Na-Nazhou"
        },
        "content": "☹ OOPS!!! The description and the due time of a deadline cannot be empty."
      },
      {
        "lineNumber": 44,
        "author": {
          "gitId": "Na-Nazhou"
        },
        "content": ""
      },
      {
        "lineNumber": 45,
        "author": {
          "gitId": "Na-Nazhou"
        },
        "content": "☹ OOPS!!! The description of a deadline cannot be empty."
      },
      {
        "lineNumber": 46,
        "author": {
          "gitId": "Na-Nazhou"
        },
        "content": ""
      },
      {
        "lineNumber": 47,
        "author": {
          "gitId": "Na-Nazhou"
        },
        "content": "☹ OOPS!!! The due time of a deadline cannot be empty."
      },
      {
        "lineNumber": 48,
        "author": {
          "gitId": "Na-Nazhou"
        },
        "content": ""
      },
      {
        "lineNumber": 49,
        "author": {
          "gitId": "Na-Nazhou"
        },
        "content": "☹ OOPS!!! The description and the time of an event cannot be empty."
      },
      {
        "lineNumber": 50,
        "author": {
          "gitId": "Na-Nazhou"
        },
        "content": ""
      },
      {
        "lineNumber": 51,
        "author": {
          "gitId": "Na-Nazhou"
        },
        "content": "☹ OOPS!!! The description of an event cannot be empty."
      },
      {
        "lineNumber": 52,
        "author": {
          "gitId": "Na-Nazhou"
        },
        "content": ""
      },
      {
        "lineNumber": 53,
        "author": {
          "gitId": "Na-Nazhou"
        },
        "content": "☹ OOPS!!! The time of an event cannot be empty."
      },
      {
        "lineNumber": 54,
        "author": {
          "gitId": "Na-Nazhou"
        },
        "content": ""
      },
      {
        "lineNumber": 55,
        "author": {
          "gitId": "Na-Nazhou"
        },
        "content": "☹ OOPS!!! I\u0027m sorry, but I don\u0027t know what that means :-("
      },
      {
        "lineNumber": 56,
        "author": {
          "gitId": "Na-Nazhou"
        },
        "content": ""
      },
      {
        "lineNumber": 57,
        "author": {
          "gitId": "Na-Nazhou"
        },
        "content": "Bye. Hope to see you again soon!"
      }
    ],
    "authorContributionMap": {
      "Na-Nazhou": 57
    }
  },
  {
    "path": "text-ui-test/input.txt",
    "fileType": "txt",
    "lines": [
      {
        "lineNumber": 1,
        "author": {
          "gitId": "Na-Nazhou"
        },
        "content": "todo read book"
      },
      {
        "lineNumber": 2,
        "author": {
          "gitId": "Na-Nazhou"
        },
        "content": "deadline return book /by June 6th"
      },
      {
        "lineNumber": 3,
        "author": {
          "gitId": "Na-Nazhou"
        },
        "content": "event project meeting /at Aug 6th 2-4pm"
      },
      {
        "lineNumber": 4,
        "author": {
          "gitId": "Na-Nazhou"
        },
        "content": "list"
      },
      {
        "lineNumber": 5,
        "author": {
          "gitId": "Na-Nazhou"
        },
        "content": "done 2"
      },
      {
        "lineNumber": 6,
        "author": {
          "gitId": "Na-Nazhou"
        },
        "content": "list"
      },
      {
        "lineNumber": 7,
        "author": {
          "gitId": "Na-Nazhou"
        },
        "content": "done 4"
      },
      {
        "lineNumber": 8,
        "author": {
          "gitId": "Na-Nazhou"
        },
        "content": "delete 2"
      },
      {
        "lineNumber": 9,
        "author": {
          "gitId": "Na-Nazhou"
        },
        "content": "list"
      },
      {
        "lineNumber": 10,
        "author": {
          "gitId": "Na-Nazhou"
        },
        "content": "delete 4"
      },
      {
        "lineNumber": 11,
        "author": {
          "gitId": "Na-Nazhou"
        },
        "content": "todo"
      },
      {
        "lineNumber": 12,
        "author": {
          "gitId": "Na-Nazhou"
        },
        "content": "deadline"
      },
      {
        "lineNumber": 13,
        "author": {
          "gitId": "Na-Nazhou"
        },
        "content": "deadline /by June 6th"
      },
      {
        "lineNumber": 14,
        "author": {
          "gitId": "Na-Nazhou"
        },
        "content": "deadline return book"
      },
      {
        "lineNumber": 15,
        "author": {
          "gitId": "Na-Nazhou"
        },
        "content": "event"
      },
      {
        "lineNumber": 16,
        "author": {
          "gitId": "Na-Nazhou"
        },
        "content": "event /at Aug 6th 2-4pm"
      },
      {
        "lineNumber": 17,
        "author": {
          "gitId": "Na-Nazhou"
        },
        "content": "event project meeting"
      },
      {
        "lineNumber": 18,
        "author": {
          "gitId": "Na-Nazhou"
        },
        "content": "blah"
      },
      {
        "lineNumber": 19,
        "author": {
          "gitId": "Na-Nazhou"
        },
        "content": "bye"
      }
    ],
    "authorContributionMap": {
      "Na-Nazhou": 19
    }
  },
  {
    "path": "text-ui-test/runtest.sh",
    "fileType": "sh",
    "lines": [
      {
        "lineNumber": 1,
        "author": {
          "gitId": "Na-Nazhou"
        },
        "content": "#!/usr/bin/env bash"
      },
      {
        "lineNumber": 2,
        "author": {
          "gitId": "Na-Nazhou"
        },
        "content": ""
      },
      {
        "lineNumber": 3,
        "author": {
          "gitId": "Na-Nazhou"
        },
        "content": "# create bin directory if it doesn\u0027t exist"
      },
      {
        "lineNumber": 4,
        "author": {
          "gitId": "Na-Nazhou"
        },
        "content": "if [ ! -d \"../bin\" ]"
      },
      {
        "lineNumber": 5,
        "author": {
          "gitId": "Na-Nazhou"
        },
        "content": "then"
      },
      {
        "lineNumber": 6,
        "author": {
          "gitId": "Na-Nazhou"
        },
        "content": "    mkdir ../bin"
      },
      {
        "lineNumber": 7,
        "author": {
          "gitId": "Na-Nazhou"
        },
        "content": "fi"
      },
      {
        "lineNumber": 8,
        "author": {
          "gitId": "Na-Nazhou"
        },
        "content": ""
      },
      {
        "lineNumber": 9,
        "author": {
          "gitId": "Na-Nazhou"
        },
        "content": "# delete output from previous run"
      },
      {
        "lineNumber": 10,
        "author": {
          "gitId": "Na-Nazhou"
        },
        "content": "if [ -e \"./ACTUAL.TXT\" ]"
      },
      {
        "lineNumber": 11,
        "author": {
          "gitId": "Na-Nazhou"
        },
        "content": "then"
      },
      {
        "lineNumber": 12,
        "author": {
          "gitId": "Na-Nazhou"
        },
        "content": "    rm ACTUAL.TXT"
      },
      {
        "lineNumber": 13,
        "author": {
          "gitId": "Na-Nazhou"
        },
        "content": "fi"
      },
      {
        "lineNumber": 14,
        "author": {
          "gitId": "Na-Nazhou"
        },
        "content": ""
      },
      {
        "lineNumber": 15,
        "author": {
          "gitId": "Na-Nazhou"
        },
        "content": "# compile the code into the bin folder, terminates if error occurred"
      },
      {
        "lineNumber": 16,
        "author": {
          "gitId": "Na-Nazhou"
        },
        "content": "if ! javac -cp ../src -Xlint:none -d ../bin ../src/main/java/*.java"
      },
      {
        "lineNumber": 17,
        "author": {
          "gitId": "Na-Nazhou"
        },
        "content": "then"
      },
      {
        "lineNumber": 18,
        "author": {
          "gitId": "Na-Nazhou"
        },
        "content": "    echo \"********** BUILD FAILURE **********\""
      },
      {
        "lineNumber": 19,
        "author": {
          "gitId": "Na-Nazhou"
        },
        "content": "    exit 1"
      },
      {
        "lineNumber": 20,
        "author": {
          "gitId": "Na-Nazhou"
        },
        "content": "fi"
      },
      {
        "lineNumber": 21,
        "author": {
          "gitId": "Na-Nazhou"
        },
        "content": ""
      },
      {
        "lineNumber": 22,
        "author": {
          "gitId": "Na-Nazhou"
        },
        "content": "# run the program, feed commands from input.txt file and redirect the output to the ACTUAL.TXT"
      },
      {
        "lineNumber": 23,
        "author": {
          "gitId": "Na-Nazhou"
        },
        "content": "java -classpath ../bin Duke \u003c input.txt \u003e ACTUAL.TXT"
      },
      {
        "lineNumber": 24,
        "author": {
          "gitId": "Na-Nazhou"
        },
        "content": ""
      },
      {
        "lineNumber": 25,
        "author": {
          "gitId": "Na-Nazhou"
        },
        "content": "# compare the output to the expected output"
      },
      {
        "lineNumber": 26,
        "author": {
          "gitId": "Na-Nazhou"
        },
        "content": "diff ACTUAL.TXT EXPECTED.TXT"
      },
      {
        "lineNumber": 27,
        "author": {
          "gitId": "Na-Nazhou"
        },
        "content": "if [ $? -eq 0 ]"
      },
      {
        "lineNumber": 28,
        "author": {
          "gitId": "Na-Nazhou"
        },
        "content": "then"
      },
      {
        "lineNumber": 29,
        "author": {
          "gitId": "Na-Nazhou"
        },
        "content": "    echo \"Test result: PASSED\""
      },
      {
        "lineNumber": 30,
        "author": {
          "gitId": "Na-Nazhou"
        },
        "content": "    exit 0"
      },
      {
        "lineNumber": 31,
        "author": {
          "gitId": "Na-Nazhou"
        },
        "content": "else"
      },
      {
        "lineNumber": 32,
        "author": {
          "gitId": "Na-Nazhou"
        },
        "content": "    echo \"Test result: FAILED\""
      },
      {
        "lineNumber": 33,
        "author": {
          "gitId": "Na-Nazhou"
        },
        "content": "    exit 1"
      },
      {
        "lineNumber": 34,
        "author": {
          "gitId": "Na-Nazhou"
        },
        "content": "fi"
      }
    ],
    "authorContributionMap": {
      "Na-Nazhou": 34
    }
  }
]
