{
  "authorDailyContributionsMap": {
    "Na-Nazhou": [
      {
        "insertions": 445,
        "deletions": 129,
        "date": "2019-08-21",
        "commitResults": [
          {
            "hash": "4e125be599b967d2e3767d8bb6ce634d74eba3c6",
            "messageTitle": "Implement greet, echo and exit",
            "messageBody": "",
            "insertions": 16,
            "deletions": 6
          },
          {
            "hash": "353ce9cbfe0cc63d8d266b3502bdb8df479e7df2",
            "messageTitle": "Add the ability to store the task entered and display the list of tasks upon request",
            "messageBody": "",
            "insertions": 13,
            "deletions": 1
          },
          {
            "hash": "39788184d8343b6831e29ef12eb98a381fb5d0e1",
            "messageTitle": "Add Task class",
            "messageBody": "",
            "insertions": 21,
            "deletions": 0
          },
          {
            "hash": "386e34f4c98819c1d36bc5d81535c78324ed11f4",
            "messageTitle": "Add the ability to mark tasks as done",
            "messageBody": "",
            "insertions": 20,
            "deletions": 7
          },
          {
            "hash": "2423e00cc3c8fc29d5fbc938387352dc77026b89",
            "messageTitle": "Add Todo, Deadline, Event classes and modify Task class",
            "messageBody": "",
            "insertions": 47,
            "deletions": 2
          },
          {
            "hash": "e6c58094b379fa389c831e69b2563670d0c93ebd",
            "messageTitle": "Add support for tracking three types of tasks in Duke class",
            "messageBody": "",
            "insertions": 30,
            "deletions": 2
          },
          {
            "hash": "9ecb070699fc87a1a4f058e5f2f39f73c1df19b7",
            "messageTitle": "Add testing script and test cases",
            "messageBody": "",
            "insertions": 70,
            "deletions": 0
          },
          {
            "hash": "effbdf06b2652482fd61729ae3b31ea191dfd092",
            "messageTitle": "Handle invalid input",
            "messageBody": "",
            "insertions": 13,
            "deletions": 6
          },
          {
            "hash": "e37db34c6a82e41cef7a01a266532c16de119fc1",
            "messageTitle": "Add DukeException class and improve error handling",
            "messageBody": "",
            "insertions": 103,
            "deletions": 54
          },
          {
            "hash": "c1bda03a4582865bd646750a19bfdce7feb06353",
            "messageTitle": "Add support for deleting tasks from the list",
            "messageBody": "",
            "insertions": 19,
            "deletions": 8
          },
          {
            "hash": "12a41d7166615bc866e401376788394d08affe79",
            "messageTitle": "Add test cases for error messages and deleting tasks",
            "messageBody": "",
            "insertions": 44,
            "deletions": 4
          },
          {
            "hash": "de0eb2451e81a9123a539a5cf8214f5e84cecae8",
            "messageTitle": "Improve variable naming and error messages",
            "messageBody": "",
            "insertions": 49,
            "deletions": 39
          }
        ]
      },
      {
        "insertions": 141,
        "deletions": 82,
        "date": "2019-08-26",
        "commitResults": [
          {
            "hash": "fd8826f8057f457d97f0f0bdca05513cf90709e0",
            "messageTitle": "Update .gitignore and reformat code",
            "messageBody": "",
            "insertions": 64,
            "deletions": 63
          },
          {
            "hash": "a5243cf84b4aa528740490c7a8d512c329db8a00",
            "messageTitle": "Load the data from the hard disk when Duke starts up",
            "messageBody": "",
            "insertions": 77,
            "deletions": 19
          }
        ]
      },
      {
        "insertions": 970,
        "deletions": 443,
        "date": "2019-08-28",
        "commitResults": [
          {
            "hash": "fc972287ba6ad599194b460448204d913952dc05",
            "messageTitle": "Store date and time as LocalDate and LocalTime instead of String",
            "messageBody": "",
            "insertions": 69,
            "deletions": 6
          },
          {
            "hash": "590f9022d7168c9b22bc10f1f469d9a976a0cc64",
            "messageTitle": "Update tests to conform to new datetime format",
            "messageBody": "",
            "insertions": 13,
            "deletions": 13
          },
          {
            "hash": "9da5b23313e81d1ffa17dade577fe609e2ea8f89",
            "messageTitle": "Write to data/duke.txt before quiting Duke",
            "messageBody": "",
            "insertions": 36,
            "deletions": 0
          },
          {
            "hash": "baf6d7234426e2569d2bc7b75cfe7d1f6a5ad655",
            "messageTitle": "Add TaskList class to hanndle add/remove operation of tasks",
            "messageBody": "",
            "insertions": 73,
            "deletions": 40
          },
          {
            "hash": "4aaf5b7fb89899acf065bbb0bba524149df39e37",
            "messageTitle": "Add Storage class to deal with loading tasks from the file and saving tasks in the file",
            "messageBody": "",
            "insertions": 82,
            "deletions": 63
          },
          {
            "hash": "d5a7ebc247f0e718469074e1257fe77b229d3ebd",
            "messageTitle": "Add Ui class to deal with interactions with the user",
            "messageBody": "",
            "insertions": 103,
            "deletions": 49
          },
          {
            "hash": "30aa360e001c1b70aad38fa4fd0e1939a6d963cc",
            "messageTitle": "Add Parser and Command classes to handle input parsing and command execution",
            "messageBody": "",
            "insertions": 163,
            "deletions": 113
          },
          {
            "hash": "bb877f8cf661b997a3721029ac9305fd2577f105",
            "messageTitle": "Organize classes into packages and edit build.gradle",
            "messageBody": "",
            "insertions": 91,
            "deletions": 2
          },
          {
            "hash": "6528740f27beb4ce4babf52c114c07017fa13afd",
            "messageTitle": "Configure Gradle",
            "messageBody": "",
            "insertions": 21,
            "deletions": 0
          },
          {
            "hash": "1e540005373361d6f22501e2c957ef1288b572b4",
            "messageTitle": "Rename packages",
            "messageBody": "",
            "insertions": 69,
            "deletions": 65
          },
          {
            "hash": "e2e274fbf3149a1971a6712d96f360fe1c25d6f2",
            "messageTitle": "Add Junit test for Todo class",
            "messageBody": "",
            "insertions": 31,
            "deletions": 0
          },
          {
            "hash": "97fa96d1b7ba63602c586cecc5b59935ef1ec0e1",
            "messageTitle": "Implement keyword search for the task list",
            "messageBody": "",
            "insertions": 58,
            "deletions": 8
          },
          {
            "hash": "621b3260bb32fe2322a6612a1bada90d5e98a0f2",
            "messageTitle": "Tweak code to comply with the syle guide",
            "messageBody": "",
            "insertions": 36,
            "deletions": 36
          },
          {
            "hash": "4e25a8740525f429561a142c93d017d0b014fe66",
            "messageTitle": "Add JavaDoc comments to the code",
            "messageBody": "",
            "insertions": 121,
            "deletions": 44
          },
          {
            "hash": "d0628236049b028ff4f6e13d1d1c6eafd1465cc3",
            "messageTitle": "Fix JUnit tests",
            "messageBody": "",
            "insertions": 4,
            "deletions": 4
          }
        ]
      },
      {
        "insertions": 808,
        "deletions": 213,
        "date": "2019-08-29",
        "commitResults": [
          {
            "hash": "2602d5f7e00622b03475a8b4eac78e44f564dea6",
            "messageTitle": "Fix styles and add JavaDoc comments",
            "messageBody": "",
            "insertions": 229,
            "deletions": 126
          },
          {
            "hash": "2696df8f8f77089b398f5527176fd0d75d94532e",
            "messageTitle": "Add tests for classes in duke.task and Ui, TaskList classes",
            "messageBody": "",
            "insertions": 222,
            "deletions": 34
          },
          {
            "hash": "447ff5edd2a39dee16d806ce24ee3f0cb103c7d8",
            "messageTitle": "Add Junit tests for CommandParser and DateTimeParser",
            "messageBody": "",
            "insertions": 207,
            "deletions": 9
          },
          {
            "hash": "077b3f490019fdb56038ee31422913ef1b13f5e2",
            "messageTitle": "Add JavaDoc comments",
            "messageBody": "",
            "insertions": 150,
            "deletions": 44
          }
        ]
      }
    ]
  },
  "authorFinalContributionMap": {
    "Na-Nazhou": 1510
  },
  "authorFileTypeContributionMap": {
    "Na-Nazhou": {
      "java": 1358,
      "md": 0,
      "fxml": 0,
      "sh": 34,
      "bat": 0,
      "gradle": 23,
      "txt": 95
    }
  },
  "authorContributionVariance": {
    "Na-Nazhou": 190896.17
  },
  "authorDisplayNameMap": {
    "Na-Nazhou": "CS2103T-T13 NA NA ... AZHOU"
  }
}
