{
  "authorDailyContributionsMap": {
    "ChenJiehan318": [
      {
        "insertions": 33,
        "deletions": 1,
        "date": "2019-08-21",
        "commitResults": [
          {
            "hash": "edf8e35ceb6b05e5582c880a80770d8237c14448",
            "messageTitle": "Complete Level 1",
            "messageBody": "",
            "insertions": 33,
            "deletions": 1
          }
        ]
      },
      {
        "insertions": 225,
        "deletions": 65,
        "date": "2019-08-22",
        "commitResults": [
          {
            "hash": "ddaef0b86b24a1eae42a630792edcd03b97f1885",
            "messageTitle": "Complete Level 2",
            "messageBody": "",
            "insertions": 25,
            "deletions": 11
          },
          {
            "hash": "824904114c270910926ab8dac2c84cbca4500beb",
            "messageTitle": "Complete Level 3",
            "messageBody": "",
            "insertions": 45,
            "deletions": 13
          },
          {
            "hash": "0600a98dab8fe3f4ba8b7bc6146de04925a66fbd",
            "messageTitle": "Complete Level 4",
            "messageBody": "",
            "insertions": 78,
            "deletions": 7
          },
          {
            "hash": "4413d92063deda58458e6e45c45c3bedf6f576f3",
            "messageTitle": "Complete Level 5",
            "messageBody": "",
            "insertions": 55,
            "deletions": 29
          },
          {
            "hash": "13b8591e995f89df5e3d43b8a651f3cb6c64abc1",
            "messageTitle": "Complete Level 6",
            "messageBody": "",
            "insertions": 22,
            "deletions": 5
          }
        ]
      },
      {
        "insertions": 61,
        "deletions": 1,
        "date": "2019-08-26",
        "commitResults": [
          {
            "hash": "769b1271f4346b6c30dde8c2f3c85f363b62c3d8",
            "messageTitle": "Complete Level 7",
            "messageBody": "",
            "insertions": 61,
            "deletions": 1
          }
        ]
      },
      {
        "insertions": 50,
        "deletions": 1,
        "date": "2019-08-27",
        "commitResults": [
          {
            "hash": "a1fd1d82ce5acb8d1c3cb3e0676cf14aa426fb46",
            "messageTitle": "Complete Level 8",
            "messageBody": "",
            "insertions": 50,
            "deletions": 1
          }
        ]
      }
    ]
  },
  "authorFinalContributionMap": {
    "ChenJiehan318": 300
  },
  "authorFileTypeContributionMap": {
    "ChenJiehan318": {
      "java": 298,
      "md": 0,
      "fxml": 0,
      "sh": 0,
      "bat": 0,
      "gradle": 0,
      "txt": 2
    }
  },
  "authorContributionVariance": {
    "ChenJiehan318": 6315.5757
  },
  "authorDisplayNameMap": {
    "ChenJiehan318": "CHEN  ... IEHAN"
  }
}
