{
  "authorDailyContributionsMap": {
    "fangpinsern": [
      {
        "insertions": 329,
        "deletions": 55,
        "date": "2019-08-20",
        "commitResults": [
          {
            "hash": "716a443b744db1208bd5746363c4ba641f20c669",
            "messageTitle": "Level1GreetEchoExit",
            "messageBody": "",
            "insertions": 29,
            "deletions": 0
          },
          {
            "hash": "b8c217895d3ea6b634eec6de8d15aac41a0e749c",
            "messageTitle": "Level1GreetEchoExit2.0",
            "messageBody": "",
            "insertions": 23,
            "deletions": 15
          },
          {
            "hash": "1e89c1ed6c8ae9c9578614ea33791cd20644e6e3",
            "messageTitle": "Level2AddList",
            "messageBody": "",
            "insertions": 17,
            "deletions": 2
          },
          {
            "hash": "71d1939aba3adfd3a2bb963620ac045c58b047e0",
            "messageTitle": "Level3MarkAsDone",
            "messageBody": "",
            "insertions": 52,
            "deletions": 7
          },
          {
            "hash": "9a9be6ae6db6b2cfac5368b8fd99cac16d62143a",
            "messageTitle": "Level4ToDosEventsDeadlines",
            "messageBody": "",
            "insertions": 96,
            "deletions": 7
          },
          {
            "hash": "fab789cbba879f891eeff367e4cd342a50008e5e",
            "messageTitle": "Level5HandleErrors",
            "messageBody": "",
            "insertions": 95,
            "deletions": 22
          },
          {
            "hash": "8f82afc55543d75508538b08b95de357ff3729d1",
            "messageTitle": "Level6Delete Delete errors not handled yet",
            "messageBody": "",
            "insertions": 17,
            "deletions": 2
          }
        ]
      },
      {
        "insertions": 507,
        "deletions": 185,
        "date": "2019-08-27",
        "commitResults": [
          {
            "hash": "99bf847ee9b8db003470d95bc5fe9826e5777ed0",
            "messageTitle": "Level 6 version 2.0 Delete error still not done.",
            "messageBody": "",
            "insertions": 66,
            "deletions": 23
          },
          {
            "hash": "c1135b745662482cfb2f10c5f8bc95ba69cf6d5e",
            "messageTitle": "Level 7 1.0 added file read and write capabilities",
            "messageBody": "",
            "insertions": 137,
            "deletions": 5
          },
          {
            "hash": "b828c7dc4beddbd52f63ea4c0d217b0d9582d821",
            "messageTitle": "Level 8 1.0 improved date functionality",
            "messageBody": "",
            "insertions": 27,
            "deletions": 4
          },
          {
            "hash": "c9d9d4d320cb221ac33c84184bee3e899a775343",
            "messageTitle": "Level 7 File Reading and writing capabilities included",
            "messageBody": "",
            "insertions": 0,
            "deletions": 3
          },
          {
            "hash": "f003674c6c7d0974aaaea1c78134edb6a9c9db7e",
            "messageTitle": "Level-7 Read and Write to file capabilities added",
            "messageBody": "",
            "insertions": 0,
            "deletions": 0
          },
          {
            "hash": "3464a2b5a9276d7636018c879bf07cb14aca63dd",
            "messageTitle": "Level 7 Read and Write to file capabilities added",
            "messageBody": "",
            "insertions": 1,
            "deletions": 1
          },
          {
            "hash": "c1747b166591b5dcbb5e9f875348784235d54c70",
            "messageTitle": "A-MoreOOP",
            "messageBody": "abstract classes out\n",
            "insertions": 276,
            "deletions": 149
          }
        ]
      },
      {
        "insertions": 108,
        "deletions": 72,
        "date": "2019-08-31",
        "commitResults": [
          {
            "hash": "0f7043d3327a74614759bcca7190ce0ae9112247",
            "messageTitle": "A-Packages",
            "messageBody": "grouped tasks into a task package\n",
            "insertions": 35,
            "deletions": 12
          },
          {
            "hash": "0ce267eaf1edb9c46af6c7bd254186071d77c1b5",
            "messageTitle": "Packaging 2.0",
            "messageBody": "more packaging\n",
            "insertions": 73,
            "deletions": 60
          }
        ]
      }
    ]
  },
  "authorFinalContributionMap": {
    "fangpinsern": 644
  },
  "authorFileTypeContributionMap": {
    "fangpinsern": {
      "java": 641,
      "md": 0,
      "fxml": 0,
      "sh": 0,
      "bat": 0,
      "gradle": 0,
      "txt": 3
    }
  },
  "authorContributionVariance": {
    "fangpinsern": 35007.75
  },
  "authorDisplayNameMap": {
    "fangpinsern": "FANG  ...  SERN"
  }
}
