{
  "authorDailyContributionsMap": {
    "uberSaiyan": [
      {
        "insertions": 280,
        "deletions": 52,
        "date": "2019-08-22",
        "commitResults": [
          {
            "hash": "4c4d9b451120002a12de562b16077ff4f994c1c4",
            "messageTitle": "Added greetings upon startup",
            "messageBody": "",
            "insertions": 11,
            "deletions": 6
          },
          {
            "hash": "150ce8ee9dccc22a8a81959994398b3b2bcf6c92",
            "messageTitle": "Added greet, echo, exit",
            "messageBody": "",
            "insertions": 43,
            "deletions": 8
          },
          {
            "hash": "a129d58899a443b40ba8be185ba1cbef68495717",
            "messageTitle": "Added list to store input",
            "messageBody": "",
            "insertions": 32,
            "deletions": 10
          },
          {
            "hash": "f9ff574f248f29516ed6757bad737ea03e065c55",
            "messageTitle": "Added mark as done",
            "messageBody": "",
            "insertions": 46,
            "deletions": 10
          },
          {
            "hash": "aafd4578852d1223f54d9f4c7074170bf8dbcede",
            "messageTitle": "Implemented Todo, Deadline, Event",
            "messageBody": "",
            "insertions": 81,
            "deletions": 12
          },
          {
            "hash": "a0d1143a509127ba83345f32b7cdbe25e02e1ed4",
            "messageTitle": "Added Text UI Testing",
            "messageBody": "",
            "insertions": 45,
            "deletions": 1
          },
          {
            "hash": "88811d9055f8ff827e496c30c45fcc89f2057455",
            "messageTitle": "Added error handling",
            "messageBody": "",
            "insertions": 7,
            "deletions": 2
          },
          {
            "hash": "dfe67462c496cfd2f18324a95baf8a0af4603c7d",
            "messageTitle": "Added delete function",
            "messageBody": "",
            "insertions": 13,
            "deletions": 2
          },
          {
            "hash": "519731856e6a5915ec3cd172c2c270c5fda6be37",
            "messageTitle": "Fixed error in Event print message",
            "messageBody": "",
            "insertions": 1,
            "deletions": 1
          },
          {
            "hash": "4737e31cb850a2fc01a960841bc993cefa336d2f",
            "messageTitle": "Updated test",
            "messageBody": "",
            "insertions": 1,
            "deletions": 0
          }
        ]
      },
      {
        "insertions": 339,
        "deletions": 162,
        "date": "2019-08-24",
        "commitResults": [
          {
            "hash": "7fefd9d38f5518fb1593b0f456b6abf20e445098",
            "messageTitle": "Refactored Duke class",
            "messageBody": "",
            "insertions": 125,
            "deletions": 98
          },
          {
            "hash": "07b0d0a900e991ac7f3300ee5a8dcffd924db448",
            "messageTitle": "Added saving functionality",
            "messageBody": "",
            "insertions": 112,
            "deletions": 20
          },
          {
            "hash": "bd7d417f44569884302505dc4e47d978667e1e09",
            "messageTitle": "Added dates and times",
            "messageBody": "",
            "insertions": 102,
            "deletions": 44
          }
        ]
      },
      {
        "insertions": 663,
        "deletions": 315,
        "date": "2019-08-28",
        "commitResults": [
          {
            "hash": "a26c5009f66ab39d27899b6c2201e878347ea59b",
            "messageTitle": "Refactored code",
            "messageBody": "",
            "insertions": 400,
            "deletions": 306
          },
          {
            "hash": "df23d9ed74bee3ca53b952d0c8e1ce12f1472e71",
            "messageTitle": "Divided classes into packages",
            "messageBody": "",
            "insertions": 91,
            "deletions": 0
          },
          {
            "hash": "339432a16b8ad646b008255bf2c408c7ccbaa9ea",
            "messageTitle": "Added JUnit Testing",
            "messageBody": "",
            "insertions": 92,
            "deletions": 3
          },
          {
            "hash": "431a4bb406dafdfea2404faf62988c11d2f6aba6",
            "messageTitle": "Added javadoc comments",
            "messageBody": "",
            "insertions": 19,
            "deletions": 0
          },
          {
            "hash": "cdbd63e79e361afae7e07c85bed15139254e03e0",
            "messageTitle": "Changed access modifiers to private",
            "messageBody": "",
            "insertions": 2,
            "deletions": 2
          },
          {
            "hash": "9b66cfa634b91cc278d605dd5a7db9ea30055cd7",
            "messageTitle": "Added find command",
            "messageBody": "",
            "insertions": 56,
            "deletions": 3
          },
          {
            "hash": "786d09ee28908f8fe394945aca858acb3e57a850",
            "messageTitle": "Fixed delete command",
            "messageBody": "",
            "insertions": 3,
            "deletions": 1
          }
        ]
      },
      {
        "insertions": 25,
        "deletions": 0,
        "date": "2019-08-29",
        "commitResults": [
          {
            "hash": "cb233dd682f7853aba67e57643aa52ba8a955d34",
            "messageTitle": "Added Gradle support",
            "messageBody": "",
            "insertions": 20,
            "deletions": 0
          },
          {
            "hash": "93efb1216e332fe1e7cca8c9eee542e2f736a7e9",
            "messageTitle": "Added CheckStyle support",
            "messageBody": "",
            "insertions": 5,
            "deletions": 0
          }
        ]
      },
      {
        "insertions": 118,
        "deletions": 24,
        "date": "2019-08-30",
        "commitResults": [
          {
            "hash": "50969a72e61f106851a36725b4dfd62e177aa2fc",
            "messageTitle": "Fixed Javadocs to comply with checkstyle",
            "messageBody": "",
            "insertions": 50,
            "deletions": 16
          },
          {
            "hash": "01915d3e524cc30341de69c18e5416555def169a",
            "messageTitle": "Added Shadow and JUnit to gradle",
            "messageBody": "",
            "insertions": 16,
            "deletions": 0
          },
          {
            "hash": "fba3890088a4469464e3015733071db91b68ecb0",
            "messageTitle": "Fixed tests to comply with checkstyle",
            "messageBody": "",
            "insertions": 16,
            "deletions": 6
          },
          {
            "hash": "dd27504b654f0827419a8b1c7082de9405d6414f",
            "messageTitle": "Added GUI Part 1",
            "messageBody": "",
            "insertions": 36,
            "deletions": 2
          }
        ]
      },
      {
        "insertions": 299,
        "deletions": 1359,
        "date": "2019-08-31",
        "commitResults": [
          {
            "hash": "00a5cbca56c90f93148a08cbd0d83dd3f37701d2",
            "messageTitle": "Added basic GUI",
            "messageBody": "",
            "insertions": 181,
            "deletions": 13
          },
          {
            "hash": "949e091e151bd45231942e06e37ad3a47d1d1ac7",
            "messageTitle": "Refactored code for GUI",
            "messageBody": "",
            "insertions": 118,
            "deletions": 3
          },
          {
            "hash": "2b62c2c27bbf2ac8e545c88d1adc974920c42756",
            "messageTitle": "Removed redundant files",
            "messageBody": "",
            "insertions": 0,
            "deletions": 1343
          }
        ]
      }
    ]
  },
  "authorFinalContributionMap": {
    "uberSaiyan": 952
  },
  "authorFileTypeContributionMap": {
    "uberSaiyan": {
      "java": 823,
      "md": 0,
      "fxml": 35,
      "sh": 34,
      "bat": 0,
      "gradle": 49,
      "txt": 11
    }
  },
  "authorContributionVariance": {
    "uberSaiyan": 203823.8
  },
  "authorDisplayNameMap": {
    "uberSaiyan": "CS2103T-T09 YAN W ... LIANG"
  }
}
