{
  "authorDailyContributionsMap": {
    "DivineDX": [
      {
        "insertions": 107,
        "deletions": 10,
        "date": "2019-08-20",
        "commitResults": [
          {
            "hash": "75d0e93b569dbe35393d60b504835d0b0ee8d1ae",
            "messageTitle": "Level 1",
            "messageBody": "",
            "insertions": 43,
            "deletions": 2
          },
          {
            "hash": "dae09766d91b309c402c6c06cc739de3c18c10a1",
            "messageTitle": "Level 2",
            "messageBody": "",
            "insertions": 32,
            "deletions": 3
          },
          {
            "hash": "9d4343716704f5de6c6f0d049312ac9e667627d8",
            "messageTitle": "Level 3",
            "messageBody": "",
            "insertions": 32,
            "deletions": 5
          }
        ]
      },
      {
        "insertions": 171,
        "deletions": 54,
        "date": "2019-08-21",
        "commitResults": [
          {
            "hash": "c34510dfce37383ba2cc41d813dfac76a1374bcf",
            "messageTitle": "Level 4",
            "messageBody": "",
            "insertions": 99,
            "deletions": 24
          },
          {
            "hash": "af592f9205809e48f56d563d15f64a42bbc69a80",
            "messageTitle": "Refactoring",
            "messageBody": "",
            "insertions": 26,
            "deletions": 19
          },
          {
            "hash": "c5e9ddc36b2af81452af25b2e9d46035816b22a0",
            "messageTitle": "Level 5",
            "messageBody": "",
            "insertions": 26,
            "deletions": 10
          },
          {
            "hash": "f6777111607228f80b009b4c4f3a4622f490be76",
            "messageTitle": "Level 6",
            "messageBody": "",
            "insertions": 20,
            "deletions": 1
          }
        ]
      }
    ]
  },
  "authorFinalContributionMap": {
    "DivineDX": 216
  },
  "authorFileTypeContributionMap": {
    "DivineDX": {
      "java": 216
    }
  },
  "authorContributionVariance": {
    "DivineDX": 7470.0
  },
  "authorDisplayNameMap": {
    "DivineDX": "Chia De Xun"
  }
}
