[
  {
    "path": "src/main/java/Deadline.java",
    "fileType": "java",
    "lines": [
      {
        "lineNumber": 1,
        "author": {
          "gitId": "brebeek"
        },
        "content": "public class Deadline extends Task {"
      },
      {
        "lineNumber": 2,
        "author": {
          "gitId": "brebeek"
        },
        "content": ""
      },
      {
        "lineNumber": 3,
        "author": {
          "gitId": "brebeek"
        },
        "content": "    protected String by;"
      },
      {
        "lineNumber": 4,
        "author": {
          "gitId": "brebeek"
        },
        "content": ""
      },
      {
        "lineNumber": 5,
        "author": {
          "gitId": "brebeek"
        },
        "content": "    public Deadline(String description, String by) {"
      },
      {
        "lineNumber": 6,
        "author": {
          "gitId": "brebeek"
        },
        "content": "        super(description);"
      },
      {
        "lineNumber": 7,
        "author": {
          "gitId": "brebeek"
        },
        "content": "        this.by \u003d by;"
      },
      {
        "lineNumber": 8,
        "author": {
          "gitId": "brebeek"
        },
        "content": "    }"
      },
      {
        "lineNumber": 9,
        "author": {
          "gitId": "brebeek"
        },
        "content": ""
      },
      {
        "lineNumber": 10,
        "author": {
          "gitId": "brebeek"
        },
        "content": "    @Override"
      },
      {
        "lineNumber": 11,
        "author": {
          "gitId": "brebeek"
        },
        "content": "    public String toString() {"
      },
      {
        "lineNumber": 12,
        "author": {
          "gitId": "brebeek"
        },
        "content": "        return \"[D]\" + super.toString() + \" (by: \" + by + \")\";"
      },
      {
        "lineNumber": 13,
        "author": {
          "gitId": "brebeek"
        },
        "content": "    }"
      },
      {
        "lineNumber": 14,
        "author": {
          "gitId": "brebeek"
        },
        "content": "}"
      }
    ],
    "authorContributionMap": {
      "brebeek": 14
    }
  },
  {
    "path": "src/main/java/Duke.java",
    "fileType": "java",
    "lines": [
      {
        "lineNumber": 1,
        "author": {
          "gitId": "brebeek"
        },
        "content": "import java.util.Scanner;"
      },
      {
        "lineNumber": 2,
        "author": {
          "gitId": "brebeek"
        },
        "content": "import java.util.LinkedList;"
      },
      {
        "lineNumber": 3,
        "author": {
          "gitId": "brebeek"
        },
        "content": ""
      },
      {
        "lineNumber": 4,
        "author": {
          "gitId": "-"
        },
        "content": "public class Duke {"
      },
      {
        "lineNumber": 5,
        "author": {
          "gitId": "-"
        },
        "content": "    public static void main(String[] args) {"
      },
      {
        "lineNumber": 6,
        "author": {
          "gitId": "-"
        },
        "content": "        String logo \u003d \" ____        _        \\n\""
      },
      {
        "lineNumber": 7,
        "author": {
          "gitId": "-"
        },
        "content": "                + \"|  _ \\\\ _   _| | _____ \\n\""
      },
      {
        "lineNumber": 8,
        "author": {
          "gitId": "-"
        },
        "content": "                + \"| | | | | | | |/ / _ \\\\\\n\""
      },
      {
        "lineNumber": 9,
        "author": {
          "gitId": "-"
        },
        "content": "                + \"| |_| | |_| |   \u003c  __/\\n\""
      },
      {
        "lineNumber": 10,
        "author": {
          "gitId": "-"
        },
        "content": "                + \"|____/ \\\\__,_|_|\\\\_\\\\___|\\n\";"
      },
      {
        "lineNumber": 11,
        "author": {
          "gitId": "-"
        },
        "content": "        System.out.println(\"Hello from\\n\" + logo);"
      },
      {
        "lineNumber": 12,
        "author": {
          "gitId": "brebeek"
        },
        "content": "        System.out.println(\"Hello! I\u0027m Duke\\n\" + \"What can I do for you?\");"
      },
      {
        "lineNumber": 13,
        "author": {
          "gitId": "brebeek"
        },
        "content": "        while (true) {"
      },
      {
        "lineNumber": 14,
        "author": {
          "gitId": "brebeek"
        },
        "content": "            try {"
      },
      {
        "lineNumber": 15,
        "author": {
          "gitId": "brebeek"
        },
        "content": "                run();"
      },
      {
        "lineNumber": 16,
        "author": {
          "gitId": "brebeek"
        },
        "content": "            } catch (DukeIllegalActionException | DukeIllegalDescriptionException e) {"
      },
      {
        "lineNumber": 17,
        "author": {
          "gitId": "brebeek"
        },
        "content": "                System.out.println(e.getMessage());"
      },
      {
        "lineNumber": 18,
        "author": {
          "gitId": "brebeek"
        },
        "content": "            } catch (IllegalStateException e) {"
      },
      {
        "lineNumber": 19,
        "author": {
          "gitId": "brebeek"
        },
        "content": "                break;"
      },
      {
        "lineNumber": 20,
        "author": {
          "gitId": "brebeek"
        },
        "content": "            }"
      },
      {
        "lineNumber": 21,
        "author": {
          "gitId": "brebeek"
        },
        "content": "        }"
      },
      {
        "lineNumber": 22,
        "author": {
          "gitId": "-"
        },
        "content": "    }"
      },
      {
        "lineNumber": 23,
        "author": {
          "gitId": "brebeek"
        },
        "content": "    private static LinkedList\u003cTask\u003e tasks \u003d new LinkedList\u003c\u003e();"
      },
      {
        "lineNumber": 24,
        "author": {
          "gitId": "brebeek"
        },
        "content": "    private static void run() throws DukeIllegalActionException, DukeIllegalDescriptionException {"
      },
      {
        "lineNumber": 25,
        "author": {
          "gitId": "brebeek"
        },
        "content": "        Scanner sc \u003d new Scanner(System.in);"
      },
      {
        "lineNumber": 26,
        "author": {
          "gitId": "brebeek"
        },
        "content": ""
      },
      {
        "lineNumber": 27,
        "author": {
          "gitId": "brebeek"
        },
        "content": "        while(sc.hasNext()) {"
      },
      {
        "lineNumber": 28,
        "author": {
          "gitId": "brebeek"
        },
        "content": "            String act \u003d sc.next();"
      },
      {
        "lineNumber": 29,
        "author": {
          "gitId": "brebeek"
        },
        "content": "            try {"
      },
      {
        "lineNumber": 30,
        "author": {
          "gitId": "brebeek"
        },
        "content": "                switch (Action.valueOf(act)) {"
      },
      {
        "lineNumber": 31,
        "author": {
          "gitId": "brebeek"
        },
        "content": "                    case list:"
      },
      {
        "lineNumber": 32,
        "author": {
          "gitId": "brebeek"
        },
        "content": "                        System.out.println(\"Here are the tasks in your list:\\n\");"
      },
      {
        "lineNumber": 33,
        "author": {
          "gitId": "brebeek"
        },
        "content": "                        for (int i \u003d 0; i \u003c tasks.size(); i++) {"
      },
      {
        "lineNumber": 34,
        "author": {
          "gitId": "brebeek"
        },
        "content": "                            System.out.println(1 + i + \".\" + tasks.get(i).toString());"
      },
      {
        "lineNumber": 35,
        "author": {
          "gitId": "brebeek"
        },
        "content": "                        }"
      },
      {
        "lineNumber": 36,
        "author": {
          "gitId": "brebeek"
        },
        "content": "                        break;"
      },
      {
        "lineNumber": 37,
        "author": {
          "gitId": "brebeek"
        },
        "content": "                    case bye:"
      },
      {
        "lineNumber": 38,
        "author": {
          "gitId": "brebeek"
        },
        "content": "                        System.out.println(\"Bye. Hope to see you again soon!\");"
      },
      {
        "lineNumber": 39,
        "author": {
          "gitId": "brebeek"
        },
        "content": "                        sc.close();"
      },
      {
        "lineNumber": 40,
        "author": {
          "gitId": "brebeek"
        },
        "content": "                        break;"
      },
      {
        "lineNumber": 41,
        "author": {
          "gitId": "brebeek"
        },
        "content": "                    case done:"
      },
      {
        "lineNumber": 42,
        "author": {
          "gitId": "brebeek"
        },
        "content": "                        int n \u003d sc.nextInt();"
      },
      {
        "lineNumber": 43,
        "author": {
          "gitId": "brebeek"
        },
        "content": "                        tasks.get(n - 1).setDone();"
      },
      {
        "lineNumber": 44,
        "author": {
          "gitId": "brebeek"
        },
        "content": "                        System.out.println(\"Nice! I\u0027ve marked this task as done:\\n\" + tasks.get(n - 1).toString());"
      },
      {
        "lineNumber": 45,
        "author": {
          "gitId": "brebeek"
        },
        "content": "                        break;"
      },
      {
        "lineNumber": 46,
        "author": {
          "gitId": "brebeek"
        },
        "content": "                    case todo:"
      },
      {
        "lineNumber": 47,
        "author": {
          "gitId": "brebeek"
        },
        "content": "                        String tdDescription \u003d sc.nextLine();"
      },
      {
        "lineNumber": 48,
        "author": {
          "gitId": "brebeek"
        },
        "content": "                        if (tdDescription.isBlank()) {"
      },
      {
        "lineNumber": 49,
        "author": {
          "gitId": "brebeek"
        },
        "content": "                            throw new DukeIllegalDescriptionException(act);"
      },
      {
        "lineNumber": 50,
        "author": {
          "gitId": "brebeek"
        },
        "content": "                        } else {"
      },
      {
        "lineNumber": 51,
        "author": {
          "gitId": "brebeek"
        },
        "content": "                            Task todo \u003d new ToDo(tdDescription);"
      },
      {
        "lineNumber": 52,
        "author": {
          "gitId": "brebeek"
        },
        "content": "                            tasks.add(todo);"
      },
      {
        "lineNumber": 53,
        "author": {
          "gitId": "brebeek"
        },
        "content": "                            System.out.println(\"Got it. I\u0027ve added this task: \\n\" + todo.toString()"
      },
      {
        "lineNumber": 54,
        "author": {
          "gitId": "brebeek"
        },
        "content": "                                    + \"\\nNow you have \" + (tasks.size()) + \" tasks in the list.\");"
      },
      {
        "lineNumber": 55,
        "author": {
          "gitId": "brebeek"
        },
        "content": "                        }"
      },
      {
        "lineNumber": 56,
        "author": {
          "gitId": "brebeek"
        },
        "content": "                        break;"
      },
      {
        "lineNumber": 57,
        "author": {
          "gitId": "brebeek"
        },
        "content": "                    case deadline:"
      },
      {
        "lineNumber": 58,
        "author": {
          "gitId": "brebeek"
        },
        "content": "                        String dlDetail \u003d sc.nextLine();"
      },
      {
        "lineNumber": 59,
        "author": {
          "gitId": "brebeek"
        },
        "content": "                        int dlDivision \u003d dlDetail.indexOf(\"/\");"
      },
      {
        "lineNumber": 60,
        "author": {
          "gitId": "brebeek"
        },
        "content": "                        try {"
      },
      {
        "lineNumber": 61,
        "author": {
          "gitId": "brebeek"
        },
        "content": "                            String dlDescription \u003d dlDetail.substring(0, dlDivision - 1);"
      },
      {
        "lineNumber": 62,
        "author": {
          "gitId": "brebeek"
        },
        "content": "                            String by \u003d dlDetail.substring(dlDivision + 3, dlDetail.length());"
      },
      {
        "lineNumber": 63,
        "author": {
          "gitId": "brebeek"
        },
        "content": "                            Task dl \u003d new Deadline(dlDescription, by);"
      },
      {
        "lineNumber": 64,
        "author": {
          "gitId": "brebeek"
        },
        "content": "                            tasks.add(dl);"
      },
      {
        "lineNumber": 65,
        "author": {
          "gitId": "brebeek"
        },
        "content": "                            System.out.println(\"Got it. I\u0027ve added this task: \\n\" + dl.toString()"
      },
      {
        "lineNumber": 66,
        "author": {
          "gitId": "brebeek"
        },
        "content": "                                    + \"\\nNow you have \" + (tasks.size()) + \" tasks in the list.\");"
      },
      {
        "lineNumber": 67,
        "author": {
          "gitId": "brebeek"
        },
        "content": "                        } catch (StringIndexOutOfBoundsException e) {"
      },
      {
        "lineNumber": 68,
        "author": {
          "gitId": "brebeek"
        },
        "content": "                            throw new DukeIllegalDescriptionException(act);"
      },
      {
        "lineNumber": 69,
        "author": {
          "gitId": "brebeek"
        },
        "content": "                        }"
      },
      {
        "lineNumber": 70,
        "author": {
          "gitId": "brebeek"
        },
        "content": "                        break;"
      },
      {
        "lineNumber": 71,
        "author": {
          "gitId": "brebeek"
        },
        "content": "                    case event:"
      },
      {
        "lineNumber": 72,
        "author": {
          "gitId": "brebeek"
        },
        "content": "                        String eventDetail \u003d sc.nextLine();"
      },
      {
        "lineNumber": 73,
        "author": {
          "gitId": "brebeek"
        },
        "content": "                        int eventDivision \u003d eventDetail.indexOf(\"/\");"
      },
      {
        "lineNumber": 74,
        "author": {
          "gitId": "brebeek"
        },
        "content": "                        try {"
      },
      {
        "lineNumber": 75,
        "author": {
          "gitId": "brebeek"
        },
        "content": "                            String eventDescription \u003d eventDetail.substring(0, eventDivision - 1);"
      },
      {
        "lineNumber": 76,
        "author": {
          "gitId": "brebeek"
        },
        "content": "                            String at \u003d eventDetail.substring(eventDivision + 3, eventDetail.length());"
      },
      {
        "lineNumber": 77,
        "author": {
          "gitId": "brebeek"
        },
        "content": "                            Task event \u003d new Event(eventDescription, at);"
      },
      {
        "lineNumber": 78,
        "author": {
          "gitId": "brebeek"
        },
        "content": "                            tasks.add(event);"
      },
      {
        "lineNumber": 79,
        "author": {
          "gitId": "brebeek"
        },
        "content": "                            System.out.println(\"Got it. I\u0027ve added this task: \\n\" + event.toString()"
      },
      {
        "lineNumber": 80,
        "author": {
          "gitId": "brebeek"
        },
        "content": "                                    + \"\\nNow you have \" + (tasks.size()) + \" tasks in the list.\");"
      },
      {
        "lineNumber": 81,
        "author": {
          "gitId": "brebeek"
        },
        "content": "                        } catch (StringIndexOutOfBoundsException e) {"
      },
      {
        "lineNumber": 82,
        "author": {
          "gitId": "brebeek"
        },
        "content": "                            throw new DukeIllegalDescriptionException(act);"
      },
      {
        "lineNumber": 83,
        "author": {
          "gitId": "brebeek"
        },
        "content": "                        }"
      },
      {
        "lineNumber": 84,
        "author": {
          "gitId": "brebeek"
        },
        "content": "                        break;"
      },
      {
        "lineNumber": 85,
        "author": {
          "gitId": "brebeek"
        },
        "content": "                    case delete:"
      },
      {
        "lineNumber": 86,
        "author": {
          "gitId": "brebeek"
        },
        "content": "                        int d \u003d sc.nextInt() - 1;"
      },
      {
        "lineNumber": 87,
        "author": {
          "gitId": "brebeek"
        },
        "content": "                        Task temp \u003d tasks.get(d);"
      },
      {
        "lineNumber": 88,
        "author": {
          "gitId": "brebeek"
        },
        "content": "                        tasks.remove(d);"
      },
      {
        "lineNumber": 89,
        "author": {
          "gitId": "brebeek"
        },
        "content": "                        System.out.println(\"Noted. I\u0027ve removed this task: \\n\" + temp.toString()"
      },
      {
        "lineNumber": 90,
        "author": {
          "gitId": "brebeek"
        },
        "content": "                                + \"\\nNow you have \" + (tasks.size()) + \" tasks in the list.\");"
      },
      {
        "lineNumber": 91,
        "author": {
          "gitId": "brebeek"
        },
        "content": "                        break;"
      },
      {
        "lineNumber": 92,
        "author": {
          "gitId": "brebeek"
        },
        "content": "                }"
      },
      {
        "lineNumber": 93,
        "author": {
          "gitId": "brebeek"
        },
        "content": "            } catch(IllegalArgumentException e) {"
      },
      {
        "lineNumber": 94,
        "author": {
          "gitId": "brebeek"
        },
        "content": "                throw new DukeIllegalActionException();"
      },
      {
        "lineNumber": 95,
        "author": {
          "gitId": "brebeek"
        },
        "content": "            }"
      },
      {
        "lineNumber": 96,
        "author": {
          "gitId": "brebeek"
        },
        "content": "        }"
      },
      {
        "lineNumber": 97,
        "author": {
          "gitId": "brebeek"
        },
        "content": "    }"
      },
      {
        "lineNumber": 98,
        "author": {
          "gitId": "brebeek"
        },
        "content": "}"
      },
      {
        "lineNumber": 99,
        "author": {
          "gitId": "brebeek"
        },
        "content": ""
      },
      {
        "lineNumber": 100,
        "author": {
          "gitId": "brebeek"
        },
        "content": "enum Action {"
      },
      {
        "lineNumber": 101,
        "author": {
          "gitId": "brebeek"
        },
        "content": "    list, bye, done, todo, deadline, event, delete"
      },
      {
        "lineNumber": 102,
        "author": {
          "gitId": "-"
        },
        "content": "}"
      }
    ],
    "authorContributionMap": {
      "brebeek": 92,
      "-": 10
    }
  },
  {
    "path": "src/main/java/DukeIllegalActionException.java",
    "fileType": "java",
    "lines": [
      {
        "lineNumber": 1,
        "author": {
          "gitId": "brebeek"
        },
        "content": "public class DukeIllegalActionException extends Exception {"
      },
      {
        "lineNumber": 2,
        "author": {
          "gitId": "brebeek"
        },
        "content": "    public DukeIllegalActionException() {"
      },
      {
        "lineNumber": 3,
        "author": {
          "gitId": "brebeek"
        },
        "content": "        super(\"☹ OOPS!!! I\u0027m sorry, but I don\u0027t know what that means :-(\");"
      },
      {
        "lineNumber": 4,
        "author": {
          "gitId": "brebeek"
        },
        "content": "    }"
      },
      {
        "lineNumber": 5,
        "author": {
          "gitId": "brebeek"
        },
        "content": "}"
      }
    ],
    "authorContributionMap": {
      "brebeek": 5
    }
  },
  {
    "path": "src/main/java/DukeIllegalDescriptionException.java",
    "fileType": "java",
    "lines": [
      {
        "lineNumber": 1,
        "author": {
          "gitId": "brebeek"
        },
        "content": "public class DukeIllegalDescriptionException extends Exception {"
      },
      {
        "lineNumber": 2,
        "author": {
          "gitId": "brebeek"
        },
        "content": "    public DukeIllegalDescriptionException(String act) {"
      },
      {
        "lineNumber": 3,
        "author": {
          "gitId": "brebeek"
        },
        "content": "        super(\"☹ OOPS!!! The description of a \"+act+\" cannot be empty.\");"
      },
      {
        "lineNumber": 4,
        "author": {
          "gitId": "brebeek"
        },
        "content": "    }"
      },
      {
        "lineNumber": 5,
        "author": {
          "gitId": "brebeek"
        },
        "content": "}"
      }
    ],
    "authorContributionMap": {
      "brebeek": 5
    }
  },
  {
    "path": "src/main/java/Event.java",
    "fileType": "java",
    "lines": [
      {
        "lineNumber": 1,
        "author": {
          "gitId": "brebeek"
        },
        "content": "public class Event extends Task {"
      },
      {
        "lineNumber": 2,
        "author": {
          "gitId": "brebeek"
        },
        "content": ""
      },
      {
        "lineNumber": 3,
        "author": {
          "gitId": "brebeek"
        },
        "content": "    protected String at;"
      },
      {
        "lineNumber": 4,
        "author": {
          "gitId": "brebeek"
        },
        "content": ""
      },
      {
        "lineNumber": 5,
        "author": {
          "gitId": "brebeek"
        },
        "content": "    public Event(String description, String at) {"
      },
      {
        "lineNumber": 6,
        "author": {
          "gitId": "brebeek"
        },
        "content": "        super(description);"
      },
      {
        "lineNumber": 7,
        "author": {
          "gitId": "brebeek"
        },
        "content": "        this.at \u003d at;"
      },
      {
        "lineNumber": 8,
        "author": {
          "gitId": "brebeek"
        },
        "content": "    }"
      },
      {
        "lineNumber": 9,
        "author": {
          "gitId": "brebeek"
        },
        "content": ""
      },
      {
        "lineNumber": 10,
        "author": {
          "gitId": "brebeek"
        },
        "content": "    @Override"
      },
      {
        "lineNumber": 11,
        "author": {
          "gitId": "brebeek"
        },
        "content": "    public String toString() {"
      },
      {
        "lineNumber": 12,
        "author": {
          "gitId": "brebeek"
        },
        "content": "        return \"[D]\" + super.toString() + \" (at: \" + at + \")\";"
      },
      {
        "lineNumber": 13,
        "author": {
          "gitId": "brebeek"
        },
        "content": "    }"
      },
      {
        "lineNumber": 14,
        "author": {
          "gitId": "brebeek"
        },
        "content": "}"
      }
    ],
    "authorContributionMap": {
      "brebeek": 14
    }
  },
  {
    "path": "src/main/java/Task.java",
    "fileType": "java",
    "lines": [
      {
        "lineNumber": 1,
        "author": {
          "gitId": "brebeek"
        },
        "content": "public class Task {"
      },
      {
        "lineNumber": 2,
        "author": {
          "gitId": "brebeek"
        },
        "content": "    protected String description;"
      },
      {
        "lineNumber": 3,
        "author": {
          "gitId": "brebeek"
        },
        "content": "    protected boolean isDone;"
      },
      {
        "lineNumber": 4,
        "author": {
          "gitId": "brebeek"
        },
        "content": ""
      },
      {
        "lineNumber": 5,
        "author": {
          "gitId": "brebeek"
        },
        "content": "    public Task(String description) {"
      },
      {
        "lineNumber": 6,
        "author": {
          "gitId": "brebeek"
        },
        "content": "        this.description \u003d description;"
      },
      {
        "lineNumber": 7,
        "author": {
          "gitId": "brebeek"
        },
        "content": "        this.isDone \u003d false;"
      },
      {
        "lineNumber": 8,
        "author": {
          "gitId": "brebeek"
        },
        "content": "    }"
      },
      {
        "lineNumber": 9,
        "author": {
          "gitId": "brebeek"
        },
        "content": ""
      },
      {
        "lineNumber": 10,
        "author": {
          "gitId": "brebeek"
        },
        "content": "    public String getStatusIcon() {"
      },
      {
        "lineNumber": 11,
        "author": {
          "gitId": "brebeek"
        },
        "content": "        return (isDone ? \"\\u2713\" : \"\\u2718\"); //return tick or X symbols"
      },
      {
        "lineNumber": 12,
        "author": {
          "gitId": "brebeek"
        },
        "content": "    }"
      },
      {
        "lineNumber": 13,
        "author": {
          "gitId": "brebeek"
        },
        "content": ""
      },
      {
        "lineNumber": 14,
        "author": {
          "gitId": "brebeek"
        },
        "content": "    public void setDone() {"
      },
      {
        "lineNumber": 15,
        "author": {
          "gitId": "brebeek"
        },
        "content": "        this.isDone \u003d true;"
      },
      {
        "lineNumber": 16,
        "author": {
          "gitId": "brebeek"
        },
        "content": "    }"
      },
      {
        "lineNumber": 17,
        "author": {
          "gitId": "brebeek"
        },
        "content": ""
      },
      {
        "lineNumber": 18,
        "author": {
          "gitId": "brebeek"
        },
        "content": "    @Override"
      },
      {
        "lineNumber": 19,
        "author": {
          "gitId": "brebeek"
        },
        "content": "    public String toString() {"
      },
      {
        "lineNumber": 20,
        "author": {
          "gitId": "brebeek"
        },
        "content": "        return \"[\" + getStatusIcon() + \"] \" + description;"
      },
      {
        "lineNumber": 21,
        "author": {
          "gitId": "brebeek"
        },
        "content": "    }"
      },
      {
        "lineNumber": 22,
        "author": {
          "gitId": "brebeek"
        },
        "content": "}"
      }
    ],
    "authorContributionMap": {
      "brebeek": 22
    }
  },
  {
    "path": "src/main/java/ToDo.java",
    "fileType": "java",
    "lines": [
      {
        "lineNumber": 1,
        "author": {
          "gitId": "brebeek"
        },
        "content": "public class ToDo extends Task {"
      },
      {
        "lineNumber": 2,
        "author": {
          "gitId": "brebeek"
        },
        "content": ""
      },
      {
        "lineNumber": 3,
        "author": {
          "gitId": "brebeek"
        },
        "content": "    public ToDo(String description) {"
      },
      {
        "lineNumber": 4,
        "author": {
          "gitId": "brebeek"
        },
        "content": "        super(description);"
      },
      {
        "lineNumber": 5,
        "author": {
          "gitId": "brebeek"
        },
        "content": "    }"
      },
      {
        "lineNumber": 6,
        "author": {
          "gitId": "brebeek"
        },
        "content": "    @Override"
      },
      {
        "lineNumber": 7,
        "author": {
          "gitId": "brebeek"
        },
        "content": "    public String toString() {"
      },
      {
        "lineNumber": 8,
        "author": {
          "gitId": "brebeek"
        },
        "content": "        return \"[T]\" + super.toString();"
      },
      {
        "lineNumber": 9,
        "author": {
          "gitId": "brebeek"
        },
        "content": "    }"
      },
      {
        "lineNumber": 10,
        "author": {
          "gitId": "brebeek"
        },
        "content": "}"
      }
    ],
    "authorContributionMap": {
      "brebeek": 10
    }
  }
]
